repo,priority,opportunity,recommended_frontend_component,recommended_backend_component,recommended_logic_component,recommended_process_component,recommended_eval_or_prompt,evidence_paths
ph3ar__newdittyswag-commerce,high,"AI assisted editing, outline generation, summarization, and transformation; AI automation planner, script explanation, runbook synthesis, and approval flow generation; AI generated insights, anomaly detection, summaries, and next actions; AI log triage, clustering, summaries, and incident narratives; AI process assistant for checklists, SOPs, runbooks, and operational handoffs","Optional assistant panel, explain-this-control affordance, generated summaries, and helpful loading/degraded states.","Provider-neutral server-only model adapter with redaction, rate limiting, trace spans, eval hooks, and no client-exposed secrets.","Reusable prompt input normalizer, output validator, confidence scorer, and domain-specific result formatter.","Document when AI should assist, when human approval is required, what is logged, and how degraded states behave.","Add prompt templates, golden input/output fixtures, regression evals, and safety/quality acceptance checks.",LICENSE.md | package.json | pnpm-lock.yaml | src/components/SearchBar.svelte | src/store.js
ph3ar__DeskThing-FortuneCookie,high,"AI assisted editing, outline generation, summarization, and transformation; AI automation planner, script explanation, runbook synthesis, and approval flow generation; AI log triage, clustering, summaries, and incident narratives; AI process assistant for checklists, SOPs, runbooks, and operational handoffs; Security signal explanation, trust scoring, bot analysis, and anomaly detection","Optional assistant panel, explain-this-control affordance, generated summaries, and helpful loading/degraded states.","Provider-neutral server-only model adapter with redaction, rate limiting, trace spans, eval hooks, and no client-exposed secrets.","Reusable prompt input normalizer, output validator, confidence scorer, and domain-specific result formatter.","Document when AI should assist, when human approval is required, what is logged, and how degraded states behave.","Add prompt templates, golden input/output fixtures, regression evals, and safety/quality acceptance checks.",README.md | pnpm-lock.yaml | server/fortune.ts | src/index.css | src/stores/settingsStore.ts
mbarbine__tiktok-clone,high,"AI assisted editing, outline generation, summarization, and transformation; AI automation planner, script explanation, runbook synthesis, and approval flow generation; AI generated insights, anomaly detection, summaries, and next actions; AI log triage, clustering, summaries, and incident narratives; AI process assistant for checklists, SOPs, runbooks, and operational handoffs","Optional assistant panel, explain-this-control affordance, generated summaries, and helpful loading/degraded states.","Provider-neutral server-only model adapter with redaction, rate limiting, trace spans, eval hooks, and no client-exposed secrets.","Reusable prompt input normalizer, output validator, confidence scorer, and domain-specific result formatter.","Document when AI should assist, when human approval is required, what is logged, and how degraded states behave.","Add prompt templates, golden input/output fixtures, regression evals, and safety/quality acceptance checks.",README.md | app/globals.css | app/profile/page.tsx | components/ui/alert-dialog.tsx | components/ui/form.tsx | components/ui/use-toast.ts | components/video-feed.tsx | pnpm-lock.yaml
mbarbine__starphone-fork-webby,high,"AI assisted editing, outline generation, summarization, and transformation; AI automation planner, script explanation, runbook synthesis, and approval flow generation; AI generated insights, anomaly detection, summaries, and next actions; AI log triage, clustering, summaries, and incident narratives; AI process assistant for checklists, SOPs, runbooks, and operational handoffs","Optional assistant panel, explain-this-control affordance, generated summaries, and helpful loading/degraded states.","Provider-neutral server-only model adapter with redaction, rate limiting, trace spans, eval hooks, and no client-exposed secrets.","Reusable prompt input normalizer, output validator, confidence scorer, and domain-specific result formatter.","Document when AI should assist, when human approval is required, what is logged, and how degraded states behave.","Add prompt templates, golden input/output fixtures, regression evals, and safety/quality acceptance checks.",README.md | app/jobs/page.tsx | app/page.tsx | app/roadmap/page.tsx | components/layout.test.tsx | components/ui/alert-dialog.tsx | components/ui/spinner.tsx | components/ui/tabs.tsx | pnpm-lock.yaml
mbarbine__scratchcraft,high,"AI assisted editing, outline generation, summarization, and transformation; AI automation planner, script explanation, runbook synthesis, and approval flow generation; AI generated insights, anomaly detection, summaries, and next actions; AI log triage, clustering, summaries, and incident narratives; AI process assistant for checklists, SOPs, runbooks, and operational handoffs","Optional assistant panel, explain-this-control affordance, generated summaries, and helpful loading/degraded states.","Provider-neutral server-only model adapter with redaction, rate limiting, trace spans, eval hooks, and no client-exposed secrets.","Reusable prompt input normalizer, output validator, confidence scorer, and domain-specific result formatter.","Document when AI should assist, when human approval is required, what is logged, and how degraded states behave.","Add prompt templates, golden input/output fixtures, regression evals, and safety/quality acceptance checks.",README.md | components/ui/alert-dialog.tsx | components/ui/form.tsx | components/ui/tabs.tsx | components/ui/use-mobile.tsx | components/ui/use-toast.ts | pnpm-lock.yaml
mbarbine__robot-clothing-marketplace,high,"AI assisted editing, outline generation, summarization, and transformation; AI automation planner, script explanation, runbook synthesis, and approval flow generation; AI generated insights, anomaly detection, summaries, and next actions; AI log triage, clustering, summaries, and incident narratives; AI process assistant for checklists, SOPs, runbooks, and operational handoffs","Optional assistant panel, explain-this-control affordance, generated summaries, and helpful loading/degraded states.","Provider-neutral server-only model adapter with redaction, rate limiting, trace spans, eval hooks, and no client-exposed secrets.","Reusable prompt input normalizer, output validator, confidence scorer, and domain-specific result formatter.","Document when AI should assist, when human approval is required, what is logged, and how degraded states behave.","Add prompt templates, golden input/output fixtures, regression evals, and safety/quality acceptance checks.",README.md | app/auth/login/loading.tsx | components/ui/spinner.tsx | components/ui/use-mobile.tsx | components/ui/use-toast.ts | package-lock.json | styles/globals.css
mbarbine__platphorm-news-alt-theme,high,"AI assisted editing, outline generation, summarization, and transformation; AI automation planner, script explanation, runbook synthesis, and approval flow generation; AI generated insights, anomaly detection, summaries, and next actions; AI log triage, clustering, summaries, and incident narratives; AI process assistant for checklists, SOPs, runbooks, and operational handoffs","Optional assistant panel, explain-this-control affordance, generated summaries, and helpful loading/degraded states.","Provider-neutral server-only model adapter with redaction, rate limiting, trace spans, eval hooks, and no client-exposed secrets.","Reusable prompt input normalizer, output validator, confidence scorer, and domain-specific result formatter.","Document when AI should assist, when human approval is required, what is logged, and how degraded states behave.","Add prompt templates, golden input/output fixtures, regression evals, and safety/quality acceptance checks.",README.md | app/api/stories/[type]/route.ts | app/from/[domain]/page.tsx | app/globals.css | app/jobs/page.tsx | app/page.tsx | pnpm-lock.yaml
mbarbine__multiplayer-puzzle-game,high,"AI assisted editing, outline generation, summarization, and transformation; AI automation planner, script explanation, runbook synthesis, and approval flow generation; AI generated insights, anomaly detection, summaries, and next actions; AI log triage, clustering, summaries, and incident narratives; AI process assistant for checklists, SOPs, runbooks, and operational handoffs","Optional assistant panel, explain-this-control affordance, generated summaries, and helpful loading/degraded states.","Provider-neutral server-only model adapter with redaction, rate limiting, trace spans, eval hooks, and no client-exposed secrets.","Reusable prompt input normalizer, output validator, confidence scorer, and domain-specific result formatter.","Document when AI should assist, when human approval is required, what is logged, and how degraded states behave.","Add prompt templates, golden input/output fixtures, regression evals, and safety/quality acceptance checks.",README.md | app/demo/page.tsx | app/globals.css | components/ui/alert-dialog.tsx | components/ui/use-mobile.tsx | components/ui/use-toast.ts | pnpm-lock.yaml
mbarbine__microwave-sticker-webby,high,"AI assisted editing, outline generation, summarization, and transformation; AI automation planner, script explanation, runbook synthesis, and approval flow generation; AI generated insights, anomaly detection, summaries, and next actions; AI log triage, clustering, summaries, and incident narratives; AI process assistant for checklists, SOPs, runbooks, and operational handoffs","Optional assistant panel, explain-this-control affordance, generated summaries, and helpful loading/degraded states.","Provider-neutral server-only model adapter with redaction, rate limiting, trace spans, eval hooks, and no client-exposed secrets.","Reusable prompt input normalizer, output validator, confidence scorer, and domain-specific result formatter.","Document when AI should assist, when human approval is required, what is logged, and how degraded states behave.","Add prompt templates, golden input/output fixtures, regression evals, and safety/quality acceptance checks.",README.md | app/globals.css | components/ui/alert-dialog.tsx | components/ui/spinner.tsx | components/ui/use-mobile.tsx | components/ui/use-toast.ts | package-lock.json
mbarbine__mermaid-community-platform,high,"AI assisted editing, outline generation, summarization, and transformation; AI automation planner, script explanation, runbook synthesis, and approval flow generation; AI generated insights, anomaly detection, summaries, and next actions; AI log triage, clustering, summaries, and incident narratives; AI process assistant for checklists, SOPs, runbooks, and operational handoffs","Optional assistant panel, explain-this-control affordance, generated summaries, and helpful loading/degraded states.","Provider-neutral server-only model adapter with redaction, rate limiting, trace spans, eval hooks, and no client-exposed secrets.","Reusable prompt input normalizer, output validator, confidence scorer, and domain-specific result formatter.","Document when AI should assist, when human approval is required, what is logged, and how degraded states behave.","Add prompt templates, golden input/output fixtures, regression evals, and safety/quality acceptance checks.",README.md | app/auth/login/page.tsx | app/dashboard/analytics/page.tsx | app/globals.css | pnpm-lock.yaml
mbarbine__global-anti-globalist-club-webby,high,"AI assisted editing, outline generation, summarization, and transformation; AI automation planner, script explanation, runbook synthesis, and approval flow generation; AI documentation Q&A, summarization, indexing, and change explanation; AI generated insights, anomaly detection, summaries, and next actions; AI log triage, clustering, summaries, and incident narratives","Optional assistant panel, explain-this-control affordance, generated summaries, and helpful loading/degraded states.","Provider-neutral server-only model adapter with redaction, rate limiting, trace spans, eval hooks, and no client-exposed secrets.","Reusable prompt input normalizer, output validator, confidence scorer, and domain-specific result formatter.","Document when AI should assist, when human approval is required, what is logged, and how degraded states behave.","Add prompt templates, golden input/output fixtures, regression evals, and safety/quality acceptance checks.",.Jules/bolt.md | README.md | app/docs/page.tsx | app/globals.css | components/stripe-button.tsx | lib/utils.ts | pnpm-lock.yaml
mbarbine__gamer,high,"AI assisted editing, outline generation, summarization, and transformation; AI automation planner, script explanation, runbook synthesis, and approval flow generation; AI generated insights, anomaly detection, summaries, and next actions; AI log triage, clustering, summaries, and incident narratives; AI process assistant for checklists, SOPs, runbooks, and operational handoffs","Optional assistant panel, explain-this-control affordance, generated summaries, and helpful loading/degraded states.","Provider-neutral server-only model adapter with redaction, rate limiting, trace spans, eval hooks, and no client-exposed secrets.","Reusable prompt input normalizer, output validator, confidence scorer, and domain-specific result formatter.","Document when AI should assist, when human approval is required, what is logged, and how degraded states behave.","Add prompt templates, golden input/output fixtures, regression evals, and safety/quality acceptance checks.",README.md | components/steam-search-modal.tsx | components/ui/card.tsx | components/ui/dialog.tsx | components/ui/input.tsx | pnpm-lock.yaml
mbarbine__front-runners-webby,high,"AI assisted editing, outline generation, summarization, and transformation; AI automation planner, script explanation, runbook synthesis, and approval flow generation; AI documentation Q&A, summarization, indexing, and change explanation; AI generated insights, anomaly detection, summaries, and next actions; AI log triage, clustering, summaries, and incident narratives","Optional assistant panel, explain-this-control affordance, generated summaries, and helpful loading/degraded states.","Provider-neutral server-only model adapter with redaction, rate limiting, trace spans, eval hooks, and no client-exposed secrets.","Reusable prompt input normalizer, output validator, confidence scorer, and domain-specific result formatter.","Document when AI should assist, when human approval is required, what is logged, and how degraded states behave.","Add prompt templates, golden input/output fixtures, regression evals, and safety/quality acceptance checks.",README.md | app/api/docs/route.ts | app/globals.css | app/rss.xml/route.ts | components/faq.tsx | lib/community.ts | pnpm-lock.yaml
mbarbine__evernote-js,high,"AI log triage, clustering, summaries, and incident narratives; AI process assistant for checklists, SOPs, runbooks, and operational handoffs; Security signal explanation, trust scoring, bot analysis, and anomaly detection; Semantic search, query expansion, ranking, and recommendations","Optional assistant panel, explain-this-control affordance, generated summaries, and helpful loading/degraded states.","Provider-neutral server-only model adapter with redaction, rate limiting, trace spans, eval hooks, and no client-exposed secrets.","Reusable prompt input normalizer, output validator, confidence scorer, and domain-specific result formatter.","Document when AI should assist, when human approval is required, what is logged, and how degraded states behave.","Add prompt templates, golden input/output fixtures, regression evals, and safety/quality acceptance checks.",README.md | pnpm-lock.yaml | src/components/SearchBar.tsx | src/lib/api.ts
mbarbine__drone-reel-webby,high,"AI assisted editing, outline generation, summarization, and transformation; AI automation planner, script explanation, runbook synthesis, and approval flow generation; AI documentation Q&A, summarization, indexing, and change explanation; AI generated insights, anomaly detection, summaries, and next actions; AI log triage, clustering, summaries, and incident narratives","Optional assistant panel, explain-this-control affordance, generated summaries, and helpful loading/degraded states.","Provider-neutral server-only model adapter with redaction, rate limiting, trace spans, eval hooks, and no client-exposed secrets.","Reusable prompt input normalizer, output validator, confidence scorer, and domain-specific result formatter.","Document when AI should assist, when human approval is required, what is logged, and how degraded states behave.","Add prompt templates, golden input/output fixtures, regression evals, and safety/quality acceptance checks.",app/api/docs/route.ts | app/api/network/graph/route.ts | app/api/network/jobs/route.ts | app/api/v1/product/route.ts | app/error.tsx | app/feed.xml/route.ts | app/rss.xml/route.ts | components/ui/alert-dialog.tsx | components/ui/form.tsx | components/ui/tabs.tsx | lib/fingerprint.ts | lib/site-config.ts | pnpm-lock.yaml
mbarbine__dogstar-cybernetics-webby,high,"AI assisted editing, outline generation, summarization, and transformation; AI automation planner, script explanation, runbook synthesis, and approval flow generation; AI generated insights, anomaly detection, summaries, and next actions; AI log triage, clustering, summaries, and incident narratives; AI process assistant for checklists, SOPs, runbooks, and operational handoffs","Optional assistant panel, explain-this-control affordance, generated summaries, and helpful loading/degraded states.","Provider-neutral server-only model adapter with redaction, rate limiting, trace spans, eval hooks, and no client-exposed secrets.","Reusable prompt input normalizer, output validator, confidence scorer, and domain-specific result formatter.","Document when AI should assist, when human approval is required, what is logged, and how degraded states behave.","Add prompt templates, golden input/output fixtures, regression evals, and safety/quality acceptance checks.",README.md | app/globals.css | components/ui/alert-dialog.tsx | components/ui/spinner.tsx | components/ui/use-mobile.tsx | components/ui/use-toast.ts | pnpm-lock.yaml
mbarbine__FlaskFlow-www,high,"AI assisted editing, outline generation, summarization, and transformation; AI automation planner, script explanation, runbook synthesis, and approval flow generation; AI log triage, clustering, summaries, and incident narratives; AI process assistant for checklists, SOPs, runbooks, and operational handoffs; Security signal explanation, trust scoring, bot analysis, and anomaly detection","Optional assistant panel, explain-this-control affordance, generated summaries, and helpful loading/degraded states.","Provider-neutral server-only model adapter with redaction, rate limiting, trace spans, eval hooks, and no client-exposed secrets.","Reusable prompt input normalizer, output validator, confidence scorer, and domain-specific result formatter.","Document when AI should assist, when human approval is required, what is logged, and how degraded states behave.","Add prompt templates, golden input/output fixtures, regression evals, and safety/quality acceptance checks.",README.md | app/globals.css | lib/utils.ts | pnpm-lock.yaml
process-co__npm-element-types,enhance-existing,"AI automation planner, script explanation, runbook synthesis, and approval flow generation; AI log triage, clustering, summaries, and incident narratives; AI process assistant for checklists, SOPs, runbooks, and operational handoffs; Security signal explanation, trust scoring, bot analysis, and anomaly detection; Shipment exception analysis, rate explanation, and workflow recommendations","Optional assistant panel, explain-this-control affordance, generated summaries, and helpful loading/degraded states.","Provider-neutral server-only model adapter with redaction, rate limiting, trace spans, eval hooks, and no client-exposed secrets.","Reusable prompt input normalizer, output validator, confidence scorer, and domain-specific result formatter.","Document when AI should assist, when human approval is required, what is logged, and how degraded states behave.","Add prompt templates, golden input/output fixtures, regression evals, and safety/quality acceptance checks.",README.md | package.json | src/index.ts | src/materialize-slot-definition.ts | src/zod-container-export-json-schema.ts
process-co__npm-element-dev-server,enhance-existing,"AI automation planner, script explanation, runbook synthesis, and approval flow generation; AI log triage, clustering, summaries, and incident narratives; AI process assistant for checklists, SOPs, runbooks, and operational handoffs; Security signal explanation, trust scoring, bot analysis, and anomaly detection","Optional assistant panel, explain-this-control affordance, generated summaries, and helpful loading/degraded states.","Provider-neutral server-only model adapter with redaction, rate limiting, trace spans, eval hooks, and no client-exposed secrets.","Reusable prompt input normalizer, output validator, confidence scorer, and domain-specific result formatter.","Document when AI should assist, when human approval is required, what is logged, and how degraded states behave.","Add prompt templates, golden input/output fixtures, regression evals, and safety/quality acceptance checks.",DEPENDENCY-RESOLUTION.md | README.md | src/logo.tsx
process-co__json-graph,enhance-existing,"AI assisted editing, outline generation, summarization, and transformation; AI automation planner, script explanation, runbook synthesis, and approval flow generation; AI generated insights, anomaly detection, summaries, and next actions; AI log triage, clustering, summaries, and incident narratives; AI process assistant for checklists, SOPs, runbooks, and operational handoffs","Optional assistant panel, explain-this-control affordance, generated summaries, and helpful loading/degraded states.","Provider-neutral server-only model adapter with redaction, rate limiting, trace spans, eval hooks, and no client-exposed secrets.","Reusable prompt input normalizer, output validator, confidence scorer, and domain-specific result formatter.","Document when AI should assist, when human approval is required, what is logged, and how degraded states behave.","Add prompt templates, golden input/output fixtures, regression evals, and safety/quality acceptance checks.",README.md | css/ui.css | src/components/JsonGraph.tsx | src/utils/getDisplayLabel.ts | tailwind-proc-theme.ts
ph3ar__www_js_terminal,enhance-existing,"AI automation planner, script explanation, runbook synthesis, and approval flow generation; AI generated insights, anomaly detection, summaries, and next actions; AI process assistant for checklists, SOPs, runbooks, and operational handoffs; Security signal explanation, trust scoring, bot analysis, and anomaly detection","Optional assistant panel, explain-this-control affordance, generated summaries, and helpful loading/degraded states.","Provider-neutral server-only model adapter with redaction, rate limiting, trace spans, eval hooks, and no client-exposed secrets.","Reusable prompt input normalizer, output validator, confidence scorer, and domain-specific result formatter.","Document when AI should assist, when human approval is required, what is logged, and how degraded states behave.","Add prompt templates, golden input/output fixtures, regression evals, and safety/quality acceptance checks.",README.md | pnpm-lock.yaml | test/frontend.spec.js | vercel.json
ph3ar__stripe-subscription-starter,enhance-existing,"AI assisted editing, outline generation, summarization, and transformation; AI automation planner, script explanation, runbook synthesis, and approval flow generation; AI generated insights, anomaly detection, summaries, and next actions; AI log triage, clustering, summaries, and incident narratives; AI process assistant for checklists, SOPs, runbooks, and operational handoffs","Optional assistant panel, explain-this-control affordance, generated summaries, and helpful loading/degraded states.","Provider-neutral server-only model adapter with redaction, rate limiting, trace spans, eval hooks, and no client-exposed secrets.","Reusable prompt input normalizer, output validator, confidence scorer, and domain-specific result formatter.","Document when AI should assist, when human approval is required, what is logged, and how degraded states behave.","Add prompt templates, golden input/output fixtures, regression evals, and safety/quality acceptance checks.",README_STRIPE.md | app/.well-known/mcp/route.ts | components/ui/Input/Input.tsx | components/ui/Toasts/use-toast.ts | pnpm-lock.yaml | styles/main.css | utils/helpers.ts
ph3ar__renegade-bbs-docker,enhance-existing,"AI automation planner, script explanation, runbook synthesis, and approval flow generation; AI process assistant for checklists, SOPs, runbooks, and operational handoffs; Shipment exception analysis, rate explanation, and workflow recommendations","Optional assistant panel, explain-this-control affordance, generated summaries, and helpful loading/degraded states.","Provider-neutral server-only model adapter with redaction, rate limiting, trace spans, eval hooks, and no client-exposed secrets.","Reusable prompt input normalizer, output validator, confidence scorer, and domain-specific result formatter.","Document when AI should assist, when human approval is required, what is logged, and how degraded states behave.","Add prompt templates, golden input/output fixtures, regression evals, and safety/quality acceptance checks.",Dockerfile | README.md
ph3ar__radio-backend,enhance-existing,"AI assisted editing, outline generation, summarization, and transformation; AI automation planner, script explanation, runbook synthesis, and approval flow generation; AI documentation Q&A, summarization, indexing, and change explanation; AI generated insights, anomaly detection, summaries, and next actions; AI log triage, clustering, summaries, and incident narratives","Optional assistant panel, explain-this-control affordance, generated summaries, and helpful loading/degraded states.","Provider-neutral server-only model adapter with redaction, rate limiting, trace spans, eval hooks, and no client-exposed secrets.","Reusable prompt input normalizer, output validator, confidence scorer, and domain-specific result formatter.","Document when AI should assist, when human approval is required, what is logged, and how degraded states behave.","Add prompt templates, golden input/output fixtures, regression evals, and safety/quality acceptance checks.",Dockerfile | EDITING.md | app/globals.css | components/api-docs.tsx | components/event-feed.tsx | lib/utils.ts | pnpm-lock.yaml | tests/api-events-post.test.ts
ph3ar__platphorm-admin-dashboard,enhance-existing,"AI assisted editing, outline generation, summarization, and transformation; AI automation planner, script explanation, runbook synthesis, and approval flow generation; AI generated insights, anomaly detection, summaries, and next actions; AI log triage, clustering, summaries, and incident narratives; AI process assistant for checklists, SOPs, runbooks, and operational handoffs","Optional assistant panel, explain-this-control affordance, generated summaries, and helpful loading/degraded states.","Provider-neutral server-only model adapter with redaction, rate limiting, trace spans, eval hooks, and no client-exposed secrets.","Reusable prompt input normalizer, output validator, confidence scorer, and domain-specific result formatter.","Document when AI should assist, when human approval is required, what is logged, and how degraded states behave.","Add prompt templates, golden input/output fixtures, regression evals, and safety/quality acceptance checks.",LICENSE.md | app/(dashboard)/search.tsx | app/api/mcp/route.ts | app/login/page.tsx | components/ui/tabs.tsx | middleware.ts
ph3ar__ph3ar_radio_backend,enhance-existing,"AI assisted editing, outline generation, summarization, and transformation; AI automation planner, script explanation, runbook synthesis, and approval flow generation; AI generated insights, anomaly detection, summaries, and next actions; AI log triage, clustering, summaries, and incident narratives; AI process assistant for checklists, SOPs, runbooks, and operational handoffs","Optional assistant panel, explain-this-control affordance, generated summaries, and helpful loading/degraded states.","Provider-neutral server-only model adapter with redaction, rate limiting, trace spans, eval hooks, and no client-exposed secrets.","Reusable prompt input normalizer, output validator, confidence scorer, and domain-specific result formatter.","Document when AI should assist, when human approval is required, what is logged, and how degraded states behave.","Add prompt templates, golden input/output fixtures, regression evals, and safety/quality acceptance checks.",README.md | actions_runner/bin/hashFiles/index.js | client/src/index.css | client/src/utils.test.ts | config.cmd
ph3ar__ph3ar-docs-enhanced-labs,enhance-existing,"AI assisted editing, outline generation, summarization, and transformation; AI automation planner, script explanation, runbook synthesis, and approval flow generation; AI documentation Q&A, summarization, indexing, and change explanation; AI generated insights, anomaly detection, summaries, and next actions; AI log triage, clustering, summaries, and incident narratives","Optional assistant panel, explain-this-control affordance, generated summaries, and helpful loading/degraded states.","Provider-neutral server-only model adapter with redaction, rate limiting, trace spans, eval hooks, and no client-exposed secrets.","Reusable prompt input normalizer, output validator, confidence scorer, and domain-specific result formatter.","Document when AI should assist, when human approval is required, what is logged, and how degraded states behave.","Add prompt templates, golden input/output fixtures, regression evals, and safety/quality acceptance checks.",Drafts/JA4+-Advanced-Draft.mdx | README_FOXIO.md | components/FingerprintDetection.js | config/theme-config.tsx | styles/FingerprintSearchAndScore.module.css | styles/ThreatSimulator.module.css | types/pcap-ng-parser.d.ts | vercel.json
ph3ar__mailthing-webby,enhance-existing,"AI assisted editing, outline generation, summarization, and transformation; AI automation planner, script explanation, runbook synthesis, and approval flow generation; AI generated insights, anomaly detection, summaries, and next actions; AI log triage, clustering, summaries, and incident narratives; AI process assistant for checklists, SOPs, runbooks, and operational handoffs","Optional assistant panel, explain-this-control affordance, generated summaries, and helpful loading/degraded states.","Provider-neutral server-only model adapter with redaction, rate limiting, trace spans, eval hooks, and no client-exposed secrets.","Reusable prompt input normalizer, output validator, confidence scorer, and domain-specific result formatter.","Document when AI should assist, when human approval is required, what is logged, and how degraded states behave.","Add prompt templates, golden input/output fixtures, regression evals, and safety/quality acceptance checks.",README_PH3AR.md | archive/page.tsx | components/FilePreview.tsx | next.config.mjs | utils/supabaseClient.ts
ph3ar__js_mongo_app_boilerplate,enhance-existing,"AI assisted editing, outline generation, summarization, and transformation; AI automation planner, script explanation, runbook synthesis, and approval flow generation; AI log triage, clustering, summaries, and incident narratives; AI process assistant for checklists, SOPs, runbooks, and operational handoffs; Security signal explanation, trust scoring, bot analysis, and anomaly detection","Optional assistant panel, explain-this-control affordance, generated summaries, and helpful loading/degraded states.","Provider-neutral server-only model adapter with redaction, rate limiting, trace spans, eval hooks, and no client-exposed secrets.","Reusable prompt input normalizer, output validator, confidence scorer, and domain-specific result formatter.","Document when AI should assist, when human approval is required, what is logged, and how degraded states behave.","Add prompt templates, golden input/output fixtures, regression evals, and safety/quality acceptance checks.",README.md | prod-checklist.md | public/css/themes/default/_default.scss | test/models.js
ph3ar__hope-auto-checkin,enhance-existing,"AI automation planner, script explanation, runbook synthesis, and approval flow generation; AI process assistant for checklists, SOPs, runbooks, and operational handoffs; Security signal explanation, trust scoring, bot analysis, and anomaly detection","Optional assistant panel, explain-this-control affordance, generated summaries, and helpful loading/degraded states.","Provider-neutral server-only model adapter with redaction, rate limiting, trace spans, eval hooks, and no client-exposed secrets.","Reusable prompt input normalizer, output validator, confidence scorer, and domain-specific result formatter.","Document when AI should assist, when human approval is required, what is logged, and how degraded states behave.","Add prompt templates, golden input/output fixtures, regression evals, and safety/quality acceptance checks.",README.md | checkin.js
mbarbine__zornixOS,enhance-existing,"AI assisted editing, outline generation, summarization, and transformation; AI automation planner, script explanation, runbook synthesis, and approval flow generation; AI generated insights, anomaly detection, summaries, and next actions; AI log triage, clustering, summaries, and incident narratives; AI process assistant for checklists, SOPs, runbooks, and operational handoffs","Optional assistant panel, explain-this-control affordance, generated summaries, and helpful loading/degraded states.","Provider-neutral server-only model adapter with redaction, rate limiting, trace spans, eval hooks, and no client-exposed secrets.","Reusable prompt input normalizer, output validator, confidence scorer, and domain-specific result formatter.","Document when AI should assist, when human approval is required, what is logged, and how degraded states behave.","Add prompt templates, golden input/output fixtures, regression evals, and safety/quality acceptance checks.",Dockerfile | README.md | book/chapter-6/6.28-make-sed.sh | book/chapter-6/6.52-make-ninja.sh | tools/include/asm-generic/..install.cmd | tools/lib/libstdc++.so.6.0.25-gdb.py | tools/lib64/perl5/5.28.0/Unicode/Collate/keys.txt | tools/lib64/tclooConfig.sh
mbarbine__xsociety,enhance-existing,"AI assisted editing, outline generation, summarization, and transformation; AI assisted writing, cleanup, conversion, summarization, and validation; AI automation planner, script explanation, runbook synthesis, and approval flow generation; AI generated insights, anomaly detection, summaries, and next actions; AI log triage, clustering, summaries, and incident narratives","Optional assistant panel, explain-this-control affordance, generated summaries, and helpful loading/degraded states.","Provider-neutral server-only model adapter with redaction, rate limiting, trace spans, eval hooks, and no client-exposed secrets.","Reusable prompt input normalizer, output validator, confidence scorer, and domain-specific result formatter.","Document when AI should assist, when human approval is required, what is logged, and how degraded states behave.","Add prompt templates, golden input/output fixtures, regression evals, and safety/quality acceptance checks.",html/components/datatables-plugins/features/alphabetSearch/dataTables.alphabetSearch.js | html/components/mocha/mocha.css | keybuilder.py | pipeline/cookbooks/aws_account_setup/vpc_mgmt/create-options.sh | pipeline/cookbooks/build-essential/CHANGELOG.md | pipeline/cookbooks/jenkins/TODO.md | requirements.txt | xsociety_installer.sh
mbarbine__www-demo-biofeedback-app-development,enhance-existing,"AI assisted editing, outline generation, summarization, and transformation; AI automation planner, script explanation, runbook synthesis, and approval flow generation; AI generated insights, anomaly detection, summaries, and next actions; AI log triage, clustering, summaries, and incident narratives; AI process assistant for checklists, SOPs, runbooks, and operational handoffs","Optional assistant panel, explain-this-control affordance, generated summaries, and helpful loading/degraded states.","Provider-neutral server-only model adapter with redaction, rate limiting, trace spans, eval hooks, and no client-exposed secrets.","Reusable prompt input normalizer, output validator, confidence scorer, and domain-specific result formatter.","Document when AI should assist, when human approval is required, what is logged, and how degraded states behave.","Add prompt templates, golden input/output fixtures, regression evals, and safety/quality acceptance checks.",README.md | app/globals.css | components/__tests__/canine-monitor.test.tsx | components/anomaly-feed.tsx | components/validation-panel.tsx | jest.config.js | pnpm-lock.yaml
mbarbine__wildduck,enhance-existing,"AI automation planner, script explanation, runbook synthesis, and approval flow generation; AI documentation Q&A, summarization, indexing, and change explanation; AI log triage, clustering, summaries, and incident narratives; AI process assistant for checklists, SOPs, runbooks, and operational handoffs; Security signal explanation, trust scoring, bot analysis, and anomaly detection","Optional assistant panel, explain-this-control affordance, generated summaries, and helpful loading/degraded states.","Provider-neutral server-only model adapter with redaction, rate limiting, trace spans, eval hooks, and no client-exposed secrets.","Reusable prompt input normalizer, output validator, confidence scorer, and domain-specific result formatter.","Document when AI should assist, when human approval is required, what is logged, and how degraded states behave.","Add prompt templates, golden input/output fixtures, regression evals, and safety/quality acceptance checks.",README.md | docs/CLEANUP_ANALYSIS.md | scripts/pre-start-validation.sh | setup.sh
mbarbine__vanlife-website,enhance-existing,"AI assisted editing, outline generation, summarization, and transformation; AI automation planner, script explanation, runbook synthesis, and approval flow generation; AI documentation Q&A, summarization, indexing, and change explanation; AI generated insights, anomaly detection, summaries, and next actions; AI log triage, clustering, summaries, and incident narratives","Optional assistant panel, explain-this-control affordance, generated summaries, and helpful loading/degraded states.","Provider-neutral server-only model adapter with redaction, rate limiting, trace spans, eval hooks, and no client-exposed secrets.","Reusable prompt input normalizer, output validator, confidence scorer, and domain-specific result formatter.","Document when AI should assist, when human approval is required, what is logged, and how degraded states behave.","Add prompt templates, golden input/output fixtures, regression evals, and safety/quality acceptance checks.",README.md | app/api/events/route.ts | app/docs/page.tsx | app/globals.css | app/humans.txt/route.ts | app/rss.xml/route.ts | components/ui/alert-dialog.tsx | components/ui/spinner.tsx | components/ui/use-toast.ts | pnpm-lock.yaml
mbarbine__vanagon-website,enhance-existing,"AI assisted editing, outline generation, summarization, and transformation; AI automation planner, script explanation, runbook synthesis, and approval flow generation; AI generated insights, anomaly detection, summaries, and next actions; AI log triage, clustering, summaries, and incident narratives; AI process assistant for checklists, SOPs, runbooks, and operational handoffs","Optional assistant panel, explain-this-control affordance, generated summaries, and helpful loading/degraded states.","Provider-neutral server-only model adapter with redaction, rate limiting, trace spans, eval hooks, and no client-exposed secrets.","Reusable prompt input normalizer, output validator, confidence scorer, and domain-specific result formatter.","Document when AI should assist, when human approval is required, what is logged, and how degraded states behave.","Add prompt templates, golden input/output fixtures, regression evals, and safety/quality acceptance checks.",README.md | app/globals.css | app/rss.xml/route.ts | components/ui/alert-dialog.tsx | components/ui/spinner.tsx | components/ui/use-mobile.tsx | components/ui/use-toast.ts | package.json
mbarbine__vanagain-site,enhance-existing,"AI assisted editing, outline generation, summarization, and transformation; AI assisted writing, cleanup, conversion, summarization, and validation; AI automation planner, script explanation, runbook synthesis, and approval flow generation; AI generated insights, anomaly detection, summaries, and next actions; AI log triage, clustering, summaries, and incident narratives","Optional assistant panel, explain-this-control affordance, generated summaries, and helpful loading/degraded states.","Provider-neutral server-only model adapter with redaction, rate limiting, trace spans, eval hooks, and no client-exposed secrets.","Reusable prompt input normalizer, output validator, confidence scorer, and domain-specific result formatter.","Document when AI should assist, when human approval is required, what is logged, and how degraded states behave.","Add prompt templates, golden input/output fixtures, regression evals, and safety/quality acceptance checks.",admin/public/.well-known/pki-validation/F19F9D3075ABAB1B1BC902FDD1B2FC7F.txt | admin/public/assets/admin/plugins/ckeditor/contents.css | admin/public/assets/admin/plugins/ckfinder/plugins/fileeditor/codemirror/mode/markdown/markdown.js | admin/public/assets/frontend/assets/plugins/jquery.min.js | admin/public/assets/frontend/sass/core/_base.scss | admin/public/assets/frontend/sass/demos/corporate_1/plugins.scss | admin/readme.md | asset-manifest.json | robots.txt
mbarbine__vanagain-dot-com-prod,enhance-existing,"AI assisted editing, outline generation, summarization, and transformation; AI automation planner, script explanation, runbook synthesis, and approval flow generation; AI documentation Q&A, summarization, indexing, and change explanation; AI generated insights, anomaly detection, summaries, and next actions; AI log triage, clustering, summaries, and incident narratives","Optional assistant panel, explain-this-control affordance, generated summaries, and helpful loading/degraded states.","Provider-neutral server-only model adapter with redaction, rate limiting, trace spans, eval hooks, and no client-exposed secrets.","Reusable prompt input normalizer, output validator, confidence scorer, and domain-specific result formatter.","Document when AI should assist, when human approval is required, what is logged, and how degraded states behave.","Add prompt templates, golden input/output fixtures, regression evals, and safety/quality acceptance checks.",.mcp.json | app/[locale]/(auth)/login/page.tsx | app/[locale]/(store)/search/page.tsx | app/[locale]/(store)/shipping/page.tsx | app/api/docs/route.ts | app/api/v1/content/testimonials/route.ts | app/globals.css | app/rss.xml/route.ts | playwright.post-deploy.config.ts | pnpm-lock.yaml | pr_description.txt | tests/unit/db/index.test.ts | tests/unit/rss-feed.test.ts | tests/unit/security-headers.test.ts
mbarbine__vanagain-2025,enhance-existing,"AI assisted editing, outline generation, summarization, and transformation; AI automation planner, script explanation, runbook synthesis, and approval flow generation; AI generated insights, anomaly detection, summaries, and next actions; AI log triage, clustering, summaries, and incident narratives; AI process assistant for checklists, SOPs, runbooks, and operational handoffs","Optional assistant panel, explain-this-control affordance, generated summaries, and helpful loading/degraded states.","Provider-neutral server-only model adapter with redaction, rate limiting, trace spans, eval hooks, and no client-exposed secrets.","Reusable prompt input normalizer, output validator, confidence scorer, and domain-specific result formatter.","Document when AI should assist, when human approval is required, what is logged, and how degraded states behave.","Add prompt templates, golden input/output fixtures, regression evals, and safety/quality acceptance checks.",README.md | app/about/page.tsx | app/api/auth/logout-vanagain/route.ts | app/contact/page.tsx | components/newsletter-signup.tsx | components/product-search.tsx | components/ui/form.tsx | components/ui/use-toast.ts | pnpm-lock.yaml
mbarbine__v0-2025-year-in-review,enhance-existing,"AI assisted editing, outline generation, summarization, and transformation; AI automation planner, script explanation, runbook synthesis, and approval flow generation; AI generated insights, anomaly detection, summaries, and next actions; AI log triage, clustering, summaries, and incident narratives; AI process assistant for checklists, SOPs, runbooks, and operational handoffs","Optional assistant panel, explain-this-control affordance, generated summaries, and helpful loading/degraded states.","Provider-neutral server-only model adapter with redaction, rate limiting, trace spans, eval hooks, and no client-exposed secrets.","Reusable prompt input normalizer, output validator, confidence scorer, and domain-specific result formatter.","Document when AI should assist, when human approval is required, what is logged, and how degraded states behave.","Add prompt templates, golden input/output fixtures, regression evals, and safety/quality acceptance checks.",README.md | app/globals.css | lib/utils.ts | pnpm-lock.yaml
mbarbine__two-doller-web,enhance-existing,"AI assisted editing, outline generation, summarization, and transformation; AI automation planner, script explanation, runbook synthesis, and approval flow generation; AI documentation Q&A, summarization, indexing, and change explanation; AI generated insights, anomaly detection, summaries, and next actions; AI log triage, clustering, summaries, and incident narratives","Optional assistant panel, explain-this-control affordance, generated summaries, and helpful loading/degraded states.","Provider-neutral server-only model adapter with redaction, rate limiting, trace spans, eval hooks, and no client-exposed secrets.","Reusable prompt input normalizer, output validator, confidence scorer, and domain-specific result formatter.","Document when AI should assist, when human approval is required, what is logged, and how degraded states behave.","Add prompt templates, golden input/output fixtures, regression evals, and safety/quality acceptance checks.",README.md | app/api/docs/route.ts | app/api/rss/route.ts | app/globals.css | app/page.tsx | messages/en.json | pnpm-lock.yaml | public/blog-post-ph3ar.md
mbarbine__tools,enhance-existing,"AI automation planner, script explanation, runbook synthesis, and approval flow generation; AI process assistant for checklists, SOPs, runbooks, and operational handoffs; Security signal explanation, trust scoring, bot analysis, and anomaly detection","Optional assistant panel, explain-this-control affordance, generated summaries, and helpful loading/degraded states.","Provider-neutral server-only model adapter with redaction, rate limiting, trace spans, eval hooks, and no client-exposed secrets.","Reusable prompt input normalizer, output validator, confidence scorer, and domain-specific result formatter.","Document when AI should assist, when human approval is required, what is logged, and how degraded states behave.","Add prompt templates, golden input/output fixtures, regression evals, and safety/quality acceptance checks.",README.md | wayback_save_now.sh
mbarbine__threatrelay-webby,enhance-existing,"AI assisted editing, outline generation, summarization, and transformation; AI automation planner, script explanation, runbook synthesis, and approval flow generation; AI documentation Q&A, summarization, indexing, and change explanation; AI generated insights, anomaly detection, summaries, and next actions; AI log triage, clustering, summaries, and incident narratives","Optional assistant panel, explain-this-control affordance, generated summaries, and helpful loading/degraded states.","Provider-neutral server-only model adapter with redaction, rate limiting, trace spans, eval hooks, and no client-exposed secrets.","Reusable prompt input normalizer, output validator, confidence scorer, and domain-specific result formatter.","Document when AI should assist, when human approval is required, what is logged, and how degraded states behave.","Add prompt templates, golden input/output fixtures, regression evals, and safety/quality acceptance checks.",CODE_OF_CONDUCT.md | Drafts/JA4+-Advanced-Draft.mdx | app/api/content/route.ts | app/api/docs/route.ts | app/api/fingerprints/route.ts | app/api/mcp/register/route.ts | app/globals.css | lib/i18n.ts
mbarbine__stripper-mug-webby,enhance-existing,"AI assisted editing, outline generation, summarization, and transformation; AI automation planner, script explanation, runbook synthesis, and approval flow generation; AI documentation Q&A, summarization, indexing, and change explanation; AI generated insights, anomaly detection, summaries, and next actions; AI log triage, clustering, summaries, and incident narratives","Optional assistant panel, explain-this-control affordance, generated summaries, and helpful loading/degraded states.","Provider-neutral server-only model adapter with redaction, rate limiting, trace spans, eval hooks, and no client-exposed secrets.","Reusable prompt input normalizer, output validator, confidence scorer, and domain-specific result formatter.","Document when AI should assist, when human approval is required, what is logged, and how degraded states behave.","Add prompt templates, golden input/output fixtures, regression evals, and safety/quality acceptance checks.",README.md | app/api/docs/route.test.ts | app/api/mcp/route.test.ts | app/api/rss/route.ts | app/globals.css | components/sticky-buy-button.tsx | components/ui/alert-dialog.tsx | components/ui/spinner.tsx | components/ui/use-toast.ts | pnpm-lock.yaml
mbarbine__starphone-web-svelte,enhance-existing,"AI assisted editing, outline generation, summarization, and transformation; AI automation planner, script explanation, runbook synthesis, and approval flow generation; AI documentation Q&A, summarization, indexing, and change explanation; AI generated insights, anomaly detection, summaries, and next actions; AI log triage, clustering, summaries, and incident narratives","Optional assistant panel, explain-this-control affordance, generated summaries, and helpful loading/degraded states.","Provider-neutral server-only model adapter with redaction, rate limiting, trace spans, eval hooks, and no client-exposed secrets.","Reusable prompt input normalizer, output validator, confidence scorer, and domain-specific result formatter.","Document when AI should assist, when human approval is required, what is logged, and how degraded states behave.","Add prompt templates, golden input/output fixtures, regression evals, and safety/quality acceptance checks.",IMAGE_OPTIMIZATION.md | app/api/docs/route.ts | app/api/mcp/route.ts | components/FloatingDonateButton.tsx | next.config.ts | package.json | pnpm-lock.yaml | public/schemas/platphorm/observability.schema.json
mbarbine__stannp-nextjs-bp,enhance-existing,"AI assisted editing, outline generation, summarization, and transformation; AI automation planner, script explanation, runbook synthesis, and approval flow generation; AI generated insights, anomaly detection, summaries, and next actions; AI log triage, clustering, summaries, and incident narratives; AI process assistant for checklists, SOPs, runbooks, and operational handoffs","Optional assistant panel, explain-this-control affordance, generated summaries, and helpful loading/degraded states.","Provider-neutral server-only model adapter with redaction, rate limiting, trace spans, eval hooks, and no client-exposed secrets.","Reusable prompt input normalizer, output validator, confidence scorer, and domain-specific result formatter.","Document when AI should assist, when human approval is required, what is logged, and how degraded states behave.","Add prompt templates, golden input/output fixtures, regression evals, and safety/quality acceptance checks.",README.md | app/components/Upload/DragDropUpload.tsx | app/components/Upload/PdfPreview.tsx | app/utils/pdfUtils.ts | app/utils/validation.ts | pnpm-lock.yaml
mbarbine__stannp-gpt-5-test,enhance-existing,"AI assisted editing, outline generation, summarization, and transformation; AI automation planner, script explanation, runbook synthesis, and approval flow generation; AI documentation Q&A, summarization, indexing, and change explanation; AI generated insights, anomaly detection, summaries, and next actions; AI log triage, clustering, summaries, and incident narratives","Optional assistant panel, explain-this-control affordance, generated summaries, and helpful loading/degraded states.","Provider-neutral server-only model adapter with redaction, rate limiting, trace spans, eval hooks, and no client-exposed secrets.","Reusable prompt input normalizer, output validator, confidence scorer, and domain-specific result formatter.","Document when AI should assist, when human approval is required, what is logged, and how degraded states behave.","Add prompt templates, golden input/output fixtures, regression evals, and safety/quality acceptance checks.",app/api/credits/transactions/route.ts | app/globals.css | app/mock-auth/login/page.tsx | components/ui/label.tsx | docs/AUTH0_CALLBACK_HANGING_FIX.md | pnpm-lock.yaml
mbarbine__spectrum-canine-www,enhance-existing,"AI assisted editing, outline generation, summarization, and transformation; AI automation planner, script explanation, runbook synthesis, and approval flow generation; AI generated insights, anomaly detection, summaries, and next actions; AI log triage, clustering, summaries, and incident narratives; AI process assistant for checklists, SOPs, runbooks, and operational handoffs","Optional assistant panel, explain-this-control affordance, generated summaries, and helpful loading/degraded states.","Provider-neutral server-only model adapter with redaction, rate limiting, trace spans, eval hooks, and no client-exposed secrets.","Reusable prompt input normalizer, output validator, confidence scorer, and domain-specific result formatter.","Document when AI should assist, when human approval is required, what is logged, and how degraded states behave.","Add prompt templates, golden input/output fixtures, regression evals, and safety/quality acceptance checks.",README.md | app/blog/page.tsx | components/cta-section.tsx | components/service-grid.tsx | components/team-section.tsx | components/ui/use-toast.ts | pnpm-lock.yaml
mbarbine__robbie-ds-greens-webby,enhance-existing,"AI assisted editing, outline generation, summarization, and transformation; AI automation planner, script explanation, runbook synthesis, and approval flow generation; AI generated insights, anomaly detection, summaries, and next actions; AI log triage, clustering, summaries, and incident narratives; AI process assistant for checklists, SOPs, runbooks, and operational handoffs","Optional assistant panel, explain-this-control affordance, generated summaries, and helpful loading/degraded states.","Provider-neutral server-only model adapter with redaction, rate limiting, trace spans, eval hooks, and no client-exposed secrets.","Reusable prompt input normalizer, output validator, confidence scorer, and domain-specific result formatter.","Document when AI should assist, when human approval is required, what is logged, and how degraded states behave.","Add prompt templates, golden input/output fixtures, regression evals, and safety/quality acceptance checks.",README.md | app/api/jobs/generate/route.test.ts | app/api/register/route.test.ts | components/ui/alert-dialog.tsx | components/ui/form.tsx | components/ui/tabs.tsx | components/ui/use-toast.ts | pnpm-lock.yaml
mbarbine__reflux-site-webby,enhance-existing,"AI assisted editing, outline generation, summarization, and transformation; AI automation planner, script explanation, runbook synthesis, and approval flow generation; AI documentation Q&A, summarization, indexing, and change explanation; AI log triage, clustering, summaries, and incident narratives; AI process assistant for checklists, SOPs, runbooks, and operational handoffs","Optional assistant panel, explain-this-control affordance, generated summaries, and helpful loading/degraded states.","Provider-neutral server-only model adapter with redaction, rate limiting, trace spans, eval hooks, and no client-exposed secrets.","Reusable prompt input normalizer, output validator, confidence scorer, and domain-specific result formatter.","Document when AI should assist, when human approval is required, what is logged, and how degraded states behave.","Add prompt templates, golden input/output fixtures, regression evals, and safety/quality acceptance checks.",README.md | ROADMAP.md | app/.well-known/mcp/server-card.json/route.ts | app/api/catalog/route.ts | app/api/docs/route.ts | app/api/search/route.ts | app/globals.css | app/rss.xml/route.ts | pnpm-lock.yaml
mbarbine__process-clone,enhance-existing,"AI assisted editing, outline generation, summarization, and transformation; AI automation planner, script explanation, runbook synthesis, and approval flow generation; AI generated insights, anomaly detection, summaries, and next actions; AI log triage, clustering, summaries, and incident narratives; AI process assistant for checklists, SOPs, runbooks, and operational handoffs","Optional assistant panel, explain-this-control affordance, generated summaries, and helpful loading/degraded states.","Provider-neutral server-only model adapter with redaction, rate limiting, trace spans, eval hooks, and no client-exposed secrets.","Reusable prompt input normalizer, output validator, confidence scorer, and domain-specific result formatter.","Document when AI should assist, when human approval is required, what is logged, and how degraded states behave.","Add prompt templates, golden input/output fixtures, regression evals, and safety/quality acceptance checks.",pnpm-lock.yaml | process-co-api.ts | ui/form.tsx | use-mobile.tsx | utils.ts | workflow-node-editor.tsx
mbarbine__platphormnews-www-prod,enhance-existing,"AI assisted editing, outline generation, summarization, and transformation; AI automation planner, script explanation, runbook synthesis, and approval flow generation; AI documentation Q&A, summarization, indexing, and change explanation; AI eval generation, scoring, regression analysis, and model comparison; AI generated insights, anomaly detection, summaries, and next actions","Optional assistant panel, explain-this-control affordance, generated summaries, and helpful loading/degraded states.","Provider-neutral server-only model adapter with redaction, rate limiting, trace spans, eval hooks, and no client-exposed secrets.","Reusable prompt input normalizer, output validator, confidence scorer, and domain-specific result formatter.","Document when AI should assist, when human approval is required, what is logged, and how degraded states behave.","Add prompt templates, golden input/output fixtures, regression evals, and safety/quality acceptance checks.",.vscode/mcp.json | CHANGELOG.md | CODE_OF_CONDUCT.md | package.json | pnpm-lock.yaml | pr-description.md | scripts/migrate.sh | src/lib/root-feed-sources.ts | src/lib/schemas/components/docs.schema.json | src/lib/schemas/components/evals.schema.json | src/lib/schemas/components/podcast.schema.json | src/lib/schemas/components/trace.schema.json | src/routes/api/hackernews/+server.ts | src/routes/api/v1/search/+server.ts | src/routes/jobs/+page.svelte | src/routes/rss.xml/+server.ts
mbarbine__platphorm-zine-reader,enhance-existing,"AI assisted editing, outline generation, summarization, and transformation; AI automation planner, script explanation, runbook synthesis, and approval flow generation; AI documentation Q&A, summarization, indexing, and change explanation; AI generated insights, anomaly detection, summaries, and next actions; AI log triage, clustering, summaries, and incident narratives","Optional assistant panel, explain-this-control affordance, generated summaries, and helpful loading/degraded states.","Provider-neutral server-only model adapter with redaction, rate limiting, trace spans, eval hooks, and no client-exposed secrets.","Reusable prompt input normalizer, output validator, confidence scorer, and domain-specific result formatter.","Document when AI should assist, when human approval is required, what is logged, and how degraded states behave.","Add prompt templates, golden input/output fixtures, regression evals, and safety/quality acceptance checks.",README.md | app/api/docs/route.ts | app/api/mcp/route.ts | app/api/v1/ascii/route.ts | app/feed.xml/route.ts | app/globals.css | components/ui/spinner.tsx | components/ui/use-mobile.tsx | components/ui/use-toast.ts | lib/field-guide-content.ts | pnpm-lock.yaml
mbarbine__platphorm-xml,enhance-existing,"AI assisted editing, outline generation, summarization, and transformation; AI automation planner, script explanation, runbook synthesis, and approval flow generation; AI documentation Q&A, summarization, indexing, and change explanation; AI generated insights, anomaly detection, summaries, and next actions; AI log triage, clustering, summaries, and incident narratives","Optional assistant panel, explain-this-control affordance, generated summaries, and helpful loading/degraded states.","Provider-neutral server-only model adapter with redaction, rate limiting, trace spans, eval hooks, and no client-exposed secrets.","Reusable prompt input normalizer, output validator, confidence scorer, and domain-specific result formatter.","Document when AI should assist, when human approval is required, what is logged, and how degraded states behave.","Add prompt templates, golden input/output fixtures, regression evals, and safety/quality acceptance checks.",ROADMAP.md | app/api/docs/route.ts | app/api/v1/validate/route.ts | app/feed.xml/route.ts | app/globals.css | app/rss.xml/route.ts | components/ui/spinner.tsx | components/ui/use-mobile.tsx | components/ui/use-toast.ts | lib/local-drafts.ts | lib/trace.ts | pnpm-lock.yaml
mbarbine__platphorm-wrestling-webby,enhance-existing,"AI assisted editing, outline generation, summarization, and transformation; AI automation planner, script explanation, runbook synthesis, and approval flow generation; AI generated insights, anomaly detection, summaries, and next actions; AI log triage, clustering, summaries, and incident narratives; AI process assistant for checklists, SOPs, runbooks, and operational handoffs","Optional assistant panel, explain-this-control affordance, generated summaries, and helpful loading/degraded states.","Provider-neutral server-only model adapter with redaction, rate limiting, trace spans, eval hooks, and no client-exposed secrets.","Reusable prompt input normalizer, output validator, confidence scorer, and domain-specific result formatter.","Document when AI should assist, when human approval is required, what is logged, and how degraded states behave.","Add prompt templates, golden input/output fixtures, regression evals, and safety/quality acceptance checks.",README.md | app/api/.well-known/mcp.json/route.ts | app/feed.xml/route.ts | app/globals.css | lib/feature-flags.ts | pnpm-lock.yaml | styles/globals.css
mbarbine__platphorm-webhook-simulator,enhance-existing,"AI assisted editing, outline generation, summarization, and transformation; AI automation planner, script explanation, runbook synthesis, and approval flow generation; AI documentation Q&A, summarization, indexing, and change explanation; AI eval generation, scoring, regression analysis, and model comparison; AI generated insights, anomaly detection, summaries, and next actions","Optional assistant panel, explain-this-control affordance, generated summaries, and helpful loading/degraded states.","Provider-neutral server-only model adapter with redaction, rate limiting, trace spans, eval hooks, and no client-exposed secrets.","Reusable prompt input normalizer, output validator, confidence scorer, and domain-specific result formatter.","Document when AI should assist, when human approval is required, what is logged, and how degraded states behave.","Add prompt templates, golden input/output fixtures, regression evals, and safety/quality acceptance checks.",.Jules/palette.md | DEPLOYMENT_READY.md | app/(public)/changelog/page.tsx | app/(public)/docs/page.tsx | app/.well-known/mcp.json/route.ts | app/api/v1/network/graph/route.ts | app/feed.xml/route.test.ts | app/rss.xml/route.ts | lib/cosmic/fingerprint.test.ts | package.json | pnpm-lock.yaml | public/schemas/evals.schema.json | public/schemas/podcast.schema.json | public/schemas/trace.schema.json
mbarbine__platphorm-vercel-atlas,enhance-existing,"AI assisted editing, outline generation, summarization, and transformation; AI automation planner, script explanation, runbook synthesis, and approval flow generation; AI documentation Q&A, summarization, indexing, and change explanation; AI generated insights, anomaly detection, summaries, and next actions; AI log triage, clustering, summaries, and incident narratives","Optional assistant panel, explain-this-control affordance, generated summaries, and helpful loading/degraded states.","Provider-neutral server-only model adapter with redaction, rate limiting, trace spans, eval hooks, and no client-exposed secrets.","Reusable prompt input normalizer, output validator, confidence scorer, and domain-specific result formatter.","Document when AI should assist, when human approval is required, what is logged, and how degraded states behave.","Add prompt templates, golden input/output fixtures, regression evals, and safety/quality acceptance checks.",INTEGRATION_STATUS.md | app/.well-known/mcp.json/route.ts | app/docs/loading.tsx | app/feed.xml/route.ts | app/fingerprints/page.tsx | app/integrate/loading.tsx | app/page.tsx | app/rss.xml/route.ts | components/ui/use-toast.ts | fix-logger-tests.js | lib/trace.ts | microfrontends.json | types/pcap-parser.d.ts
mbarbine__platphorm-usl,enhance-existing,"AI assisted editing, outline generation, summarization, and transformation; AI automation planner, script explanation, runbook synthesis, and approval flow generation; AI documentation Q&A, summarization, indexing, and change explanation; AI generated insights, anomaly detection, summaries, and next actions; AI log triage, clustering, summaries, and incident narratives","Optional assistant panel, explain-this-control affordance, generated summaries, and helpful loading/degraded states.","Provider-neutral server-only model adapter with redaction, rate limiting, trace spans, eval hooks, and no client-exposed secrets.","Reusable prompt input normalizer, output validator, confidence scorer, and domain-specific result formatter.","Document when AI should assist, when human approval is required, what is logged, and how degraded states behave.","Add prompt templates, golden input/output fixtures, regression evals, and safety/quality acceptance checks.",LICENSE-PERMISSIVE.txt | app/api/docs/route.ts | app/api/v1/search/route.ts | app/api/v1/symbols/route.test.ts | app/feed.xml/route.ts | app/jobs/page.tsx | app/privacy/page.tsx | app/rss.xml/route.ts | components/ui/alert-dialog.tsx | pnpm-lock.yaml | styles/globals.css
mbarbine__platphorm-trace,enhance-existing,"AI assisted editing, outline generation, summarization, and transformation; AI assisted experimentation, test generation, and environment guidance; AI automation planner, script explanation, runbook synthesis, and approval flow generation; AI documentation Q&A, summarization, indexing, and change explanation; AI eval generation, scoring, regression analysis, and model comparison","Optional assistant panel, explain-this-control affordance, generated summaries, and helpful loading/degraded states.","Provider-neutral server-only model adapter with redaction, rate limiting, trace spans, eval hooks, and no client-exposed secrets.","Reusable prompt input normalizer, output validator, confidence scorer, and domain-specific result formatter.","Document when AI should assist, when human approval is required, what is logged, and how degraded states behave.","Add prompt templates, golden input/output fixtures, regression evals, and safety/quality acceptance checks.",CODE_OF_CONDUCT.md | LICENSE-PERMISSIVE.txt | app/.well-known/mcp.json/route.ts | app/api/v1/workflows/route.ts | app/feed.xml/route.ts | app/jobs/page.tsx | app/rss.xml/route.ts | app/tests/app/docs/page.test.tsx | app/traces/page.tsx | components/ui/spinner.tsx | deep-research-report-v2.md | methodology-section.tsx | pnpm-lock.yaml | public/schemas/overlays/evals.schema.json | public/schemas/overlays/insights.schema.json | public/schemas/overlays/podcast.schema.json | public/schemas/overlays/sandbox.schema.json | styles/globals.css | tests/components/about/about-content.test.tsx | tests/lib/security/fingerprint.test.ts
mbarbine__platphorm-svg-factory,enhance-existing,"AI assisted editing, outline generation, summarization, and transformation; AI automation planner, script explanation, runbook synthesis, and approval flow generation; AI documentation Q&A, summarization, indexing, and change explanation; AI eval generation, scoring, regression analysis, and model comparison; AI generated insights, anomaly detection, summaries, and next actions","Optional assistant panel, explain-this-control affordance, generated summaries, and helpful loading/degraded states.","Provider-neutral server-only model adapter with redaction, rate limiting, trace spans, eval hooks, and no client-exposed secrets.","Reusable prompt input normalizer, output validator, confidence scorer, and domain-specific result formatter.","Document when AI should assist, when human approval is required, what is logged, and how degraded states behave.","Add prompt templates, golden input/output fixtures, regression evals, and safety/quality acceptance checks.",ROADMAP.md | app/api/generate/route.ts | app/api/validate/route.ts | app/docs/page.tsx | app/feed.xml/route.ts | app/globals.css | app/layout.tsx | app/rss.xml/route.ts | components/ui/use-mobile.tsx | components/ui/use-toast.ts | pre-commit-check.sh | public/schemas/evals.schema.json | public/schemas/podcast.schema.json | public/schemas/trace.schema.json
mbarbine__platphorm-stannp-api-wrapper,enhance-existing,"AI assisted editing, outline generation, summarization, and transformation; AI automation planner, script explanation, runbook synthesis, and approval flow generation; AI documentation Q&A, summarization, indexing, and change explanation; AI generated insights, anomaly detection, summaries, and next actions; AI log triage, clustering, summaries, and incident narratives","Optional assistant panel, explain-this-control affordance, generated summaries, and helpful loading/degraded states.","Provider-neutral server-only model adapter with redaction, rate limiting, trace spans, eval hooks, and no client-exposed secrets.","Reusable prompt input normalizer, output validator, confidence scorer, and domain-specific result formatter.","Document when AI should assist, when human approval is required, what is logged, and how degraded states behave.","Add prompt templates, golden input/output fixtures, regression evals, and safety/quality acceptance checks.",README.md | app/api/auth/login/route.test.ts | app/api/claws/route.ts | app/api/docs/route.ts | app/api/mcp/route.ts | app/rss.xml/route.ts | app/send/page.tsx | jest.setup.ts | pnpm-lock.yaml
mbarbine__platphorm-spec-workbench,enhance-existing,"AI assisted editing, outline generation, summarization, and transformation; AI automation planner, script explanation, runbook synthesis, and approval flow generation; AI documentation Q&A, summarization, indexing, and change explanation; AI generated insights, anomaly detection, summaries, and next actions; AI log triage, clustering, summaries, and incident narratives","Optional assistant panel, explain-this-control affordance, generated summaries, and helpful loading/degraded states.","Provider-neutral server-only model adapter with redaction, rate limiting, trace spans, eval hooks, and no client-exposed secrets.","Reusable prompt input normalizer, output validator, confidence scorer, and domain-specific result formatter.","Document when AI should assist, when human approval is required, what is logged, and how degraded states behave.","Add prompt templates, golden input/output fixtures, regression evals, and safety/quality acceptance checks.",ARCHITECTURE.md | app/api/v1/imports/[id]/route.ts | app/api/v1/network/spec-coverage/route.ts | app/api/v1/traces/route.ts | app/changelog/page.tsx | app/docs/layout.tsx | app/feed.xml/route.ts | app/globals.css | app/manifest.ts | app/rss.xml/route.ts | components/ui/use-mobile.tsx | lib/platphorm/fingerprint.ts | pnpm-lock.yaml
mbarbine__platphorm-space-news,enhance-existing,"AI assisted editing, outline generation, summarization, and transformation; AI automation planner, script explanation, runbook synthesis, and approval flow generation; AI documentation Q&A, summarization, indexing, and change explanation; AI generated insights, anomaly detection, summaries, and next actions; AI log triage, clustering, summaries, and incident narratives","Optional assistant panel, explain-this-control affordance, generated summaries, and helpful loading/degraded states.","Provider-neutral server-only model adapter with redaction, rate limiting, trace spans, eval hooks, and no client-exposed secrets.","Reusable prompt input normalizer, output validator, confidence scorer, and domain-specific result formatter.","Document when AI should assist, when human approval is required, what is logged, and how degraded states behave.","Add prompt templates, golden input/output fixtures, regression evals, and safety/quality acceptance checks.",README.md | app/.well-known/mcp.json/route.ts | app/api/docs/route.ts | app/api/v1/search/route.ts | app/feed.xml/route.ts | app/rss.xml/route.ts | components/ui/alert-dialog.tsx | components/ui/spinner.tsx | components/ui/use-mobile.tsx | components/ui/use-toast.ts | lib/platform/trace.ts | pnpm-lock.yaml | styles/globals.css
mbarbine__platphorm-signs,enhance-existing,"AI assisted editing, outline generation, summarization, and transformation; AI automation planner, script explanation, runbook synthesis, and approval flow generation; AI documentation Q&A, summarization, indexing, and change explanation; AI generated insights, anomaly detection, summaries, and next actions; AI log triage, clustering, summaries, and incident narratives","Optional assistant panel, explain-this-control affordance, generated summaries, and helpful loading/degraded states.","Provider-neutral server-only model adapter with redaction, rate limiting, trace spans, eval hooks, and no client-exposed secrets.","Reusable prompt input normalizer, output validator, confidence scorer, and domain-specific result formatter.","Document when AI should assist, when human approval is required, what is logged, and how degraded states behave.","Add prompt templates, golden input/output fixtures, regression evals, and safety/quality acceptance checks.",README.md | app/api/docs/route.ts | app/api/events/route.ts | app/feed.xml/route.ts | app/globals.css | app/rss.xml/route.ts | components/ui/alert-dialog.tsx | components/ui/spinner.tsx | components/ui/use-toast.ts | pnpm-lock.yaml
mbarbine__platphorm-shipments,enhance-existing,"AI assisted editing, outline generation, summarization, and transformation; AI automation planner, script explanation, runbook synthesis, and approval flow generation; AI documentation Q&A, summarization, indexing, and change explanation; AI generated insights, anomaly detection, summaries, and next actions; AI log triage, clustering, summaries, and incident narratives","Optional assistant panel, explain-this-control affordance, generated summaries, and helpful loading/degraded states.","Provider-neutral server-only model adapter with redaction, rate limiting, trace spans, eval hooks, and no client-exposed secrets.","Reusable prompt input normalizer, output validator, confidence scorer, and domain-specific result formatter.","Document when AI should assist, when human approval is required, what is logged, and how degraded states behave.","Add prompt templates, golden input/output fixtures, regression evals, and safety/quality acceptance checks.",README.md | app/.well-known/mcp.json/route.ts | app/api/docs/route.ts | app/api/v1/fingerprint/route.ts | app/api/v1/rates/calculate/route.ts | app/api/v1/rates/route.ts | app/api/v1/shipments/route.ts | app/feed.xml/route.ts | app/globals.css | app/jobs/page.tsx | app/rss.xml/route.ts | components/shipping/trace-viewer.tsx | components/ui/label.tsx | lib/polymarket-api.ts | plan.md | pnpm-lock.yaml
mbarbine__platphorm-sheets,enhance-existing,"AI assisted editing, outline generation, summarization, and transformation; AI automation planner, script explanation, runbook synthesis, and approval flow generation; AI documentation Q&A, summarization, indexing, and change explanation; AI eval generation, scoring, regression analysis, and model comparison; AI generated insights, anomaly detection, summaries, and next actions","Optional assistant panel, explain-this-control affordance, generated summaries, and helpful loading/degraded states.","Provider-neutral server-only model adapter with redaction, rate limiting, trace spans, eval hooks, and no client-exposed secrets.","Reusable prompt input normalizer, output validator, confidence scorer, and domain-specific result formatter.","Document when AI should assist, when human approval is required, what is logged, and how degraded states behave.","Add prompt templates, golden input/output fixtures, regression evals, and safety/quality acceptance checks.",README.md | app/.well-known/mcp.json/route.ts | app/api/docs/route.ts | app/api/v1/ingest/[id]/route.ts | app/api/v1/sheets/[id]/trace/route.ts | app/feed.xml/route.ts | app/globals.css | app/rss.xml/route.ts | app/search/page.tsx | components/ui/spinner.tsx | components/ui/use-mobile.tsx | pnpm-lock.yaml | schemas/evals.schema.json | schemas/podcast.schema.json
mbarbine__platphorm-sandbox,enhance-existing,"AI assisted editing, outline generation, summarization, and transformation; AI assisted experimentation, test generation, and environment guidance; AI automation planner, script explanation, runbook synthesis, and approval flow generation; AI documentation Q&A, summarization, indexing, and change explanation; AI generated insights, anomaly detection, summaries, and next actions","Optional assistant panel, explain-this-control affordance, generated summaries, and helpful loading/degraded states.","Provider-neutral server-only model adapter with redaction, rate limiting, trace spans, eval hooks, and no client-exposed secrets.","Reusable prompt input normalizer, output validator, confidence scorer, and domain-specific result formatter.","Document when AI should assist, when human approval is required, what is logged, and how degraded states behave.","Add prompt templates, golden input/output fixtures, regression evals, and safety/quality acceptance checks.",FINAL_STATUS.md | app/(dashboard)/templates/[id]/page.tsx | app/api/docs/route.ts | app/api/v1/sandboxes/route.ts | app/auth/login/page.tsx | app/feed.xml/route.ts | app/globals.css | app/layout.tsx | app/rss.xml/route.ts | components/ui/spinner.tsx | components/ui/use-toast.ts | lib/cosmic/trace-client.ts
mbarbine__platphorm-register,enhance-existing,"AI assisted editing, outline generation, summarization, and transformation; AI automation planner, script explanation, runbook synthesis, and approval flow generation; AI documentation Q&A, summarization, indexing, and change explanation; AI eval generation, scoring, regression analysis, and model comparison; AI generated insights, anomaly detection, summaries, and next actions","Optional assistant panel, explain-this-control affordance, generated summaries, and helpful loading/degraded states.","Provider-neutral server-only model adapter with redaction, rate limiting, trace spans, eval hooks, and no client-exposed secrets.","Reusable prompt input normalizer, output validator, confidence scorer, and domain-specific result formatter.","Document when AI should assist, when human approval is required, what is logged, and how degraded states behave.","Add prompt templates, golden input/output fixtures, regression evals, and safety/quality acceptance checks.",README.md | app/.well-known/mcp/route.ts | app/api/docs/route.ts | app/globals.css | app/rss.xml/route.ts | components/ui/spinner.tsx | components/ui/use-mobile.tsx | components/ui/use-toast.ts | pnpm-lock.yaml | schemas/evals.schema.json | schemas/podcast.schema.json | schemas/trace.schema.json
mbarbine__platphorm-redteam-arma-landing,enhance-existing,"AI assisted editing, outline generation, summarization, and transformation; AI automation planner, script explanation, runbook synthesis, and approval flow generation; AI documentation Q&A, summarization, indexing, and change explanation; AI generated insights, anomaly detection, summaries, and next actions; AI log triage, clustering, summaries, and incident narratives","Optional assistant panel, explain-this-control affordance, generated summaries, and helpful loading/degraded states.","Provider-neutral server-only model adapter with redaction, rate limiting, trace spans, eval hooks, and no client-exposed secrets.","Reusable prompt input normalizer, output validator, confidence scorer, and domain-specific result formatter.","Document when AI should assist, when human approval is required, what is logged, and how degraded states behave.","Add prompt templates, golden input/output fixtures, regression evals, and safety/quality acceptance checks.",README.md | app/api/docs/route.ts | app/api/mcp/route.ts | app/feed.xml/route.ts | app/globals.css | app/rss.xml/route.ts | components/scroll-progress.tsx | components/ui/alert-dialog.tsx | components/ui/spinner.tsx | components/ui/use-toast.ts | pnpm-lock.yaml
mbarbine__platphorm-real-estate-property-evaluation,enhance-existing,"AI assisted editing, outline generation, summarization, and transformation; AI automation planner, script explanation, runbook synthesis, and approval flow generation; AI documentation Q&A, summarization, indexing, and change explanation; AI eval generation, scoring, regression analysis, and model comparison; AI generated insights, anomaly detection, summaries, and next actions","Optional assistant panel, explain-this-control affordance, generated summaries, and helpful loading/degraded states.","Provider-neutral server-only model adapter with redaction, rate limiting, trace spans, eval hooks, and no client-exposed secrets.","Reusable prompt input normalizer, output validator, confidence scorer, and domain-specific result formatter.","Document when AI should assist, when human approval is required, what is logged, and how degraded states behave.","Add prompt templates, golden input/output fixtures, regression evals, and safety/quality acceptance checks.",.jules/palette.md | CODE_OF_CONDUCT.md | app/api/docs/route.ts | app/api/mcp/route.ts | app/auth/login/page.tsx | app/evaluate/page.tsx | app/globals.css | app/jobs/page.tsx | components/stats-overview.tsx | lib/zillow-etl/types.ts | pnpm-lock.yaml
mbarbine__platphorm-real-estate-NAD,enhance-existing,"AI assisted editing, outline generation, summarization, and transformation; AI automation planner, script explanation, runbook synthesis, and approval flow generation; AI documentation Q&A, summarization, indexing, and change explanation; AI generated insights, anomaly detection, summaries, and next actions; AI log triage, clustering, summaries, and incident narratives","Optional assistant panel, explain-this-control affordance, generated summaries, and helpful loading/degraded states.","Provider-neutral server-only model adapter with redaction, rate limiting, trace spans, eval hooks, and no client-exposed secrets.","Reusable prompt input normalizer, output validator, confidence scorer, and domain-specific result formatter.","Document when AI should assist, when human approval is required, what is logged, and how degraded states behave.","Add prompt templates, golden input/output fixtures, regression evals, and safety/quality acceptance checks.",README.md | app/admin/analytics/page.tsx | app/api-docs/page.tsx | app/api/log-error/route.ts | app/api/saved-searches/route.ts | app/api/zillow/market/[regionId]/route.ts | app/globals.css | components/admin/user-activity-feed.tsx | components/properties/ai-image-generator.tsx | components/reports/market-insights.tsx | lib/fingerprint.ts | mcp_server.js | pnpm-lock.yaml
mbarbine__platphorm-real-estate,enhance-existing,"AI assisted editing, outline generation, summarization, and transformation; AI automation planner, script explanation, runbook synthesis, and approval flow generation; AI generated insights, anomaly detection, summaries, and next actions; AI log triage, clustering, summaries, and incident narratives; AI process assistant for checklists, SOPs, runbooks, and operational handoffs","Optional assistant panel, explain-this-control affordance, generated summaries, and helpful loading/degraded states.","Provider-neutral server-only model adapter with redaction, rate limiting, trace spans, eval hooks, and no client-exposed secrets.","Reusable prompt input normalizer, output validator, confidence scorer, and domain-specific result formatter.","Document when AI should assist, when human approval is required, what is logged, and how degraded states behave.","Add prompt templates, golden input/output fixtures, regression evals, and safety/quality acceptance checks.",.Jules/palette.md | README.md | app/(dashboard)/buyers/page.tsx | app/auth/login/page.tsx | app/globals.css | pnpm-lock.yaml | public/.well-known/mcp/manifest.json
mbarbine__platphorm-reader,enhance-existing,"AI assisted editing, outline generation, summarization, and transformation; AI automation planner, script explanation, runbook synthesis, and approval flow generation; AI documentation Q&A, summarization, indexing, and change explanation; AI generated insights, anomaly detection, summaries, and next actions; AI log triage, clustering, summaries, and incident narratives","Optional assistant panel, explain-this-control affordance, generated summaries, and helpful loading/degraded states.","Provider-neutral server-only model adapter with redaction, rate limiting, trace spans, eval hooks, and no client-exposed secrets.","Reusable prompt input normalizer, output validator, confidence scorer, and domain-specific result formatter.","Document when AI should assist, when human approval is required, what is logged, and how degraded states behave.","Add prompt templates, golden input/output fixtures, regression evals, and safety/quality acceptance checks.",LICENSE-PERMISSIVE.txt | app/api/v1/network/route.ts | app/docs/api-docs-client.tsx | app/feed.xml/route.ts | app/rss.xml/route.ts | components/reader-content.tsx | components/ui/spinner.tsx | components/ui/use-toast.ts | deep-research-report-v2.md | pnpm-lock.yaml | styles/globals.css | tests/lib/flags.test.ts
mbarbine__platphorm-radio-backend,enhance-existing,"AI assisted editing, outline generation, summarization, and transformation; AI automation planner, script explanation, runbook synthesis, and approval flow generation; AI documentation Q&A, summarization, indexing, and change explanation; AI generated insights, anomaly detection, summaries, and next actions; AI log triage, clustering, summaries, and incident narratives","Optional assistant panel, explain-this-control affordance, generated summaries, and helpful loading/degraded states.","Provider-neutral server-only model adapter with redaction, rate limiting, trace spans, eval hooks, and no client-exposed secrets.","Reusable prompt input normalizer, output validator, confidence scorer, and domain-specific result formatter.","Document when AI should assist, when human approval is required, what is logged, and how degraded states behave.","Add prompt templates, golden input/output fixtures, regression evals, and safety/quality acceptance checks.",README.md | app/api/mcp/route.ts | app/docs/page.tsx | app/feed.xml/route.ts | app/globals.css | app/rss.xml/route.ts | lib/types.ts | pnpm-lock.yaml | public/schemas/realm.schema.json
mbarbine__platphorm-quake,enhance-existing,"AI assisted editing, outline generation, summarization, and transformation; AI automation planner, script explanation, runbook synthesis, and approval flow generation; AI documentation Q&A, summarization, indexing, and change explanation; AI generated insights, anomaly detection, summaries, and next actions; AI log triage, clustering, summaries, and incident narratives","Optional assistant panel, explain-this-control affordance, generated summaries, and helpful loading/degraded states.","Provider-neutral server-only model adapter with redaction, rate limiting, trace spans, eval hooks, and no client-exposed secrets.","Reusable prompt input normalizer, output validator, confidence scorer, and domain-specific result formatter.","Document when AI should assist, when human approval is required, what is logged, and how degraded states behave.","Add prompt templates, golden input/output fixtures, regression evals, and safety/quality acceptance checks.",LICENSE-PERMISSIVE.txt | app/api/docs/route.ts | app/api/errors/route.ts | app/api/v1/model/status/route.ts | app/disclaimer/page.tsx | app/feed.xml/route.ts | app/globals.css | app/rss.xml/route.ts | components/content/quake-page-shell.tsx | components/game/weapons/projectile-manager.tsx | pnpm-lock.yaml
mbarbine__platphorm-portfolio-webby,enhance-existing,"AI assisted editing, outline generation, summarization, and transformation; AI automation planner, script explanation, runbook synthesis, and approval flow generation; AI generated insights, anomaly detection, summaries, and next actions; AI log triage, clustering, summaries, and incident narratives; AI process assistant for checklists, SOPs, runbooks, and operational handoffs","Optional assistant panel, explain-this-control affordance, generated summaries, and helpful loading/degraded states.","Provider-neutral server-only model adapter with redaction, rate limiting, trace spans, eval hooks, and no client-exposed secrets.","Reusable prompt input normalizer, output validator, confidence scorer, and domain-specific result formatter.","Document when AI should assist, when human approval is required, what is logged, and how degraded states behave.","Add prompt templates, golden input/output fixtures, regression evals, and safety/quality acceptance checks.",.jules/palette.md | README.md | app/globals.css | components/skunkworks-content.tsx | lib/projects-data.ts | pnpm-lock.yaml
mbarbine__platphorm-polymaths,enhance-existing,"AI assisted editing, outline generation, summarization, and transformation; AI automation planner, script explanation, runbook synthesis, and approval flow generation; AI documentation Q&A, summarization, indexing, and change explanation; AI generated insights, anomaly detection, summaries, and next actions; AI log triage, clustering, summaries, and incident narratives","Optional assistant panel, explain-this-control affordance, generated summaries, and helpful loading/degraded states.","Provider-neutral server-only model adapter with redaction, rate limiting, trace spans, eval hooks, and no client-exposed secrets.","Reusable prompt input normalizer, output validator, confidence scorer, and domain-specific result formatter.","Document when AI should assist, when human approval is required, what is logged, and how degraded states behave.","Add prompt templates, golden input/output fixtures, regression evals, and safety/quality acceptance checks.",CHANGELOG.md | CODE_OF_CONDUCT.md | app/.well-known/mcp.json/route.ts | app/api/v1/docs/route.ts | app/api/v1/learning-paths/route.ts | app/feed.xml/route.ts | app/globals.css | app/rss.xml/route.ts | components/glass-card.tsx | components/skip-to-content.tsx | components/ui/use-toast.ts | lib/platphorm/trace.ts | vercel.json
mbarbine__platphorm-polymarket-rss-feed,enhance-existing,"AI assisted editing, outline generation, summarization, and transformation; AI assisted writing, cleanup, conversion, summarization, and validation; AI automation planner, script explanation, runbook synthesis, and approval flow generation; AI documentation Q&A, summarization, indexing, and change explanation; AI generated insights, anomaly detection, summaries, and next actions","Optional assistant panel, explain-this-control affordance, generated summaries, and helpful loading/degraded states.","Provider-neutral server-only model adapter with redaction, rate limiting, trace spans, eval hooks, and no client-exposed secrets.","Reusable prompt input normalizer, output validator, confidence scorer, and domain-specific result formatter.","Document when AI should assist, when human approval is required, what is logged, and how degraded states behave.","Add prompt templates, golden input/output fixtures, regression evals, and safety/quality acceptance checks.",CHANGELOG.md | CODE_OF_CONDUCT.md | LICENSE-PERMISSIVE.txt | anoms-do-not-delete.md | app/api/docs/route.ts | app/feed.xml/route.ts | app/globals.css | app/quality/page.tsx | app/rss.xml/route.ts | lib/trace.ts | pnpm-lock.yaml | tests/unit/utils.test.ts
mbarbine__platphorm-politics,enhance-existing,"AI assisted editing, outline generation, summarization, and transformation; AI automation planner, script explanation, runbook synthesis, and approval flow generation; AI documentation Q&A, summarization, indexing, and change explanation; AI generated insights, anomaly detection, summaries, and next actions; AI log triage, clustering, summaries, and incident narratives","Optional assistant panel, explain-this-control affordance, generated summaries, and helpful loading/degraded states.","Provider-neutral server-only model adapter with redaction, rate limiting, trace spans, eval hooks, and no client-exposed secrets.","Reusable prompt input normalizer, output validator, confidence scorer, and domain-specific result formatter.","Document when AI should assist, when human approval is required, what is logged, and how degraded states behave.","Add prompt templates, golden input/output fixtures, regression evals, and safety/quality acceptance checks.",.well-known/mcp.json | app/api/docs/route.ts | app/auth/login/page.tsx | app/globals.css | llms.txt | pnpm-lock.yaml
mbarbine__platphorm-podcasts,enhance-existing,"AI assisted editing, outline generation, summarization, and transformation; AI automation planner, script explanation, runbook synthesis, and approval flow generation; AI documentation Q&A, summarization, indexing, and change explanation; AI eval generation, scoring, regression analysis, and model comparison; AI generated insights, anomaly detection, summaries, and next actions","Optional assistant panel, explain-this-control affordance, generated summaries, and helpful loading/degraded states.","Provider-neutral server-only model adapter with redaction, rate limiting, trace spans, eval hooks, and no client-exposed secrets.","Reusable prompt input normalizer, output validator, confidence scorer, and domain-specific result formatter.","Document when AI should assist, when human approval is required, what is logged, and how degraded states behave.","Add prompt templates, golden input/output fixtures, regression evals, and safety/quality acceptance checks.",.next.preverify-20260419-2027/server/app/.well-known/mcp.json/route.js | .next.preverify-20260419-2027/server/app/api/cron/sync-catalog/route_client-reference-manifest.js | .next.preverify-20260419-2027/server/app/api/docs/page.js | .next.preverify-20260419-2027/server/app/api/v1/jobs/route_client-reference-manifest.js | .next.preverify-20260419-2027/server/app/api/v1/podcasts/route.js | .next.preverify-20260419-2027/server/app/api/v1/trace/route_client-reference-manifest.js | .next.preverify-20260419-2027/server/app/feed.xml/route_client-reference-manifest.js | .next.preverify-20260419-2027/server/edge/chunks/0xjv_next_dist_esm_build_templates_edge-wrapper_0jknnpm.js | .next.preverify-20260419-2027/server/edge/chunks/_next-internal_server_app_api_v1_events_route_actions_01fbpmy.js | .next.preverify-20260419-2027/static/chunks/09mgchhv7rymj.css | .next.preverify-20260419-2027/static/chunks/0jfn08mdmnp0k.js | FAQ.md | __tests__/fingerprint.test.ts | app/search/page.tsx | fix-rss-test.js | pnpm-lock.yaml | public/schemas/evals.schema.json
mbarbine__platphorm-opendocs,enhance-existing,"AI assisted editing, outline generation, summarization, and transformation; AI assisted writing, cleanup, conversion, summarization, and validation; AI automation planner, script explanation, runbook synthesis, and approval flow generation; AI documentation Q&A, summarization, indexing, and change explanation; AI generated insights, anomaly detection, summaries, and next actions","Optional assistant panel, explain-this-control affordance, generated summaries, and helpful loading/degraded states.","Provider-neutral server-only model adapter with redaction, rate limiting, trace spans, eval hooks, and no client-exposed secrets.","Reusable prompt input normalizer, output validator, confidence scorer, and domain-specific result formatter.","Document when AI should assist, when human approval is required, what is logged, and how degraded states behave.","Add prompt templates, golden input/output fixtures, regression evals, and safety/quality acceptance checks.",CHANGELOG.md | CODE_OF_CONDUCT.md | LICENSE-PERMISSIVE.txt | __tests__/unit/lib/fingerprint.test.ts | anoms-do-not-delete.md | app/api/v1/workflow/route.ts | app/docs/api/api-code-block.tsx | app/docs/page.tsx | app/feed.xml/route.ts | app/globals.css | app/rss.xml/route.ts | app/search/page.tsx | components/markdown-renderer.tsx | lib/trace.ts | pnpm-lock.yaml | public/schemas/podcast.schema.json
mbarbine__platphorm-opencontent,enhance-existing,"AI assisted editing, outline generation, summarization, and transformation; AI assisted writing, cleanup, conversion, summarization, and validation; AI automation planner, script explanation, runbook synthesis, and approval flow generation; AI documentation Q&A, summarization, indexing, and change explanation; AI generated insights, anomaly detection, summaries, and next actions","Optional assistant panel, explain-this-control affordance, generated summaries, and helpful loading/degraded states.","Provider-neutral server-only model adapter with redaction, rate limiting, trace spans, eval hooks, and no client-exposed secrets.","Reusable prompt input normalizer, output validator, confidence scorer, and domain-specific result formatter.","Document when AI should assist, when human approval is required, what is logged, and how degraded states behave.","Add prompt templates, golden input/output fixtures, regression evals, and safety/quality acceptance checks.",API.md | CHANGELOG.md | CODE_OF_CONDUCT.md | LICENSE-PERMISSIVE.txt | __tests__/unit/lib/fingerprint.test.ts | app/api/v1/trace/route.ts | app/api/v1/workflow/route.ts | app/content/page.tsx | app/docs/api/api-code-block.tsx | app/docs/page.tsx | app/feed.xml/route.ts | app/globals.css | app/rss.xml/route.ts | app/search/page.tsx | components/markdown-renderer.tsx | pnpm-lock.yaml | public/schemas/podcast.schema.json
mbarbine__platphorm-openclaw,enhance-existing,"AI assisted editing, outline generation, summarization, and transformation; AI assisted experimentation, test generation, and environment guidance; AI automation planner, script explanation, runbook synthesis, and approval flow generation; AI documentation Q&A, summarization, indexing, and change explanation; AI eval generation, scoring, regression analysis, and model comparison","Optional assistant panel, explain-this-control affordance, generated summaries, and helpful loading/degraded states.","Provider-neutral server-only model adapter with redaction, rate limiting, trace spans, eval hooks, and no client-exposed secrets.","Reusable prompt input normalizer, output validator, confidence scorer, and domain-specific result formatter.","Document when AI should assist, when human approval is required, what is logged, and how degraded states behave.","Add prompt templates, golden input/output fixtures, regression evals, and safety/quality acceptance checks.",CODE_OF_CONDUCT.md | app/api/search/route.ts | app/api/v1/docs/route.ts | app/api/v1/feeds/route.ts | app/api/v1/integrations/insights/route.ts | app/api/v1/integrations/trace/route.ts | app/api/v1/tests/evals/route.ts | app/api/v1/workflows/route.ts | app/globals.css | app/layout.tsx | app/rss.xml/route.ts | components/ui/use-mobile.tsx | pnpm-lock.yaml | public/schemas/podcast.schema.json | sandbox.md | tests/lib/utils.test.ts | tests/schemas/schemas.test.ts
mbarbine__platphorm-onboard,enhance-existing,"AI assisted editing, outline generation, summarization, and transformation; AI assisted writing, cleanup, conversion, summarization, and validation; AI automation planner, script explanation, runbook synthesis, and approval flow generation; AI documentation Q&A, summarization, indexing, and change explanation; AI generated insights, anomaly detection, summaries, and next actions","Optional assistant panel, explain-this-control affordance, generated summaries, and helpful loading/degraded states.","Provider-neutral server-only model adapter with redaction, rate limiting, trace spans, eval hooks, and no client-exposed secrets.","Reusable prompt input normalizer, output validator, confidence scorer, and domain-specific result formatter.","Document when AI should assist, when human approval is required, what is logged, and how degraded states behave.","Add prompt templates, golden input/output fixtures, regression evals, and safety/quality acceptance checks.",README.md | __tests__/lib/markdown.test.ts | app/[locale]/docs/api/page.tsx | app/[locale]/jobs/page.tsx | app/api/search/route.ts | app/api/v1/model/onboard/route.ts | app/api/v1/url-preview/route.ts | app/api/workflow/route.ts | app/feed.xml/route.ts | app/rss.xml/route.ts | components/ui/label.tsx | components/ui/spinner.tsx | lib/fingerprint.ts | lib/onboard/trace.ts | pnpm-lock.yaml
mbarbine__platphorm-newdittyswag-www,enhance-existing,"AI assisted editing, outline generation, summarization, and transformation; AI automation planner, script explanation, runbook synthesis, and approval flow generation; AI generated insights, anomaly detection, summaries, and next actions; AI log triage, clustering, summaries, and incident narratives; AI process assistant for checklists, SOPs, runbooks, and operational handoffs","Optional assistant panel, explain-this-control affordance, generated summaries, and helpful loading/degraded states.","Provider-neutral server-only model adapter with redaction, rate limiting, trace spans, eval hooks, and no client-exposed secrets.","Reusable prompt input normalizer, output validator, confidence scorer, and domain-specific result formatter.","Document when AI should assist, when human approval is required, what is logged, and how degraded states behave.","Add prompt templates, golden input/output fixtures, regression evals, and safety/quality acceptance checks.",.jules/sentinel.md | README.md | app/blogs/news/page.tsx | app/globals.css | pnpm-lock.yaml
mbarbine__platphorm-msi-editor,enhance-existing,"AI assisted editing, outline generation, summarization, and transformation; AI automation planner, script explanation, runbook synthesis, and approval flow generation; AI documentation Q&A, summarization, indexing, and change explanation; AI generated insights, anomaly detection, summaries, and next actions; AI log triage, clustering, summaries, and incident narratives","Optional assistant panel, explain-this-control affordance, generated summaries, and helpful loading/degraded states.","Provider-neutral server-only model adapter with redaction, rate limiting, trace spans, eval hooks, and no client-exposed secrets.","Reusable prompt input normalizer, output validator, confidence scorer, and domain-specific result formatter.","Document when AI should assist, when human approval is required, what is logged, and how degraded states behave.","Add prompt templates, golden input/output fixtures, regression evals, and safety/quality acceptance checks.",ROADMAP.md | app/docs/page.tsx | app/feed.xml/route.ts | app/globals.css | app/layout.tsx | app/rss.xml/route.ts | app/search/page.tsx | components/ui/alert-dialog.tsx | components/ui/spinner.tsx | components/ui/use-toast.ts | lib/platform/trace.ts | pnpm-lock.yaml | vitest.setup.ts
mbarbine__platphorm-monitor,enhance-existing,"AI assisted editing, outline generation, summarization, and transformation; AI automation planner, script explanation, runbook synthesis, and approval flow generation; AI documentation Q&A, summarization, indexing, and change explanation; AI generated insights, anomaly detection, summaries, and next actions; AI log triage, clustering, summaries, and incident narratives","Optional assistant panel, explain-this-control affordance, generated summaries, and helpful loading/degraded states.","Provider-neutral server-only model adapter with redaction, rate limiting, trace spans, eval hooks, and no client-exposed secrets.","Reusable prompt input normalizer, output validator, confidence scorer, and domain-specific result formatter.","Document when AI should assist, when human approval is required, what is logged, and how degraded states behave.","Add prompt templates, golden input/output fixtures, regression evals, and safety/quality acceptance checks.",README.md | app/.well-known/mcp.json/route.ts | app/api/v1/cache/status/route.ts | app/api/v1/network/sites/route.ts | app/docs/page.tsx | app/feed.xml/route.ts | app/globals.css | app/rss.xml/route.ts | lib/monitor/trace.ts | next.config.mjs | pnpm-lock.yaml
mbarbine__platphorm-mini-games-webby,enhance-existing,"AI assisted editing, outline generation, summarization, and transformation; AI automation planner, script explanation, runbook synthesis, and approval flow generation; AI documentation Q&A, summarization, indexing, and change explanation; AI generated insights, anomaly detection, summaries, and next actions; AI log triage, clustering, summaries, and incident narratives","Optional assistant panel, explain-this-control affordance, generated summaries, and helpful loading/degraded states.","Provider-neutral server-only model adapter with redaction, rate limiting, trace spans, eval hooks, and no client-exposed secrets.","Reusable prompt input normalizer, output validator, confidence scorer, and domain-specific result formatter.","Document when AI should assist, when human approval is required, what is logged, and how degraded states behave.","Add prompt templates, golden input/output fixtures, regression evals, and safety/quality acceptance checks.",README.md | app/api/docs/route.ts | app/api/v1/events/route.ts | app/api/v1/games/[slug]/scores/local-schema/route.ts | app/error.tsx | app/faq/page.tsx | app/feed.xml/route.ts | app/not-found.tsx | app/rss.xml/route.ts | lib/trace.ts | pnpm-lock.yaml
mbarbine__platphorm-mcp,enhance-existing,"AI assisted editing, outline generation, summarization, and transformation; AI assisted experimentation, test generation, and environment guidance; AI automation planner, script explanation, runbook synthesis, and approval flow generation; AI documentation Q&A, summarization, indexing, and change explanation; AI eval generation, scoring, regression analysis, and model comparison","Optional assistant panel, explain-this-control affordance, generated summaries, and helpful loading/degraded states.","Provider-neutral server-only model adapter with redaction, rate limiting, trace spans, eval hooks, and no client-exposed secrets.","Reusable prompt input normalizer, output validator, confidence scorer, and domain-specific result formatter.","Document when AI should assist, when human approval is required, what is logged, and how degraded states behave.","Add prompt templates, golden input/output fixtures, regression evals, and safety/quality acceptance checks.",LICENSE-PERMISSIVE.txt | app/api/v1/model/explain-tool-risk/route.ts | app/api/v1/model/generate-client-config/route.ts | app/api/v1/search/route.test.ts | app/api/v1/tests/evals/route.ts | app/api/v1/tests/sandbox/route.ts | app/docs/page.tsx | app/feed.xml/route.ts | app/globals.css | app/rss.xml/route.ts | check_ssrf.ts | components/ui/use-toast.ts | inline_cron.js | lib/mcp/tools/content.ts | pnpm-lock.yaml
mbarbine__platphorm-layout,enhance-existing,"AI assisted editing, outline generation, summarization, and transformation; AI automation planner, script explanation, runbook synthesis, and approval flow generation; AI documentation Q&A, summarization, indexing, and change explanation; AI generated insights, anomaly detection, summaries, and next actions; AI log triage, clustering, summaries, and incident narratives","Optional assistant panel, explain-this-control affordance, generated summaries, and helpful loading/degraded states.","Provider-neutral server-only model adapter with redaction, rate limiting, trace spans, eval hooks, and no client-exposed secrets.","Reusable prompt input normalizer, output validator, confidence scorer, and domain-specific result formatter.","Document when AI should assist, when human approval is required, what is logged, and how degraded states behave.","Add prompt templates, golden input/output fixtures, regression evals, and safety/quality acceptance checks.",LICENSE-PERMISSIVE.txt | app/.well-known/trust.json/route.ts | app/[locale]/docs/page.tsx | app/api/v1/layouts/preview/route.ts | app/feed.xml/route.ts | app/offline/client-content.tsx | app/rss.xml/route.ts | components/layout/search-bar.tsx | components/providers/trace-provider.tsx | components/ui/alert-dialog.tsx | components/ui/use-toast.ts | hooks/use-layout-drafts.ts | lib/trace/fingerprint.ts | pnpm-lock.yaml
mbarbine__platphorm-keys,enhance-existing,"AI assisted editing, outline generation, summarization, and transformation; AI automation planner, script explanation, runbook synthesis, and approval flow generation; AI documentation Q&A, summarization, indexing, and change explanation; AI generated insights, anomaly detection, summaries, and next actions; AI log triage, clustering, summaries, and incident narratives","Optional assistant panel, explain-this-control affordance, generated summaries, and helpful loading/degraded states.","Provider-neutral server-only model adapter with redaction, rate limiting, trace spans, eval hooks, and no client-exposed secrets.","Reusable prompt input normalizer, output validator, confidence scorer, and domain-specific result formatter.","Document when AI should assist, when human approval is required, what is logged, and how degraded states behave.","Add prompt templates, golden input/output fixtures, regression evals, and safety/quality acceptance checks.",FILE_MANIFEST.md | app/docs/page.tsx | app/globals.css | app/rss.xml/route.ts | components/ui/alert-dialog.tsx | components/ui/spinner.tsx | components/ui/use-mobile.tsx | components/ui/use-toast.ts | pnpm-lock.yaml
mbarbine__platphorm-kanban,enhance-existing,"AI assisted editing, outline generation, summarization, and transformation; AI assisted experimentation, test generation, and environment guidance; AI automation planner, script explanation, runbook synthesis, and approval flow generation; AI documentation Q&A, summarization, indexing, and change explanation; AI eval generation, scoring, regression analysis, and model comparison","Optional assistant panel, explain-this-control affordance, generated summaries, and helpful loading/degraded states.","Provider-neutral server-only model adapter with redaction, rate limiting, trace spans, eval hooks, and no client-exposed secrets.","Reusable prompt input normalizer, output validator, confidence scorer, and domain-specific result formatter.","Document when AI should assist, when human approval is required, what is logged, and how degraded states behave.","Add prompt templates, golden input/output fixtures, regression evals, and safety/quality acceptance checks.",LICENSE-PERMISSIVE.txt | PROJECT_PLAN.md | app/api/v1/reports/docs/route.ts | app/api/v1/tests/evals/route.ts | app/api/v1/tests/sandbox/route.ts | app/faq/page.tsx | app/feed.xml/route.ts | app/rss.xml/route.ts | components/automation-rules.tsx | components/ui/spinner.tsx | components/ui/tabs.tsx | pnpm-lock.yaml | pr_message.txt | types/kanban.ts
mbarbine__platphorm-jules,enhance-existing,"AI assisted editing, outline generation, summarization, and transformation; AI assisted experimentation, test generation, and environment guidance; AI automation planner, script explanation, runbook synthesis, and approval flow generation; AI documentation Q&A, summarization, indexing, and change explanation; AI eval generation, scoring, regression analysis, and model comparison","Optional assistant panel, explain-this-control affordance, generated summaries, and helpful loading/degraded states.","Provider-neutral server-only model adapter with redaction, rate limiting, trace spans, eval hooks, and no client-exposed secrets.","Reusable prompt input normalizer, output validator, confidence scorer, and domain-specific result formatter.","Document when AI should assist, when human approval is required, what is logged, and how degraded states behave.","Add prompt templates, golden input/output fixtures, regression evals, and safety/quality acceptance checks.",LICENSE-PERMISSIVE.txt | app/.well-known/mcp.json/route.ts | app/api/v1/docs/route.ts | app/api/v1/integrations/evals/run/route.ts | app/api/v1/integrations/sandbox/dry-run/route.ts | app/api/v1/kanban/board/route.ts | app/api/v1/onboard/import/[id]/create-kanban-tasks/route.ts | app/feed.xml/route.ts | app/globals.css | app/jobs/page.test.tsx | app/rss.xml/route.ts | components/ui/alert-dialog.tsx | components/ui/spinner.tsx | lib/platform-trace.ts | pnpm-lock.yaml
mbarbine__platphorm-json,enhance-existing,"AI assisted editing, outline generation, summarization, and transformation; AI automation planner, script explanation, runbook synthesis, and approval flow generation; AI documentation Q&A, summarization, indexing, and change explanation; AI eval generation, scoring, regression analysis, and model comparison; AI generated insights, anomaly detection, summaries, and next actions","Optional assistant panel, explain-this-control affordance, generated summaries, and helpful loading/degraded states.","Provider-neutral server-only model adapter with redaction, rate limiting, trace spans, eval hooks, and no client-exposed secrets.","Reusable prompt input normalizer, output validator, confidence scorer, and domain-specific result formatter.","Document when AI should assist, when human approval is required, what is logged, and how degraded states behave.","Add prompt templates, golden input/output fixtures, regression evals, and safety/quality acceptance checks.",ROADMAP.md | app/.well-known/mcp.json/route.ts | app/api/v1/minify/route.ts | app/docs/api-docs-client.tsx | app/feed.xml/route.ts | app/globals.css | app/rss.xml/route.ts | app/v0/realms/route.ts | components/ui/use-mobile.tsx | components/ui/use-toast.ts | lib/local-drafts.ts | pnpm-lock.yaml | public/schemas/json/evals.schema.json | public/schemas/json/podcast.schema.json | public/schemas/json/trace.schema.json
mbarbine__platphorm-jobs,enhance-existing,"AI assisted editing, outline generation, summarization, and transformation; AI automation planner, script explanation, runbook synthesis, and approval flow generation; AI documentation Q&A, summarization, indexing, and change explanation; AI generated insights, anomaly detection, summaries, and next actions; AI log triage, clustering, summaries, and incident narratives","Optional assistant panel, explain-this-control affordance, generated summaries, and helpful loading/degraded states.","Provider-neutral server-only model adapter with redaction, rate limiting, trace spans, eval hooks, and no client-exposed secrets.","Reusable prompt input normalizer, output validator, confidence scorer, and domain-specific result formatter.","Document when AI should assist, when human approval is required, what is logged, and how degraded states behave.","Add prompt templates, golden input/output fixtures, regression evals, and safety/quality acceptance checks.",app/api/v1/events/route.ts | app/api/v1/integrations/kanban/sync/route.ts | app/api/v1/jd/parse/route.ts | app/api/v1/network/kanban/route.ts | app/docs/page.tsx | app/feed.xml/route.ts | app/globals.css | app/rss.xml/route.ts | components/ui/spinner.tsx | lib/jobs-server-store.ts | pnpm-lock.yaml | testing_instructions.txt
mbarbine__platphorm-insights,enhance-existing,"AI assisted editing, outline generation, summarization, and transformation; AI automation planner, script explanation, runbook synthesis, and approval flow generation; AI documentation Q&A, summarization, indexing, and change explanation; AI eval generation, scoring, regression analysis, and model comparison; AI generated insights, anomaly detection, summaries, and next actions","Optional assistant panel, explain-this-control affordance, generated summaries, and helpful loading/degraded states.","Provider-neutral server-only model adapter with redaction, rate limiting, trace spans, eval hooks, and no client-exposed secrets.","Reusable prompt input normalizer, output validator, confidence scorer, and domain-specific result formatter.","Document when AI should assist, when human approval is required, what is logged, and how degraded states behave.","Add prompt templates, golden input/output fixtures, regression evals, and safety/quality acceptance checks.",CHANGELOG.md | PAGEINSIGHTS_IMPLEMENTATION.md | VERIFICATION_CHECKLIST.md | app/[locale]/docs/page.tsx | app/[locale]/jobs/page.tsx | app/api/v1/reports/[id]/route.ts | app/api/v1/results/[id]/trace/route.ts | app/api/v1/scoring/searchability/route.ts | app/feed.xml/route.ts | app/globals.css | app/rss.xml/route.ts | messages/zh.json | pnpm-lock.yaml | scripts/evaluation/run_eval_audience.ts | tests/lib/fingerprint.test.ts | tests/ui/score-gauge.test.ts | types/insights.ts
mbarbine__platphorm-fingerprint-service,enhance-existing,"AI assisted editing, outline generation, summarization, and transformation; AI automation planner, script explanation, runbook synthesis, and approval flow generation; AI documentation Q&A, summarization, indexing, and change explanation; AI generated insights, anomaly detection, summaries, and next actions; AI log triage, clustering, summaries, and incident narratives","Optional assistant panel, explain-this-control affordance, generated summaries, and helpful loading/degraded states.","Provider-neutral server-only model adapter with redaction, rate limiting, trace spans, eval hooks, and no client-exposed secrets.","Reusable prompt input normalizer, output validator, confidence scorer, and domain-specific result formatter.","Document when AI should assist, when human approval is required, what is logged, and how degraded states behave.","Add prompt templates, golden input/output fixtures, regression evals, and safety/quality acceptance checks.",README.md | app/.well-known/mcp.json/route.ts | app/api/v1/fingerprint/route.ts | app/docs/page.tsx | app/feed.xml/route.ts | app/globals.css | app/rss.xml/route.ts | components/ui/alert-dialog.tsx | components/ui/spinner.tsx | components/ui/use-mobile.tsx | components/ui/use-toast.ts | lib/platform/trace.ts | pnpm-lock.yaml
mbarbine__platphorm-finance,enhance-existing,"AI assisted editing, outline generation, summarization, and transformation; AI automation planner, script explanation, runbook synthesis, and approval flow generation; AI documentation Q&A, summarization, indexing, and change explanation; AI eval generation, scoring, regression analysis, and model comparison; AI generated insights, anomaly detection, summaries, and next actions","Optional assistant panel, explain-this-control affordance, generated summaries, and helpful loading/degraded states.","Provider-neutral server-only model adapter with redaction, rate limiting, trace spans, eval hooks, and no client-exposed secrets.","Reusable prompt input normalizer, output validator, confidence scorer, and domain-specific result formatter.","Document when AI should assist, when human approval is required, what is logged, and how degraded states behave.","Add prompt templates, golden input/output fixtures, regression evals, and safety/quality acceptance checks.",app/api/docs/route.ts | app/api/mcp/route.ts | components/kokonutui/content.tsx | components/ui/alert-dialog.tsx | components/ui/spinner.tsx | components/ui/tabs.tsx | components/ui/use-mobile.tsx | components/ui/use-toast.ts | pnpm-lock.yaml | public/schemas/evals.schema.json | public/schemas/podcast.schema.json | public/schemas/trace.schema.json
mbarbine__platphorm-evals,enhance-existing,"AI assisted editing, outline generation, summarization, and transformation; AI assisted experimentation, test generation, and environment guidance; AI automation planner, script explanation, runbook synthesis, and approval flow generation; AI documentation Q&A, summarization, indexing, and change explanation; AI eval generation, scoring, regression analysis, and model comparison","Optional assistant panel, explain-this-control affordance, generated summaries, and helpful loading/degraded states.","Provider-neutral server-only model adapter with redaction, rate limiting, trace spans, eval hooks, and no client-exposed secrets.","Reusable prompt input normalizer, output validator, confidence scorer, and domain-specific result formatter.","Document when AI should assist, when human approval is required, what is logged, and how degraded states behave.","Add prompt templates, golden input/output fixtures, regression evals, and safety/quality acceptance checks.",app/.well-known/mcp.json/route.ts | app/approvals/page.tsx | app/docs/page.tsx | app/feed.xml/route.ts | app/globals.css | app/rss.xml/route.ts | lib/cosmic/fingerprint.ts | lib/integrations/sandbox-client.ts | test-db-schema.ts | types/evals.ts | types/gates.ts | types/trace.ts | vercel_output.txt
mbarbine__platphorm-emoji,enhance-existing,"AI assisted editing, outline generation, summarization, and transformation; AI automation planner, script explanation, runbook synthesis, and approval flow generation; AI documentation Q&A, summarization, indexing, and change explanation; AI generated insights, anomaly detection, summaries, and next actions; AI log triage, clustering, summaries, and incident narratives","Optional assistant panel, explain-this-control affordance, generated summaries, and helpful loading/degraded states.","Provider-neutral server-only model adapter with redaction, rate limiting, trace spans, eval hooks, and no client-exposed secrets.","Reusable prompt input normalizer, output validator, confidence scorer, and domain-specific result formatter.","Document when AI should assist, when human approval is required, what is logged, and how degraded states behave.","Add prompt templates, golden input/output fixtures, regression evals, and safety/quality acceptance checks.",LICENSE-PERMISSIVE.txt | app/.well-known/mcp.json/route.ts | app/api/v1/datasets/emoji/inventory/search/route.ts | app/api/v1/proposals/[id]/trace/route.ts | app/api/v1/unicode/snapshot/route.ts | app/docs/page.tsx | app/feed.xml/route.ts | app/openapi/usl-emoji-validation.yaml/route.ts | app/rss.xml/route.ts | components/submit/local-proposal-draft.ts | components/ui/tabs.tsx | components/ui/use-toast.ts | pnpm-lock.yaml | vercel.json
mbarbine__platphorm-dictionary,enhance-existing,"AI assisted editing, outline generation, summarization, and transformation; AI automation planner, script explanation, runbook synthesis, and approval flow generation; AI documentation Q&A, summarization, indexing, and change explanation; AI eval generation, scoring, regression analysis, and model comparison; AI generated insights, anomaly detection, summaries, and next actions","Optional assistant panel, explain-this-control affordance, generated summaries, and helpful loading/degraded states.","Provider-neutral server-only model adapter with redaction, rate limiting, trace spans, eval hooks, and no client-exposed secrets.","Reusable prompt input normalizer, output validator, confidence scorer, and domain-specific result formatter.","Document when AI should assist, when human approval is required, what is logged, and how degraded states behave.","Add prompt templates, golden input/output fixtures, regression evals, and safety/quality acceptance checks.",README.md | app/[locale]/docs/page.tsx | app/[locale]/search/page.tsx | app/feed.xml/route.ts | app/globals.css | app/rss.xml/route.ts | components/ui/label.tsx | components/ui/spinner.tsx | pnpm-lock.yaml | public/schemas/evals.schema.json | public/schemas/podcast.schema.json | public/schemas/trace-realm.schema.json | tests/schemas.test.ts
mbarbine__platphorm-design,enhance-existing,"AI assisted editing, outline generation, summarization, and transformation; AI automation planner, script explanation, runbook synthesis, and approval flow generation; AI documentation Q&A, summarization, indexing, and change explanation; AI eval generation, scoring, regression analysis, and model comparison; AI generated insights, anomaly detection, summaries, and next actions","Optional assistant panel, explain-this-control affordance, generated summaries, and helpful loading/degraded states.","Provider-neutral server-only model adapter with redaction, rate limiting, trace spans, eval hooks, and no client-exposed secrets.","Reusable prompt input normalizer, output validator, confidence scorer, and domain-specific result formatter.","Document when AI should assist, when human approval is required, what is logged, and how degraded states behave.","Add prompt templates, golden input/output fixtures, regression evals, and safety/quality acceptance checks.",IMPLEMENTATION_COMPLETE.md | app/.well-known/mcp.json/route.ts | app/api/v1/designs/[id]/review/evals/route.ts | app/docs/layout.tsx | app/feed.xml/route.ts | app/globals.css | app/rss.xml/route.ts | components/ui/spinner.tsx | components/ui/use-toast.ts | pnpm-lock.yaml | tests/components/canvas.test.tsx | tests/lib/utils.test.ts
mbarbine__platphorm-desa,enhance-existing,"AI assisted editing, outline generation, summarization, and transformation; AI automation planner, script explanation, runbook synthesis, and approval flow generation; AI documentation Q&A, summarization, indexing, and change explanation; AI generated insights, anomaly detection, summaries, and next actions; AI log triage, clustering, summaries, and incident narratives","Optional assistant panel, explain-this-control affordance, generated summaries, and helpful loading/degraded states.","Provider-neutral server-only model adapter with redaction, rate limiting, trace spans, eval hooks, and no client-exposed secrets.","Reusable prompt input normalizer, output validator, confidence scorer, and domain-specific result formatter.","Document when AI should assist, when human approval is required, what is logged, and how degraded states behave.","Add prompt templates, golden input/output fixtures, regression evals, and safety/quality acceptance checks.",LICENSE-PERMISSIVE.txt | app/docs/layout.tsx | app/feed.xml/route.ts | app/globals.css | app/layout.tsx | app/rss.xml/route.ts | app/rules/layout.tsx | components/ui/spinner.tsx | lib/db.ts | lib/platform/trace.ts | lib/vt-submissions-store.ts | pnpm-lock.yaml
mbarbine__platphorm-decks,enhance-existing,"AI assisted editing, outline generation, summarization, and transformation; AI automation planner, script explanation, runbook synthesis, and approval flow generation; AI documentation Q&A, summarization, indexing, and change explanation; AI generated insights, anomaly detection, summaries, and next actions; AI log triage, clustering, summaries, and incident narratives","Optional assistant panel, explain-this-control affordance, generated summaries, and helpful loading/degraded states.","Provider-neutral server-only model adapter with redaction, rate limiting, trace spans, eval hooks, and no client-exposed secrets.","Reusable prompt input normalizer, output validator, confidence scorer, and domain-specific result formatter.","Document when AI should assist, when human approval is required, what is logged, and how degraded states behave.","Add prompt templates, golden input/output fixtures, regression evals, and safety/quality acceptance checks.",LICENSE-PERMISSIVE.txt | License FAQ.md | app/.well-known/mcp.json/route.ts | app/api/docs/route.ts | app/feed.xml/route.ts | app/globals.css | app/jobs/page.tsx | app/rss.xml/route.ts | components/ui/use-toast.ts | config/slideshow.schema.ts | cypress/e2e/cinematic-slideshow.cy.ts | pnpm-lock.yaml
mbarbine__platphorm-content-showback-dashboard,enhance-existing,"AI assisted editing, outline generation, summarization, and transformation; AI automation planner, script explanation, runbook synthesis, and approval flow generation; AI documentation Q&A, summarization, indexing, and change explanation; AI generated insights, anomaly detection, summaries, and next actions; AI log triage, clustering, summaries, and incident narratives","Optional assistant panel, explain-this-control affordance, generated summaries, and helpful loading/degraded states.","Provider-neutral server-only model adapter with redaction, rate limiting, trace spans, eval hooks, and no client-exposed secrets.","Reusable prompt input normalizer, output validator, confidence scorer, and domain-specific result formatter.","Document when AI should assist, when human approval is required, what is logged, and how degraded states behave.","Add prompt templates, golden input/output fixtures, regression evals, and safety/quality acceptance checks.",.jules/palette.md | ARCHITECTURE.md | app/api/docs/route.ts | app/api/register-network/route.ts | app/api/v1/content/analyze/route.ts | app/api/webhooks/subscribe/route.ts | app/jobs/page.tsx | app/workflows/page.tsx | components/fingerprinting-technology.tsx | components/smart-insights-panel.tsx | pnpm-lock.yaml | styles/globals.css
mbarbine__platphorm-codex,enhance-existing,"AI assisted editing, outline generation, summarization, and transformation; AI automation planner, script explanation, runbook synthesis, and approval flow generation; AI documentation Q&A, summarization, indexing, and change explanation; AI generated insights, anomaly detection, summaries, and next actions; AI log triage, clustering, summaries, and incident narratives","Optional assistant panel, explain-this-control affordance, generated summaries, and helpful loading/degraded states.","Provider-neutral server-only model adapter with redaction, rate limiting, trace spans, eval hooks, and no client-exposed secrets.","Reusable prompt input normalizer, output validator, confidence scorer, and domain-specific result formatter.","Document when AI should assist, when human approval is required, what is logged, and how degraded states behave.","Add prompt templates, golden input/output fixtures, regression evals, and safety/quality acceptance checks.",LICENSE-PERMISSIVE.txt | app/api/docs/route.ts | app/api/v1/dns/jobs/route.ts | app/api/v1/network/route-compliance/route.ts | app/api/v1/trace/spans/route.ts | app/faq/page.tsx | app/feed.xml/route.ts | app/globals.css | app/rss.xml/route.ts | components/ui/use-toast.ts | config/slideshow.schema.ts | pnpm-lock.yaml | vercel.json
mbarbine__platphorm-cobol,enhance-existing,"AI assisted editing, outline generation, summarization, and transformation; AI automation planner, script explanation, runbook synthesis, and approval flow generation; AI documentation Q&A, summarization, indexing, and change explanation; AI generated insights, anomaly detection, summaries, and next actions; AI log triage, clustering, summaries, and incident narratives","Optional assistant panel, explain-this-control affordance, generated summaries, and helpful loading/degraded states.","Provider-neutral server-only model adapter with redaction, rate limiting, trace spans, eval hooks, and no client-exposed secrets.","Reusable prompt input normalizer, output validator, confidence scorer, and domain-specific result formatter.","Document when AI should assist, when human approval is required, what is logged, and how degraded states behave.","Add prompt templates, golden input/output fixtures, regression evals, and safety/quality acceptance checks.",LICENSE-PERMISSIVE.txt | app/api/docs/route.ts | app/api/mcp/lib/handlers.ts | app/api/v1/jobs/route.ts | app/api/v1/kanban/route.ts | app/api/v1/pricing/route.ts | app/feed.xml/route.ts | app/globals.css | app/layout.tsx | app/rss.xml/route.ts | components/ui/spinner.tsx | lib/trace.ts | pnpm-lock.yaml
mbarbine__platphorm-business-EmployerServicesIncorporated,enhance-existing,"AI assisted editing, outline generation, summarization, and transformation; AI automation planner, script explanation, runbook synthesis, and approval flow generation; AI process assistant for checklists, SOPs, runbooks, and operational handoffs; Agent facing tool discovery, tool planning, and MCP usage guidance; Security signal explanation, trust scoring, bot analysis, and anomaly detection","Optional assistant panel, explain-this-control affordance, generated summaries, and helpful loading/degraded states.","Provider-neutral server-only model adapter with redaction, rate limiting, trace spans, eval hooks, and no client-exposed secrets.","Reusable prompt input normalizer, output validator, confidence scorer, and domain-specific result formatter.","Document when AI should assist, when human approval is required, what is logged, and how degraded states behave.","Add prompt templates, golden input/output fixtures, regression evals, and safety/quality acceptance checks.",README.md | lob-python/lob/resource.py | pnpm-lock.yaml | requirements.txt | src/app/api/mcp/route.ts | src/app/api/scripts/linkedin/route.ts | src/components/ui/Navbar.tsx
mbarbine__platphorm-browserops,enhance-existing,"AI assisted editing, outline generation, summarization, and transformation; AI assisted experimentation, test generation, and environment guidance; AI automation planner, script explanation, runbook synthesis, and approval flow generation; AI documentation Q&A, summarization, indexing, and change explanation; AI eval generation, scoring, regression analysis, and model comparison","Optional assistant panel, explain-this-control affordance, generated summaries, and helpful loading/degraded states.","Provider-neutral server-only model adapter with redaction, rate limiting, trace spans, eval hooks, and no client-exposed secrets.","Reusable prompt input normalizer, output validator, confidence scorer, and domain-specific result formatter.","Document when AI should assist, when human approval is required, what is logged, and how degraded states behave.","Add prompt templates, golden input/output fixtures, regression evals, and safety/quality acceptance checks.",app/.well-known/mcp.json/route.ts | app/api/v1/network/domains/route.ts | app/globals.css | app/rss.xml/route.ts | components/ui/journey-search.tsx | docs/SCHEMA.md | lib/cosmic/fingerprint.ts | lib/integrations/evals.ts | lib/integrations/sandbox.ts | patch_docs_again.js | patch_feed.js | pnpm-lock.yaml | types/trace.ts
mbarbine__platphorm-bbs,enhance-existing,"AI assisted editing, outline generation, summarization, and transformation; AI automation planner, script explanation, runbook synthesis, and approval flow generation; AI documentation Q&A, summarization, indexing, and change explanation; AI generated insights, anomaly detection, summaries, and next actions; AI log triage, clustering, summaries, and incident narratives","Optional assistant panel, explain-this-control affordance, generated summaries, and helpful loading/degraded states.","Provider-neutral server-only model adapter with redaction, rate limiting, trace spans, eval hooks, and no client-exposed secrets.","Reusable prompt input normalizer, output validator, confidence scorer, and domain-specific result formatter.","Document when AI should assist, when human approval is required, what is logged, and how degraded states behave.","Add prompt templates, golden input/output fixtures, regression evals, and safety/quality acceptance checks.",CHANGELOG.md | IMPLEMENTATION_REPORT.md | app/.well-known/mcp.json/route.ts | app/api/docs/route.ts | app/api/v1/ascii/convert/route.ts | app/feed.xml/route.ts | app/rss.xml/route.ts | app/search/page.tsx | components/ui/use-toast.ts | lib/auth/fingerprint.test.ts | lib/bbs/content.test.ts | lib/bbs/trace.ts | vitest.setup.ts
mbarbine__platphorm-base,enhance-existing,"AI assisted editing, outline generation, summarization, and transformation; AI automation planner, script explanation, runbook synthesis, and approval flow generation; AI documentation Q&A, summarization, indexing, and change explanation; AI generated insights, anomaly detection, summaries, and next actions; AI log triage, clustering, summaries, and incident narratives","Optional assistant panel, explain-this-control affordance, generated summaries, and helpful loading/degraded states.","Provider-neutral server-only model adapter with redaction, rate limiting, trace spans, eval hooks, and no client-exposed secrets.","Reusable prompt input normalizer, output validator, confidence scorer, and domain-specific result formatter.","Document when AI should assist, when human approval is required, what is logged, and how degraded states behave.","Add prompt templates, golden input/output fixtures, regression evals, and safety/quality acceptance checks.",README.md | __tests__/app/api/network.test.ts | app/.well-known/mcp.json/route.ts | app/api/docs/route.ts | app/api/network/graph/route.ts | app/feed.xml/route.ts | app/globals.css | app/rss.xml/route.ts | components/trace/trace-status.tsx | components/ui/alert-dialog.tsx | pnpm-lock.yaml | pr_body.txt | verify_job_input.py
mbarbine__platphorm-auction-vice,enhance-existing,"AI assisted editing, outline generation, summarization, and transformation; AI automation planner, script explanation, runbook synthesis, and approval flow generation; AI documentation Q&A, summarization, indexing, and change explanation; AI generated insights, anomaly detection, summaries, and next actions; AI log triage, clustering, summaries, and incident narratives","Optional assistant panel, explain-this-control affordance, generated summaries, and helpful loading/degraded states.","Provider-neutral server-only model adapter with redaction, rate limiting, trace spans, eval hooks, and no client-exposed secrets.","Reusable prompt input normalizer, output validator, confidence scorer, and domain-specific result formatter.","Document when AI should assist, when human approval is required, what is logged, and how degraded states behave.","Add prompt templates, golden input/output fixtures, regression evals, and safety/quality acceptance checks.",README.md | app/auth/logout/page.tsx | app/docs/page.tsx | app/feed.xml/route.ts | app/rss.xml/route.ts | app/search/page.tsx | components/listing/market-insights.tsx | components/ui/spinner.tsx | components/ui/use-toast.ts | hooks/use-fingerprint.ts | lib/integrations/shipments.ts | pnpm-lock.yaml | styles/globals.css | tests/features/realtime-bidding.test.ts
mbarbine__platphorm-ascii,enhance-existing,"AI assisted editing, outline generation, summarization, and transformation; AI automation planner, script explanation, runbook synthesis, and approval flow generation; AI documentation Q&A, summarization, indexing, and change explanation; AI generated insights, anomaly detection, summaries, and next actions; AI log triage, clustering, summaries, and incident narratives","Optional assistant panel, explain-this-control affordance, generated summaries, and helpful loading/degraded states.","Provider-neutral server-only model adapter with redaction, rate limiting, trace spans, eval hooks, and no client-exposed secrets.","Reusable prompt input normalizer, output validator, confidence scorer, and domain-specific result formatter.","Document when AI should assist, when human approval is required, what is logged, and how degraded states behave.","Add prompt templates, golden input/output fixtures, regression evals, and safety/quality acceptance checks.",README.md | app/.well-known/mcp.json/route.ts | app/api/schemas/route.ts | app/api/v1/trace/ui/route.ts | app/docs/page.tsx | app/feed.xml/route.ts | app/page.tsx | app/rss.xml/route.ts | components/ascii-converter.tsx | components/ui/use-mobile.tsx | components/ui/use-toast.ts | pnpm-lock.yaml | public/schemas/podcast.schema.json
mbarbine__platphorm-alleycats,enhance-existing,"AI assisted editing, outline generation, summarization, and transformation; AI automation planner, script explanation, runbook synthesis, and approval flow generation; AI documentation Q&A, summarization, indexing, and change explanation; AI generated insights, anomaly detection, summaries, and next actions; AI log triage, clustering, summaries, and incident narratives","Optional assistant panel, explain-this-control affordance, generated summaries, and helpful loading/degraded states.","Provider-neutral server-only model adapter with redaction, rate limiting, trace spans, eval hooks, and no client-exposed secrets.","Reusable prompt input normalizer, output validator, confidence scorer, and domain-specific result formatter.","Document when AI should assist, when human approval is required, what is logged, and how degraded states behave.","Add prompt templates, golden input/output fixtures, regression evals, and safety/quality acceptance checks.",CONTRIBUTING.md | README.md | app/api/docs/route.ts | app/api/v1/ascii/route.ts | app/feed.xml/route.ts | app/globals.css | components/ui/spinner.tsx | components/ui/use-mobile.tsx | components/ui/use-toast.ts | pnpm-lock.yaml
mbarbine__platphorm-ai-photo-enrichment,enhance-existing,"AI assisted editing, outline generation, summarization, and transformation; AI automation planner, script explanation, runbook synthesis, and approval flow generation; AI generated insights, anomaly detection, summaries, and next actions; AI log triage, clustering, summaries, and incident narratives; AI process assistant for checklists, SOPs, runbooks, and operational handoffs","Optional assistant panel, explain-this-control affordance, generated summaries, and helpful loading/degraded states.","Provider-neutral server-only model adapter with redaction, rate limiting, trace spans, eval hooks, and no client-exposed secrets.","Reusable prompt input normalizer, output validator, confidence scorer, and domain-specific result formatter.","Document when AI should assist, when human approval is required, what is logged, and how degraded states behave.","Add prompt templates, golden input/output fixtures, regression evals, and safety/quality acceptance checks.",SETUP.md | app/api/process-job/route.ts | app/api/process-queue/route.ts | app/auth/login/page.tsx | app/globals.css | components/ui/label.tsx | pnpm-lock.yaml
mbarbine__platphorm-agentui,enhance-existing,"AI assisted editing, outline generation, summarization, and transformation; AI automation planner, script explanation, runbook synthesis, and approval flow generation; AI documentation Q&A, summarization, indexing, and change explanation; AI generated insights, anomaly detection, summaries, and next actions; AI log triage, clustering, summaries, and incident narratives","Optional assistant panel, explain-this-control affordance, generated summaries, and helpful loading/degraded states.","Provider-neutral server-only model adapter with redaction, rate limiting, trace spans, eval hooks, and no client-exposed secrets.","Reusable prompt input normalizer, output validator, confidence scorer, and domain-specific result formatter.","Document when AI should assist, when human approval is required, what is logged, and how degraded states behave.","Add prompt templates, golden input/output fixtures, regression evals, and safety/quality acceptance checks.",IMPLEMENTATION_SUMMARY.md | app/(public)/changelog/page.tsx | app/(public)/docs/page.tsx | app/(workspace)/dashboard/components/recent-flows.tsx | app/(workspace)/dashboard/components/stats-grid.tsx | app/(workspace)/dashboard/observability/traces/page.tsx | app/.well-known/mcp.json/route.ts | app/feed.xml/route.ts | app/globals.css | app/rss.xml/route.ts | components/layout/search-trigger.tsx | lib/cosmic/fingerprint.ts | pnpm-lock.yaml | tests/setup.tsx
mbarbine__platphorm-404,enhance-existing,"AI assisted editing, outline generation, summarization, and transformation; AI automation planner, script explanation, runbook synthesis, and approval flow generation; AI documentation Q&A, summarization, indexing, and change explanation; AI eval generation, scoring, regression analysis, and model comparison; AI generated insights, anomaly detection, summaries, and next actions","Optional assistant panel, explain-this-control affordance, generated summaries, and helpful loading/degraded states.","Provider-neutral server-only model adapter with redaction, rate limiting, trace spans, eval hooks, and no client-exposed secrets.","Reusable prompt input normalizer, output validator, confidence scorer, and domain-specific result formatter.","Document when AI should assist, when human approval is required, what is logged, and how degraded states behave.","Add prompt templates, golden input/output fixtures, regression evals, and safety/quality acceptance checks.",README.md | app/.well-known/mcp.json/route.ts | app/api/docs/route.ts | app/api/v1/network/graph/route.ts | app/feed.xml/route.ts | app/rss.xml/route.ts | app/search/page.tsx | components/404/trace-integration.tsx | components/ui/alert-dialog.tsx | components/ui/use-mobile.tsx | components/ui/use-toast.ts | pnpm-lock.yaml | public/schemas/evals.schema.json | public/schemas/podcast.schema.json | styles/globals.css
mbarbine__ph3ar-web,enhance-existing,"AI automation planner, script explanation, runbook synthesis, and approval flow generation; AI documentation Q&A, summarization, indexing, and change explanation; AI generated insights, anomaly detection, summaries, and next actions; AI log triage, clustering, summaries, and incident narratives; AI process assistant for checklists, SOPs, runbooks, and operational handoffs","Optional assistant panel, explain-this-control affordance, generated summaries, and helpful loading/degraded states.","Provider-neutral server-only model adapter with redaction, rate limiting, trace spans, eval hooks, and no client-exposed secrets.","Reusable prompt input normalizer, output validator, confidence scorer, and domain-specific result formatter.","Document when AI should assist, when human approval is required, what is logged, and how degraded states behave.","Add prompt templates, golden input/output fixtures, regression evals, and safety/quality acceptance checks.",README.md | docs/community_guidance.md | docs/style_guide.md | models/user.js | public/js/jquery.min.js | server.js | setup.sh
mbarbine__ph3ar-chatbot,enhance-existing,"AI assisted editing, outline generation, summarization, and transformation; AI assisted writing, cleanup, conversion, summarization, and validation; AI automation planner, script explanation, runbook synthesis, and approval flow generation; AI generated insights, anomaly detection, summaries, and next actions; AI log triage, clustering, summaries, and incident narratives","Optional assistant panel, explain-this-control affordance, generated summaries, and helpful loading/degraded states.","Provider-neutral server-only model adapter with redaction, rate limiting, trace spans, eval hooks, and no client-exposed secrets.","Reusable prompt input normalizer, output validator, confidence scorer, and domain-specific result formatter.","Document when AI should assist, when human approval is required, what is logged, and how degraded states behave.","Add prompt templates, golden input/output fixtures, regression evals, and safety/quality acceptance checks.",README.md | app/(auth)/login/page.tsx | artifacts/image/client.tsx | components/markdown.tsx | components/weather.tsx | pnpm-lock.yaml
mbarbine__ph3ar-blog,enhance-existing,"AI assisted editing, outline generation, summarization, and transformation; AI assisted writing, cleanup, conversion, summarization, and validation; AI automation planner, script explanation, runbook synthesis, and approval flow generation; AI documentation Q&A, summarization, indexing, and change explanation; AI generated insights, anomaly detection, summaries, and next actions","Optional assistant panel, explain-this-control affordance, generated summaries, and helpful loading/degraded states.","Provider-neutral server-only model adapter with redaction, rate limiting, trace spans, eval hooks, and no client-exposed secrets.","Reusable prompt input normalizer, output validator, confidence scorer, and domain-specific result formatter.","Document when AI should assist, when human approval is required, what is logged, and how degraded states behave.","Add prompt templates, golden input/output fixtures, regression evals, and safety/quality acceptance checks.",UPGRADE-PLAN.md | content/posts/AI-Is-Quieter-Than-You-Think.md | content/posts/AI-Took-My-Job-And-Thats-Okay.md | pnpm-lock.yaml | src/app/_components/markdown-styles.module.css | src/app/api/v1/docs/page.tsx | src/app/feed.xml/route.ts | src/app/globals.css | src/lib/i18n.ts | src/middleware.ts
mbarbine__ph3ar-admin-dashboard,enhance-existing,"AI assisted editing, outline generation, summarization, and transformation; AI automation planner, script explanation, runbook synthesis, and approval flow generation; AI generated insights, anomaly detection, summaries, and next actions; AI log triage, clustering, summaries, and incident narratives; AI process assistant for checklists, SOPs, runbooks, and operational handoffs","Optional assistant panel, explain-this-control affordance, generated summaries, and helpful loading/degraded states.","Provider-neutral server-only model adapter with redaction, rate limiting, trace spans, eval hooks, and no client-exposed secrets.","Reusable prompt input normalizer, output validator, confidence scorer, and domain-specific result formatter.","Document when AI should assist, when human approval is required, what is logged, and how degraded states behave.","Add prompt templates, golden input/output fixtures, regression evals, and safety/quality acceptance checks.",LICENSE.md | app/(dashboard)/search.tsx | app/login/page.tsx | components/ui/card.tsx | components/ui/tabs.tsx | pnpm-lock.yaml | public/.well-known/mcp.json
mbarbine__onboard-platphorm-boilerplate-repo,enhance-existing,"AI assisted editing, outline generation, summarization, and transformation; AI assisted writing, cleanup, conversion, summarization, and validation; AI automation planner, script explanation, runbook synthesis, and approval flow generation; AI documentation Q&A, summarization, indexing, and change explanation; AI generated insights, anomaly detection, summaries, and next actions","Optional assistant panel, explain-this-control affordance, generated summaries, and helpful loading/degraded states.","Provider-neutral server-only model adapter with redaction, rate limiting, trace spans, eval hooks, and no client-exposed secrets.","Reusable prompt input normalizer, output validator, confidence scorer, and domain-specific result formatter.","Document when AI should assist, when human approval is required, what is logged, and how degraded states behave.","Add prompt templates, golden input/output fixtures, regression evals, and safety/quality acceptance checks.",${workspaceFolder:opendocs-webby}/.cspell/custom-dictionary-workspace.txt | CHANGELOG.md | CODE_OF_CONDUCT.md | LICENSE-PERMISSIVE.txt | __tests__/unit/lib/fingerprint.test.ts | app/api/v1/workflow/route.ts | app/docs/api/api-code-block.tsx | app/docs/page.tsx | app/globals.css | app/rss.xml/route.ts | components/markdown-renderer.tsx | deep-research-report-v2.md | docs/ops/kanban-created-tasks.json | pnpm-lock.yaml | pr-description.md
mbarbine__nuclear-power-plant-webby-NPaaS,enhance-existing,"AI assisted editing, outline generation, summarization, and transformation; AI automation planner, script explanation, runbook synthesis, and approval flow generation; AI generated insights, anomaly detection, summaries, and next actions; AI log triage, clustering, summaries, and incident narratives; AI process assistant for checklists, SOPs, runbooks, and operational handoffs","Optional assistant panel, explain-this-control affordance, generated summaries, and helpful loading/degraded states.","Provider-neutral server-only model adapter with redaction, rate limiting, trace spans, eval hooks, and no client-exposed secrets.","Reusable prompt input normalizer, output validator, confidence scorer, and domain-specific result formatter.","Document when AI should assist, when human approval is required, what is logged, and how degraded states behave.","Add prompt templates, golden input/output fixtures, regression evals, and safety/quality acceptance checks.",JA4-ATLAS.md | app/api/fingerprint/collect/route.ts | app/globals.css | app/jobs/page.tsx | components/fingerprint-collector.tsx | components/network-registration.tsx | components/schema-markup.tsx | pnpm-lock.yaml
mbarbine__nextjs-ai-chatbot,enhance-existing,"AI assisted editing, outline generation, summarization, and transformation; AI assisted writing, cleanup, conversion, summarization, and validation; AI automation planner, script explanation, runbook synthesis, and approval flow generation; AI generated insights, anomaly detection, summaries, and next actions; AI log triage, clustering, summaries, and incident narratives","Optional assistant panel, explain-this-control affordance, generated summaries, and helpful loading/degraded states.","Provider-neutral server-only model adapter with redaction, rate limiting, trace spans, eval hooks, and no client-exposed secrets.","Reusable prompt input normalizer, output validator, confidence scorer, and domain-specific result formatter.","Document when AI should assist, when human approval is required, what is logged, and how degraded states behave.","Add prompt templates, golden input/output fixtures, regression evals, and safety/quality acceptance checks.",README.md | app/(auth)/login/page.tsx | app/globals.css | components/markdown.tsx | components/weather.tsx | lib/ai/models.ts | pnpm-lock.yaml
mbarbine__nextjs-ai-4,enhance-existing,"AI assisted editing, outline generation, summarization, and transformation; AI assisted writing, cleanup, conversion, summarization, and validation; AI automation planner, script explanation, runbook synthesis, and approval flow generation; AI documentation Q&A, summarization, indexing, and change explanation; AI generated insights, anomaly detection, summaries, and next actions","Optional assistant panel, explain-this-control affordance, generated summaries, and helpful loading/degraded states.","Provider-neutral server-only model adapter with redaction, rate limiting, trace spans, eval hooks, and no client-exposed secrets.","Reusable prompt input normalizer, output validator, confidence scorer, and domain-specific result formatter.","Document when AI should assist, when human approval is required, what is logged, and how degraded states behave.","Add prompt templates, golden input/output fixtures, regression evals, and safety/quality acceptance checks.",README.md | app/(auth)/login/page.tsx | blocks/image/client.tsx | components/markdown.tsx | components/weather.tsx | docs/02-update-models.md | pnpm-lock.yaml
mbarbine__news-api,enhance-existing,"AI assisted editing, outline generation, summarization, and transformation; AI automation planner, script explanation, runbook synthesis, and approval flow generation; AI generated insights, anomaly detection, summaries, and next actions; AI log triage, clustering, summaries, and incident narratives; AI process assistant for checklists, SOPs, runbooks, and operational handoffs","Optional assistant panel, explain-this-control affordance, generated summaries, and helpful loading/degraded states.","Provider-neutral server-only model adapter with redaction, rate limiting, trace spans, eval hooks, and no client-exposed secrets.","Reusable prompt input normalizer, output validator, confidence scorer, and domain-specific result formatter.","Document when AI should assist, when human approval is required, what is logged, and how degraded states behave.","Add prompt templates, golden input/output fixtures, regression evals, and safety/quality acceptance checks.",README.md | pnpm-lock.yaml | src/ask.svelte | src/jobs.svelte | src/login.svelte
mbarbine__n8n,enhance-existing,"AI automation planner, script explanation, runbook synthesis, and approval flow generation; AI documentation Q&A, summarization, indexing, and change explanation; AI process assistant for checklists, SOPs, runbooks, and operational handoffs; Security signal explanation, trust scoring, bot analysis, and anomaly detection; Shipment exception analysis, rate explanation, and workflow recommendations","Optional assistant panel, explain-this-control affordance, generated summaries, and helpful loading/degraded states.","Provider-neutral server-only model adapter with redaction, rate limiting, trace spans, eval hooks, and no client-exposed secrets.","Reusable prompt input normalizer, output validator, confidence scorer, and domain-specific result formatter.","Document when AI should assist, when human approval is required, what is logged, and how degraded states behave.","Add prompt templates, golden input/output fixtures, regression evals, and safety/quality acceptance checks.",FINAL_SUMMARY.txt | backups/backup_summary_20250918_220504.txt | docs/DEPLOYMENT_GUIDE.md | seed-workflows/property-comp-analyzer-ai.json
mbarbine__msicrafter,enhance-existing,"AI automation planner, script explanation, runbook synthesis, and approval flow generation; AI log triage, clustering, summaries, and incident narratives; AI process assistant for checklists, SOPs, runbooks, and operational handoffs; Security signal explanation, trust scoring, bot analysis, and anomaly detection","Optional assistant panel, explain-this-control affordance, generated summaries, and helpful loading/degraded states.","Provider-neutral server-only model adapter with redaction, rate limiting, trace spans, eval hooks, and no client-exposed secrets.","Reusable prompt input normalizer, output validator, confidence scorer, and domain-specific result formatter.","Document when AI should assist, when human approval is required, what is logged, and how degraded states behave.","Add prompt templates, golden input/output fixtures, regression evals, and safety/quality acceptance checks.",README.md | core/msi_session_unix.go
mbarbine__microwave-stickers-,enhance-existing,"AI assisted editing, outline generation, summarization, and transformation; AI automation planner, script explanation, runbook synthesis, and approval flow generation; AI generated insights, anomaly detection, summaries, and next actions; AI log triage, clustering, summaries, and incident narratives; AI process assistant for checklists, SOPs, runbooks, and operational handoffs","Optional assistant panel, explain-this-control affordance, generated summaries, and helpful loading/degraded states.","Provider-neutral server-only model adapter with redaction, rate limiting, trace spans, eval hooks, and no client-exposed secrets.","Reusable prompt input normalizer, output validator, confidence scorer, and domain-specific result formatter.","Document when AI should assist, when human approval is required, what is logged, and how degraded states behave.","Add prompt templates, golden input/output fixtures, regression evals, and safety/quality acceptance checks.",README.md | components/ui/alert-dialog.tsx | components/ui/form.tsx | components/ui/tabs.tsx | components/ui/use-mobile.tsx | components/ui/use-toast.ts | pnpm-lock.yaml
mbarbine__mermaid-next-www,enhance-existing,"AI assisted editing, outline generation, summarization, and transformation; AI automation planner, script explanation, runbook synthesis, and approval flow generation; AI generated insights, anomaly detection, summaries, and next actions; AI process assistant for checklists, SOPs, runbooks, and operational handoffs; Feed summarization, ranking, categorization, and alerting","Optional assistant panel, explain-this-control affordance, generated summaries, and helpful loading/degraded states.","Provider-neutral server-only model adapter with redaction, rate limiting, trace spans, eval hooks, and no client-exposed secrets.","Reusable prompt input normalizer, output validator, confidence scorer, and domain-specific result formatter.","Document when AI should assist, when human approval is required, what is logged, and how degraded states behave.","Add prompt templates, golden input/output fixtures, regression evals, and safety/quality acceptance checks.",README.md | components/Footer.tsx | components/PerformanceShowcase.tsx | components/SocialFeed.tsx | next.config.mjs | report-bundle-size.js
mbarbine__mailthing-main,enhance-existing,"AI assisted editing, outline generation, summarization, and transformation; AI automation planner, script explanation, runbook synthesis, and approval flow generation; AI generated insights, anomaly detection, summaries, and next actions; AI log triage, clustering, summaries, and incident narratives; AI process assistant for checklists, SOPs, runbooks, and operational handoffs","Optional assistant panel, explain-this-control affordance, generated summaries, and helpful loading/degraded states.","Provider-neutral server-only model adapter with redaction, rate limiting, trace spans, eval hooks, and no client-exposed secrets.","Reusable prompt input normalizer, output validator, confidence scorer, and domain-specific result formatter.","Document when AI should assist, when human approval is required, what is logged, and how degraded states behave.","Add prompt templates, golden input/output fixtures, regression evals, and safety/quality acceptance checks.",README.md | components/ui/Input/Input.module.css | components/ui/Input/Input.tsx | components/ui/Toasts/use-toast.ts | pnpm-lock.yaml | postman_schema.json
mbarbine__mailthing-client,enhance-existing,"AI assisted editing, outline generation, summarization, and transformation; AI automation planner, script explanation, runbook synthesis, and approval flow generation; AI generated insights, anomaly detection, summaries, and next actions; AI log triage, clustering, summaries, and incident narratives; AI process assistant for checklists, SOPs, runbooks, and operational handoffs","Optional assistant panel, explain-this-control affordance, generated summaries, and helpful loading/degraded states.","Provider-neutral server-only model adapter with redaction, rate limiting, trace spans, eval hooks, and no client-exposed secrets.","Reusable prompt input normalizer, output validator, confidence scorer, and domain-specific result formatter.","Document when AI should assist, when human approval is required, what is logged, and how degraded states behave.","Add prompt templates, golden input/output fixtures, regression evals, and safety/quality acceptance checks.",README.md | pnpm-lock.yaml | src/main.css | src/utils/logger.js
mbarbine__lettuce,enhance-existing,"AI automation planner, script explanation, runbook synthesis, and approval flow generation; AI documentation Q&A, summarization, indexing, and change explanation; AI log triage, clustering, summaries, and incident narratives; AI process assistant for checklists, SOPs, runbooks, and operational handoffs; Security signal explanation, trust scoring, bot analysis, and anomaly detection","Optional assistant panel, explain-this-control affordance, generated summaries, and helpful loading/degraded states.","Provider-neutral server-only model adapter with redaction, rate limiting, trace spans, eval hooks, and no client-exposed secrets.","Reusable prompt input normalizer, output validator, confidence scorer, and domain-specific result formatter.","Document when AI should assist, when human approval is required, what is logged, and how degraded states behave.","Add prompt templates, golden input/output fixtures, regression evals, and safety/quality acceptance checks.",CHANGELOG.md | do.sh | docs/status.md | module-lwe/src/lib.rs | project_board.md | xtask/src/main.rs
mbarbine__legacy-platphorm-news,enhance-existing,"AI assisted editing, outline generation, summarization, and transformation; AI automation planner, script explanation, runbook synthesis, and approval flow generation; AI generated insights, anomaly detection, summaries, and next actions; AI log triage, clustering, summaries, and incident narratives; AI process assistant for checklists, SOPs, runbooks, and operational handoffs","Optional assistant panel, explain-this-control affordance, generated summaries, and helpful loading/degraded states.","Provider-neutral server-only model adapter with redaction, rate limiting, trace spans, eval hooks, and no client-exposed secrets.","Reusable prompt input normalizer, output validator, confidence scorer, and domain-specific result formatter.","Document when AI should assist, when human approval is required, what is logged, and how degraded states behave.","Add prompt templates, golden input/output fixtures, regression evals, and safety/quality acceptance checks.",.jules/palette.md | docker-compose.override.yml | package.json | scripts/migrate.sh | src/components/JobDetails.svelte | src/components/SearchBar.svelte | src/types/newsStore.d.ts | src/utils/dateUtils.ts | vite.config.js
mbarbine__jts-hvac-gates-www,enhance-existing,"AI assisted editing, outline generation, summarization, and transformation; AI automation planner, script explanation, runbook synthesis, and approval flow generation; AI generated insights, anomaly detection, summaries, and next actions; AI log triage, clustering, summaries, and incident narratives; AI process assistant for checklists, SOPs, runbooks, and operational handoffs","Optional assistant panel, explain-this-control affordance, generated summaries, and helpful loading/degraded states.","Provider-neutral server-only model adapter with redaction, rate limiting, trace spans, eval hooks, and no client-exposed secrets.","Reusable prompt input normalizer, output validator, confidence scorer, and domain-specific result formatter.","Document when AI should assist, when human approval is required, what is logged, and how degraded states behave.","Add prompt templates, golden input/output fixtures, regression evals, and safety/quality acceptance checks.",README.md | components/professional-gallery-portfolio.tsx | lib/utils.ts | pnpm-lock.yaml | styles/globals.css
mbarbine__job-manager,enhance-existing,"AI assisted editing, outline generation, summarization, and transformation; AI automation planner, script explanation, runbook synthesis, and approval flow generation; AI generated insights, anomaly detection, summaries, and next actions; AI log triage, clustering, summaries, and incident narratives; AI process assistant for checklists, SOPs, runbooks, and operational handoffs","Optional assistant panel, explain-this-control affordance, generated summaries, and helpful loading/degraded states.","Provider-neutral server-only model adapter with redaction, rate limiting, trace spans, eval hooks, and no client-exposed secrets.","Reusable prompt input normalizer, output validator, confidence scorer, and domain-specific result formatter.","Document when AI should assist, when human approval is required, what is logged, and how degraded states behave.","Add prompt templates, golden input/output fixtures, regression evals, and safety/quality acceptance checks.",.devcontainer/devcontainer.json | CONTRIBUTING.md | README.md | package-lock.json | task-service/src/app/components/TaskGenerator.js | task-service/src/app/lib/tasks-client.js
mbarbine__jaydens-therapy-legal-www,enhance-existing,"AI assisted editing, outline generation, summarization, and transformation; AI automation planner, script explanation, runbook synthesis, and approval flow generation; AI generated insights, anomaly detection, summaries, and next actions; AI log triage, clustering, summaries, and incident narratives; AI process assistant for checklists, SOPs, runbooks, and operational handoffs","Optional assistant panel, explain-this-control affordance, generated summaries, and helpful loading/degraded states.","Provider-neutral server-only model adapter with redaction, rate limiting, trace spans, eval hooks, and no client-exposed secrets.","Reusable prompt input normalizer, output validator, confidence scorer, and domain-specific result formatter.","Document when AI should assist, when human approval is required, what is logged, and how degraded states behave.","Add prompt templates, golden input/output fixtures, regression evals, and safety/quality acceptance checks.",README.md | components/ui/label.tsx | lib/utils.ts | pnpm-lock.yaml | styles/globals.css
mbarbine__ja4mlab,enhance-existing,"AI automation planner, script explanation, runbook synthesis, and approval flow generation; AI documentation Q&A, summarization, indexing, and change explanation; AI log triage, clustering, summaries, and incident narratives; AI process assistant for checklists, SOPs, runbooks, and operational handoffs; AI trace triage, root cause hints, incident summaries, and remediation guidance","Optional assistant panel, explain-this-control affordance, generated summaries, and helpful loading/degraded states.","Provider-neutral server-only model adapter with redaction, rate limiting, trace spans, eval hooks, and no client-exposed secrets.","Reusable prompt input normalizer, output validator, confidence scorer, and domain-specific result formatter.","Document when AI should assist, when human approval is required, what is logged, and how degraded states behave.","Add prompt templates, golden input/output fixtures, regression evals, and safety/quality acceptance checks.",RUNBOOK.md | delivery artifacts/technical-evidence/scenarios/02-human-originated-agent-chain/fingerprints/by-leg/agent-to-acp/ja4l.json | delivery artifacts/technical-evidence/scenarios/02-human-originated-agent-chain/fingerprints/by-leg/api-to-docs/ja4l.json | delivery artifacts/technical-evidence/scenarios/02-human-originated-agent-chain/validation/false-positive-checks.json | tests/integration/test_full_trace_smoke.py | tools/pcap/gen_mcp_pcap_complete.py
mbarbine__ja4-vercel-lab-2,enhance-existing,"AI assisted editing, outline generation, summarization, and transformation; AI automation planner, script explanation, runbook synthesis, and approval flow generation; AI generated insights, anomaly detection, summaries, and next actions; AI log triage, clustering, summaries, and incident narratives; AI process assistant for checklists, SOPs, runbooks, and operational handoffs","Optional assistant panel, explain-this-control affordance, generated summaries, and helpful loading/degraded states.","Provider-neutral server-only model adapter with redaction, rate limiting, trace spans, eval hooks, and no client-exposed secrets.","Reusable prompt input normalizer, output validator, confidence scorer, and domain-specific result formatter.","Document when AI should assist, when human approval is required, what is logged, and how degraded states behave.","Add prompt templates, golden input/output fixtures, regression evals, and safety/quality acceptance checks.",README.md | app/globals.css | app/lib/supabase.ts | package.json | pnpm-lock.yaml
mbarbine__ja4-sidecar,enhance-existing,"AI automation planner, script explanation, runbook synthesis, and approval flow generation; AI documentation Q&A, summarization, indexing, and change explanation; AI generated insights, anomaly detection, summaries, and next actions; AI log triage, clustering, summaries, and incident narratives; AI process assistant for checklists, SOPs, runbooks, and operational handoffs","Optional assistant panel, explain-this-control affordance, generated summaries, and helpful loading/degraded states.","Provider-neutral server-only model adapter with redaction, rate limiting, trace spans, eval hooks, and no client-exposed secrets.","Reusable prompt input normalizer, output validator, confidence scorer, and domain-specific result formatter.","Document when AI should assist, when human approval is required, what is logged, and how degraded states behave.","Add prompt templates, golden input/output fixtures, regression evals, and safety/quality acceptance checks.",README.md | config/wildduck/redis.toml | docs/ja4-cli.md | docs/storage.md | ja4-sniffer/lib/tcp_parser.js | setup.sh | tests/test_cert_utils.js | tests/test_fingerprint.js
mbarbine__instant-snap-postcard,enhance-existing,"AI assisted editing, outline generation, summarization, and transformation; AI automation planner, script explanation, runbook synthesis, and approval flow generation; AI generated insights, anomaly detection, summaries, and next actions; AI log triage, clustering, summaries, and incident narratives; AI process assistant for checklists, SOPs, runbooks, and operational handoffs","Optional assistant panel, explain-this-control affordance, generated summaries, and helpful loading/degraded states.","Provider-neutral server-only model adapter with redaction, rate limiting, trace spans, eval hooks, and no client-exposed secrets.","Reusable prompt input normalizer, output validator, confidence scorer, and domain-specific result formatter.","Document when AI should assist, when human approval is required, what is logged, and how degraded states behave.","Add prompt templates, golden input/output fixtures, regression evals, and safety/quality acceptance checks.",README.md | src/components/PostcardPreview.tsx | src/components/ui/card.tsx | src/components/ui/form.tsx | src/integrations/supabase/types.ts | tailwind.config.ts
mbarbine__hot-chocolate-for-profit-webby,enhance-existing,"AI assisted editing, outline generation, summarization, and transformation; AI automation planner, script explanation, runbook synthesis, and approval flow generation; AI documentation Q&A, summarization, indexing, and change explanation; AI generated insights, anomaly detection, summaries, and next actions; AI log triage, clustering, summaries, and incident narratives","Optional assistant panel, explain-this-control affordance, generated summaries, and helpful loading/degraded states.","Provider-neutral server-only model adapter with redaction, rate limiting, trace spans, eval hooks, and no client-exposed secrets.","Reusable prompt input normalizer, output validator, confidence scorer, and domain-specific result formatter.","Document when AI should assist, when human approval is required, what is logged, and how degraded states behave.","Add prompt templates, golden input/output fixtures, regression evals, and safety/quality acceptance checks.",README.md | app/api/docs/route.ts | app/api/v1/kanban/route.ts | app/globals.css | app/rss.xml/route.ts | app/shipping/page.tsx | components/ui/alert-dialog.tsx | components/ui/use-mobile.tsx | components/ui/use-toast.ts | pnpm-lock.yaml
mbarbine__gta-6-countdown-webby,enhance-existing,"AI assisted editing, outline generation, summarization, and transformation; AI automation planner, script explanation, runbook synthesis, and approval flow generation; AI documentation Q&A, summarization, indexing, and change explanation; AI generated insights, anomaly detection, summaries, and next actions; AI log triage, clustering, summaries, and incident narratives","Optional assistant panel, explain-this-control affordance, generated summaries, and helpful loading/degraded states.","Provider-neutral server-only model adapter with redaction, rate limiting, trace spans, eval hooks, and no client-exposed secrets.","Reusable prompt input normalizer, output validator, confidence scorer, and domain-specific result formatter.","Document when AI should assist, when human approval is required, what is logged, and how degraded states behave.","Add prompt templates, golden input/output fixtures, regression evals, and safety/quality acceptance checks.",.Jules/sentinel.md | CHANGELOG.md | app/api/docs/route.ts | app/api/mcp/route.ts | app/error.tsx | app/feed.xml/route.ts | app/jobs/senior-global-countdown-editor/page.tsx | app/rss.xml/route.ts | pnpm-lock.yaml
mbarbine__game-porting-service-webby,enhance-existing,"AI assisted editing, outline generation, summarization, and transformation; AI automation planner, script explanation, runbook synthesis, and approval flow generation; AI documentation Q&A, summarization, indexing, and change explanation; AI generated insights, anomaly detection, summaries, and next actions; AI log triage, clustering, summaries, and incident narratives","Optional assistant panel, explain-this-control affordance, generated summaries, and helpful loading/degraded states.","Provider-neutral server-only model adapter with redaction, rate limiting, trace spans, eval hooks, and no client-exposed secrets.","Reusable prompt input normalizer, output validator, confidence scorer, and domain-specific result formatter.","Document when AI should assist, when human approval is required, what is logged, and how degraded states behave.","Add prompt templates, golden input/output fixtures, regression evals, and safety/quality acceptance checks.",README.md | app/api/docs/route.ts | app/auth/login/page.tsx | app/dashboard/page.tsx | app/globals.css | app/jobs/page.tsx | app/rss/route.ts | app/sitemap.ts | components/ui/spinner.tsx | components/ui/use-mobile.tsx | pnpm-lock.yaml
mbarbine__foxio-labs,enhance-existing,"AI assisted editing, outline generation, summarization, and transformation; AI automation planner, script explanation, runbook synthesis, and approval flow generation; AI documentation Q&A, summarization, indexing, and change explanation; AI generated insights, anomaly detection, summaries, and next actions; AI log triage, clustering, summaries, and incident narratives","Optional assistant panel, explain-this-control affordance, generated summaries, and helpful loading/degraded states.","Provider-neutral server-only model adapter with redaction, rate limiting, trace spans, eval hooks, and no client-exposed secrets.","Reusable prompt input normalizer, output validator, confidence scorer, and domain-specific result formatter.","Document when AI should assist, when human approval is required, what is logged, and how degraded states behave.","Add prompt templates, golden input/output fixtures, regression evals, and safety/quality acceptance checks.",Drafts/JA4+-Advanced-Draft.mdx | README_FOXIO.md | components/FingerprintDetection.js | config/theme-config.tsx | server.js | styles/FingerprintSearchAndScore.module.css | styles/ThreatSimulator.module.css | types/pcap-ng-parser.d.ts
mbarbine__fortune-cookie-webby-yj,enhance-existing,"AI assisted editing, outline generation, summarization, and transformation; AI automation planner, script explanation, runbook synthesis, and approval flow generation; AI documentation Q&A, summarization, indexing, and change explanation; AI generated insights, anomaly detection, summaries, and next actions; AI log triage, clustering, summaries, and incident narratives","Optional assistant panel, explain-this-control affordance, generated summaries, and helpful loading/degraded states.","Provider-neutral server-only model adapter with redaction, rate limiting, trace spans, eval hooks, and no client-exposed secrets.","Reusable prompt input normalizer, output validator, confidence scorer, and domain-specific result formatter.","Document when AI should assist, when human approval is required, what is logged, and how degraded states behave.","Add prompt templates, golden input/output fixtures, regression evals, and safety/quality acceptance checks.",PROJECT_PLAN.md | app/.well-known/mcp.json/route.ts | app/api/docs/route.ts | app/api/v1/model/share-copy/route.ts | app/feed.xml/route.ts | app/rss.xml/route.ts | components/ui/tabs.tsx | components/ui/use-toast.ts | lib/platform/trace.ts | pnpm-lock.yaml | tests/fortune-generator-phase1.test.ts | tests/keyboard-shortcuts.test.ts
mbarbine__fortune-cookie-webby,enhance-existing,"AI assisted editing, outline generation, summarization, and transformation; AI generated insights, anomaly detection, summaries, and next actions; AI log triage, clustering, summaries, and incident narratives; Security signal explanation, trust scoring, bot analysis, and anomaly detection; Shipment exception analysis, rate explanation, and workflow recommendations","Optional assistant panel, explain-this-control affordance, generated summaries, and helpful loading/degraded states.","Provider-neutral server-only model adapter with redaction, rate limiting, trace spans, eval hooks, and no client-exposed secrets.","Reusable prompt input normalizer, output validator, confidence scorer, and domain-specific result formatter.","Document when AI should assist, when human approval is required, what is logged, and how degraded states behave.","Add prompt templates, golden input/output fixtures, regression evals, and safety/quality acceptance checks.",components/fog-canvas.tsx | components/ui/alert-dialog.tsx | components/ui/form.tsx | components/ui/tabs.tsx | components/ui/use-toast.ts | pnpm-lock.yaml
mbarbine__fashion-sadiepass-WWW,enhance-existing,"AI assisted editing, outline generation, summarization, and transformation; AI automation planner, script explanation, runbook synthesis, and approval flow generation; AI documentation Q&A, summarization, indexing, and change explanation; AI eval generation, scoring, regression analysis, and model comparison; AI generated insights, anomaly detection, summaries, and next actions","Optional assistant panel, explain-this-control affordance, generated summaries, and helpful loading/degraded states.","Provider-neutral server-only model adapter with redaction, rate limiting, trace spans, eval hooks, and no client-exposed secrets.","Reusable prompt input normalizer, output validator, confidence scorer, and domain-specific result formatter.","Document when AI should assist, when human approval is required, what is logged, and how degraded states behave.","Add prompt templates, golden input/output fixtures, regression evals, and safety/quality acceptance checks.",BLOG_POST_PH3AR.md | __tests__/sitemap-content.test.ts | app/api/mcp-registration/route.ts | app/globals.css | app/jobs/page.tsx | app/recommendations/page.tsx | app/search/loading.tsx | platphorm_schemas/docs.schema.json | platphorm_schemas/evals.schema.json | platphorm_schemas/podcast.schema.json | platphorm_schemas/trace.schema.json | pnpm-lock.yaml
mbarbine__email-reading-service-webby,enhance-existing,"AI assisted editing, outline generation, summarization, and transformation; AI automation planner, script explanation, runbook synthesis, and approval flow generation; AI generated insights, anomaly detection, summaries, and next actions; AI log triage, clustering, summaries, and incident narratives; AI process assistant for checklists, SOPs, runbooks, and operational handoffs","Optional assistant panel, explain-this-control affordance, generated summaries, and helpful loading/degraded states.","Provider-neutral server-only model adapter with redaction, rate limiting, trace spans, eval hooks, and no client-exposed secrets.","Reusable prompt input normalizer, output validator, confidence scorer, and domain-specific result formatter.","Document when AI should assist, when human approval is required, what is logged, and how degraded states behave.","Add prompt templates, golden input/output fixtures, regression evals, and safety/quality acceptance checks.",README.md | app/globals.css | components/how-it-works.tsx | components/ui/alert-dialog.tsx | components/ui/form.tsx | components/ui/use-toast.ts | next.config.mjs
mbarbine__doflo-clone,enhance-existing,"AI assisted editing, outline generation, summarization, and transformation; AI automation planner, script explanation, runbook synthesis, and approval flow generation; AI generated insights, anomaly detection, summaries, and next actions; AI log triage, clustering, summaries, and incident narratives; AI process assistant for checklists, SOPs, runbooks, and operational handoffs","Optional assistant panel, explain-this-control affordance, generated summaries, and helpful loading/degraded states.","Provider-neutral server-only model adapter with redaction, rate limiting, trace spans, eval hooks, and no client-exposed secrets.","Reusable prompt input normalizer, output validator, confidence scorer, and domain-specific result formatter.","Document when AI should assist, when human approval is required, what is logged, and how degraded states behave.","Add prompt templates, golden input/output fixtures, regression evals, and safety/quality acceptance checks.",README.md | app/globals.css | components/integration-logos.tsx | components/workflow-connector.tsx | pnpm-lock.yaml
mbarbine__docker-terraform-aws-demo,enhance-existing,"AI automation planner, script explanation, runbook synthesis, and approval flow generation; AI generated insights, anomaly detection, summaries, and next actions; AI process assistant for checklists, SOPs, runbooks, and operational handoffs; Security signal explanation, trust scoring, bot analysis, and anomaly detection; Workflow recommendation, next best action, automation planning, and human approval flows","Optional assistant panel, explain-this-control affordance, generated summaries, and helpful loading/degraded states.","Provider-neutral server-only model adapter with redaction, rate limiting, trace spans, eval hooks, and no client-exposed secrets.","Reusable prompt input normalizer, output validator, confidence scorer, and domain-specific result formatter.","Document when AI should assist, when human approval is required, what is logged, and how degraded states behave.","Add prompt templates, golden input/output fixtures, regression evals, and safety/quality acceptance checks.",README.md | ansible/lamp-setup.yml | docker-compose.yaml | installAnsibleUbuntu.sh | readme1.md
mbarbine__desert-bus,enhance-existing,"AI assisted editing, outline generation, summarization, and transformation; AI automation planner, script explanation, runbook synthesis, and approval flow generation; AI documentation Q&A, summarization, indexing, and change explanation; AI generated insights, anomaly detection, summaries, and next actions; AI log triage, clustering, summaries, and incident narratives","Optional assistant panel, explain-this-control affordance, generated summaries, and helpful loading/degraded states.","Provider-neutral server-only model adapter with redaction, rate limiting, trace spans, eval hooks, and no client-exposed secrets.","Reusable prompt input normalizer, output validator, confidence scorer, and domain-specific result formatter.","Document when AI should assist, when human approval is required, what is logged, and how degraded states behave.","Add prompt templates, golden input/output fixtures, regression evals, and safety/quality acceptance checks.",app/.well-known/mcp.json/route.ts | app/api/docs/route.ts | app/api/v1/game/state-schema/route.ts | app/feed.xml/route.ts | app/rss.xml/route.ts | components/content/info-page.tsx | components/memories-polaroids.tsx | components/ui/use-toast.ts | lib/trace.ts | pnpm-lock.yaml | pr-description.md | pr_description.txt | styles/globals.css
mbarbine__civic-engagement-platform-webby,enhance-existing,"AI assisted editing, outline generation, summarization, and transformation; AI automation planner, script explanation, runbook synthesis, and approval flow generation; AI generated insights, anomaly detection, summaries, and next actions; AI log triage, clustering, summaries, and incident narratives; AI process assistant for checklists, SOPs, runbooks, and operational handoffs","Optional assistant panel, explain-this-control affordance, generated summaries, and helpful loading/degraded states.","Provider-neutral server-only model adapter with redaction, rate limiting, trace spans, eval hooks, and no client-exposed secrets.","Reusable prompt input normalizer, output validator, confidence scorer, and domain-specific result formatter.","Document when AI should assist, when human approval is required, what is logged, and how degraded states behave.","Add prompt templates, golden input/output fixtures, regression evals, and safety/quality acceptance checks.",README.md | app/auth/login/page.tsx | app/globals.css | components/municipality-search.tsx | components/municipality/ai-insights.tsx | components/ui/spinner.tsx | components/ui/use-toast.ts | pnpm-lock.yaml
mbarbine__cdf-sanitize,enhance-existing,"AI automation planner, script explanation, runbook synthesis, and approval flow generation; AI generated insights, anomaly detection, summaries, and next actions; AI log triage, clustering, summaries, and incident narratives; AI process assistant for checklists, SOPs, runbooks, and operational handoffs; Security signal explanation, trust scoring, bot analysis, and anomaly detection","Optional assistant panel, explain-this-control affordance, generated summaries, and helpful loading/degraded states.","Provider-neutral server-only model adapter with redaction, rate limiting, trace spans, eval hooks, and no client-exposed secrets.","Reusable prompt input normalizer, output validator, confidence scorer, and domain-specific result formatter.","Document when AI should assist, when human approval is required, what is logged, and how degraded states behave.","Add prompt templates, golden input/output fixtures, regression evals, and safety/quality acceptance checks.",Dockerfile | Makefile | README.md | app/tests/conftest.py | requirements.txt
mbarbine__car-service-records,enhance-existing,"AI assisted editing, outline generation, summarization, and transformation; AI automation planner, script explanation, runbook synthesis, and approval flow generation; AI generated insights, anomaly detection, summaries, and next actions; AI log triage, clustering, summaries, and incident narratives; AI process assistant for checklists, SOPs, runbooks, and operational handoffs","Optional assistant panel, explain-this-control affordance, generated summaries, and helpful loading/degraded states.","Provider-neutral server-only model adapter with redaction, rate limiting, trace spans, eval hooks, and no client-exposed secrets.","Reusable prompt input normalizer, output validator, confidence scorer, and domain-specific result formatter.","Document when AI should assist, when human approval is required, what is logged, and how degraded states behave.","Add prompt templates, golden input/output fixtures, regression evals, and safety/quality acceptance checks.",README.md | app/api/v1/search/route.ts | app/garage/search/search-content.tsx | app/globals.css | components/ui/spinner.tsx | components/ui/use-toast.ts | pnpm-lock.yaml | tests/lib/utils.test.ts | tests/setup.ts
mbarbine__calendar-app-webby,enhance-existing,"AI assisted editing, outline generation, summarization, and transformation; AI automation planner, script explanation, runbook synthesis, and approval flow generation; AI documentation Q&A, summarization, indexing, and change explanation; AI generated insights, anomaly detection, summaries, and next actions; AI log triage, clustering, summaries, and incident narratives","Optional assistant panel, explain-this-control affordance, generated summaries, and helpful loading/degraded states.","Provider-neutral server-only model adapter with redaction, rate limiting, trace spans, eval hooks, and no client-exposed secrets.","Reusable prompt input normalizer, output validator, confidence scorer, and domain-specific result formatter.","Document when AI should assist, when human approval is required, what is logged, and how degraded states behave.","Add prompt templates, golden input/output fixtures, regression evals, and safety/quality acceptance checks.",API_SPEC.md | __tests__/hooks/use-fingerprint.test.ts | app/api/v1/docs/route.ts | app/api/v1/events/[id]/trace/route.ts | app/api/v1/integrations/jobs/route.ts | app/api/v1/integrations/kanban/route.ts | app/api/v1/integrations/kanban/tasks/route.ts | app/api/v1/integrations/producthunt/route.ts | app/feed.xml/route.ts | app/rss.xml/route.ts | components/ui/alert-dialog.tsx | components/ui/spinner.tsx | components/ui/tabs.tsx | lib/db.ts | middleware.ts | pnpm-lock.yaml
mbarbine__burrito-dealer-www,enhance-existing,"AI assisted editing, outline generation, summarization, and transformation; AI automation planner, script explanation, runbook synthesis, and approval flow generation; AI generated insights, anomaly detection, summaries, and next actions; AI log triage, clustering, summaries, and incident narratives; AI process assistant for checklists, SOPs, runbooks, and operational handoffs","Optional assistant panel, explain-this-control affordance, generated summaries, and helpful loading/degraded states.","Provider-neutral server-only model adapter with redaction, rate limiting, trace spans, eval hooks, and no client-exposed secrets.","Reusable prompt input normalizer, output validator, confidence scorer, and domain-specific result formatter.","Document when AI should assist, when human approval is required, what is logged, and how degraded states behave.","Add prompt templates, golden input/output fixtures, regression evals, and safety/quality acceptance checks.",LAUNCH_SUMMARY.md | app/admin/analytics/page.tsx | app/auth/login/page.tsx | enhanced-debug.js | styles/globals.css
mbarbine__beer-museum-manager-www,enhance-existing,"AI assisted editing, outline generation, summarization, and transformation; AI automation planner, script explanation, runbook synthesis, and approval flow generation; AI documentation Q&A, summarization, indexing, and change explanation; AI generated insights, anomaly detection, summaries, and next actions; AI log triage, clustering, summaries, and incident narratives","Optional assistant panel, explain-this-control affordance, generated summaries, and helpful loading/degraded states.","Provider-neutral server-only model adapter with redaction, rate limiting, trace spans, eval hooks, and no client-exposed secrets.","Reusable prompt input normalizer, output validator, confidence scorer, and domain-specific result formatter.","Document when AI should assist, when human approval is required, what is logged, and how degraded states behave.","Add prompt templates, golden input/output fixtures, regression evals, and safety/quality acceptance checks.",README.md | app/auth/login/page.tsx | app/globals.css | app/museum-admin/events/loading.tsx | docs/DEPLOYMENT.md | pnpm-lock.yaml
mbarbine__barbineworldwide-2026-metahack,enhance-existing,"AI assisted editing, outline generation, summarization, and transformation; AI automation planner, script explanation, runbook synthesis, and approval flow generation; AI documentation Q&A, summarization, indexing, and change explanation; AI generated insights, anomaly detection, summaries, and next actions; AI log triage, clustering, summaries, and incident narratives","Optional assistant panel, explain-this-control affordance, generated summaries, and helpful loading/degraded states.","Provider-neutral server-only model adapter with redaction, rate limiting, trace spans, eval hooks, and no client-exposed secrets.","Reusable prompt input normalizer, output validator, confidence scorer, and domain-specific result formatter.","Document when AI should assist, when human approval is required, what is logged, and how degraded states behave.","Add prompt templates, golden input/output fixtures, regression evals, and safety/quality acceptance checks.",README.md | app/(marketing)/insights/page.tsx | app/(marketing)/layout.tsx | app/api/docs/route.ts | app/api/events/route.ts | app/feed.xml/route.ts | app/globals.css | app/rss.xml/route.ts | components/advisory/advisory-page-content.tsx | components/ui/alert-dialog.tsx | components/ui/spinner.tsx | components/ui/use-toast.ts | pnpm-lock.yaml
mbarbine__barbine-worldwide-2025-wwww,enhance-existing,"AI assisted editing, outline generation, summarization, and transformation; AI automation planner, script explanation, runbook synthesis, and approval flow generation; AI generated insights, anomaly detection, summaries, and next actions; AI log triage, clustering, summaries, and incident narratives; AI process assistant for checklists, SOPs, runbooks, and operational handoffs","Optional assistant panel, explain-this-control affordance, generated summaries, and helpful loading/degraded states.","Provider-neutral server-only model adapter with redaction, rate limiting, trace spans, eval hooks, and no client-exposed secrets.","Reusable prompt input normalizer, output validator, confidence scorer, and domain-specific result formatter.","Document when AI should assist, when human approval is required, what is logged, and how degraded states behave.","Add prompt templates, golden input/output fixtures, regression evals, and safety/quality acceptance checks.",README.md | components/blog-modal.tsx | components/mobile-optimized-section.tsx | components/sound-button.tsx | pnpm-lock.yaml
mbarbine__aws-next-k8-cluster-deploy,enhance-existing,"AI automation planner, script explanation, runbook synthesis, and approval flow generation; AI log triage, clustering, summaries, and incident narratives; AI process assistant for checklists, SOPs, runbooks, and operational handoffs; Security signal explanation, trust scoring, bot analysis, and anomaly detection; Shipment exception analysis, rate explanation, and workflow recommendations","Optional assistant panel, explain-this-control affordance, generated summaries, and helpful loading/degraded states.","Provider-neutral server-only model adapter with redaction, rate limiting, trace spans, eval hooks, and no client-exposed secrets.","Reusable prompt input normalizer, output validator, confidence scorer, and domain-specific result formatter.","Document when AI should assist, when human approval is required, what is logged, and how degraded states behave.","Add prompt templates, golden input/output fixtures, regression evals, and safety/quality acceptance checks.",README.md | populate-vars.sh | terraform/us-east-2/modules/logging/fluent-bit-configmap.yaml | tree.txt
mbarbine__automotive-flamethrower-webby,enhance-existing,"AI assisted editing, outline generation, summarization, and transformation; AI automation planner, script explanation, runbook synthesis, and approval flow generation; AI documentation Q&A, summarization, indexing, and change explanation; AI generated insights, anomaly detection, summaries, and next actions; AI log triage, clustering, summaries, and incident narratives","Optional assistant panel, explain-this-control affordance, generated summaries, and helpful loading/degraded states.","Provider-neutral server-only model adapter with redaction, rate limiting, trace spans, eval hooks, and no client-exposed secrets.","Reusable prompt input normalizer, output validator, confidence scorer, and domain-specific result formatter.","Document when AI should assist, when human approval is required, what is logged, and how degraded states behave.","Add prompt templates, golden input/output fixtures, regression evals, and safety/quality acceptance checks.",LICENSE-PERMISSIVE.txt | app/api/docs/page.tsx | app/api/v1/mcp/route.ts | app/feed.xml/route.ts | app/globals.css | app/jobs/page.tsx | components/ui/alert-dialog.tsx | components/ui/spinner.tsx | pnpm-lock.yaml | tests/faq.test.tsx
mbarbine__autographed-bibles-webby,enhance-existing,"AI assisted editing, outline generation, summarization, and transformation; AI automation planner, script explanation, runbook synthesis, and approval flow generation; AI documentation Q&A, summarization, indexing, and change explanation; AI generated insights, anomaly detection, summaries, and next actions; AI log triage, clustering, summaries, and incident narratives","Optional assistant panel, explain-this-control affordance, generated summaries, and helpful loading/degraded states.","Provider-neutral server-only model adapter with redaction, rate limiting, trace spans, eval hooks, and no client-exposed secrets.","Reusable prompt input normalizer, output validator, confidence scorer, and domain-specific result formatter.","Document when AI should assist, when human approval is required, what is logged, and how degraded states behave.","Add prompt templates, golden input/output fixtures, regression evals, and safety/quality acceptance checks.",API_DOCUMENTATION.md | app/actions/settings.ts | app/api/docs/route.ts | app/api/mcp/route.ts | app/globals.css | app/jobs/page.tsx | app/login/page.tsx | app/rss.xml/route.ts | components/ui/use-toast.ts | pnpm-lock.yaml | vitest.setup.tsx
mbarbine__airrow-commuter-balloon,enhance-existing,"AI assisted editing, outline generation, summarization, and transformation; AI automation planner, script explanation, runbook synthesis, and approval flow generation; AI documentation Q&A, summarization, indexing, and change explanation; AI generated insights, anomaly detection, summaries, and next actions; AI log triage, clustering, summaries, and incident narratives","Optional assistant panel, explain-this-control affordance, generated summaries, and helpful loading/degraded states.","Provider-neutral server-only model adapter with redaction, rate limiting, trace spans, eval hooks, and no client-exposed secrets.","Reusable prompt input normalizer, output validator, confidence scorer, and domain-specific result formatter.","Document when AI should assist, when human approval is required, what is logged, and how degraded states behave.","Add prompt templates, golden input/output fixtures, regression evals, and safety/quality acceptance checks.",.jules/bolt.md | BLOG_POST.md | app/api/docs/page.tsx | app/api/v1/stats/route.ts | app/globals.css | app/rss.xml/route.ts | pnpm-lock.yaml
mbarbine__ai-chat-interface-webby,enhance-existing,"AI assisted editing, outline generation, summarization, and transformation; AI automation planner, script explanation, runbook synthesis, and approval flow generation; AI documentation Q&A, summarization, indexing, and change explanation; AI generated insights, anomaly detection, summaries, and next actions; AI log triage, clustering, summaries, and incident narratives","Optional assistant panel, explain-this-control affordance, generated summaries, and helpful loading/degraded states.","Provider-neutral server-only model adapter with redaction, rate limiting, trace spans, eval hooks, and no client-exposed secrets.","Reusable prompt input normalizer, output validator, confidence scorer, and domain-specific result formatter.","Document when AI should assist, when human approval is required, what is logged, and how degraded states behave.","Add prompt templates, golden input/output fixtures, regression evals, and safety/quality acceptance checks.",app/api/jobs/route.ts | app/docs/page.tsx | app/roadmap/page.tsx | components/ui/alert-dialog.tsx | components/ui/spinner.tsx | components/ui/tabs.tsx | components/ui/use-mobile.tsx | pnpm-lock.yaml
mbarbine__Scripts,enhance-existing,"AI assisted editing, outline generation, summarization, and transformation; AI assisted writing, cleanup, conversion, summarization, and validation; AI automation planner, script explanation, runbook synthesis, and approval flow generation; AI documentation Q&A, summarization, indexing, and change explanation; AI eval generation, scoring, regression analysis, and model comparison","Optional assistant panel, explain-this-control affordance, generated summaries, and helpful loading/degraded states.","Provider-neutral server-only model adapter with redaction, rate limiting, trace spans, eval hooks, and no client-exposed secrets.","Reusable prompt input normalizer, output validator, confidence scorer, and domain-specific result formatter.","Document when AI should assist, when human approval is required, what is logged, and how degraded states behave.","Add prompt templates, golden input/output fixtures, regression evals, and safety/quality acceptance checks.",JSONRequest_Parser.sh | README - Copy.md | SORT/OpsClick_UI/public/app/core/flux/constants/job-constance.js | doflow-eval3.sh | generate_key.sh | h4x/dagah-ios/Assets.xcassets/AppIcon.appiconset/Contents.json | h4x/dagah-ios/docs/customCerts.md | h4x/dagah-server/agtBuild.py | h4x/dagah-server/html/js/codemirror/package.json | h4x/dagah-server/html/js/codemirror/test/search_test.js | h4x/dagah-server/html/js/intro/example/assets/css/demo.css | h4x/dagah-server/keybuilder.py | o365/o365-Scripts/Create-NewsItemsFromRSSFeed.PS1 | o365/o365-Scripts/ReportDelveInsightsDisabled.PS1 | postEC2ip2slack.sh
mbarbine__PH3AR-WEBBY,enhance-existing,"AI automation planner, script explanation, runbook synthesis, and approval flow generation; AI documentation Q&A, summarization, indexing, and change explanation; AI generated insights, anomaly detection, summaries, and next actions; AI log triage, clustering, summaries, and incident narratives; AI process assistant for checklists, SOPs, runbooks, and operational handoffs","Optional assistant panel, explain-this-control affordance, generated summaries, and helpful loading/degraded states.","Provider-neutral server-only model adapter with redaction, rate limiting, trace spans, eval hooks, and no client-exposed secrets.","Reusable prompt input normalizer, output validator, confidence scorer, and domain-specific result formatter.","Document when AI should assist, when human approval is required, what is logged, and how degraded states behave.","Add prompt templates, golden input/output fixtures, regression evals, and safety/quality acceptance checks.",README.md | src/lib/Header.svelte | src/routes/api-docs/+page.svelte | src/routes/api/jobs/generate/+server.ts | src/routes/api/verify-secret/+server.ts | src/routes/feed.xml/+server.ts | src/routes/rss.xml/+server.ts | svelte.config.js | tests/test.js | vite.config.js
mbarbine__LogSlash-w6,enhance-existing,"AI assisted editing, outline generation, summarization, and transformation; AI automation planner, script explanation, runbook synthesis, and approval flow generation; AI generated insights, anomaly detection, summaries, and next actions; AI log triage, clustering, summaries, and incident narratives; AI process assistant for checklists, SOPs, runbooks, and operational handoffs","Optional assistant panel, explain-this-control affordance, generated summaries, and helpful loading/degraded states.","Provider-neutral server-only model adapter with redaction, rate limiting, trace spans, eval hooks, and no client-exposed secrets.","Reusable prompt input normalizer, output validator, confidence scorer, and domain-specific result formatter.","Document when AI should assist, when human approval is required, what is logged, and how degraded states behave.","Add prompt templates, golden input/output fixtures, regression evals, and safety/quality acceptance checks.",README.md | app/globals.css | lib/utils.ts | pnpm-lock.yaml
mbarbine__Joshs-magnets-landing-page,enhance-existing,"AI assisted editing, outline generation, summarization, and transformation; AI automation planner, script explanation, runbook synthesis, and approval flow generation; AI generated insights, anomaly detection, summaries, and next actions; AI log triage, clustering, summaries, and incident narratives; AI process assistant for checklists, SOPs, runbooks, and operational handoffs","Optional assistant panel, explain-this-control affordance, generated summaries, and helpful loading/degraded states.","Provider-neutral server-only model adapter with redaction, rate limiting, trace spans, eval hooks, and no client-exposed secrets.","Reusable prompt input normalizer, output validator, confidence scorer, and domain-specific result formatter.","Document when AI should assist, when human approval is required, what is logged, and how degraded states behave.","Add prompt templates, golden input/output fixtures, regression evals, and safety/quality acceptance checks.",README.md | app/api/mcp/route.ts | app/globals.css | app/page.tsx | components/ui/alert-dialog.tsx | components/ui/use-mobile.tsx | components/ui/use-toast.ts | pnpm-lock.yaml
mbarbine__JenkinsDB,enhance-existing,"AI automation planner, script explanation, runbook synthesis, and approval flow generation; AI process assistant for checklists, SOPs, runbooks, and operational handoffs; Job matching, prioritization, summarization, and workflow assistance; Security signal explanation, trust scoring, bot analysis, and anomaly detection; Workflow recommendation, next best action, automation planning, and human approval flows","Optional assistant panel, explain-this-control affordance, generated summaries, and helpful loading/degraded states.","Provider-neutral server-only model adapter with redaction, rate limiting, trace spans, eval hooks, and no client-exposed secrets.","Reusable prompt input normalizer, output validator, confidence scorer, and domain-specific result formatter.","Document when AI should assist, when human approval is required, what is logged, and how degraded states behave.","Add prompt templates, golden input/output fixtures, regression evals, and safety/quality acceptance checks.","Powershell Scripts, Files, and Tasks/Directory Structure/DATA (E DRIVE)/E-Colon-Slash XML/builds/GrabXML.ps1 | Powershell Scripts, Files, and Tasks/Scheduled Tasks/README.txt | README.txt | SQL/Jenkins/SQL Agent Jobs/README.txt"
mbarbine__DCF-Audit-Scripts,enhance-existing,"AI automation planner, script explanation, runbook synthesis, and approval flow generation; AI process assistant for checklists, SOPs, runbooks, and operational handoffs; Security signal explanation, trust scoring, bot analysis, and anomaly detection","Optional assistant panel, explain-this-control affordance, generated summaries, and helpful loading/degraded states.","Provider-neutral server-only model adapter with redaction, rate limiting, trace spans, eval hooks, and no client-exposed secrets.","Reusable prompt input normalizer, output validator, confidence scorer, and domain-specific result formatter.","Document when AI should assist, when human approval is required, what is logged, and how degraded states behave.","Add prompt templates, golden input/output fixtures, regression evals, and safety/quality acceptance checks.",README.md | crowstrike-auditor-v3.ps1
mbarbine__2025-year-in-review-webby,enhance-existing,"AI assisted editing, outline generation, summarization, and transformation; AI automation planner, script explanation, runbook synthesis, and approval flow generation; AI generated insights, anomaly detection, summaries, and next actions; AI log triage, clustering, summaries, and incident narratives; AI process assistant for checklists, SOPs, runbooks, and operational handoffs","Optional assistant panel, explain-this-control affordance, generated summaries, and helpful loading/degraded states.","Provider-neutral server-only model adapter with redaction, rate limiting, trace spans, eval hooks, and no client-exposed secrets.","Reusable prompt input normalizer, output validator, confidence scorer, and domain-specific result formatter.","Document when AI should assist, when human approval is required, what is logged, and how degraded states behave.","Add prompt templates, golden input/output fixtures, regression evals, and safety/quality acceptance checks.",README.md | app/globals.css | components/ui/alert-dialog.tsx | components/ui/spinner.tsx | components/ui/use-mobile.tsx | components/ui/use-toast.ts | pnpm-lock.yaml
process-partners__.github,medium,"AI process assistant for checklists, SOPs, runbooks, and operational handoffs","Optional assistant panel, explain-this-control affordance, generated summaries, and helpful loading/degraded states.","Provider-neutral server-only model adapter with redaction, rate limiting, trace spans, eval hooks, and no client-exposed secrets.","Reusable prompt input normalizer, output validator, confidence scorer, and domain-specific result formatter.","Document when AI should assist, when human approval is required, what is logged, and how degraded states behave.","Add prompt templates, golden input/output fixtures, regression evals, and safety/quality acceptance checks.",profile/README.md
process-co__ui,medium,"AI assisted editing, outline generation, summarization, and transformation; AI automation planner, script explanation, runbook synthesis, and approval flow generation; AI process assistant for checklists, SOPs, runbooks, and operational handoffs; Security signal explanation, trust scoring, bot analysis, and anomaly detection","Optional assistant panel, explain-this-control affordance, generated summaries, and helpful loading/degraded states.","Provider-neutral server-only model adapter with redaction, rate limiting, trace spans, eval hooks, and no client-exposed secrets.","Reusable prompt input normalizer, output validator, confidence scorer, and domain-specific result formatter.","Document when AI should assist, when human approval is required, what is logged, and how degraded states behave.","Add prompt templates, golden input/output fixtures, regression evals, and safety/quality acceptance checks.",README.md | css/ui.css
process-co__npm-utilities,medium,"AI process assistant for checklists, SOPs, runbooks, and operational handoffs; Security signal explanation, trust scoring, bot analysis, and anomaly detection","Optional assistant panel, explain-this-control affordance, generated summaries, and helpful loading/degraded states.","Provider-neutral server-only model adapter with redaction, rate limiting, trace spans, eval hooks, and no client-exposed secrets.","Reusable prompt input normalizer, output validator, confidence scorer, and domain-specific result formatter.","Document when AI should assist, when human approval is required, what is logged, and how degraded states behave.","Add prompt templates, golden input/output fixtures, regression evals, and safety/quality acceptance checks.",README.md | package.json
process-co__npm-element-dev-support,medium,"AI process assistant for checklists, SOPs, runbooks, and operational handoffs; Security signal explanation, trust scoring, bot analysis, and anomaly detection","Optional assistant panel, explain-this-control affordance, generated summaries, and helpful loading/degraded states.","Provider-neutral server-only model adapter with redaction, rate limiting, trace spans, eval hooks, and no client-exposed secrets.","Reusable prompt input normalizer, output validator, confidence scorer, and domain-specific result formatter.","Document when AI should assist, when human approval is required, what is logged, and how degraded states behave.","Add prompt templates, golden input/output fixtures, regression evals, and safety/quality acceptance checks.",README.md | package.json
process-co__.github,medium,"AI process assistant for checklists, SOPs, runbooks, and operational handoffs","Optional assistant panel, explain-this-control affordance, generated summaries, and helpful loading/degraded states.","Provider-neutral server-only model adapter with redaction, rate limiting, trace spans, eval hooks, and no client-exposed secrets.","Reusable prompt input normalizer, output validator, confidence scorer, and domain-specific result formatter.","Document when AI should assist, when human approval is required, what is logged, and how degraded states behave.","Add prompt templates, golden input/output fixtures, regression evals, and safety/quality acceptance checks.",profile/README.md
process-charts__.github,medium,"AI process assistant for checklists, SOPs, runbooks, and operational handoffs","Optional assistant panel, explain-this-control affordance, generated summaries, and helpful loading/degraded states.","Provider-neutral server-only model adapter with redaction, rate limiting, trace spans, eval hooks, and no client-exposed secrets.","Reusable prompt input normalizer, output validator, confidence scorer, and domain-specific result formatter.","Document when AI should assist, when human approval is required, what is logged, and how degraded states behave.","Add prompt templates, golden input/output fixtures, regression evals, and safety/quality acceptance checks.",profile/README.md
ph3ar__demo-repository,medium,"AI process assistant for checklists, SOPs, runbooks, and operational handoffs; Workflow recommendation, next best action, automation planning, and human approval flows","Optional assistant panel, explain-this-control affordance, generated summaries, and helpful loading/degraded states.","Provider-neutral server-only model adapter with redaction, rate limiting, trace spans, eval hooks, and no client-exposed secrets.","Reusable prompt input normalizer, output validator, confidence scorer, and domain-specific result formatter.","Document when AI should assist, when human approval is required, what is logged, and how degraded states behave.","Add prompt templates, golden input/output fixtures, regression evals, and safety/quality acceptance checks.",README.md
ph3ar__barbine-worldwide-legacy,medium,"AI assisted editing, outline generation, summarization, and transformation; AI automation planner, script explanation, runbook synthesis, and approval flow generation; AI generated insights, anomaly detection, summaries, and next actions; AI process assistant for checklists, SOPs, runbooks, and operational handoffs; Security signal explanation, trust scoring, bot analysis, and anomaly detection","Optional assistant panel, explain-this-control affordance, generated summaries, and helpful loading/degraded states.","Provider-neutral server-only model adapter with redaction, rate limiting, trace spans, eval hooks, and no client-exposed secrets.","Reusable prompt input normalizer, output validator, confidence scorer, and domain-specific result formatter.","Document when AI should assist, when human approval is required, what is logged, and how degraded states behave.","Add prompt templates, golden input/output fixtures, regression evals, and safety/quality acceptance checks.",README.md | package.json | src/App.tsx
mbarbine__v0-fortune-cookie-windshield-75,medium,"AI process assistant for checklists, SOPs, runbooks, and operational handoffs","Optional assistant panel, explain-this-control affordance, generated summaries, and helpful loading/degraded states.","Provider-neutral server-only model adapter with redaction, rate limiting, trace spans, eval hooks, and no client-exposed secrets.","Reusable prompt input normalizer, output validator, confidence scorer, and domain-specific result formatter.","Document when AI should assist, when human approval is required, what is logged, and how degraded states behave.","Add prompt templates, golden input/output fixtures, regression evals, and safety/quality acceptance checks.",.jules/bolt.md
mbarbine__uberpidgeons-www,medium,"AI automation planner, script explanation, runbook synthesis, and approval flow generation; AI process assistant for checklists, SOPs, runbooks, and operational handoffs; Security signal explanation, trust scoring, bot analysis, and anomaly detection","Optional assistant panel, explain-this-control affordance, generated summaries, and helpful loading/degraded states.","Provider-neutral server-only model adapter with redaction, rate limiting, trace spans, eval hooks, and no client-exposed secrets.","Reusable prompt input normalizer, output validator, confidence scorer, and domain-specific result formatter.","Document when AI should assist, when human approval is required, what is logged, and how degraded states behave.","Add prompt templates, golden input/output fixtures, regression evals, and safety/quality acceptance checks.",README.md | package-lock.json
mbarbine__uberpidgeons,medium,"AI automation planner, script explanation, runbook synthesis, and approval flow generation; AI generated insights, anomaly detection, summaries, and next actions; AI process assistant for checklists, SOPs, runbooks, and operational handoffs; Security signal explanation, trust scoring, bot analysis, and anomaly detection","Optional assistant panel, explain-this-control affordance, generated summaries, and helpful loading/degraded states.","Provider-neutral server-only model adapter with redaction, rate limiting, trace spans, eval hooks, and no client-exposed secrets.","Reusable prompt input normalizer, output validator, confidence scorer, and domain-specific result formatter.","Document when AI should assist, when human approval is required, what is logged, and how degraded states behave.","Add prompt templates, golden input/output fixtures, regression evals, and safety/quality acceptance checks.",README.md | package.json | pnpm-lock.yaml
mbarbine__turborepo-react-native,medium,"AI automation planner, script explanation, runbook synthesis, and approval flow generation; AI generated insights, anomaly detection, summaries, and next actions; AI process assistant for checklists, SOPs, runbooks, and operational handoffs","Optional assistant panel, explain-this-control affordance, generated summaries, and helpful loading/degraded states.","Provider-neutral server-only model adapter with redaction, rate limiting, trace spans, eval hooks, and no client-exposed secrets.","Reusable prompt input normalizer, output validator, confidence scorer, and domain-specific result formatter.","Document when AI should assist, when human approval is required, what is logged, and how degraded states behave.","Add prompt templates, golden input/output fixtures, regression evals, and safety/quality acceptance checks.",README.md | meta.json | packages/ui/src/button.tsx
mbarbine__shopify-theme-vanagain,medium,"AI assisted editing, outline generation, summarization, and transformation; AI automation planner, script explanation, runbook synthesis, and approval flow generation; AI log triage, clustering, summaries, and incident narratives; AI process assistant for checklists, SOPs, runbooks, and operational handoffs; Security signal explanation, trust scoring, bot analysis, and anomaly detection","Optional assistant panel, explain-this-control affordance, generated summaries, and helpful loading/degraded states.","Provider-neutral server-only model adapter with redaction, rate limiting, trace spans, eval hooks, and no client-exposed secrets.","Reusable prompt input normalizer, output validator, confidence scorer, and domain-specific result formatter.","Document when AI should assist, when human approval is required, what is logged, and how degraded states behave.","Add prompt templates, golden input/output fixtures, regression evals, and safety/quality acceptance checks.",README.md | assets/theme.js | config/settings_schema.json | match_images_to_csv.py
mbarbine__platphorm-paperboy,medium,"AI assisted editing, outline generation, summarization, and transformation; AI automation planner, script explanation, runbook synthesis, and approval flow generation; AI generated insights, anomaly detection, summaries, and next actions; AI log triage, clustering, summaries, and incident narratives; AI process assistant for checklists, SOPs, runbooks, and operational handoffs","Optional assistant panel, explain-this-control affordance, generated summaries, and helpful loading/degraded states.","Provider-neutral server-only model adapter with redaction, rate limiting, trace spans, eval hooks, and no client-exposed secrets.","Reusable prompt input normalizer, output validator, confidence scorer, and domain-specific result formatter.","Document when AI should assist, when human approval is required, what is logged, and how degraded states behave.","Add prompt templates, golden input/output fixtures, regression evals, and safety/quality acceptance checks.",README.md | app/globals.css | app/page.tsx | components/ui/alert-dialog.tsx | components/ui/spinner.tsx | components/ui/use-toast.ts | pnpm-lock.yaml
mbarbine__nova-hackers-webby,medium,"AI assisted editing, outline generation, summarization, and transformation; AI automation planner, script explanation, runbook synthesis, and approval flow generation; AI generated insights, anomaly detection, summaries, and next actions; AI log triage, clustering, summaries, and incident narratives; AI process assistant for checklists, SOPs, runbooks, and operational handoffs","Optional assistant panel, explain-this-control affordance, generated summaries, and helpful loading/degraded states.","Provider-neutral server-only model adapter with redaction, rate limiting, trace spans, eval hooks, and no client-exposed secrets.","Reusable prompt input normalizer, output validator, confidence scorer, and domain-specific result formatter.","Document when AI should assist, when human approval is required, what is logged, and how degraded states behave.","Add prompt templates, golden input/output fixtures, regression evals, and safety/quality acceptance checks.",README.md | components/particles-background.tsx | components/ui/alert-dialog.tsx | components/ui/spinner.tsx | components/ui/tabs.tsx | components/ui/use-toast.ts | pnpm-lock.yaml
mbarbine__my-first-nova-hbackers-preseo,medium,"AI automation planner, script explanation, runbook synthesis, and approval flow generation; AI process assistant for checklists, SOPs, runbooks, and operational handoffs; Security signal explanation, trust scoring, bot analysis, and anomaly detection","Optional assistant panel, explain-this-control affordance, generated summaries, and helpful loading/degraded states.","Provider-neutral server-only model adapter with redaction, rate limiting, trace spans, eval hooks, and no client-exposed secrets.","Reusable prompt input normalizer, output validator, confidence scorer, and domain-specific result formatter.","Document when AI should assist, when human approval is required, what is logged, and how degraded states behave.","Add prompt templates, golden input/output fixtures, regression evals, and safety/quality acceptance checks.",README.md | report-bundle-size.js
mbarbine__mailthing-api,medium,"AI automation planner, script explanation, runbook synthesis, and approval flow generation; AI generated insights, anomaly detection, summaries, and next actions; AI process assistant for checklists, SOPs, runbooks, and operational handoffs; Security signal explanation, trust scoring, bot analysis, and anomaly detection; Shipment exception analysis, rate explanation, and workflow recommendations","Optional assistant panel, explain-this-control affordance, generated summaries, and helpful loading/degraded states.","Provider-neutral server-only model adapter with redaction, rate limiting, trace spans, eval hooks, and no client-exposed secrets.","Reusable prompt input normalizer, output validator, confidence scorer, and domain-specific result formatter.","Document when AI should assist, when human approval is required, what is logged, and how degraded states behave.","Add prompt templates, golden input/output fixtures, regression evals, and safety/quality acceptance checks.",README.md | app/api/user/route.ts | pnpm-lock.yaml
mbarbine__glass-blowing-website,medium,"AI assisted editing, outline generation, summarization, and transformation; AI automation planner, script explanation, runbook synthesis, and approval flow generation; AI generated insights, anomaly detection, summaries, and next actions; AI log triage, clustering, summaries, and incident narratives; AI process assistant for checklists, SOPs, runbooks, and operational handoffs","Optional assistant panel, explain-this-control affordance, generated summaries, and helpful loading/degraded states.","Provider-neutral server-only model adapter with redaction, rate limiting, trace spans, eval hooks, and no client-exposed secrets.","Reusable prompt input normalizer, output validator, confidence scorer, and domain-specific result formatter.","Document when AI should assist, when human approval is required, what is logged, and how degraded states behave.","Add prompt templates, golden input/output fixtures, regression evals, and safety/quality acceptance checks.",.Jules/palette.md | README.md | app/globals.css | lib/utils.ts | pnpm-lock.yaml
mbarbine__dinoblocks-www,medium,"AI assisted editing, outline generation, summarization, and transformation; AI automation planner, script explanation, runbook synthesis, and approval flow generation; AI log triage, clustering, summaries, and incident narratives; AI process assistant for checklists, SOPs, runbooks, and operational handoffs; Security signal explanation, trust scoring, bot analysis, and anomaly detection","Optional assistant panel, explain-this-control affordance, generated summaries, and helpful loading/degraded states.","Provider-neutral server-only model adapter with redaction, rate limiting, trace spans, eval hooks, and no client-exposed secrets.","Reusable prompt input normalizer, output validator, confidence scorer, and domain-specific result formatter.","Document when AI should assist, when human approval is required, what is logged, and how degraded states behave.","Add prompt templates, golden input/output fixtures, regression evals, and safety/quality acceptance checks.",README.md | app/globals.css | lib/utils.ts | pnpm-lock.yaml
mbarbine__crafted-virginia-website,medium,"AI assisted editing, outline generation, summarization, and transformation; AI automation planner, script explanation, runbook synthesis, and approval flow generation; AI generated insights, anomaly detection, summaries, and next actions; AI log triage, clustering, summaries, and incident narratives; AI process assistant for checklists, SOPs, runbooks, and operational handoffs","Optional assistant panel, explain-this-control affordance, generated summaries, and helpful loading/degraded states.","Provider-neutral server-only model adapter with redaction, rate limiting, trace spans, eval hooks, and no client-exposed secrets.","Reusable prompt input normalizer, output validator, confidence scorer, and domain-specific result formatter.","Document when AI should assist, when human approval is required, what is logged, and how degraded states behave.","Add prompt templates, golden input/output fixtures, regression evals, and safety/quality acceptance checks.",README.md | app/globals.css | components/newsletter.tsx | components/ui/alert-dialog.tsx | components/ui/spinner.tsx | components/ui/use-toast.ts | pnpm-lock.yaml
mbarbine__biocyber-xr-training-nasa-webby-v0,medium,"AI assisted editing, outline generation, summarization, and transformation; AI automation planner, script explanation, runbook synthesis, and approval flow generation; AI generated insights, anomaly detection, summaries, and next actions; AI log triage, clustering, summaries, and incident narratives; AI process assistant for checklists, SOPs, runbooks, and operational handoffs","Optional assistant panel, explain-this-control affordance, generated summaries, and helpful loading/degraded states.","Provider-neutral server-only model adapter with redaction, rate limiting, trace spans, eval hooks, and no client-exposed secrets.","Reusable prompt input normalizer, output validator, confidence scorer, and domain-specific result formatter.","Document when AI should assist, when human approval is required, what is logged, and how degraded states behave.","Add prompt templates, golden input/output fixtures, regression evals, and safety/quality acceptance checks.",.Jules/sentinel.md | README.md | app/globals.css | lib/utils.ts | pnpm-lock.yaml
mbarbine__beepboopprocess,medium,"AI automation planner, script explanation, runbook synthesis, and approval flow generation; AI process assistant for checklists, SOPs, runbooks, and operational handoffs; Security signal explanation, trust scoring, bot analysis, and anomaly detection","Optional assistant panel, explain-this-control affordance, generated summaries, and helpful loading/degraded states.","Provider-neutral server-only model adapter with redaction, rate limiting, trace spans, eval hooks, and no client-exposed secrets.","Reusable prompt input normalizer, output validator, confidence scorer, and domain-specific result formatter.","Document when AI should assist, when human approval is required, what is logged, and how degraded states behave.","Add prompt templates, golden input/output fixtures, regression evals, and safety/quality acceptance checks.",README.md | processes/default/resources/customElementDefinition/___ae2c0b5c-707b-49dd-aefd-f3fd1a06dc6c.json
mbarbine__aws-lab,medium,"AI automation planner, script explanation, runbook synthesis, and approval flow generation; AI process assistant for checklists, SOPs, runbooks, and operational handoffs; Agent facing tool discovery, tool planning, and MCP usage guidance; Security signal explanation, trust scoring, bot analysis, and anomaly detection; Shipment exception analysis, rate explanation, and workflow recommendations","Optional assistant panel, explain-this-control affordance, generated summaries, and helpful loading/degraded states.","Provider-neutral server-only model adapter with redaction, rate limiting, trace spans, eval hooks, and no client-exposed secrets.","Reusable prompt input normalizer, output validator, confidence scorer, and domain-specific result formatter.","Document when AI should assist, when human approval is required, what is logged, and how degraded states behave.","Add prompt templates, golden input/output fixtures, regression evals, and safety/quality acceptance checks.",README.md | terraform/lambda/package-lock.json | traefik-compose.yml
mbarbine__Starphone-CMS,medium,"AI process assistant for checklists, SOPs, runbooks, and operational handoffs; Security signal explanation, trust scoring, bot analysis, and anomaly detection","Optional assistant panel, explain-this-control affordance, generated summaries, and helpful loading/degraded states.","Provider-neutral server-only model adapter with redaction, rate limiting, trace spans, eval hooks, and no client-exposed secrets.","Reusable prompt input normalizer, output validator, confidence scorer, and domain-specific result formatter.","Document when AI should assist, when human approval is required, what is logged, and how degraded states behave.","Add prompt templates, golden input/output fixtures, regression evals, and safety/quality acceptance checks.",README.md | package.json
ph3ar__mermaid-www,low,"AI generated insights, anomaly detection, summaries, and next actions; Feed summarization, ranking, categorization, and alerting; Security signal explanation, trust scoring, bot analysis, and anomaly detection; Shipment exception analysis, rate explanation, and workflow recommendations","Optional assistant panel, explain-this-control affordance, generated summaries, and helpful loading/degraded states.","Provider-neutral server-only model adapter with redaction, rate limiting, trace spans, eval hooks, and no client-exposed secrets.","Reusable prompt input normalizer, output validator, confidence scorer, and domain-specific result formatter.","Document when AI should assist, when human approval is required, what is logged, and how degraded states behave.","Add prompt templates, golden input/output fixtures, regression evals, and safety/quality acceptance checks.",app/components/Booking.tsx | app/components/Contact.tsx | app/components/Hero.tsx | app/components/SocialFeed.tsx
mbarbine__mailthing,low,"Security signal explanation, trust scoring, bot analysis, and anomaly detection; Shipment exception analysis, rate explanation, and workflow recommendations","Optional assistant panel, explain-this-control affordance, generated summaries, and helpful loading/degraded states.","Provider-neutral server-only model adapter with redaction, rate limiting, trace spans, eval hooks, and no client-exposed secrets.","Reusable prompt input normalizer, output validator, confidence scorer, and domain-specific result formatter.","Document when AI should assist, when human approval is required, what is logged, and how degraded states behave.","Add prompt templates, golden input/output fixtures, regression evals, and safety/quality acceptance checks.",package.json | src/controllers/userController.ts
