component_id,repo,primary_category,categories,component_kind,capability,name,normalized_name,path,extension,lines,exports,imports,dependency_roots,framework,package_manager,confidence,reuse_score,extraction_status,ai_scaffold_recommended,process_relevance,automation_relevance,logic_relevance,description,evidence,file_hash
8739f689010b47c82432b3ff,mbarbine__DCF-Audit-Scripts,automation,"automation,observability,security,ai",script,observability,crowstrike-auditor-v3,crowstrike-auditor-v3,crowstrike-auditor-v3.ps1,.ps1,594,,,,unknown,unknown,65,80,shared-automation-candidate,True,none,primary,none,"Automation component for observability; review for reusable script, workflow, deployment job, or infra automation.",automation-score:125 | observability-score:55 | security-score:55 | ai-score:45,3caa16995f8a2c34
c95c976a48ed009fe2174d51,mbarbine__DCF-Audit-Scripts,automation,"automation,observability,security,ai",script,observability,crowdstrike-auditor-v2,crowdstrike-auditor-v2,crowdstrike-auditor-v2.ps1,.ps1,373,,,,unknown,unknown,65,90,shared-automation-candidate,True,none,primary,none,"Automation component for observability; review for reusable script, workflow, deployment job, or infra automation.",automation-score:125 | observability-score:55 | security-score:55 | ai-score:45,28de182ecc704667
1f5c016fd8f7a0ad7e000413,mbarbine__DCF-Audit-Scripts,automation,automation,script,general,o365-auditor,o365-auditor,o365-auditor.ps1,.ps1,0,,,,unknown,unknown,50,75,shared-automation-candidate,False,none,primary,none,"Automation component for general; review for reusable script, workflow, deployment job, or infra automation.",automation-score:80,91b4c86523535e6d
1a52ee150bb41ad7b472e4ae,mbarbine__DCF-Audit-Scripts,automation,"automation,observability,security,ai",script,ai,crowdstrike-auditor,crowdstrike-auditor,crowdstrike-auditor.ps1,.ps1,182,,,,unknown,unknown,65,95,shared-automation-candidate,True,none,primary,none,"Automation component for ai; review for reusable script, workflow, deployment job, or infra automation.",automation-score:125 | observability-score:55 | security-score:55 | ai-score:45,41b9fbf01184ebed
f9e6ca572c800282f6d85c88,mbarbine__DCF-Audit-Scripts,automation,automation,script,general,fortisase-auditor,fortisase-auditor,fortisase-auditor.ps1,.ps1,0,,,,unknown,unknown,50,75,shared-automation-candidate,False,none,primary,none,"Automation component for general; review for reusable script, workflow, deployment job, or infra automation.",automation-score:80,fde605eace248db8
c4e3ad7f6b6e17660972cb0e,mbarbine__DCF-Audit-Scripts,automation,automation,script,general,Ninja-one-audit,ninja-one-audit,Ninja-one-audit.ps1,.ps1,0,,,,unknown,unknown,50,75,shared-automation-candidate,False,none,primary,none,"Automation component for general; review for reusable script, workflow, deployment job, or infra automation.",automation-score:80,a95a20df822799e7
35e07966b15a90ba059ae644,mbarbine__JenkinsDB,automation,"automation,security",script,auth-and-keys,GrabXML,grab-xml,"Powershell Scripts, Files, and Tasks/Directory Structure/DATA (E DRIVE)/E-Colon-Slash XML/builds/GrabXML.ps1",.ps1,107,,,,unknown,unknown,75,95,shared-automation-candidate,True,none,primary,none,"Automation component for auth-and-keys; review for reusable script, workflow, deployment job, or infra automation.",automation-score:130 | security-score:55,1c663962e8301cdb
fdc458c16fbfbf37468201af,mbarbine__JenkinsDB,automation,"automation,security",script,auth-and-keys,GrabXML.Tests,grab-xml-tests,Tests/GrabXML.Tests.ps1,.ps1,240,,,,unknown,unknown,65,90,shared-automation-candidate,True,none,primary,none,"Automation component for auth-and-keys; review for reusable script, workflow, deployment job, or infra automation.",automation-score:125 | security-score:55,364d2699bc58f4d4
9ad108c5a669ad038493d775,mbarbine__PH3AR-WEBBY,automation,automation,automation-config,analytics,vite.config,vite-config,vite.config.js,.js,36,,"@poppanator/sveltekit-svg,@sveltejs/kit/vite,vite-imagetools,vitest/config","@poppanator/sveltekit-svg,@sveltejs/kit,vite-imagetools,vitest",svelte,bun,65,55,catalog-only,True,none,primary,none,"Automation component for analytics; review for reusable script, workflow, deployment job, or infra automation.","imports:@poppanator/sveltekit-svg, @sveltejs/kit/vite, vite-imagetools, vitest/config | automation-score:45",a5e33c3afb00cab7
d12b71ca4a6846ec8ab5daad,mbarbine__PH3AR-WEBBY,automation,automation,automation-config,ai,package,package,package.json,.json,81,,,,svelte,bun,55,70,shared-automation-candidate,True,none,primary,none,"Automation component for ai; review for reusable script, workflow, deployment job, or infra automation.",automation-score:45 | model-provider,d0ab3e3cc92abfd6
4b856d51fe50cd32c4a9fb2c,mbarbine__PH3AR-WEBBY,automation,automation,script,testing,cleanup,cleanup,cleanup.sh,.sh,90,,,,svelte,bun,55,80,shared-automation-candidate,True,none,primary,none,"Automation component for testing; review for reusable script, workflow, deployment job, or infra automation.",automation-score:80,d2612faadfad895d
41498b50c1011e2ab1455ac8,mbarbine__Scripts,automation,"automation,logic",script,auth-and-keys,JSONRequest_Parser,jsonrequest-parser,JSONRequest_Parser.sh,.sh,26,,,,unknown,unknown,65,95,shared-automation-candidate,True,none,primary,secondary,"Automation component for auth-and-keys; review for reusable script, workflow, deployment job, or infra automation.",automation-score:80 | logic-score:45,1b25d9149ac3a940
b939cb3109a16562dc3e39c0,mbarbine__Scripts,automation,"automation,security",script,auth-and-keys,postEC2ip2slack,post-ec2ip2slack,postEC2ip2slack.sh,.sh,49,,,,unknown,unknown,65,95,shared-automation-candidate,False,none,primary,none,"Automation component for auth-and-keys; review for reusable script, workflow, deployment job, or infra automation.",automation-score:125 | security-score:55,d21c68bcee96c232
44f9003eaec56d97c735db92,mbarbine__Scripts,automation,"automation,observability,security",script,observability,script,script,script.bat,.bat,329,,,,unknown,unknown,65,90,shared-automation-candidate,True,none,primary,none,"Automation component for observability; review for reusable script, workflow, deployment job, or infra automation.",automation-score:130 | observability-score:55 | security-score:55,7da311e1cceb8f45
876778b36887a33cae2d7373,mbarbine__Scripts,automation,"automation,security",script,auth-and-keys,doflow-eval3,doflow-eval3,doflow-eval3.sh,.sh,1,,,,unknown,unknown,60,90,shared-automation-candidate,True,none,primary,none,"Automation component for auth-and-keys; review for reusable script, workflow, deployment job, or infra automation.",automation-score:80 | security-score:55,688e6242ed71dc6c
0471615087c9ea297ef6c8ad,mbarbine__Scripts,automation,"automation,security",script,shipping,generate_key,generate-key,generate_key.sh,.sh,15,,,,unknown,unknown,65,80,shared-automation-candidate,True,none,primary,none,"Automation component for shipping; review for reusable script, workflow, deployment job, or infra automation.",automation-score:80 | security-score:55,489b03a7151b5194
553b9c157e88d8d8efd0655f,mbarbine__Scripts,automation,"automation,security",script,auth-and-keys,doflow-eval2,doflow-eval2,doflow-eval2.sh,.sh,4,,,,unknown,unknown,60,90,shared-automation-candidate,True,none,primary,none,"Automation component for auth-and-keys; review for reusable script, workflow, deployment job, or infra automation.",automation-score:80 | security-score:55,568a0bc2e48aaf01
6a4b3495d38be53f566b49e3,mbarbine__Scripts,automation,automation,script,general,scp,scp,scp.sh,.sh,1,,,,unknown,unknown,50,75,shared-automation-candidate,False,none,primary,none,"Automation component for general; review for reusable script, workflow, deployment job, or infra automation.",automation-score:80,f923c62c2f8e6426
de2ad9e7ca7664af58a6e5a6,mbarbine__Scripts,automation,"automation,security",script,auth-and-keys,create-eks-admin,create-eks-admin,create-eks-admin.sh,.sh,22,,,,unknown,unknown,65,95,shared-automation-candidate,False,none,primary,none,"Automation component for auth-and-keys; review for reusable script, workflow, deployment job, or infra automation.",automation-score:80 | security-score:55,8fe5f55b2658defd
240018c4f656aaecb218ae0a,mbarbine__Scripts,automation,"automation,observability,security",script,auth-and-keys,Powershell-Backup,powershell-backup,Powershell-Backup.ps1,.ps1,578,,,,unknown,unknown,65,80,shared-automation-candidate,True,none,primary,none,"Automation component for auth-and-keys; review for reusable script, workflow, deployment job, or infra automation.",automation-score:80 | observability-score:55 | security-score:55,30f965d97e967e8f
0c530534499b10cfaf7f2944,mbarbine__Scripts,automation,"automation,observability,security",script,observability,configure,configure,configure.sh,.sh,85,,,,unknown,unknown,65,95,shared-automation-candidate,True,none,primary,none,"Automation component for observability; review for reusable script, workflow, deployment job, or infra automation.",automation-score:125 | observability-score:55 | security-score:55,e8320ad441c35cdb
55dc9a6cd50d7e61ef0e4ab7,mbarbine__Scripts,automation,automation,script,general,Txt_To_CSV_FTP,txt-to-csv-ftp,Txt_To_CSV_FTP.sh,.sh,42,,,,unknown,unknown,55,80,shared-automation-candidate,False,none,primary,none,"Automation component for general; review for reusable script, workflow, deployment job, or infra automation.",automation-score:80,08cc73e88fb1c207
50b69d78bbfe9538eb15a3b1,mbarbine__Scripts,automation,"automation,observability,security",script,auth-and-keys,grafana,grafana,grafana.sh,.sh,12,,,,unknown,unknown,65,95,shared-automation-candidate,False,none,primary,none,"Automation component for auth-and-keys; review for reusable script, workflow, deployment job, or infra automation.",automation-score:125 | observability-score:55 | security-score:55,4909c93e5fdf2389
15f1e618f258b88fce0626f6,mbarbine__Scripts,automation,automation,script,discovery,install_krew,install-krew,install_krew.sh,.sh,8,,,,unknown,unknown,50,90,shared-automation-candidate,False,none,primary,none,"Automation component for discovery; review for reusable script, workflow, deployment job, or infra automation.",automation-score:80,acb55e277efde198
f701d6f210a943dd4ec30b5b,mbarbine__Scripts,automation,automation,script,logic,windows-admin,windows-admin,windows-admin.ps1,.ps1,24,,,,unknown,unknown,55,95,shared-automation-candidate,True,none,primary,none,"Automation component for logic; review for reusable script, workflow, deployment job, or infra automation.",automation-score:80,c91ad0eb63af0d0e
f62c37ea517919bd272287d1,mbarbine__Scripts,automation,"automation,observability",script,observability,setup_createcustomprofile,setup-createcustomprofile,h4x/dagah-ios/setup_createcustomprofile.sh,.sh,42,,,,unknown,unknown,65,95,shared-automation-candidate,True,none,primary,none,"Automation component for observability; review for reusable script, workflow, deployment job, or infra automation.",automation-score:80 | observability-score:55,673a2f80d378527e
54c8ff73c22b0eaa0a434c7e,mbarbine__Scripts,automation,"automation,observability,security",script,observability,custombuildparameters,custombuildparameters,h4x/dagah-ios/custombuildparameters.sh,.sh,41,,,,unknown,unknown,65,95,shared-automation-candidate,True,none,primary,none,"Automation component for observability; review for reusable script, workflow, deployment job, or infra automation.",automation-score:80 | observability-score:55 | security-score:55,d3686c9606792a4f
769a92482a23adbffce3a0ec,mbarbine__Scripts,automation,"automation,ai",script,ai,Script-D7085DBC2DAA99494D8CFEE7,script-d7085-dbc2-daa99494-d8-cfee7,h4x/dagah-ios/agent/Build/Intermediates/agent.build/Release-iphonesimulator/agent.build/Script-D7085DBC2DAA99494D8CFEE7.sh,.sh,3,,,,unknown,unknown,60,90,shared-automation-candidate,True,none,primary,none,"Automation component for ai; review for reusable script, workflow, deployment job, or infra automation.",automation-score:130 | ai-score:75,9a3713ff786f0af3
f50f1714ee04d73c1642cdaf,mbarbine__Scripts,automation,"automation,ai",script,ai,Script-E6662109529B27D8766B6E50,script-e6662109529-b27-d8766-b6-e50,h4x/dagah-ios/agent/Build/Intermediates/agent.build/Release-iphonesimulator/agent.build/Script-E6662109529B27D8766B6E50.sh,.sh,3,,,,unknown,unknown,60,90,shared-automation-candidate,True,none,primary,none,"Automation component for ai; review for reusable script, workflow, deployment job, or infra automation.",automation-score:130 | ai-score:75,1b3998abb3c3ac46
60e08f2ef9ce06efa167bae1,mbarbine__Scripts,automation,"automation,ai",script,ai,Script-B8806F7237D4E8685355A3C6,script-b8806-f7237-d4-e8685355-a3-c6,h4x/dagah-ios/agent/Build/Intermediates/agent.build/Release-iphonesimulator/agent.build/Script-B8806F7237D4E8685355A3C6.sh,.sh,8,,,,unknown,unknown,60,90,shared-automation-candidate,True,none,primary,none,"Automation component for ai; review for reusable script, workflow, deployment job, or infra automation.",automation-score:130 | ai-score:75,05cd227d00324e82
ecbcab273d4bfcbfc62571cb,mbarbine__Scripts,automation,automation,script,game,gradlew,gradlew,h4x/dagah-modem-bridge/gradlew.bat,.bat,90,,,,unknown,unknown,55,80,shared-automation-candidate,True,none,primary,none,"Automation component for game; review for reusable script, workflow, deployment job, or infra automation.",automation-score:80,f4f428c5626b3d90
71a486aa6d1df24f73ce8900,mbarbine__Scripts,automation,"automation,backend,observability",script,observability,dagah_gui_installer,dagah-gui-installer,h4x/dagah-server/pipeline/archive/dagah_gui_installer.sh,.sh,53,,,,unknown,unknown,65,95,shared-automation-candidate,True,none,primary,none,"Automation component for observability; review for reusable script, workflow, deployment job, or infra automation.",automation-score:80 | backend-score:55 | observability-score:55,5f2fffea6363c6aa
7b2f1dcf1c905c956ef2c2e6,mbarbine__Scripts,automation,"automation,backend,security,ai",script,ai,dagah_installer,dagah-installer,h4x/dagah-server/pipeline/archive/dagah_installer.sh,.sh,96,,,,unknown,unknown,65,95,shared-automation-candidate,True,none,primary,none,"Automation component for ai; review for reusable script, workflow, deployment job, or infra automation.",automation-score:80 | backend-score:55 | security-score:55 | ai-score:45,d9fde4f9e73de50f
5a2326d5561c3c86f8bdd6f4,mbarbine__Scripts,automation,"automation,backend,observability,security",script,observability,monitor-mtips-environment,monitor-mtips-environment,h4x/dagah-server/pipeline/cookbooks/monitor-mtips-environment.sh,.sh,40,,,,unknown,unknown,65,95,shared-automation-candidate,True,none,primary,none,"Automation component for observability; review for reusable script, workflow, deployment job, or infra automation.",automation-score:80 | backend-score:55 | observability-score:55 | security-score:55,34c25903da8513a9
cfdd09fba1488e12bf89bde5,mbarbine__Scripts,automation,"automation,backend",script,general,headers,headers,h4x/dagah-server/pipeline/cookbooks/headers.sh,.sh,9,,,,unknown,unknown,60,75,shared-automation-candidate,False,none,primary,none,"Automation component for general; review for reusable script, workflow, deployment job, or infra automation.",automation-score:80 | backend-score:55,d32ac3927c5f6c41
80a406a0c3fec7ff9b91d33b,mbarbine__Scripts,automation,"automation,backend,security",script,auth-and-keys,add_piv_key,add-piv-key,h4x/dagah-server/pipeline/cookbooks/aws_account_setup/add_piv_key.sh,.sh,20,,,,unknown,unknown,65,95,shared-automation-candidate,False,none,primary,none,"Automation component for auth-and-keys; review for reusable script, workflow, deployment job, or infra automation.",automation-score:80 | backend-score:55 | security-score:55,c3b43cf8e16cdd92
90f11935c3fe61be2efb96e7,mbarbine__Scripts,automation,"automation,backend,security",script,shipping,create-options,create-options,h4x/dagah-server/pipeline/cookbooks/aws_account_setup/vpc_mgmt/create-options.sh,.sh,38,,,,unknown,unknown,65,80,shared-automation-candidate,True,none,primary,none,"Automation component for shipping; review for reusable script, workflow, deployment job, or infra automation.",automation-score:80 | backend-score:55 | security-score:55,42641e1b6eae5817
e02e51bf41377c6b4addca0a,mbarbine__Scripts,automation,"automation,backend,security",script,shipping,converge-nacls,converge-nacls,h4x/dagah-server/pipeline/cookbooks/aws_account_setup/vpc_mgmt/converge-nacls.sh,.sh,73,,,,unknown,unknown,65,80,shared-automation-candidate,True,none,primary,none,"Automation component for shipping; review for reusable script, workflow, deployment job, or infra automation.",automation-score:80 | backend-score:55 | security-score:55,b5ca1c8a9c8eea2a
946b7751fa1b07e75b9ac809,mbarbine__Scripts,automation,"automation,backend",script,shipping,vpc_properties,vpc-properties,h4x/dagah-server/pipeline/cookbooks/aws_account_setup/vpc_mgmt/target_vpcs/prod/vpc_properties.sh,.sh,7,,,,unknown,unknown,60,75,shared-automation-candidate,True,none,primary,none,"Automation component for shipping; review for reusable script, workflow, deployment job, or infra automation.",automation-score:80 | backend-score:55,1120da9a040b1e63
91365b0379e90cfde32b65d3,mbarbine__Scripts,automation,"automation,backend",script,shipping,vpc_properties,vpc-properties,h4x/dagah-server/pipeline/cookbooks/aws_account_setup/vpc_mgmt/target_vpcs/pubdev/vpc_properties.sh,.sh,6,,,,unknown,unknown,60,75,shared-automation-candidate,True,none,primary,none,"Automation component for shipping; review for reusable script, workflow, deployment job, or infra automation.",automation-score:80 | backend-score:55,2bbe1c9ce83ed9c9
f1261b4b39dcefd4ffeb2f87,mbarbine__Scripts,automation,"automation,backend",script,shipping,vpc_properties,vpc-properties,h4x/dagah-server/pipeline/cookbooks/aws_account_setup/vpc_mgmt/target_vpcs/int/vpc_properties.sh,.sh,7,,,,unknown,unknown,60,75,shared-automation-candidate,True,none,primary,none,"Automation component for shipping; review for reusable script, workflow, deployment job, or infra automation.",automation-score:80 | backend-score:55,67020b43505ead36
bea602cb766b20b6fd2e7e48,mbarbine__Scripts,automation,"automation,backend",script,shipping,vpc_properties,vpc-properties,h4x/dagah-server/pipeline/cookbooks/aws_account_setup/vpc_mgmt/target_vpcs/fakeprod/vpc_properties.sh,.sh,6,,,,unknown,unknown,60,75,shared-automation-candidate,True,none,primary,none,"Automation component for shipping; review for reusable script, workflow, deployment job, or infra automation.",automation-score:80 | backend-score:55,2e1973267a105fa3
6c54903a598c5d1ed6250bd3,mbarbine__Scripts,automation,"automation,backend,security",script,general,provision,provision,h4x/dagah-server/pipeline/packer/releases/dagahv2/scripts/provision.sh,.sh,52,,,,unknown,unknown,75,80,shared-automation-candidate,False,none,primary,none,"Automation component for general; review for reusable script, workflow, deployment job, or infra automation.",automation-score:130 | backend-score:55 | security-score:55,8e00f847a7d6f915
bf5dea9d8766233cec15983f,mbarbine__Scripts,automation,"automation,backend",script,general,ext_disk,ext-disk,h4x/dagah-server/pipeline/packer/releases/dagahv2/scripts/ext_disk.sh,.sh,12,,,,unknown,unknown,75,80,shared-automation-candidate,False,none,primary,none,"Automation component for general; review for reusable script, workflow, deployment job, or infra automation.",automation-score:130 | backend-score:55,30d07e53d64caf44
3f3a309988b0a35aa7ca5f31,mbarbine__Scripts,automation,"automation,backend,observability,security,ai",script,observability,installer,installer,h4x/dagah-server/pipeline/packer/releases/dagahv2/scripts/installer.sh,.sh,166,,,,unknown,unknown,75,95,shared-automation-candidate,True,none,primary,none,"Automation component for observability; review for reusable script, workflow, deployment job, or infra automation.",automation-score:130 | backend-score:55 | observability-score:55 | security-score:55 | ai-score:45,f23d314a1e5102a5
2c39db8cc5282417a3f63341,mbarbine__Scripts,automation,"automation,backend",script,auth-and-keys,gradle,gradle,h4x/dagah-server/pipeline/packer/releases/dagahv2/scripts/gradle.sh,.sh,51,,,,unknown,unknown,75,95,shared-automation-candidate,True,none,primary,none,"Automation component for auth-and-keys; review for reusable script, workflow, deployment job, or infra automation.",automation-score:130 | backend-score:55,12da735ace886a7d
39ead24b95df0380253c072a,mbarbine__Scripts,automation,"automation,backend",script,auth-and-keys,dagah_gui_installer,dagah-gui-installer,h4x/dagah-server/pipeline/packer/releases/dagahv2/scripts/dagah_gui_installer.sh,.sh,61,,,,unknown,unknown,75,95,shared-automation-candidate,True,none,primary,none,"Automation component for auth-and-keys; review for reusable script, workflow, deployment job, or infra automation.",automation-score:130 | backend-score:55,cf195cec8bfeef06
bbb05262b6b740e0390c16ba,mbarbine__Scripts,automation,"automation,backend",script,general,zerodisk,zerodisk,h4x/dagah-server/pipeline/packer/releases/dagahv2/scripts/zerodisk.sh,.sh,3,,,,unknown,unknown,70,75,shared-automation-candidate,False,none,primary,none,"Automation component for general; review for reusable script, workflow, deployment job, or infra automation.",automation-score:130 | backend-score:55,8cf94a4b88e6b530
15575f1fbcc42ef40d8a169d,mbarbine__Scripts,automation,"automation,backend,observability,security",script,auth-and-keys,jenkins_vagrant_aws,jenkins-vagrant-aws,h4x/dagah-server/pipeline/packer/releases/dagahv2/scripts/jenkins_vagrant_aws.sh,.sh,34,,,,unknown,unknown,75,95,shared-automation-candidate,False,none,primary,none,"Automation component for auth-and-keys; review for reusable script, workflow, deployment job, or infra automation.",automation-score:130 | backend-score:55 | observability-score:55 | security-score:55,fb311f59b8034b3c
47f97addd82be7c56da3a467,mbarbine__Scripts,automation,"automation,backend",script,general,virtualbox,virtualbox,h4x/dagah-server/pipeline/packer/releases/dagahv2/scripts/virtualbox.sh,.sh,13,,,,unknown,unknown,75,80,shared-automation-candidate,False,none,primary,none,"Automation component for general; review for reusable script, workflow, deployment job, or infra automation.",automation-score:130 | backend-score:55,66b233892dba710a
6a2de7063c88f14bdc51253a,mbarbine__Scripts,automation,"automation,backend,observability,security",script,observability,dependencies,dependencies,h4x/dagah-server/pipeline/packer/releases/dagahv2/scripts/dependencies.sh,.sh,83,,,,unknown,unknown,75,95,shared-automation-candidate,True,none,primary,none,"Automation component for observability; review for reusable script, workflow, deployment job, or infra automation.",automation-score:130 | backend-score:55 | observability-score:55 | security-score:55,ca4df424fb084a4f
77b83434a37b23715a365c3d,mbarbine__Scripts,automation,"automation,backend",script,general,import_to_S3,import-to-s3,h4x/dagah-server/pipeline/packer/releases/dagahv2/scripts/import_to_S3.sh,.sh,4,,,,unknown,unknown,70,75,shared-automation-candidate,False,none,primary,none,"Automation component for general; review for reusable script, workflow, deployment job, or infra automation.",automation-score:130 | backend-score:55,0c716c61a037070a
e21be8a7c3e5c484c70965a2,mbarbine__Scripts,automation,"automation,backend",script,general,base,base,h4x/dagah-server/pipeline/packer/releases/dagahv2/scripts/base.sh,.sh,4,,,,unknown,unknown,70,75,shared-automation-candidate,False,none,primary,none,"Automation component for general; review for reusable script, workflow, deployment job, or infra automation.",automation-score:130 | backend-score:55,80e67fe57fbd3a32
741af1ba0e89336ff31a2064,mbarbine__Scripts,automation,"automation,backend,security",script,auth-and-keys,whatsapp_config,whatsapp-config,h4x/dagah-server/pipeline/packer/releases/dagahv2/scripts/whatsapp_config.sh,.sh,10,,,,unknown,unknown,70,95,shared-automation-candidate,False,none,primary,none,"Automation component for auth-and-keys; review for reusable script, workflow, deployment job, or infra automation.",automation-score:130 | backend-score:55 | security-score:55,2b7ddf9a6de6afbe
e6c78d00b779b95aad119514,mbarbine__Scripts,automation,"automation,backend,security",script,auth-and-keys,import_instance_to_s3,import-instance-to-s3,h4x/dagah-server/pipeline/packer/releases/dagahv2/scripts/import_instance_to_s3.sh,.sh,1,,,,unknown,unknown,70,90,shared-automation-candidate,False,none,primary,none,"Automation component for auth-and-keys; review for reusable script, workflow, deployment job, or infra automation.",automation-score:130 | backend-score:55 | security-score:55,0ecda29f41276bcd
f50c552a1d2b19c1a30bbbc1,mbarbine__Scripts,automation,"automation,backend",script,general,vmware,vmware,h4x/dagah-server/pipeline/packer/releases/dagahv2/scripts/vmware.sh,.sh,1,,,,unknown,unknown,70,75,shared-automation-candidate,False,none,primary,none,"Automation component for general; review for reusable script, workflow, deployment job, or infra automation.",automation-score:130 | backend-score:55,9a3798eb4d2acea6
0b2d976b4b5eb45b68672291,mbarbine__Scripts,automation,"automation,backend,observability,security",script,observability,awsinit,awsinit,h4x/dagah-server/pipeline/packer/releases/dagahv2/scripts/awsinit.sh,.sh,74,,,,unknown,unknown,75,95,shared-automation-candidate,True,none,primary,none,"Automation component for observability; review for reusable script, workflow, deployment job, or infra automation.",automation-score:175 | backend-score:55 | observability-score:55 | security-score:55,8dce2c0f41008255
5fddc0cef773ec3ca12d6cee,mbarbine__Scripts,automation,"automation,backend,security",script,auth-and-keys,vagrant,vagrant,h4x/dagah-server/pipeline/packer/releases/dagahv2/scripts/vagrant.sh,.sh,6,,,,unknown,unknown,70,90,shared-automation-candidate,True,none,primary,none,"Automation component for auth-and-keys; review for reusable script, workflow, deployment job, or infra automation.",automation-score:130 | backend-score:55 | security-score:55,56500607aa372ddb
48f2f014591a2b0d7e003e82,mbarbine__Scripts,automation,"automation,backend",script,design-system,cleanup,cleanup,h4x/dagah-server/pipeline/packer/releases/dagahv2/scripts/cleanup.sh,.sh,12,,,,unknown,unknown,75,95,shared-automation-candidate,False,none,primary,none,"Automation component for design-system; review for reusable script, workflow, deployment job, or infra automation.",automation-score:130 | backend-score:55,3fdd16e086dd3e47
dc45614cef77c1e5ebc773d4,mbarbine__Scripts,automation,"automation,backend,observability,security,ai",script,observability,installer,installer,h4x/dagah-server/pipeline/packer/releases/dagahv1/scripts/installer.sh,.sh,154,,,,unknown,unknown,75,95,shared-automation-candidate,True,none,primary,none,"Automation component for observability; review for reusable script, workflow, deployment job, or infra automation.",automation-score:130 | backend-score:55 | observability-score:55 | security-score:55 | ai-score:45,44db8df002caff0a
a152a67a1d3c8e2fd93ca79b,mbarbine__Scripts,automation,"automation,backend",script,general,zerodisk,zerodisk,h4x/dagah-server/pipeline/packer/releases/dagahv1/scripts/zerodisk.sh,.sh,3,,,,unknown,unknown,70,75,shared-automation-candidate,False,none,primary,none,"Automation component for general; review for reusable script, workflow, deployment job, or infra automation.",automation-score:130 | backend-score:55,8cf94a4b88e6b530
da6311d01b63c1ba2cfe7a43,mbarbine__Scripts,automation,"automation,backend",script,general,virtualbox,virtualbox,h4x/dagah-server/pipeline/packer/releases/dagahv1/scripts/virtualbox.sh,.sh,13,,,,unknown,unknown,75,80,shared-automation-candidate,False,none,primary,none,"Automation component for general; review for reusable script, workflow, deployment job, or infra automation.",automation-score:130 | backend-score:55,66b233892dba710a
33c33f74f3779c35cfa6f560,mbarbine__Scripts,automation,"automation,backend,observability,security",script,observability,dependencies,dependencies,h4x/dagah-server/pipeline/packer/releases/dagahv1/scripts/dependencies.sh,.sh,73,,,,unknown,unknown,75,95,shared-automation-candidate,True,none,primary,none,"Automation component for observability; review for reusable script, workflow, deployment job, or infra automation.",automation-score:130 | backend-score:55 | observability-score:55 | security-score:55,a62973c688910d21
d2e10f1e116c85cc7c9d6415,mbarbine__Scripts,automation,"automation,backend",script,general,base,base,h4x/dagah-server/pipeline/packer/releases/dagahv1/scripts/base.sh,.sh,4,,,,unknown,unknown,70,75,shared-automation-candidate,False,none,primary,none,"Automation component for general; review for reusable script, workflow, deployment job, or infra automation.",automation-score:130 | backend-score:55,80e67fe57fbd3a32
fc1cc7c76c66c62da9c912a2,mbarbine__Scripts,automation,"automation,backend",script,general,vmware,vmware,h4x/dagah-server/pipeline/packer/releases/dagahv1/scripts/vmware.sh,.sh,1,,,,unknown,unknown,70,75,shared-automation-candidate,False,none,primary,none,"Automation component for general; review for reusable script, workflow, deployment job, or infra automation.",automation-score:130 | backend-score:55,9a3798eb4d2acea6
26f7fe290b9650d74827afad,mbarbine__Scripts,automation,"automation,backend,security",script,auth-and-keys,vagrant,vagrant,h4x/dagah-server/pipeline/packer/releases/dagahv1/scripts/vagrant.sh,.sh,6,,,,unknown,unknown,70,90,shared-automation-candidate,True,none,primary,none,"Automation component for auth-and-keys; review for reusable script, workflow, deployment job, or infra automation.",automation-score:130 | backend-score:55 | security-score:55,56500607aa372ddb
ad1e460d68d10bc26de19dbc,mbarbine__Scripts,automation,"automation,backend",script,design-system,cleanup,cleanup,h4x/dagah-server/pipeline/packer/releases/dagahv1/scripts/cleanup.sh,.sh,12,,,,unknown,unknown,75,95,shared-automation-candidate,False,none,primary,none,"Automation component for design-system; review for reusable script, workflow, deployment job, or infra automation.",automation-score:130 | backend-score:55,3fdd16e086dd3e47
f5ab3fdfadd3f33cfdcd2743,mbarbine__Scripts,automation,"automation,backend,observability,security",container-automation,observability,template,template,h4x/dagah-server/pipeline/packer/providers/docker/template.json,.json,15,,,,unknown,unknown,65,95,shared-automation-candidate,True,none,primary,none,"Automation component for observability; review for reusable script, workflow, deployment job, or infra automation.",automation-score:95 | backend-score:55 | observability-score:55 | security-score:55,e41e174e13c4729e
0c69163a22939855084ce43e,mbarbine__Scripts,automation,"automation,backend,observability",script,observability,grep_ami_id,grep-ami-id,h4x/dagah-server/pipeline/packer/providers/aws/grep_ami_id.sh,.sh,15,,,,unknown,unknown,65,95,shared-automation-candidate,True,none,primary,none,"Automation component for observability; review for reusable script, workflow, deployment job, or infra automation.",automation-score:80 | backend-score:55 | observability-score:55,d3b64761be5913cb
db1aaecfaabb19104abdaee6,mbarbine__Scripts,automation,"automation,backend,security",script,general,provision,provision,h4x/dagah-server/pipeline/packer/providers/aws/archive/provision.sh,.sh,52,,,,unknown,unknown,65,80,shared-automation-candidate,False,none,primary,none,"Automation component for general; review for reusable script, workflow, deployment job, or infra automation.",automation-score:80 | backend-score:55 | security-score:55,8e00f847a7d6f915
c5973c26302b7ae68efd13d6,mbarbine__Scripts,automation,"automation,backend,observability,security,ai",script,observability,installer,installer,h4x/dagah-server/pipeline/packer/providers/aws/archive/installer.sh,.sh,172,,,,unknown,unknown,65,95,shared-automation-candidate,True,none,primary,none,"Automation component for observability; review for reusable script, workflow, deployment job, or infra automation.",automation-score:80 | backend-score:55 | observability-score:55 | security-score:55 | ai-score:45,8ca576788fd70f47
8264ea5cc1aa2fb869d3d711,mbarbine__Scripts,automation,"automation,backend",script,auth-and-keys,gradle,gradle,h4x/dagah-server/pipeline/packer/providers/aws/archive/gradle.sh,.sh,51,,,,unknown,unknown,65,95,shared-automation-candidate,True,none,primary,none,"Automation component for auth-and-keys; review for reusable script, workflow, deployment job, or infra automation.",automation-score:80 | backend-score:55,5edc98770d23af17
789511e738686913cb1d8f23,mbarbine__Scripts,automation,"automation,backend",script,auth-and-keys,dagah_gui_installer,dagah-gui-installer,h4x/dagah-server/pipeline/packer/providers/aws/archive/dagah_gui_installer.sh,.sh,72,,,,unknown,unknown,65,95,shared-automation-candidate,True,none,primary,none,"Automation component for auth-and-keys; review for reusable script, workflow, deployment job, or infra automation.",automation-score:80 | backend-score:55,ad45f69ce5e7ff10
3dcde152ec056cc8f7e02928,mbarbine__Scripts,automation,"automation,backend,security",script,auth-and-keys,vagrant_configure,vagrant-configure,h4x/dagah-server/pipeline/packer/providers/aws/archive/vagrant_configure.sh,.sh,82,,,,unknown,unknown,65,95,shared-automation-candidate,True,none,primary,none,"Automation component for auth-and-keys; review for reusable script, workflow, deployment job, or infra automation.",automation-score:80 | backend-score:55 | security-score:55,584bd24f3a2486b7
3469d275ab83651c10cd2797,mbarbine__Scripts,automation,"automation,backend,observability,security",script,observability,create_base_ami,create-base-ami,h4x/dagah-server/pipeline/packer/providers/aws/archive/create_base_ami.sh,.sh,166,,,,unknown,unknown,65,95,shared-automation-candidate,True,none,primary,none,"Automation component for observability; review for reusable script, workflow, deployment job, or infra automation.",automation-score:80 | backend-score:55 | observability-score:55 | security-score:55,5d16f1fffa5eb2ac
017900fe15cd0f20a4d8a11a,mbarbine__Scripts,automation,"automation,backend,observability,security",script,observability,install_prereqs,install-prereqs,h4x/dagah-server/pipeline/packer/providers/aws/archive/install_prereqs.sh,.sh,78,,,,unknown,unknown,65,95,shared-automation-candidate,True,none,primary,none,"Automation component for observability; review for reusable script, workflow, deployment job, or infra automation.",automation-score:80 | backend-score:55 | observability-score:55 | security-score:55,9dbd4817d6daa5b4
64401c03435e85f0ed0f603c,mbarbine__Scripts,automation,"automation,backend,security",script,auth-and-keys,awsUserData,aws-user-data,h4x/dagah-server/pipeline/packer/providers/aws/archive/awsUserData.sh,.sh,18,,,,unknown,unknown,65,95,shared-automation-candidate,True,none,primary,none,"Automation component for auth-and-keys; review for reusable script, workflow, deployment job, or infra automation.",automation-score:80 | backend-score:55 | security-score:55,a1e35f0c0a4d2d0d
81698b7c84b4aff2ca255ec7,mbarbine__Scripts,automation,"automation,backend,observability,security",script,observability,dependencies,dependencies,h4x/dagah-server/pipeline/packer/providers/aws/archive/dependencies.sh,.sh,83,,,,unknown,unknown,65,95,shared-automation-candidate,True,none,primary,none,"Automation component for observability; review for reusable script, workflow, deployment job, or infra automation.",automation-score:80 | backend-score:55 | observability-score:55 | security-score:55,ca4df424fb084a4f
f8afee29fa14427e65324604,mbarbine__Scripts,automation,"automation,backend",script,general,base,base,h4x/dagah-server/pipeline/packer/providers/aws/archive/base.sh,.sh,4,,,,unknown,unknown,60,75,shared-automation-candidate,False,none,primary,none,"Automation component for general; review for reusable script, workflow, deployment job, or infra automation.",automation-score:80 | backend-score:55,80e67fe57fbd3a32
aa29c2bdb48c80d629880dd8,mbarbine__Scripts,automation,"automation,backend,security",script,auth-and-keys,whatsapp_config,whatsapp-config,h4x/dagah-server/pipeline/packer/providers/aws/archive/whatsapp_config.sh,.sh,10,,,,unknown,unknown,60,95,shared-automation-candidate,False,none,primary,none,"Automation component for auth-and-keys; review for reusable script, workflow, deployment job, or infra automation.",automation-score:80 | backend-score:55 | security-score:55,2b7ddf9a6de6afbe
dda04f842362ab4f1b829287,mbarbine__Scripts,automation,"automation,backend,observability,security",script,observability,awsinit,awsinit,h4x/dagah-server/pipeline/packer/providers/aws/archive/awsinit.sh,.sh,74,,,,unknown,unknown,65,95,shared-automation-candidate,True,none,primary,none,"Automation component for observability; review for reusable script, workflow, deployment job, or infra automation.",automation-score:125 | backend-score:55 | observability-score:55 | security-score:55,8dce2c0f41008255
9f705a559a87bbc039c416c1,mbarbine__Scripts,automation,"automation,backend,security",script,auth-and-keys,vagrant,vagrant,h4x/dagah-server/pipeline/packer/providers/aws/archive/vagrant.sh,.sh,6,,,,unknown,unknown,60,90,shared-automation-candidate,True,none,primary,none,"Automation component for auth-and-keys; review for reusable script, workflow, deployment job, or infra automation.",automation-score:80 | backend-score:55 | security-score:55,311e55666c764b97
255d5264e556ff7564b72431,mbarbine__Scripts,automation,"automation,backend,security",script,general,provision,provision,h4x/dagah-server/pipeline/packer/scripts/provision.sh,.sh,52,,,,unknown,unknown,75,80,shared-automation-candidate,False,none,primary,none,"Automation component for general; review for reusable script, workflow, deployment job, or infra automation.",automation-score:130 | backend-score:55 | security-score:55,4d1ae6aa0f0ae8cb
35a0630350f9bbd00d22f71d,mbarbine__Scripts,automation,"automation,backend",script,general,ext_disk,ext-disk,h4x/dagah-server/pipeline/packer/scripts/ext_disk.sh,.sh,12,,,,unknown,unknown,75,80,shared-automation-candidate,False,none,primary,none,"Automation component for general; review for reusable script, workflow, deployment job, or infra automation.",automation-score:130 | backend-score:55,30d07e53d64caf44
49b17433411adfca61763ccb,mbarbine__Scripts,automation,"automation,backend,observability,security,ai",script,observability,installer,installer,h4x/dagah-server/pipeline/packer/scripts/installer.sh,.sh,177,,,,unknown,unknown,75,95,shared-automation-candidate,True,none,primary,none,"Automation component for observability; review for reusable script, workflow, deployment job, or infra automation.",automation-score:130 | backend-score:55 | observability-score:55 | security-score:55 | ai-score:45,3201be76a1a0fd51
90b6af20736719faa55c3a29,mbarbine__Scripts,automation,"automation,backend,observability",script,observability,clean_ami,clean-ami,h4x/dagah-server/pipeline/packer/scripts/clean_ami.sh,.sh,5,,,,unknown,unknown,70,90,shared-automation-candidate,True,none,primary,none,"Automation component for observability; review for reusable script, workflow, deployment job, or infra automation.",automation-score:130 | backend-score:55 | observability-score:55,82ff75de5b9b498d
60ff404380ef324363494592,mbarbine__Scripts,automation,"automation,backend",script,auth-and-keys,gradle,gradle,h4x/dagah-server/pipeline/packer/scripts/gradle.sh,.sh,47,,,,unknown,unknown,75,95,shared-automation-candidate,True,none,primary,none,"Automation component for auth-and-keys; review for reusable script, workflow, deployment job, or infra automation.",automation-score:130 | backend-score:55,7f542fbfcab269c4
3eacee8e302f3aa4ff62f7c6,mbarbine__Scripts,automation,"automation,backend",script,auth-and-keys,dagah_gui_installer,dagah-gui-installer,h4x/dagah-server/pipeline/packer/scripts/dagah_gui_installer.sh,.sh,74,,,,unknown,unknown,75,95,shared-automation-candidate,True,none,primary,none,"Automation component for auth-and-keys; review for reusable script, workflow, deployment job, or infra automation.",automation-score:175 | backend-score:55,7d5dad37b1cd6e74
f1c74b60c810005755879677,mbarbine__Scripts,automation,"automation,backend,security",script,auth-and-keys,vagrant_configure,vagrant-configure,h4x/dagah-server/pipeline/packer/scripts/vagrant_configure.sh,.sh,82,,,,unknown,unknown,75,95,shared-automation-candidate,True,none,primary,none,"Automation component for auth-and-keys; review for reusable script, workflow, deployment job, or infra automation.",automation-score:130 | backend-score:55 | security-score:55,584bd24f3a2486b7
e9c599908c2fadaf8d5d0cce,mbarbine__Scripts,automation,"automation,backend",script,general,zerodisk,zerodisk,h4x/dagah-server/pipeline/packer/scripts/zerodisk.sh,.sh,3,,,,unknown,unknown,70,75,shared-automation-candidate,False,none,primary,none,"Automation component for general; review for reusable script, workflow, deployment job, or infra automation.",automation-score:130 | backend-score:55,8cf94a4b88e6b530
6b747ebbfbe9e502e5f8d615,mbarbine__Scripts,automation,"automation,backend,observability,security",script,auth-and-keys,jenkins_vagrant_aws,jenkins-vagrant-aws,h4x/dagah-server/pipeline/packer/scripts/jenkins_vagrant_aws.sh,.sh,34,,,,unknown,unknown,75,95,shared-automation-candidate,False,none,primary,none,"Automation component for auth-and-keys; review for reusable script, workflow, deployment job, or infra automation.",automation-score:130 | backend-score:55 | observability-score:55 | security-score:55,fb311f59b8034b3c
81d9a2ad722f51ce69f73d4f,mbarbine__Scripts,automation,"automation,backend,security",script,auth-and-keys,awsUserData,aws-user-data,h4x/dagah-server/pipeline/packer/scripts/awsUserData.sh,.sh,18,,,,unknown,unknown,75,95,shared-automation-candidate,True,none,primary,none,"Automation component for auth-and-keys; review for reusable script, workflow, deployment job, or infra automation.",automation-score:130 | backend-score:55 | security-score:55,a1e35f0c0a4d2d0d
3bbb2b43578073b978725625,mbarbine__Scripts,automation,"automation,backend",script,general,virtualbox,virtualbox,h4x/dagah-server/pipeline/packer/scripts/virtualbox.sh,.sh,13,,,,unknown,unknown,75,80,shared-automation-candidate,False,none,primary,none,"Automation component for general; review for reusable script, workflow, deployment job, or infra automation.",automation-score:130 | backend-score:55,66b233892dba710a
3ef8a76dc7cea38e88413adc,mbarbine__Scripts,automation,"automation,backend,observability,security",script,observability,dependencies,dependencies,h4x/dagah-server/pipeline/packer/scripts/dependencies.sh,.sh,85,,,,unknown,unknown,75,95,shared-automation-candidate,True,none,primary,none,"Automation component for observability; review for reusable script, workflow, deployment job, or infra automation.",automation-score:130 | backend-score:55 | observability-score:55 | security-score:55,5134353f215dcc1c
c667f7fa7dd24aedc0b2d287,mbarbine__Scripts,automation,"automation,backend",script,general,import_to_S3,import-to-s3,h4x/dagah-server/pipeline/packer/scripts/import_to_S3.sh,.sh,4,,,,unknown,unknown,70,75,shared-automation-candidate,False,none,primary,none,"Automation component for general; review for reusable script, workflow, deployment job, or infra automation.",automation-score:130 | backend-score:55,0c716c61a037070a
7dc4cb224fb7c6f0e6bf6502,mbarbine__Scripts,automation,"automation,backend",script,general,base,base,h4x/dagah-server/pipeline/packer/scripts/base.sh,.sh,4,,,,unknown,unknown,70,75,shared-automation-candidate,False,none,primary,none,"Automation component for general; review for reusable script, workflow, deployment job, or infra automation.",automation-score:130 | backend-score:55,80e67fe57fbd3a32
812117f7e5be1cfeb39a73a9,mbarbine__Scripts,automation,"automation,backend,security",script,auth-and-keys,whatsapp_config,whatsapp-config,h4x/dagah-server/pipeline/packer/scripts/whatsapp_config.sh,.sh,12,,,,unknown,unknown,75,95,shared-automation-candidate,False,none,primary,none,"Automation component for auth-and-keys; review for reusable script, workflow, deployment job, or infra automation.",automation-score:130 | backend-score:55 | security-score:55,a3ae827d7ebd8b59
6ca53a7e4236afab9a4dd6eb,mbarbine__Scripts,automation,"automation,backend,security",script,auth-and-keys,import_instance_to_s3,import-instance-to-s3,h4x/dagah-server/pipeline/packer/scripts/import_instance_to_s3.sh,.sh,1,,,,unknown,unknown,70,90,shared-automation-candidate,False,none,primary,none,"Automation component for auth-and-keys; review for reusable script, workflow, deployment job, or infra automation.",automation-score:130 | backend-score:55 | security-score:55,0ecda29f41276bcd
2ee209a9eedb449ce402707d,mbarbine__Scripts,automation,"automation,backend",script,testing,php_updater,php-updater,h4x/dagah-server/pipeline/packer/scripts/php_updater.sh,.sh,36,,,,unknown,unknown,75,80,shared-automation-candidate,False,none,primary,none,"Automation component for testing; review for reusable script, workflow, deployment job, or infra automation.",automation-score:130 | backend-score:55,8137b2e78a40806c
7e508d4bf428399c262a55d8,mbarbine__Scripts,automation,"automation,backend,observability",script,observability,unzip,unzip,h4x/dagah-server/pipeline/packer/scripts/unzip.sh,.sh,7,,,,unknown,unknown,70,90,shared-automation-candidate,True,none,primary,none,"Automation component for observability; review for reusable script, workflow, deployment job, or infra automation.",automation-score:130 | backend-score:55 | observability-score:55,ccdf8e5e1f1aa1a3
2b058d1e4ed0a2556c930d8e,mbarbine__Scripts,automation,"automation,backend",script,general,vmware,vmware,h4x/dagah-server/pipeline/packer/scripts/vmware.sh,.sh,1,,,,unknown,unknown,70,75,shared-automation-candidate,False,none,primary,none,"Automation component for general; review for reusable script, workflow, deployment job, or infra automation.",automation-score:130 | backend-score:55,9a3798eb4d2acea6
cd962f04a18438c0f98d918c,mbarbine__Scripts,automation,"automation,backend,observability,security",script,observability,awsinit,awsinit,h4x/dagah-server/pipeline/packer/scripts/awsinit.sh,.sh,74,,,,unknown,unknown,75,95,shared-automation-candidate,True,none,primary,none,"Automation component for observability; review for reusable script, workflow, deployment job, or infra automation.",automation-score:175 | backend-score:55 | observability-score:55 | security-score:55,8dce2c0f41008255
b514d8e2fabb165cf469e4b1,mbarbine__Scripts,automation,"automation,backend,security",script,auth-and-keys,vagrant,vagrant,h4x/dagah-server/pipeline/packer/scripts/vagrant.sh,.sh,6,,,,unknown,unknown,70,90,shared-automation-candidate,True,none,primary,none,"Automation component for auth-and-keys; review for reusable script, workflow, deployment job, or infra automation.",automation-score:130 | backend-score:55 | security-score:55,56500607aa372ddb
c70699f932fc3c8fd91115dd,mbarbine__Scripts,automation,"automation,backend",script,design-system,cleanup,cleanup,h4x/dagah-server/pipeline/packer/scripts/cleanup.sh,.sh,12,,,,unknown,unknown,75,95,shared-automation-candidate,False,none,primary,none,"Automation component for design-system; review for reusable script, workflow, deployment job, or infra automation.",automation-score:130 | backend-score:55,3fdd16e086dd3e47
4b75a90ca0935b68c2d4e544,mbarbine__Scripts,automation,"automation,backend",script,general,ls,ls,h4x/dagah-server/pipeline/packer/scripts/vagrant-examples/ls.sh,.sh,1,,,,unknown,unknown,70,75,shared-automation-candidate,False,none,primary,none,"Automation component for general; review for reusable script, workflow, deployment job, or infra automation.",automation-score:130 | backend-score:55,c7b68ac37f364473
6dc02e6857a4118e8776f0ea,mbarbine__Scripts,automation,"automation,backend,security",script,ai,update_dagah,update-dagah,h4x/dagah-server/update/update_dagah.sh,.sh,82,,,,unknown,unknown,65,95,shared-automation-candidate,False,none,primary,none,"Automation component for ai; review for reusable script, workflow, deployment job, or infra automation.",automation-score:125 | backend-score:55 | security-score:55,8897dfe4a9f13b4c
0eb249b7ff077b61cd864572,mbarbine__Scripts,automation,"automation,backend",script,general,send,send,h4x/dagah-server/Spool/send.sh,.sh,9,,,,unknown,unknown,60,75,shared-automation-candidate,False,none,primary,none,"Automation component for general; review for reusable script, workflow, deployment job, or infra automation.",automation-score:80 | backend-score:55,3f0aadd3de33acec
966c4109b9e64f174203f457,mbarbine__Scripts,automation,"automation,backend,observability",script,observability,unzip,unzip,h4x/dagah-server/html/unzip.sh,.sh,7,,,,unknown,unknown,60,90,shared-automation-candidate,True,none,primary,none,"Automation component for observability; review for reusable script, workflow, deployment job, or infra automation.",automation-score:80 | backend-score:55 | observability-score:55,ccdf8e5e1f1aa1a3
e2da3c93e56227595eda307f,mbarbine__Scripts,automation,"automation,backend,observability",script,observability,ls,ls,h4x/dagah-server/html/ls.sh,.sh,1,,,,unknown,unknown,60,90,shared-automation-candidate,True,none,primary,none,"Automation component for observability; review for reusable script, workflow, deployment job, or infra automation.",automation-score:80 | backend-score:55 | observability-score:55,5edb3b68a4dea2ca
bd94862ccb578a8fcdc337a7,mbarbine__Scripts,automation,"automation,backend,observability",script,observability,unzip,unzip,h4x/dagah-server/html/update/unzip.sh,.sh,7,,,,unknown,unknown,60,90,shared-automation-candidate,True,none,primary,none,"Automation component for observability; review for reusable script, workflow, deployment job, or infra automation.",automation-score:80 | backend-score:55 | observability-score:55,ccdf8e5e1f1aa1a3
f3c33234ddd73128d5c9ecf9,mbarbine__Scripts,automation,"automation,backend,observability,security",script,observability,authors,authors,h4x/dagah-server/html/js/codemirror/bin/authors.sh,.sh,6,,,,unknown,unknown,60,90,shared-automation-candidate,True,none,primary,none,"Automation component for observability; review for reusable script, workflow, deployment job, or infra automation.",automation-score:80 | backend-score:55 | observability-score:55 | security-score:55,b41f83889b3ac66e
5796684b3a4efe11ceac5401,mbarbine__Scripts,automation,"automation,backend",automation-config,general,Makefile,makefile,h4x/dagah-server/html/js/intro/Makefile,Makefile,6,,,,unknown,unknown,60,50,catalog-only,False,none,primary,none,"Automation component for general; review for reusable script, workflow, deployment job, or infra automation.",automation-score:85 | backend-score:55,b89224ab3fe4ecef
c25d94a5b9b442e4bc27f6aa,mbarbine__Scripts,automation,"automation,backend",script,testing,MyGet,my-get,h4x/dagah-server/html/components/bootstrap/nuget/MyGet.ps1,.ps1,8,,,,unknown,unknown,70,75,shared-automation-candidate,True,none,primary,none,"Automation component for testing; review for reusable script, workflow, deployment job, or infra automation.",automation-score:80 | backend-score:55,e1c3c9eca85c42dd
6ec395e5a8ae7b7b04549ebf,mbarbine__Scripts,automation,"automation,backend",script,general,make,make,h4x/dagah-server/html/components/datatables-plugins/make.sh,.sh,26,,,,unknown,unknown,75,80,shared-automation-candidate,True,none,primary,none,"Automation component for general; review for reusable script, workflow, deployment job, or infra automation.",automation-score:80 | backend-score:55,f9e0046c359ed339
366341577d78b084d2086c7e,mbarbine__Scripts,automation,"automation,backend,process",script,shipping,run,run,h4x/dagah-server/html/components/morrisjs/spec/viz/run.sh,.sh,32,,,,unknown,unknown,75,80,shared-automation-candidate,True,secondary,primary,none,"Automation component for shipping; review for reusable script, workflow, deployment job, or infra automation.",automation-score:80 | backend-score:55 | process-score:45,cc4cb3a9c59f93e8
fdf1a5e754af577ff22f9703,mbarbine__Scripts,automation,"automation,backend",automation-config,testing,Makefile,makefile,h4x/dagah-server/html/components/flot/Makefile,Makefile,12,,,,unknown,unknown,75,55,catalog-only,True,none,primary,none,"Automation component for testing; review for reusable script, workflow, deployment job, or infra automation.",automation-score:85 | backend-score:55,e679f5afacdb2fd2
18fca47933ec981fc8f3b688,mbarbine__Scripts,automation,"automation,backend",script,general,yearistype,yearistype,h4x/dagah-server/html/components/flot/examples/axes-time-zones/tz/yearistype.sh,.sh,38,,,,unknown,unknown,75,80,shared-automation-candidate,False,none,primary,none,"Automation component for general; review for reusable script, workflow, deployment job, or infra automation.",automation-score:80 | backend-score:55,19552b09fa5b9f93
37d570606f3bc0b32355e2d3,mbarbine__Scripts,automation,"automation,backend",script,general,make,make,h4x/dagah-server/html/components/datatables-responsive/make.sh,.sh,32,,,,unknown,unknown,75,80,shared-automation-candidate,True,none,primary,none,"Automation component for general; review for reusable script, workflow, deployment job, or infra automation.",automation-score:80 | backend-score:55,55a0ad154571a094
84c54052a1ba58e11e4dd02c,mbarbine__Scripts,automation,"automation,backend",script,logic,update_dagah,update-dagah,h4x/dagah-server/html/upload/update_dagah.sh,.sh,9,,,,unknown,unknown,60,90,shared-automation-candidate,True,none,primary,none,"Automation component for logic; review for reusable script, workflow, deployment job, or infra automation.",automation-score:80 | backend-score:55,dcfa410d13cba51b
3ba0a715a9824dc2e8e4dd78,mbarbine__Scripts,automation,"automation,backend,observability",script,observability,unzip,unzip,h4x/dagah-server/html/upload/unzip.sh,.sh,7,,,,unknown,unknown,60,90,shared-automation-candidate,True,none,primary,none,"Automation component for observability; review for reusable script, workflow, deployment job, or infra automation.",automation-score:80 | backend-score:55 | observability-score:55,ccdf8e5e1f1aa1a3
ccf6bbf6384a0937b87b6eec,mbarbine__Scripts,automation,"automation,backend",script,testing,update_dagah_test,update-dagah-test,h4x/dagah-server/html/upload/update_dagah_test.sh,.sh,3,,,,unknown,unknown,60,75,shared-automation-candidate,False,none,primary,none,"Automation component for testing; review for reusable script, workflow, deployment job, or infra automation.",automation-score:80 | backend-score:55,9a21e730a6bda44f
dde038ce31c317fa8f8a6493,mbarbine__Scripts,automation,"automation,backend",script,ai,gradlew,gradlew,h4x/dagah-server/APKs/AndroidAgentNew/gradlew.bat,.bat,90,,,,unknown,unknown,65,95,shared-automation-candidate,True,none,primary,none,"Automation component for ai; review for reusable script, workflow, deployment job, or infra automation.",automation-score:80 | backend-score:55,f4f428c5626b3d90
7e52aee061083c3b6d46ca8a,mbarbine__Scripts,automation,"automation,backend",script,ai,gradlew,gradlew,h4x/dagah-server/APKs/AndroidAgentBAK/gradlew.bat,.bat,90,,,,unknown,unknown,65,95,shared-automation-candidate,True,none,primary,none,"Automation component for ai; review for reusable script, workflow, deployment job, or infra automation.",automation-score:80 | backend-score:55,f4f428c5626b3d90
508fdbd07e47428aef8fce82,mbarbine__Scripts,automation,automation,script,game,gradlew,gradlew,h4x/dagah-android/gradlew.bat,.bat,91,,,,unknown,unknown,55,80,shared-automation-candidate,True,none,primary,none,"Automation component for game; review for reusable script, workflow, deployment job, or infra automation.",automation-score:80,d1271a1351affadc
a1349318e37644dd856d4558,mbarbine__Scripts,automation,"automation,observability",script,general,nodesource_setup,nodesource-setup,nodejs/nodesource_setup.sh,.sh,23,,,,unknown,unknown,65,80,shared-automation-candidate,False,none,primary,none,"Automation component for general; review for reusable script, workflow, deployment job, or infra automation.",automation-score:80 | observability-score:55,56439cd57c5983dd
1866be9fe3bc49af06e36e49,mbarbine__Scripts,automation,"automation,observability,security",script,ai,nodesource_setup,nodesource-setup,docker/nodesource_setup.sh,.sh,335,,,,unknown,unknown,65,90,shared-automation-candidate,True,none,primary,none,"Automation component for ai; review for reusable script, workflow, deployment job, or infra automation.",automation-score:175 | observability-score:55 | security-score:55,cd91db1284e8ad1b
589901b42b8458eedb5546df,mbarbine__Scripts,automation,"automation,security",container-automation,testing,Dockerfile,dockerfile,docker/builders/Dockerfile,Dockerfile,223,,,,unknown,unknown,65,75,shared-automation-candidate,False,none,primary,none,"Automation component for testing; review for reusable script, workflow, deployment job, or infra automation.",automation-score:135 | security-score:55,ab282cd475c6d227
0c046d7f7e5e3635a07c54af,mbarbine__Scripts,automation,"automation,observability,security",script,ai,nodesource_setup,nodesource-setup,docker/builders/nodesource_setup.sh,.sh,335,,,,unknown,unknown,65,90,shared-automation-candidate,True,none,primary,none,"Automation component for ai; review for reusable script, workflow, deployment job, or infra automation.",automation-score:175 | observability-score:55 | security-score:55,cd91db1284e8ad1b
0e577e40c769f059995729f5,mbarbine__Scripts,automation,automation,container-automation,deployment,docker-compose,docker-compose,docker/compose/docker-compose.yml,.yml,6,,,,unknown,unknown,50,90,shared-automation-candidate,False,none,primary,none,"Automation component for deployment; review for reusable script, workflow, deployment job, or infra automation.",automation-score:50,c7074b0924766d3b
bdab31bf1d5bf47e2a240028,mbarbine__Scripts,automation,"automation,security",script,auth-and-keys,initDockerContainer,init-docker-container,docker/scripts/other/initDockerContainer.sh,.sh,94,,,,unknown,unknown,75,95,shared-automation-candidate,False,none,primary,none,"Automation component for auth-and-keys; review for reusable script, workflow, deployment job, or infra automation.",automation-score:175 | security-score:55,205a9456ebe9faae
92ce728f8bdc1a9202f47025,mbarbine__Scripts,automation,automation,script,deployment,setup,setup,docker/scripts/setup/win/setup.bat,.bat,25,,,,unknown,unknown,65,95,shared-automation-candidate,False,none,primary,none,"Automation component for deployment; review for reusable script, workflow, deployment job, or infra automation.",automation-score:175,7381b23773b31336
d3024502a666884753110740,mbarbine__Scripts,automation,"automation,observability",script,observability,docker_env,docker-env,docker/scripts/setup/win/docker_env.bat,.bat,8,,,,unknown,unknown,70,90,shared-automation-candidate,True,none,primary,none,"Automation component for observability; review for reusable script, workflow, deployment job, or infra automation.",automation-score:175 | observability-score:55,e1fb8a6d3f366065
ad85e529ff2e991ef0e292e1,mbarbine__Scripts,automation,automation,script,deployment,Install_VSCode,install-vscode,docker/scripts/setup/win/Install_VSCode.ps1,.ps1,2,,,,unknown,unknown,60,90,shared-automation-candidate,False,none,primary,none,"Automation component for deployment; review for reusable script, workflow, deployment job, or infra automation.",automation-score:130,735bd24f305993af
13b2735ea9a52d94a7ae09d1,mbarbine__Scripts,automation,"automation,observability",script,shipping,vs_code_extensions,vs-code-extensions,docker/scripts/setup/win/vs_code_extensions.ps1,.ps1,32,,,,unknown,unknown,75,80,shared-automation-candidate,True,none,primary,none,"Automation component for shipping; review for reusable script, workflow, deployment job, or infra automation.",automation-score:175 | observability-score:55,16510ad8414582ff
1322d391d5209d54f5d289ad,mbarbine__Scripts,automation,"automation,observability,security",script,observability,docker-cleanup-volumes,docker-cleanup-volumes,docker/scripts/cleanup/docker-cleanup-volumes.sh,.sh,133,,,,unknown,unknown,75,95,shared-automation-candidate,True,none,primary,none,"Automation component for observability; review for reusable script, workflow, deployment job, or infra automation.",automation-score:175 | observability-score:55 | security-score:55,11e639a784442c65
76d1a5ecfbe82c3c21bf85bf,mbarbine__Scripts,automation,automation,container-automation,testing,Dockerfile,dockerfile,docker/scripts/cleanup/Dockerfile,Dockerfile,19,,,,unknown,unknown,65,80,shared-automation-candidate,False,none,primary,none,"Automation component for testing; review for reusable script, workflow, deployment job, or infra automation.",automation-score:180,b5d3c3becd0ee4f1
980283de51b87dd25906c7e5,mbarbine__Scripts,automation,"automation,ai",container-automation,ai,Makefile,makefile,docker/scripts/cleanup/Makefile,Makefile,31,,,,unknown,unknown,75,95,shared-automation-candidate,True,none,primary,none,"Automation component for ai; review for reusable script, workflow, deployment job, or infra automation.",automation-score:180 | ai-score:45,4200a0b3a98896f9
5940cdbfd56a5929a89c3a3b,mbarbine__Scripts,automation,"automation,observability",script,analytics,run,run,docker/scripts/cleanup/run.sh,.sh,220,,,,unknown,unknown,75,75,shared-automation-candidate,True,none,primary,none,"Automation component for analytics; review for reusable script, workflow, deployment job, or infra automation.",automation-score:175 | observability-score:55,378d486eafa0d41a
3bcbbecade6c39d48203e446,mbarbine__Scripts,automation,automation,container-automation,testing,Dockerfile,dockerfile,SORT/OpsClick_BE_Ansible/Dockerfile,Dockerfile,20,,,,unknown,unknown,55,80,shared-automation-candidate,False,none,primary,none,"Automation component for testing; review for reusable script, workflow, deployment job, or infra automation.",automation-score:180,282c668b89aee161
aef86ed82439b4cc5cb98977,mbarbine__Scripts,automation,automation,container-automation,testing,docker-compose,docker-compose,SORT/OpsClick_BE_Ansible/docker-compose.yml,.yml,54,,,,unknown,unknown,55,80,shared-automation-candidate,False,none,primary,none,"Automation component for testing; review for reusable script, workflow, deployment job, or infra automation.",automation-score:50,b2f27adf20fd5876
8d261da8a76c7f7112010950,mbarbine__Scripts,automation,automation,automation-config,general,manage,manage,SORT/OpsClick_BE_Ansible/manage.py,.py,22,,"django,django.core.management,os,sys","django,django.core.management,os,sys",python,unknown,65,55,catalog-only,False,none,primary,none,"Automation component for general; review for reusable script, workflow, deployment job, or infra automation.","imports:django, django.core.management, os, sys | automation-score:50",e76a39c0da5fb76d
4d70100ba3ce5f8aa399a997,mbarbine__Scripts,automation,automation,automation-config,commerce,apidoc,apidoc,SORT/OpsClick_BE_Ansible/apidoc.json,.json,24,,,,unknown,unknown,55,55,catalog-only,False,none,primary,none,"Automation component for commerce; review for reusable script, workflow, deployment job, or infra automation.",automation-score:95,674105f1e82a40dc
028b5af361cb45398de55deb,mbarbine__Scripts,automation,"automation,logic,observability,security,ai",automation-config,observability,tasks,tasks,SORT/OpsClick_BE_Ansible/core/tasks.py,.py,242,"ansible_setup,generate_ssh_key,install_docker,install_service,running_setup",".clouds,.models,.serializers,api.settings,base64,celery,celery.decorators,celery.utils.log,cryptography.hazmat.backends,cryptography.hazmat.primitives,cryptography.hazmat.primitives.asymmetric,hashlib,jinja2,json,mongoengine,os,os.path,rest_framework.renderers,stat,subprocess,tempfile","api.settings,base64,celery,celery.decorators,celery.utils.log,cryptography.hazmat.backends,cryptography.hazmat.primitives,cryptography.hazmat.primitives.asymmetric,hashlib,jinja2,json,mongoengine,os,os.path,rest_framework.renderers,stat,subprocess,tempfile",python,unknown,90,65,shared-automation-candidate,True,none,primary,secondary,"Automation component for observability; review for reusable script, workflow, deployment job, or infra automation.","exports:ansible_setup, generate_ssh_key, install_docker, install_service, running_setup | imports:.clouds, .models, .serializers, api.settings, base64, celery, celery.decorators, celery.utils.log | automation-score:95 | logic-score:85 | observability-score:55 | security-score:55 | ai-score:45",fb22aebda4eae1e3
63ff82a08e2a5eab22aa8569,mbarbine__Scripts,automation,"automation,logic,security,ai",automation-config,auth-and-keys,serializers,serializers,SORT/OpsClick_BE_Ansible/core/serializers.py,.py,77,"AddonSerializer,AnsiblePlaySerializer,AnsiblePlaybookSerializer,AnsibleTaskSerializer,OptionsSerializer,SetupSerializer","core.models,django_mongoengine,rest_framework_mongoengine.serializers","core.models,django_mongoengine,rest_framework_mongoengine.serializers",python,unknown,90,70,shared-automation-candidate,True,none,primary,secondary,"Automation component for auth-and-keys; review for reusable script, workflow, deployment job, or infra automation.","exports:AddonSerializer, AnsiblePlaySerializer, AnsiblePlaybookSerializer, AnsibleTaskSerializer, OptionsSerializer, SetupSerializer | imports:core.models, django_mongoengine, rest_framework_mongoengine.serializers | automation-score:95 | logic-score:85 | security-score:55 | ai-score:45",7139c1d00835a004
ec57c3d357195c0a3cd9bbdf,mbarbine__Scripts,automation,"automation,logic",automation-config,general,__init__,init,SORT/OpsClick_BE_Ansible/core/__init__.py,.py,0,,,,python,unknown,60,50,catalog-only,False,none,primary,secondary,"Automation component for general; review for reusable script, workflow, deployment job, or infra automation.",automation-score:50 | logic-score:45,ef83e2e56a3a53a6
c644b520828926eb015d360e,mbarbine__Scripts,automation,"automation,logic",automation-config,general,setup,setup,SORT/OpsClick_BE_Ansible/core/setup.py,.py,0,,,,python,unknown,60,50,catalog-only,False,none,primary,secondary,"Automation component for general; review for reusable script, workflow, deployment job, or infra automation.",automation-score:50 | logic-score:45,d4cde6d750d4e32e
4947dee9b30f4e1be7b8a447,mbarbine__Scripts,automation,"automation,logic,ai",automation-config,general,admin,admin,SORT/OpsClick_BE_Ansible/core/admin.py,.py,3,,django.contrib,django.contrib,python,unknown,70,50,catalog-only,True,none,primary,secondary,"Automation component for general; review for reusable script, workflow, deployment job, or infra automation.",imports:django.contrib | automation-score:50 | logic-score:45 | ai-score:45,b2e328e31f08dc90
cf2557cd95aeee890255003f,mbarbine__Scripts,automation,"automation,logic",automation-config,testing,tests,tests,SORT/OpsClick_BE_Ansible/core/tests.py,.py,3,,django.test,django.test,python,unknown,70,50,catalog-only,False,none,primary,secondary,"Automation component for testing; review for reusable script, workflow, deployment job, or infra automation.",imports:django.test | automation-score:50 | logic-score:45,9ab6c6191360e63c
27c1de087dac8508063b980a,mbarbine__Scripts,automation,"automation,logic,observability,security,ai",automation-config,auth-and-keys,views,views,SORT/OpsClick_BE_Ansible/core/views.py,.py,205,"cloud_detail,clouds_info,get_assets,get_jobs,get_setup_status,index,service_fields,service_list,setup_service,task_status,test_serializer",".,celery.result,core.models,core.serializers,core.tasks,django.contrib.auth,django_mongoengine.mongo_auth.models,json,mongoengine,rest_framework,rest_framework.decorators,rest_framework.response","celery.result,core.models,core.serializers,core.tasks,django.contrib.auth,django_mongoengine.mongo_auth.models,json,mongoengine,rest_framework,rest_framework.decorators,rest_framework.response",python,unknown,90,65,shared-automation-candidate,True,none,primary,secondary,"Automation component for auth-and-keys; review for reusable script, workflow, deployment job, or infra automation.","exports:cloud_detail, clouds_info, get_assets, get_jobs, get_setup_status, index, service_fields, service_list | imports:., celery.result, core.models, core.serializers, core.tasks, django.contrib.auth, django_mongoengine.mongo_auth.models, json | automation-score:95 | logic-score:85 | observability-score:55 | security-score:55 | ai-score:45",03530a1c612fc8d0
ab9759bb7b3b1e8107a21139,mbarbine__Scripts,automation,"automation,logic",automation-config,general,__init__,init,SORT/OpsClick_BE_Ansible/core/migrations/__init__.py,.py,0,,,,python,unknown,60,50,catalog-only,False,none,primary,secondary,"Automation component for general; review for reusable script, workflow, deployment job, or infra automation.",automation-score:50 | logic-score:45,8b755f3cda0f5b00
3d33eed445319868c6140599,mbarbine__Scripts,automation,"automation,logic",container-automation,deployment,main,main,SORT/OpsClick_BE_Ansible/clouds/lib/docker/main.yml,.yml,9,,,,unknown,unknown,70,90,shared-automation-candidate,False,none,primary,secondary,"Automation component for deployment; review for reusable script, workflow, deployment job, or infra automation.",automation-score:95 | logic-score:45,e5933a4b89002239
6d3591ae9600a8e225a8e42f,mbarbine__Scripts,automation,"automation,logic",container-automation,workflow,main,main,SORT/OpsClick_BE_Ansible/clouds/lib/docker/roles/docker/tasks/main.yml,.yml,40,,,,unknown,unknown,75,80,shared-automation-candidate,True,none,primary,secondary,"Automation component for workflow; review for reusable script, workflow, deployment job, or infra automation.",automation-score:95 | logic-score:45,55c9c9dd5dfcf5b8
8f73584d5e0fad20e4429562,mbarbine__Scripts,automation,"automation,backend,observability",automation-config,observability,main,main,SORT/OpsClick_BE_Ansible/services/activemq/roles/activemq/tasks/main.yml,.yml,15,,,,unknown,unknown,65,70,shared-automation-candidate,True,none,primary,none,"Automation component for observability; review for reusable script, workflow, deployment job, or infra automation.",automation-score:95 | backend-score:55 | observability-score:55,b7e35125f02e725b
ca2866003a3bf25df752eb1f,mbarbine__Scripts,automation,"automation,backend",automation-config,workflow,main,main,SORT/OpsClick_BE_Ansible/services/lamp/roles/lamp/tasks/main.yml,.yml,11,,,,unknown,unknown,65,55,catalog-only,True,none,primary,none,"Automation component for workflow; review for reusable script, workflow, deployment job, or infra automation.",automation-score:95 | backend-score:55,d0ee4e5090e1a507
565790a83d00f178cef5a71d,mbarbine__Scripts,automation,"automation,backend",automation-config,workflow,main,main,SORT/OpsClick_BE_Ansible/services/nagios/roles/nagios/tasks/main.yml,.yml,8,,,,unknown,unknown,60,50,catalog-only,True,none,primary,none,"Automation component for workflow; review for reusable script, workflow, deployment job, or infra automation.",automation-score:95 | backend-score:55,5a001d3b31352bc8
1307ca83a7638ba7419d7445,mbarbine__Scripts,automation,"automation,backend",automation-config,workflow,main,main,SORT/OpsClick_BE_Ansible/services/postgresql/roles/postgresql/tasks/main.yml,.yml,13,,,,unknown,unknown,65,55,catalog-only,True,none,primary,none,"Automation component for workflow; review for reusable script, workflow, deployment job, or infra automation.",automation-score:95 | backend-score:55,d3a4ef069cb50c3d
afbd2b52eee52b0254211c59,mbarbine__Scripts,automation,"automation,backend,observability",automation-config,observability,main,main,SORT/OpsClick_BE_Ansible/services/weblogic/roles/weblogic/tasks/main.yml,.yml,9,,,,unknown,unknown,60,65,shared-automation-candidate,True,none,primary,none,"Automation component for observability; review for reusable script, workflow, deployment job, or infra automation.",automation-score:95 | backend-score:55 | observability-score:55,8ed6566898c80f60
8da26e8c060f2be1c44168d7,mbarbine__Scripts,automation,"automation,backend",automation-config,workflow,main,main,SORT/OpsClick_BE_Ansible/services/couchdb/roles/couchdb/tasks/main.yml,.yml,11,,,,unknown,unknown,65,55,catalog-only,True,none,primary,none,"Automation component for workflow; review for reusable script, workflow, deployment job, or infra automation.",automation-score:95 | backend-score:55,352cd9bdb83477af
03a4e6d01631a52f58f09b37,mbarbine__Scripts,automation,"automation,backend",automation-config,workflow,main,main,SORT/OpsClick_BE_Ansible/services/mean/roles/mean/tasks/main.yml,.yml,10,,,,unknown,unknown,60,55,catalog-only,True,none,primary,none,"Automation component for workflow; review for reusable script, workflow, deployment job, or infra automation.",automation-score:95 | backend-score:55,284220365823816b
f4d71fb1651b9bfe181f23bf,mbarbine__Scripts,automation,"automation,backend",automation-config,workflow,main,main,SORT/OpsClick_BE_Ansible/services/wildfly/roles/wildfly/tasks/main.yml,.yml,9,,,,unknown,unknown,60,50,catalog-only,True,none,primary,none,"Automation component for workflow; review for reusable script, workflow, deployment job, or infra automation.",automation-score:95 | backend-score:55,3f6d335acfcb4074
f3f66b4dad8247f7ba13214b,mbarbine__Scripts,automation,"automation,backend",automation-config,workflow,main,main,SORT/OpsClick_BE_Ansible/services/tomcat/roles/tomcat/tasks/main.yml,.yml,10,,,,unknown,unknown,60,55,catalog-only,True,none,primary,none,"Automation component for workflow; review for reusable script, workflow, deployment job, or infra automation.",automation-score:95 | backend-score:55,a98c41d87945aaa4
4bbc332bbe20e5d6dffa29a5,mbarbine__Scripts,automation,"automation,backend,security",automation-config,workflow,main,main,SORT/OpsClick_BE_Ansible/services/wordpress/roles/wordpress/tasks/main.yml,.yml,20,,,,unknown,unknown,65,55,catalog-only,True,none,primary,none,"Automation component for workflow; review for reusable script, workflow, deployment job, or infra automation.",automation-score:95 | backend-score:55 | security-score:55,87ff9b782db62e5a
abcfb0e0cb04f5c1b961ce33,mbarbine__Scripts,automation,"automation,backend",automation-config,workflow,main,main,SORT/OpsClick_BE_Ansible/services/jboss/roles/jboss/tasks/main.yml,.yml,11,,,,unknown,unknown,65,55,catalog-only,True,none,primary,none,"Automation component for workflow; review for reusable script, workflow, deployment job, or infra automation.",automation-score:95 | backend-score:55,e56117d955c2533d
49136e518aacd104084f0995,mbarbine__Scripts,automation,"automation,backend",automation-config,workflow,main,main,SORT/OpsClick_BE_Ansible/services/glassfish/roles/glassfish/tasks/main.yml,.yml,9,,,,unknown,unknown,60,50,catalog-only,True,none,primary,none,"Automation component for workflow; review for reusable script, workflow, deployment job, or infra automation.",automation-score:95 | backend-score:55,f98c2b6d938c49d9
c96575ce433b843e5cef19c6,mbarbine__Scripts,automation,"automation,backend",automation-config,workflow,main,main,SORT/OpsClick_BE_Ansible/services/rabbitmq/roles/rabbitmq/tasks/main.yml,.yml,11,,,,unknown,unknown,65,55,catalog-only,True,none,primary,none,"Automation component for workflow; review for reusable script, workflow, deployment job, or infra automation.",automation-score:95 | backend-score:55,7b4256d3ba84fc94
f81bbb558fd3f30438bde6ae,mbarbine__Scripts,automation,"automation,backend",automation-config,workflow,main,main,SORT/OpsClick_BE_Ansible/services/elk/roles/elk/tasks/main.yml,.yml,8,,,,unknown,unknown,60,50,catalog-only,True,none,primary,none,"Automation component for workflow; review for reusable script, workflow, deployment job, or infra automation.",automation-score:95 | backend-score:55,e8384c980545c5e5
a8b82776f04f11c2e4638dca,mbarbine__Scripts,automation,"automation,backend",automation-config,workflow,main,main,SORT/OpsClick_BE_Ansible/services/mongodb/roles/mongodb/tasks/main.yml,.yml,12,,,,unknown,unknown,65,55,catalog-only,True,none,primary,none,"Automation component for workflow; review for reusable script, workflow, deployment job, or infra automation.",automation-score:95 | backend-score:55,66ba27b9e661f661
d8655b463c89ede382e34b83,mbarbine__Scripts,automation,"automation,backend",automation-config,workflow,main,main,SORT/OpsClick_BE_Ansible/services/tcserver/roles/tcserver/tasks/main.yml,.yml,8,,,,unknown,unknown,60,50,catalog-only,True,none,primary,none,"Automation component for workflow; review for reusable script, workflow, deployment job, or infra automation.",automation-score:95 | backend-score:55,dc98270e8cb544ca
bc4cb35eb1596b5a259f7e91,mbarbine__Scripts,automation,"automation,backend",automation-config,workflow,main,main,SORT/OpsClick_BE_Ansible/services/nexus/roles/nexus/tasks/main.yml,.yml,9,,,,unknown,unknown,60,50,catalog-only,True,none,primary,none,"Automation component for workflow; review for reusable script, workflow, deployment job, or infra automation.",automation-score:95 | backend-score:55,4908262c6d223131
cb00431344e79bf3e1b54be9,mbarbine__Scripts,automation,"automation,backend",automation-config,workflow,main,main,SORT/OpsClick_BE_Ansible/services/nginx/roles/nginx/tasks/main.yml,.yml,11,,,,unknown,unknown,65,55,catalog-only,True,none,primary,none,"Automation component for workflow; review for reusable script, workflow, deployment job, or infra automation.",automation-score:95 | backend-score:55,470bd1b07352d70f
3cb7fd19ed6ee5199af87f5d,mbarbine__Scripts,automation,"automation,backend",automation-config,workflow,main,main,SORT/OpsClick_BE_Ansible/services/mysql/roles/mysql/tasks/main.yml,.yml,13,,,,unknown,unknown,65,55,catalog-only,True,none,primary,none,"Automation component for workflow; review for reusable script, workflow, deployment job, or infra automation.",automation-score:95 | backend-score:55,bfd31671dd1e40ef
750355d2fa5a2f74b3097c87,mbarbine__Scripts,automation,"automation,backend",automation-config,workflow,main,main,SORT/OpsClick_BE_Ansible/services/elasticsearch/roles/elasticsearch/tasks/main.yml,.yml,8,,,,unknown,unknown,60,50,catalog-only,True,none,primary,none,"Automation component for workflow; review for reusable script, workflow, deployment job, or infra automation.",automation-score:95 | backend-score:55,df2bccb66c9bef75
52ff3e79132516cdc3ce3805,mbarbine__Scripts,automation,"automation,backend",automation-config,workflow,main,main,SORT/OpsClick_BE_Ansible/services/apache/roles/apache/tasks/main.yml,.yml,9,,,,unknown,unknown,60,50,catalog-only,True,none,primary,none,"Automation component for workflow; review for reusable script, workflow, deployment job, or infra automation.",automation-score:95 | backend-score:55,d9a4f2eb3bd4095d
4d3d3079a64327d5902fc5a9,mbarbine__Scripts,automation,"automation,backend",automation-config,workflow,main,main,SORT/OpsClick_BE_Ansible/services/tcserver_/roles/tcserver_/tasks/main.yml,.yml,10,,,,unknown,unknown,60,55,catalog-only,True,none,primary,none,"Automation component for workflow; review for reusable script, workflow, deployment job, or infra automation.",automation-score:95 | backend-score:55,ae289477f320b9f5
0a667c17edb953c8ae6ec9a5,mbarbine__Scripts,automation,automation,container-automation,deployment,Dockerfile,dockerfile,SORT/OpsClick_website/Dockerfile,Dockerfile,7,,,,unknown,unknown,50,90,shared-automation-candidate,False,none,primary,none,"Automation component for deployment; review for reusable script, workflow, deployment job, or infra automation.",automation-score:85,8cf14b43c322cef2
08e8a098690610d958bac524,mbarbine__Scripts,automation,automation,container-automation,deployment,docker-compose,docker-compose,SORT/OpsClick_website/docker-compose.yml,.yml,13,,,,unknown,unknown,55,95,shared-automation-candidate,False,none,primary,none,"Automation component for deployment; review for reusable script, workflow, deployment job, or infra automation.",automation-score:50,52636fca8ed3fd8d
5d10b2c819efc6f99f7c8f4d,mbarbine__Scripts,automation,automation,container-automation,deployment,Dockerfile,dockerfile,SORT/OpsClick_BE_Pricing/Dockerfile,Dockerfile,9,,,,unknown,unknown,50,90,shared-automation-candidate,False,none,primary,none,"Automation component for deployment; review for reusable script, workflow, deployment job, or infra automation.",automation-score:85,b472a2f470a13376
5a9f6079b238fc2614e7a9c6,mbarbine__Scripts,automation,automation,container-automation,deployment,docker-compose,docker-compose,SORT/OpsClick_BE_Pricing/docker-compose.yml,.yml,13,,,,unknown,unknown,55,95,shared-automation-candidate,False,none,primary,none,"Automation component for deployment; review for reusable script, workflow, deployment job, or infra automation.",automation-score:50,52636fca8ed3fd8d
f96579c0897ef114f01219fe,mbarbine__Scripts,automation,automation,script,general,install,install,SORT/OpsClick_UI/install.sh,.sh,2,,,,unknown,unknown,50,75,shared-automation-candidate,False,none,primary,none,"Automation component for general; review for reusable script, workflow, deployment job, or infra automation.",automation-score:80,a8378d81b2c0b31d
742a1bddaeeef77d09130bd5,mbarbine__Scripts,automation,automation,automation-config,workflow,job-box,job-box,SORT/OpsClick_UI/public/app/modules/dashboard/directives/job-box.js,.js,36,,,,next-react,unknown,65,55,catalog-only,True,none,primary,none,"Automation component for workflow; review for reusable script, workflow, deployment job, or infra automation.",automation-score:50,4cdcdbb04ed83aae
63080ca87f177b8791e4afe8,mbarbine__Scripts,automation,automation,automation-config,workflow,jobs,jobs,SORT/OpsClick_UI/public/app/modules/jobs/jobs.js,.js,3,,,,next-react,unknown,60,50,catalog-only,True,none,primary,none,"Automation component for workflow; review for reusable script, workflow, deployment job, or infra automation.",automation-score:50,dd06ddbb7e10031e
336a853b6a54d3d72ff9fe48,mbarbine__Scripts,automation,automation,automation-config,analytics,jquery.1.11.1.min,jquery-1-11-1-min,SORT/OpsClick_UI/public/app/assets/js/jquery.1.11.1.min.js,.js,4,"Ab,Bb,D,Eb,Fb,G,I,J,Lb,Lc,Mc,Nc,O,Oc,P,Pc,Q,R,Ub,Vb,Vc,Wb,Xb,Yb,Zb,Zc",+i+,+i+,next-react,unknown,85,50,catalog-only,True,none,primary,none,"Automation component for analytics; review for reusable script, workflow, deployment job, or infra automation.","exports:Ab, Bb, D, Eb, Fb, G, I, J | imports:+i+ | automation-score:45",540bc6dec1dd4b92
8fba1bbfcd1278f5c19bd0f7,mbarbine__Scripts,automation,automation,automation-config,analytics,jquery-2.1.3.min,jquery-2-1-3-min,SORT/OpsClick_UI/static/about/js/jquery-2.1.3.min.js,.js,4,"Ac,D,Fb,G,Gb,Hb,I,Ib,Jb,Jc,K,Kb,P,Sb,Tb,Ub,Vb,Wb,Xb,Z",+i+,+i+,unknown,unknown,75,50,catalog-only,True,none,primary,none,"Automation component for analytics; review for reusable script, workflow, deployment job, or infra automation.","exports:Ac, D, Fb, G, Gb, Hb, I, Ib | imports:+i+ | automation-score:45",8af93bd675e1cfd9
7e5a5bbd967f9013790df973,mbarbine__Scripts,automation,automation,automation-config,ai,jquery.min,jquery-min,SORT/OpsClick_UI/static/about/js/jquery.min.js,.js,4,"J,K,S,T,U",+m.replace(,+m.replace(,unknown,unknown,75,65,shared-automation-candidate,True,none,primary,none,"Automation component for ai; review for reusable script, workflow, deployment job, or infra automation.","exports:J, K, S, T, U | imports:+m.replace( | automation-score:45",88171413fc76dda2
c7f285fea282c6f2ee72daa8,mbarbine__Scripts,automation,automation,automation-config,analytics,jquery.1.11.1.min,jquery-1-11-1-min,SORT/OpsClick_UI/static/about/js/jquery.1.11.1.min.js,.js,4,"Ab,Bb,D,Eb,Fb,G,I,J,Lb,Lc,Mc,Nc,O,Oc,P,Pc,Q,R,Ub,Vb,Vc,Wb,Xb,Yb,Zb,Zc",+i+,+i+,unknown,unknown,75,50,catalog-only,True,none,primary,none,"Automation component for analytics; review for reusable script, workflow, deployment job, or infra automation.","exports:Ab, Bb, D, Eb, Fb, G, I, J | imports:+i+ | automation-score:45",540bc6dec1dd4b92
b14066ebffffb542ab297c5d,mbarbine__Scripts,automation,automation,automation-config,analytics,jquery.placeholder,jquery-placeholder,SORT/OpsClick_UI/static/about/js/jquery.placeholder.js,.js,200,,jquery,jquery,unknown,unknown,65,55,catalog-only,True,none,primary,none,"Automation component for analytics; review for reusable script, workflow, deployment job, or infra automation.",imports:jquery | automation-score:45,07f0e6953325112d
6b8c429969f722c7775f36ea,mbarbine__Scripts,automation,automation,automation-config,workflow,job-constants,job-constants,SORT/OpsClick_UI/src/js/constants/job-constants.js,.js,9,,,,unknown,unknown,50,50,catalog-only,True,none,primary,none,"Automation component for workflow; review for reusable script, workflow, deployment job, or infra automation.",automation-score:50,ecdefe9b81f57bea
cbb44fbc50c43018ebd360fb,mbarbine__Scripts,automation,automation,automation-config,workflow,job-actions,job-actions,SORT/OpsClick_UI/src/js/actions/job-actions.js,.js,60,,"../constants/job-constants,../dispatcher/app-dispatcher",,unknown,unknown,65,55,catalog-only,True,none,primary,none,"Automation component for workflow; review for reusable script, workflow, deployment job, or infra automation.","imports:../constants/job-constants, ../dispatcher/app-dispatcher | automation-score:50",47439036dc0a41f1
7ddf64028c6bda4df3116fe6,mbarbine__Scripts,automation,"automation,security",automation-config,shipping,azure,azure,SORT/ansible-azure/vars/azure.yml,.yml,33,,,,unknown,unknown,65,55,catalog-only,True,none,primary,none,"Automation component for shipping; review for reusable script, workflow, deployment job, or infra automation.",automation-score:95 | security-score:55,39be0c1023110f85
e0ded82e6041a7975d691945,mbarbine__Scripts,automation,automation,automation-config,workflow,storage_account,storage-account,SORT/ansible-azure/tests/storage_account.yml,.yml,55,,,,unknown,unknown,55,55,catalog-only,True,none,primary,none,"Automation component for workflow; review for reusable script, workflow, deployment job, or infra automation.",automation-score:50,1d46286367cc618a
b81195e170581924548ca4dc,mbarbine__Scripts,automation,automation,automation-config,workflow,affinity_group,affinity-group,SORT/ansible-azure/tests/affinity_group.yml,.yml,54,,,,unknown,unknown,55,55,catalog-only,True,none,primary,none,"Automation component for workflow; review for reusable script, workflow, deployment job, or infra automation.",automation-score:50,b898045b88e8891f
ffaa387187273d453343405b,mbarbine__Scripts,automation,automation,script,general,upgrade_pipsv2,upgrade-pipsv2,python/upgrade_pipsv2.sh,.sh,6,,,,unknown,unknown,50,75,shared-automation-candidate,False,none,primary,none,"Automation component for general; review for reusable script, workflow, deployment job, or infra automation.",automation-score:80,274c77431d6e2035
c187d4ae8e89424af982da0a,mbarbine__Scripts,automation,"automation,security",container-automation,auth-and-keys,Dockerfile,dockerfile,python/Dockerfile,Dockerfile,13,,,,unknown,unknown,65,95,shared-automation-candidate,False,none,primary,none,"Automation component for auth-and-keys; review for reusable script, workflow, deployment job, or infra automation.",automation-score:85 | security-score:55,59e3c44641cb198c
18b838d9c96dd408b81cfb41,mbarbine__Scripts,automation,automation,script,general,get-pips,get-pips,python/get-pips.sh,.sh,2,,,,unknown,unknown,50,75,shared-automation-candidate,False,none,primary,none,"Automation component for general; review for reusable script, workflow, deployment job, or infra automation.",automation-score:80,eff3ea2a49b8f100
fda636e6dd87c4e826574a57,mbarbine__Scripts,automation,automation,script,general,upgrade_pips,upgrade-pips,python/upgrade_pips.sh,.sh,3,,,,unknown,unknown,50,75,shared-automation-candidate,False,none,primary,none,"Automation component for general; review for reusable script, workflow, deployment job, or infra automation.",automation-score:80,d7dacd6233b635d0
d07da7e890ab98ccd8a362c9,mbarbine__Scripts,automation,automation,script,testing,runall,runall,python/tests/runall.sh,.sh,88,,,,unknown,unknown,55,80,shared-automation-candidate,False,none,primary,none,"Automation component for testing; review for reusable script, workflow, deployment job, or infra automation.",automation-score:80,2d50d50307644cc4
93a3655e1974e31103ca4cc0,mbarbine__Scripts,automation,automation,script,testing,runalltestcases,runalltestcases,python/tests/misc/runalltestcases.sh,.sh,48,,,,unknown,unknown,55,80,shared-automation-candidate,False,none,primary,none,"Automation component for testing; review for reusable script, workflow, deployment job, or infra automation.",automation-score:80,a588706d56310822
9849078663f9cf048f19de69,mbarbine__Scripts,automation,"automation,security",script,auth-and-keys,runalltestcases,runalltestcases,python/tests/misc/runalltestcases.bat,.bat,2,,,,unknown,unknown,60,90,shared-automation-candidate,False,none,primary,none,"Automation component for auth-and-keys; review for reusable script, workflow, deployment job, or infra automation.",automation-score:80 | security-score:55,7c26513054436532
4356a2cae562b3608612ed0c,mbarbine__Scripts,automation,automation,script,testing,runalltestcases,runalltestcases,python/tests/ImpactPacket/runalltestcases.sh,.sh,44,,,,unknown,unknown,55,80,shared-automation-candidate,False,none,primary,none,"Automation component for testing; review for reusable script, workflow, deployment job, or infra automation.",automation-score:80,01a5b8e04242a00b
157a4d99830265bb53b04f0d,mbarbine__Scripts,automation,"automation,security",script,auth-and-keys,runalltestcases,runalltestcases,python/tests/ImpactPacket/runalltestcases.bat,.bat,2,,,,unknown,unknown,60,90,shared-automation-candidate,False,none,primary,none,"Automation component for auth-and-keys; review for reusable script, workflow, deployment job, or infra automation.",automation-score:80 | security-score:55,7c26513054436532
e0802e152a29c6a8b4c7d4d1,mbarbine__Scripts,automation,"automation,security",script,auth-and-keys,rundce,rundce,python/tests/SMB_RPC/rundce.sh,.sh,36,,,,unknown,unknown,65,95,shared-automation-candidate,False,none,primary,none,"Automation component for auth-and-keys; review for reusable script, workflow, deployment job, or infra automation.",automation-score:80 | security-score:55,bf02456b3f69833a
a3f7b32ea02e0eb25cc84c3c,mbarbine__Scripts,automation,automation,script,testing,runalltestcases,runalltestcases,python/tests/dot11/runalltestcases.sh,.sh,46,,,,unknown,unknown,55,80,shared-automation-candidate,False,none,primary,none,"Automation component for testing; review for reusable script, workflow, deployment job, or infra automation.",automation-score:80,d6aa586dfac77b0e
51d61f131eab232055321cad,mbarbine__Scripts,automation,"automation,security",script,auth-and-keys,runalltestcases,runalltestcases,python/tests/dot11/runalltestcases.bat,.bat,2,,,,unknown,unknown,60,90,shared-automation-candidate,False,none,primary,none,"Automation component for auth-and-keys; review for reusable script, workflow, deployment job, or infra automation.",automation-score:80 | security-score:55,7c26513054436532
de401ee99f0b6fb00f3bf585,mbarbine__Scripts,automation,"automation,logic",script,shipping,exchange-rules,exchange-rules,IR/exchange-rules.ps1,.ps1,10,,,,unknown,unknown,60,80,shared-automation-candidate,True,none,primary,secondary,"Automation component for shipping; review for reusable script, workflow, deployment job, or infra automation.",automation-score:80 | logic-score:45,0e3339e7a3563d93
3d6d29ee762ef3f1eab477e2,mbarbine__Scripts,automation,"automation,observability",script,observability,logs,logs,k8s/logs.sh,.sh,80,,,,unknown,unknown,65,95,shared-automation-candidate,True,none,primary,none,"Automation component for observability; review for reusable script, workflow, deployment job, or infra automation.",automation-score:125 | observability-score:55,90f2a1c10b949e51
7a560d1065a6d0a1177fc3cf,mbarbine__Scripts,automation,"automation,observability,security",script,observability,graph_audit,graph-audit,o365/graph_audit.ps1,.ps1,1,,,,unknown,unknown,60,90,shared-automation-candidate,True,none,primary,none,"Automation component for observability; review for reusable script, workflow, deployment job, or infra automation.",automation-score:80 | observability-score:55 | security-score:55,79beffffdae7c8d2
dcf50b5b4d4b5ef0f5820d85,mbarbine__Scripts,automation,"automation,security",script,ai,Install-GraphModules,install-graph-modules,o365/Install-GraphModules.ps1,.ps1,69,,,,unknown,unknown,65,95,shared-automation-candidate,True,none,primary,none,"Automation component for ai; review for reusable script, workflow, deployment job, or infra automation.",automation-score:80 | security-score:55,f57e9876589b8344
8dedea3db9c52c5a7cc706b9,mbarbine__Scripts,automation,automation,script,general,cap-policies-devices,cap-policies-devices,o365/cap-policies-devices.ps1,.ps1,79,,,,unknown,unknown,55,80,shared-automation-candidate,False,none,primary,none,"Automation component for general; review for reusable script, workflow, deployment job, or infra automation.",automation-score:80,529d84163687c457
42bb0eafb107993ffdbf550c,mbarbine__Scripts,automation,"automation,observability,security,ai",script,observability,cap-audit-test4,cap-audit-test4,o365/cap-audit-test4.ps1,.ps1,435,,,,unknown,unknown,65,90,shared-automation-candidate,True,none,primary,none,"Automation component for observability; review for reusable script, workflow, deployment job, or infra automation.",automation-score:125 | observability-score:55 | security-score:55 | ai-score:45,f11b780d28dce11e
8b62ac19a1bae237c88d91d6,mbarbine__Scripts,automation,"automation,observability,security,ai",script,observability,cap-audit-v2,cap-audit-v2,o365/cap-audit-v2.ps1,.ps1,350,,,,unknown,unknown,65,90,shared-automation-candidate,True,none,primary,none,"Automation component for observability; review for reusable script, workflow, deployment job, or infra automation.",automation-score:125 | observability-score:55 | security-score:55 | ai-score:45,f7c62ea8e01a7937
3e961310334add91cff26223,mbarbine__Scripts,automation,"automation,observability,security,ai",script,observability,cap-audit-test2,cap-audit-test2,o365/cap-audit-test2.ps1,.ps1,390,,,,unknown,unknown,65,90,shared-automation-candidate,True,none,primary,none,"Automation component for observability; review for reusable script, workflow, deployment job, or infra automation.",automation-score:125 | observability-score:55 | security-score:55 | ai-score:45,726fd27176d89b31
6e85b80a585adfe260fca62b,mbarbine__Scripts,automation,"automation,observability,security,ai",script,observability,cap-audit-test3,cap-audit-test3,o365/cap-audit-test3.ps1,.ps1,327,,,,unknown,unknown,65,90,shared-automation-candidate,True,none,primary,none,"Automation component for observability; review for reusable script, workflow, deployment job, or infra automation.",automation-score:125 | observability-score:55 | security-score:55 | ai-score:45,81709e2519e31b99
ded94b02a57ac7a9047ae996,mbarbine__Scripts,automation,"automation,observability,security",script,observability,o365-audit-final,o365-audit-final,o365/o365-audit-final.ps1,.ps1,1,,,,unknown,unknown,60,90,shared-automation-candidate,True,none,primary,none,"Automation component for observability; review for reusable script, workflow, deployment job, or infra automation.",automation-score:80 | observability-score:55 | security-score:55,81abc4ae72e8e809
379a49342399be39e00600cd,mbarbine__Scripts,automation,"automation,observability,security",script,ai,Fix-GraphModuleIssues,fix-graph-module-issues,o365/Fix-GraphModuleIssues.ps1,.ps1,181,,,,unknown,unknown,65,95,shared-automation-candidate,False,none,primary,none,"Automation component for ai; review for reusable script, workflow, deployment job, or infra automation.",automation-score:80 | observability-score:55 | security-score:55,af467251bc7de4bd
df5c289fe7504bbd84187a22,mbarbine__Scripts,automation,"automation,observability",script,observability,FindUserAuditActivities,find-user-audit-activities,o365/o365-Scripts/FindUserAuditActivities.PS1,.ps1,286,,,,unknown,unknown,75,90,shared-automation-candidate,True,none,primary,none,"Automation component for observability; review for reusable script, workflow, deployment job, or infra automation.",automation-score:175 | observability-score:55,461062b88fc2b7e6
52fe4b48cf0918eaf4b08d2d,mbarbine__Scripts,automation,"automation,observability",script,observability,FindOldGuestUsers,find-old-guest-users,o365/o365-Scripts/FindOldGuestUsers.ps1,.ps1,66,,,,unknown,unknown,75,95,shared-automation-candidate,True,none,primary,none,"Automation component for observability; review for reusable script, workflow, deployment job, or infra automation.",automation-score:175 | observability-score:55,8816483ad6815a53
e65546681a656d0e5c9157e8,mbarbine__Scripts,automation,"automation,integration,observability,security",script,auth-and-keys,UpdateSensitivityLabelsForGroups,update-sensitivity-labels-for-groups,o365/o365-Scripts/UpdateSensitivityLabelsForGroups.PS1,.ps1,70,,,,unknown,unknown,75,95,shared-automation-candidate,True,none,primary,none,"Automation component for auth-and-keys; review for reusable script, workflow, deployment job, or infra automation.",automation-score:130 | integration-score:55 | observability-score:55 | security-score:55,666ebeba84141dcc
653a3162e46581030476d6e7,mbarbine__Scripts,automation,"automation,observability",script,observability,ReportAuditRecsGuestDocAccess,report-audit-recs-guest-doc-access,o365/o365-Scripts/ReportAuditRecsGuestDocAccess.PS1,.ps1,46,,,,unknown,unknown,75,95,shared-automation-candidate,True,none,primary,none,"Automation component for observability; review for reusable script, workflow, deployment job, or infra automation.",automation-score:130 | observability-score:55,7ac4311bb2b60a16
36f84ddfb253d30b417ecde3,mbarbine__Scripts,automation,"automation,integration,observability",script,observability,Report-Microsoft365GroupsExpiration,report-microsoft365-groups-expiration,o365/o365-Scripts/Report-Microsoft365GroupsExpiration.PS1,.ps1,48,,,,unknown,unknown,75,95,shared-automation-candidate,False,none,primary,none,"Automation component for observability; review for reusable script, workflow, deployment job, or infra automation.",automation-score:130 | integration-score:55 | observability-score:55,26bcef6fd6105a44
835870ce4149cb15ef8959b4,mbarbine__Scripts,automation,"automation,observability,ai",script,observability,Report-MobileDevices,report-mobile-devices,o365/o365-Scripts/Report-MobileDevices.PS1,.ps1,105,,,,unknown,unknown,75,95,shared-automation-candidate,True,none,primary,none,"Automation component for observability; review for reusable script, workflow, deployment job, or infra automation.",automation-score:130 | observability-score:55 | ai-score:45,a724b3220db67b6f
730cf502c1d5817917ed1c64,mbarbine__Scripts,automation,"automation,observability",script,observability,ReportAuditRecsUserSignIns,report-audit-recs-user-sign-ins,o365/o365-Scripts/ReportAuditRecsUserSignIns.PS1,.ps1,47,,,,unknown,unknown,75,95,shared-automation-candidate,True,none,primary,none,"Automation component for observability; review for reusable script, workflow, deployment job, or infra automation.",automation-score:130 | observability-score:55,8a1615c4e7a8ba1d
d894f0c9c9f3d97069be84d8,mbarbine__Scripts,automation,"automation,observability",script,observability,UpdateGuestPhotos,update-guest-photos,o365/o365-Scripts/UpdateGuestPhotos.PS1,.ps1,94,,,,unknown,unknown,75,95,shared-automation-candidate,True,none,primary,none,"Automation component for observability; review for reusable script, workflow, deployment job, or infra automation.",automation-score:130 | observability-score:55,397c5cce0283d6a1
e33208f91bf52c2ee12d1827,mbarbine__Scripts,automation,"automation,observability",script,commerce,Find-TeamsChannelsWithWebSites,find-teams-channels-with-web-sites,o365/o365-Scripts/Find-TeamsChannelsWithWebSites.PS1,.ps1,76,,,,unknown,unknown,75,80,shared-automation-candidate,True,none,primary,none,"Automation component for commerce; review for reusable script, workflow, deployment job, or infra automation.",automation-score:175 | observability-score:55,80afe1f11587fa50
752bd483c508705250b07371,mbarbine__Scripts,automation,"automation,observability,security,ai",script,auth-and-keys,PurgeMessagesWithContentSearch,purge-messages-with-content-search,o365/o365-Scripts/PurgeMessagesWithContentSearch.PS1,.ps1,90,,,,unknown,unknown,75,95,shared-automation-candidate,True,none,primary,none,"Automation component for auth-and-keys; review for reusable script, workflow, deployment job, or infra automation.",automation-score:130 | observability-score:55 | security-score:55 | ai-score:45,e7b1b8b8ba084182
e00724f3a6395b578e92cb2d,mbarbine__Scripts,automation,automation,script,commerce,ReportTeamsChannels,report-teams-channels,o365/o365-Scripts/ReportTeamsChannels.PS1,.ps1,75,,,,unknown,unknown,65,80,shared-automation-candidate,True,none,primary,none,"Automation component for commerce; review for reusable script, workflow, deployment job, or infra automation.",automation-score:130,e6ca4bc7b0803416
37ac989d43d3d3dd95a03b14,mbarbine__Scripts,automation,automation,script,commerce,UpdateSPOSitesWithLabels,update-sposites-with-labels,o365/o365-Scripts/UpdateSPOSitesWithLabels.PS1,.ps1,57,,,,unknown,unknown,65,80,shared-automation-candidate,True,none,primary,none,"Automation component for commerce; review for reusable script, workflow, deployment job, or infra automation.",automation-score:130,553e52eb2c6b8d70
0c2790aeec7e00e40bca68da,mbarbine__Scripts,automation,"automation,observability",script,commerce,ReportDLMembershipsCounts-MgGraph,report-dlmemberships-counts-mg-graph,o365/o365-Scripts/ReportDLMembershipsCounts-MgGraph.PS1,.ps1,133,,,,unknown,unknown,75,80,shared-automation-candidate,True,none,primary,none,"Automation component for commerce; review for reusable script, workflow, deployment job, or infra automation.",automation-score:130 | observability-score:55,213b3fac1633977a
93a2136bf4e2cbdbd43f569a,mbarbine__Scripts,automation,automation,script,commerce,Convert-TeamsBackgroundFilesV2,convert-teams-background-files-v2,o365/o365-Scripts/Convert-TeamsBackgroundFilesV2.PS1,.ps1,190,,,,unknown,unknown,65,80,shared-automation-candidate,True,none,primary,none,"Automation component for commerce; review for reusable script, workflow, deployment job, or infra automation.",automation-score:130,09b1780aa626558c
43897def86228f5f56ce37b8,mbarbine__Scripts,automation,"automation,observability,security,ai",script,observability,Send-EmailExchangeHVE,send-email-exchange-hve,o365/o365-Scripts/Send-EmailExchangeHVE.PS1,.ps1,125,,,,unknown,unknown,75,95,shared-automation-candidate,True,none,primary,none,"Automation component for observability; review for reusable script, workflow, deployment job, or infra automation.",automation-score:175 | observability-score:55 | security-score:55 | ai-score:45,ce95305d34ce4275
1413c31219e8ca4bb3e6476b,mbarbine__Scripts,automation,"automation,integration,observability",script,analytics,UpdateSubscribersInGroupsUsedByTeams,update-subscribers-in-groups-used-by-teams,o365/o365-Scripts/UpdateSubscribersInGroupsUsedByTeams.PS1,.ps1,43,,,,unknown,unknown,75,80,shared-automation-candidate,True,none,primary,none,"Automation component for analytics; review for reusable script, workflow, deployment job, or infra automation.",automation-score:130 | integration-score:55 | observability-score:55,0d42b377c246d294
4631e7f243662862cc9d0518,mbarbine__Scripts,automation,"automation,observability,security,ai",script,observability,GetTeamsReactions,get-teams-reactions,o365/o365-Scripts/GetTeamsReactions.PS1,.ps1,70,,,,unknown,unknown,75,95,shared-automation-candidate,True,none,primary,none,"Automation component for observability; review for reusable script, workflow, deployment job, or infra automation.",automation-score:130 | observability-score:55 | security-score:55 | ai-score:45,122307a6259a5967
9fe20617fa5a90c21a12b6cf,mbarbine__Scripts,automation,"automation,observability",script,observability,Report-HardDeletedUserAccounts,report-hard-deleted-user-accounts,o365/o365-Scripts/Report-HardDeletedUserAccounts.PS1,.ps1,93,,,,unknown,unknown,75,95,shared-automation-candidate,True,none,primary,none,"Automation component for observability; review for reusable script, workflow, deployment job, or infra automation.",automation-score:175 | observability-score:55,97241296a0c270e0
947e83431944ee91aee6e49f,mbarbine__Scripts,automation,automation,script,commerce,ReportTeamsPrivateChannels,report-teams-private-channels,o365/o365-Scripts/ReportTeamsPrivateChannels.PS1,.ps1,71,,,,unknown,unknown,65,80,shared-automation-candidate,True,none,primary,none,"Automation component for commerce; review for reusable script, workflow, deployment job, or infra automation.",automation-score:130,8eecf5032ead9a20
6cb948760947a5ebed05a48f,mbarbine__Scripts,automation,"automation,observability,security",script,auth-and-keys,UpdateAzureAutomationGraphModules,update-azure-automation-graph-modules,o365/o365-Scripts/UpdateAzureAutomationGraphModules.PS1,.ps1,146,,,,unknown,unknown,75,95,shared-automation-candidate,True,none,primary,none,"Automation component for auth-and-keys; review for reusable script, workflow, deployment job, or infra automation.",automation-score:175 | observability-score:55 | security-score:55,ece8e60ed91dad4a
eb90734935b2231664c7127a,mbarbine__Scripts,automation,"automation,observability",script,observability,Monitor-TeamsMemberAdditions,monitor-teams-member-additions,o365/o365-Scripts/Monitor-TeamsMemberAdditions.PS1,.ps1,84,,,,unknown,unknown,75,95,shared-automation-candidate,True,none,primary,none,"Automation component for observability; review for reusable script, workflow, deployment job, or infra automation.",automation-score:130 | observability-score:55,198b2afc719b8a9f
e815e7786dec28780fd348aa,mbarbine__Scripts,automation,"automation,security",script,auth-and-keys,Report-ConditionalAccessPolicies,report-conditional-access-policies,o365/o365-Scripts/Report-ConditionalAccessPolicies.PS1,.ps1,425,,,,unknown,unknown,75,90,shared-automation-candidate,True,none,primary,none,"Automation component for auth-and-keys; review for reusable script, workflow, deployment job, or infra automation.",automation-score:175 | security-score:55,8baca954437e1451
d17acdd3acee09a1360525f1,mbarbine__Scripts,automation,"automation,observability",script,observability,Report-SharingAuditEvents,report-sharing-audit-events,o365/o365-Scripts/Report-SharingAuditEvents.PS1,.ps1,91,,,,unknown,unknown,75,95,shared-automation-candidate,True,none,primary,none,"Automation component for observability; review for reusable script, workflow, deployment job, or infra automation.",automation-score:130 | observability-score:55,f0f8049709816f1d
2122b9be3b03d3f1c5a7543e,mbarbine__Scripts,automation,"automation,observability,ai",script,observability,ReportActiveTeams,report-active-teams,o365/o365-Scripts/ReportActiveTeams.ps1,.ps1,71,,,,unknown,unknown,75,95,shared-automation-candidate,True,none,primary,none,"Automation component for observability; review for reusable script, workflow, deployment job, or infra automation.",automation-score:130 | observability-score:55 | ai-score:45,83ac3da5c21d6e80
ce4ae6f31954feff96a36428,mbarbine__Scripts,automation,"automation,observability",script,media,ComplianceSearchPartiallyIndexedItems,compliance-search-partially-indexed-items,o365/o365-Scripts/ComplianceSearchPartiallyIndexedItems.ps1,.ps1,96,,,,unknown,unknown,75,80,shared-automation-candidate,True,none,primary,none,"Automation component for media; review for reusable script, workflow, deployment job, or infra automation.",automation-score:130 | observability-score:55,28aca8a199435872
144708a20f563c414204af31,mbarbine__Scripts,automation,automation,script,commerce,ReportMailboxQuotaUsed,report-mailbox-quota-used,o365/o365-Scripts/ReportMailboxQuotaUsed.Ps1,.ps1,43,,,,unknown,unknown,65,80,shared-automation-candidate,True,none,primary,none,"Automation component for commerce; review for reusable script, workflow, deployment job, or infra automation.",automation-score:130,bb1af1eb9ef1d462
efc9425360736475650ed589,mbarbine__Scripts,automation,"automation,observability,ai",script,commerce,ReportPermissionsFolderLevel,report-permissions-folder-level,o365/o365-Scripts/ReportPermissionsFolderLevel.PS1,.ps1,53,,,,unknown,unknown,75,80,shared-automation-candidate,True,none,primary,none,"Automation component for commerce; review for reusable script, workflow, deployment job, or infra automation.",automation-score:175 | observability-score:55 | ai-score:45,0b11f08cf755eab7
6088c7e026125b9a8b2f3a80,mbarbine__Scripts,automation,"automation,observability,security",script,auth-and-keys,Report-LoopWorkspaces,report-loop-workspaces,o365/o365-Scripts/Report-LoopWorkspaces.PS1,.ps1,147,,,,unknown,unknown,75,95,shared-automation-candidate,False,none,primary,none,"Automation component for auth-and-keys; review for reusable script, workflow, deployment job, or infra automation.",automation-score:130 | observability-score:55 | security-score:55,22a4e958295efc54
ed123bd720cc5ed6c0600e02,mbarbine__Scripts,automation,"automation,observability,security",script,auth-and-keys,ReportRoomMailboxUsage-AzureAutomation,report-room-mailbox-usage-azure-automation,o365/o365-Scripts/ReportRoomMailboxUsage-AzureAutomation.PS1,.ps1,198,,,,unknown,unknown,75,95,shared-automation-candidate,True,none,primary,none,"Automation component for auth-and-keys; review for reusable script, workflow, deployment job, or infra automation.",automation-score:130 | observability-score:55 | security-score:55,06f99166cffc49c3
3824ccefbdd3d13de9955585,mbarbine__Scripts,automation,"automation,observability",script,observability,Find-LastAccessedDateDocuments,find-last-accessed-date-documents,o365/o365-Scripts/Find-LastAccessedDateDocuments.PS1,.ps1,96,,,,unknown,unknown,75,95,shared-automation-candidate,True,none,primary,none,"Automation component for observability; review for reusable script, workflow, deployment job, or infra automation.",automation-score:130 | observability-score:55,8d6ce247358fb07e
26eb9f122cff8f77acd2176e,mbarbine__Scripts,automation,"automation,observability,security,ai",script,observability,SendWelcomeEmailGraph,send-welcome-email-graph,o365/o365-Scripts/SendWelcomeEmailGraph.PS1,.ps1,132,,,,unknown,unknown,75,95,shared-automation-candidate,True,none,primary,none,"Automation component for observability; review for reusable script, workflow, deployment job, or infra automation.",automation-score:130 | observability-score:55 | security-score:55 | ai-score:45,6b8bc9291b9567b4
995a56ee3fc4663b4173ba86,mbarbine__Scripts,automation,"automation,observability",script,observability,Report-ServicePlans,report-service-plans,o365/o365-Scripts/Report-ServicePlans.PS1,.ps1,197,,,,unknown,unknown,75,95,shared-automation-candidate,True,none,primary,none,"Automation component for observability; review for reusable script, workflow, deployment job, or infra automation.",automation-score:130 | observability-score:55,e5df2627296b8a51
c290e2a34d81d6ad00072d54,mbarbine__Scripts,automation,"automation,observability,ai",script,observability,MFAReportMailboxes,mfareport-mailboxes,o365/o365-Scripts/MFAReportMailboxes.ps1,.ps1,29,,,,unknown,unknown,75,95,shared-automation-candidate,True,none,primary,none,"Automation component for observability; review for reusable script, workflow, deployment job, or infra automation.",automation-score:130 | observability-score:55 | ai-score:45,0ca5c3b86a46262b
54c7debfd4e274c501a2076d,mbarbine__Scripts,automation,"automation,observability",script,observability,Analyze-MTHistoricalLogs,analyze-mthistorical-logs,o365/o365-Scripts/Analyze-MTHistoricalLogs.PS1,.ps1,66,,,,unknown,unknown,75,95,shared-automation-candidate,True,none,primary,none,"Automation component for observability; review for reusable script, workflow, deployment job, or infra automation.",automation-score:130 | observability-score:55,d4e6af9dd9c3c427
0e7e84c7840fda3039a90a88,mbarbine__Scripts,automation,"automation,ai",script,ai,Send-TeamsChatMessage,send-teams-chat-message,o365/o365-Scripts/Send-TeamsChatMessage.PS1,.ps1,121,,,,unknown,unknown,75,95,shared-automation-candidate,True,none,primary,none,"Automation component for ai; review for reusable script, workflow, deployment job, or infra automation.",automation-score:175 | ai-score:45,6d8a0127a1c8d695
9bfd22f9a195be043d9f503c,mbarbine__Scripts,automation,"automation,process,ai",script,workflow,SendWelcomeEmail-Runbook,send-welcome-email-runbook,o365/o365-Scripts/SendWelcomeEmail-Runbook.ps1,.ps1,91,,,,unknown,unknown,75,80,shared-automation-candidate,True,secondary,primary,none,"Automation component for workflow; review for reusable script, workflow, deployment job, or infra automation.",automation-score:175 | process-score:80 | ai-score:45,362d8497cbe37123
4c64fbb6172479e7a6403e0a,mbarbine__Scripts,automation,automation,script,workflow,Find-GraphPermissions.,find-graph-permissions,o365/o365-Scripts/Find-GraphPermissions..PS1,.ps1,20,,,,unknown,unknown,65,80,shared-automation-candidate,True,none,primary,none,"Automation component for workflow; review for reusable script, workflow, deployment job, or infra automation.",automation-score:130,f45f5f5f5f456590
ef8c4bd1fd66cd2d319502dc,mbarbine__Scripts,automation,"automation,observability,security",script,media,ReportIndividualApplicationLicenses,report-individual-application-licenses,o365/o365-Scripts/ReportIndividualApplicationLicenses.PS1,.ps1,67,,,,unknown,unknown,75,80,shared-automation-candidate,True,none,primary,none,"Automation component for media; review for reusable script, workflow, deployment job, or infra automation.",automation-score:175 | observability-score:55 | security-score:55,e96c5c4eb091d0b4
8946e1af070d59d20c1024c7,mbarbine__Scripts,automation,"automation,observability,security",script,observability,ReportLastAccountSignIn-Mg,report-last-account-sign-in-mg,o365/o365-Scripts/ReportLastAccountSignIn-Mg.PS1,.ps1,79,,,,unknown,unknown,75,95,shared-automation-candidate,True,none,primary,none,"Automation component for observability; review for reusable script, workflow, deployment job, or infra automation.",automation-score:130 | observability-score:55 | security-score:55,f42599926633e9e1
048b4256e19621112025745f,mbarbine__Scripts,automation,"automation,observability,security",script,observability,LastLoggedOnByExternalUsers,last-logged-on-by-external-users,o365/o365-Scripts/LastLoggedOnByExternalUsers.ps1,.ps1,51,,,,unknown,unknown,75,95,shared-automation-candidate,True,none,primary,none,"Automation component for observability; review for reusable script, workflow, deployment job, or infra automation.",automation-score:130 | observability-score:55 | security-score:55,7b1043ac425cd60c
baed895ecf2e72250904e6ed,mbarbine__Scripts,automation,"automation,observability,security,ai",script,observability,ReportTeamsActivityGraph,report-teams-activity-graph,o365/o365-Scripts/ReportTeamsActivityGraph.PS1,.ps1,86,,,,unknown,unknown,75,95,shared-automation-candidate,True,none,primary,none,"Automation component for observability; review for reusable script, workflow, deployment job, or infra automation.",automation-score:130 | observability-score:55 | security-score:55 | ai-score:45,2672c5d5a79e29d1
cf8f34af2d92aea747ce7b25,mbarbine__Scripts,automation,"automation,observability,security,discovery",script,observability,Create-NewsItemsFromRSSFeed,create-news-items-from-rssfeed,o365/o365-Scripts/Create-NewsItemsFromRSSFeed.PS1,.ps1,196,,,,unknown,unknown,75,95,shared-automation-candidate,True,none,primary,none,"Automation component for observability; review for reusable script, workflow, deployment job, or infra automation.",automation-score:130 | observability-score:55 | security-score:55 | discovery-score:55,e9b975c71a1cb385
fce31c9be479925ea571fdbc,mbarbine__Scripts,automation,"automation,observability,security",script,observability,ReportMFAStatusAdmins,report-mfastatus-admins,o365/o365-Scripts/ReportMFAStatusAdmins.PS1,.ps1,81,,,,unknown,unknown,75,95,shared-automation-candidate,True,none,primary,none,"Automation component for observability; review for reusable script, workflow, deployment job, or infra automation.",automation-score:130 | observability-score:55 | security-score:55,c417e09eec10734c
c6db3cdf7f8068b3faaff996,mbarbine__Scripts,automation,"automation,observability",script,observability,Report-LabelChangesAuditRecords,report-label-changes-audit-records,o365/o365-Scripts/Report-LabelChangesAuditRecords.PS1,.ps1,93,,,,unknown,unknown,75,95,shared-automation-candidate,True,none,primary,none,"Automation component for observability; review for reusable script, workflow, deployment job, or infra automation.",automation-score:130 | observability-score:55,8d1288736afe63c1
78b3c7399a7e8eb9b876b33b,mbarbine__Scripts,automation,"automation,observability",script,analytics,UpdateUserPhotos,update-user-photos,o365/o365-Scripts/UpdateUserPhotos.PS1,.ps1,46,,,,unknown,unknown,75,80,shared-automation-candidate,True,none,primary,none,"Automation component for analytics; review for reusable script, workflow, deployment job, or infra automation.",automation-score:130 | observability-score:55,a54cc4792532031b
3a48fb1d365e5f1722a25a56,mbarbine__Scripts,automation,"automation,observability",script,observability,ReportRetentionLabelAuditEvents,report-retention-label-audit-events,o365/o365-Scripts/ReportRetentionLabelAuditEvents.PS1,.ps1,42,,,,unknown,unknown,75,95,shared-automation-candidate,True,none,primary,none,"Automation component for observability; review for reusable script, workflow, deployment job, or infra automation.",automation-score:130 | observability-score:55,c05f5f746d8feedf
5fe7cbf22bfa7f3648fba18c,mbarbine__Scripts,automation,"automation,integration,security",script,analytics,Create-EntraIDDynamicGroups,create-entra-iddynamic-groups,o365/o365-Scripts/Create-EntraIDDynamicGroups.PS1,.ps1,61,,,,unknown,unknown,75,80,shared-automation-candidate,True,none,primary,none,"Automation component for analytics; review for reusable script, workflow, deployment job, or infra automation.",automation-score:130 | integration-score:55 | security-score:55,4cf113e05bca4a8e
fd6b22c559a8369c86395121,mbarbine__Scripts,automation,automation,script,commerce,ReportMembershipM365Group,report-membership-m365-group,o365/o365-Scripts/ReportMembershipM365Group.PS1,.ps1,99,,,,unknown,unknown,65,80,shared-automation-candidate,False,none,primary,none,"Automation component for commerce; review for reusable script, workflow, deployment job, or infra automation.",automation-score:130,d7d69104816dea59
dd00ccc3014e96427a2b16ff,mbarbine__Scripts,automation,"automation,observability,security,ai",script,observability,GetPlansForUser-DeviceCode,get-plans-for-user-device-code,o365/o365-Scripts/GetPlansForUser-DeviceCode.PS1,.ps1,144,,,,unknown,unknown,75,95,shared-automation-candidate,True,none,primary,none,"Automation component for observability; review for reusable script, workflow, deployment job, or infra automation.",automation-score:130 | observability-score:55 | security-score:55 | ai-score:45,eca16e04cdf5ac3a
0a3e89982e8fe2da82ab345f,mbarbine__Scripts,automation,"automation,security,ai",script,ai,Get-UsersWithPhoneMFAMethod,get-users-with-phone-mfamethod,o365/o365-Scripts/Get-UsersWithPhoneMFAMethod.PS1,.ps1,152,,,,unknown,unknown,75,95,shared-automation-candidate,True,none,primary,none,"Automation component for ai; review for reusable script, workflow, deployment job, or infra automation.",automation-score:130 | security-score:55 | ai-score:45,2a2047ab9b0188ce
8c85e2af11b798cb469fb9f3,mbarbine__Scripts,automation,"automation,security",script,auth-and-keys,Send-HVEEmailRunbook,send-hveemail-runbook,o365/o365-Scripts/Send-HVEEmailRunbook.PS1,.ps1,79,,,,unknown,unknown,75,95,shared-automation-candidate,True,none,primary,none,"Automation component for auth-and-keys; review for reusable script, workflow, deployment job, or infra automation.",automation-score:175 | security-score:55,78c962a681f0a9a1
12325fe49a2fcdc17b9d3aa1,mbarbine__Scripts,automation,"automation,integration,observability",script,analytics,Get-LabelsAndCheckMicrosoft365Groups,get-labels-and-check-microsoft365-groups,o365/o365-Scripts/Get-LabelsAndCheckMicrosoft365Groups.PS1,.ps1,146,,,,unknown,unknown,75,80,shared-automation-candidate,True,none,primary,none,"Automation component for analytics; review for reusable script, workflow, deployment job, or infra automation.",automation-score:130 | integration-score:55 | observability-score:55,d8211606133eb756
aa3c1adc21b36329a85de7ee,mbarbine__Scripts,automation,"automation,observability",script,observability,Get-ServiceHealthInformation,get-service-health-information,o365/o365-Scripts/Get-ServiceHealthInformation.PS1,.ps1,161,,,,unknown,unknown,75,95,shared-automation-candidate,True,none,primary,none,"Automation component for observability; review for reusable script, workflow, deployment job, or infra automation.",automation-score:175 | observability-score:55,561115cf428f0aa8
4da33fe921ecccbbd30c4c34,mbarbine__Scripts,automation,"automation,observability,security",script,observability,Report-ServicePrincipalConnections,report-service-principal-connections,o365/o365-Scripts/Report-ServicePrincipalConnections.PS1,.ps1,99,,,,unknown,unknown,75,95,shared-automation-candidate,True,none,primary,none,"Automation component for observability; review for reusable script, workflow, deployment job, or infra automation.",automation-score:130 | observability-score:55 | security-score:55,8517e89928ec0e68
e1616530cdb1524459f13cc3,mbarbine__Scripts,automation,"automation,observability,security,ai",script,observability,Report-InactiveTeamsByEmail,report-inactive-teams-by-email,o365/o365-Scripts/Report-InactiveTeamsByEmail.PS1,.ps1,300,,,,unknown,unknown,75,90,shared-automation-candidate,True,none,primary,none,"Automation component for observability; review for reusable script, workflow, deployment job, or infra automation.",automation-score:175 | observability-score:55 | security-score:55 | ai-score:45,b1b4d499c4e1a3e7
6033cf6e1885bf69ac01f6b4,mbarbine__Scripts,automation,"automation,ai",script,commerce,SendWelcomeMessage-UserMail,send-welcome-message-user-mail,o365/o365-Scripts/SendWelcomeMessage-UserMail.PS1,.ps1,148,,,,unknown,unknown,75,80,shared-automation-candidate,True,none,primary,none,"Automation component for commerce; review for reusable script, workflow, deployment job, or infra automation.",automation-score:130 | ai-score:45,1a3161265345effe
e35fce7e1f65c8cbebadc099,mbarbine__Scripts,automation,automation,script,commerce,GenerateTeamsDirectory-Graph,generate-teams-directory-graph,o365/o365-Scripts/GenerateTeamsDirectory-Graph.Ps1,.ps1,136,,,,unknown,unknown,65,80,shared-automation-candidate,True,none,primary,none,"Automation component for commerce; review for reusable script, workflow, deployment job, or infra automation.",automation-score:130,23469aee90324bb0
3f2ff05305c937a5ee0ef0f4,mbarbine__Scripts,automation,automation,script,auth-and-keys,Test-ComplianceHolds,test-compliance-holds,o365/o365-Scripts/Test-ComplianceHolds.PS1,.ps1,118,,,,unknown,unknown,65,95,shared-automation-candidate,True,none,primary,none,"Automation component for auth-and-keys; review for reusable script, workflow, deployment job, or infra automation.",automation-score:175,1fc230d40dfcf743
de6ea804b6b59604ef9feb96,mbarbine__Scripts,automation,"automation,observability,security",script,auth-and-keys,Apply-SensitivityLabels,apply-sensitivity-labels,o365/o365-Scripts/Apply-SensitivityLabels.PS1,.ps1,230,,,,unknown,unknown,75,90,shared-automation-candidate,True,none,primary,none,"Automation component for auth-and-keys; review for reusable script, workflow, deployment job, or infra automation.",automation-score:130 | observability-score:55 | security-score:55,3a3b3f24b04b4017
979f163d6a2651bd4a1cf901,mbarbine__Scripts,automation,automation,script,commerce,Report-ServicePrincipalAssignments,report-service-principal-assignments,o365/o365-Scripts/Report-ServicePrincipalAssignments.PS1,.ps1,54,,,,unknown,unknown,65,80,shared-automation-candidate,False,none,primary,none,"Automation component for commerce; review for reusable script, workflow, deployment job, or infra automation.",automation-score:130,ebda8236e280a71a
0d4980995e47682f94914cc5,mbarbine__Scripts,automation,"automation,observability,ai",script,observability,SendWelcomeEmail-Mg,send-welcome-email-mg,o365/o365-Scripts/SendWelcomeEmail-Mg.PS1,.ps1,100,,,,unknown,unknown,75,95,shared-automation-candidate,True,none,primary,none,"Automation component for observability; review for reusable script, workflow, deployment job, or infra automation.",automation-score:130 | observability-score:55 | ai-score:45,1919c335e66a40f7
7813fd44b2470b276d32d5d9,mbarbine__Scripts,automation,"automation,observability,security,ai",script,observability,FindUpdatedOffice365Notifications,find-updated-office365-notifications,o365/o365-Scripts/FindUpdatedOffice365Notifications.ps1,.ps1,114,,,,unknown,unknown,75,95,shared-automation-candidate,True,none,primary,none,"Automation component for observability; review for reusable script, workflow, deployment job, or infra automation.",automation-score:130 | observability-score:55 | security-score:55 | ai-score:45,b9d1004187f3772b
7dd1fde10904ede7ef53289e,mbarbine__Scripts,automation,"automation,observability,security",script,analytics,Provision-OneDriveAccounts,provision-one-drive-accounts,o365/o365-Scripts/Provision-OneDriveAccounts.PS1,.ps1,63,,,,unknown,unknown,75,80,shared-automation-candidate,True,none,primary,none,"Automation component for analytics; review for reusable script, workflow, deployment job, or infra automation.",automation-score:130 | observability-score:55 | security-score:55,cd1b7dab6e2e8a01
83d08d6a76901f3370cb2655,mbarbine__Scripts,automation,"automation,observability",script,observability,Enable-AllExchangeAuditEvents,enable-all-exchange-audit-events,o365/o365-Scripts/Enable-AllExchangeAuditEvents.PS1,.ps1,36,,,,unknown,unknown,75,95,shared-automation-candidate,True,none,primary,none,"Automation component for observability; review for reusable script, workflow, deployment job, or infra automation.",automation-score:130 | observability-score:55,eba4630290896bd9
f16390c3b4c3566c5874ef1b,mbarbine__Scripts,automation,automation,script,discovery,Report-TeamsApps,report-teams-apps,o365/o365-Scripts/Report-TeamsApps.PS1,.ps1,49,,,,unknown,unknown,65,95,shared-automation-candidate,True,none,primary,none,"Automation component for discovery; review for reusable script, workflow, deployment job, or infra automation.",automation-score:175,795f2351c3c1fa2f
7aad239dba9be29dd7369452,mbarbine__Scripts,automation,automation,script,general,Report-PrimaryArchiveFolderSizes,report-primary-archive-folder-sizes,o365/o365-Scripts/Report-PrimaryArchiveFolderSizes.ps1,.ps1,22,,,,unknown,unknown,65,80,shared-automation-candidate,False,none,primary,none,"Automation component for general; review for reusable script, workflow, deployment job, or infra automation.",automation-score:130,ebf24a886b17c03e
0fb3b2a520aa905e977bd835,mbarbine__Scripts,automation,"automation,integration,observability,security",script,observability,AzureAutomationGroupsExpirationReport,azure-automation-groups-expiration-report,o365/o365-Scripts/AzureAutomationGroupsExpirationReport.PS1,.ps1,227,,,,unknown,unknown,75,90,shared-automation-candidate,True,none,primary,none,"Automation component for observability; review for reusable script, workflow, deployment job, or infra automation.",automation-score:175 | integration-score:55 | observability-score:55 | security-score:55,9395dfddc9b54b5b
7be80015f7b4c156090b6a42,mbarbine__Scripts,automation,"automation,observability,security",script,observability,Auto-ApplyRetentionLabels,auto-apply-retention-labels,o365/o365-Scripts/Auto-ApplyRetentionLabels.PS1,.ps1,258,,,,unknown,unknown,75,90,shared-automation-candidate,True,none,primary,none,"Automation component for observability; review for reusable script, workflow, deployment job, or infra automation.",automation-score:130 | observability-score:55 | security-score:55,29d4e75f4da98e6f
bed94cd83cdd36b5a3ea9599,mbarbine__Scripts,automation,"automation,ai",script,ai,RemoveServicePlan2,remove-service-plan2,o365/o365-Scripts/RemoveServicePlan2.PS1,.ps1,112,," + $FullLicenseName
            Set-Mailbox -Identity $M.Alias -ExtensionCustomAttribute2 $LicenseUpdateMsg
            Write-Host ("," + $FullLicenseName
            Set-Mailbox -Identity $M.Alias -ExtensionCustomAttribute2 $LicenseUpdateMsg
            Write-Host (",unknown,unknown,85,95,shared-automation-candidate,True,none,primary,none,"Automation component for ai; review for reusable script, workflow, deployment job, or infra automation.","imports: + $FullLicenseName
            Set-Mailbox -Identity $M.Alias -ExtensionCustomAttribute2 $LicenseUpdateMsg
            Write-Host ( | automation-score:175 | ai-score:45",32f384083c5dcd6e
e11d9a6880b0124b9f21b970,mbarbine__Scripts,automation,"automation,observability,security",script,observability,ReportDLMembershipsCountsGraph,report-dlmemberships-counts-graph,o365/o365-Scripts/ReportDLMembershipsCountsGraph.PS1,.ps1,220,,,,unknown,unknown,75,90,shared-automation-candidate,True,none,primary,none,"Automation component for observability; review for reusable script, workflow, deployment job, or infra automation.",automation-score:175 | observability-score:55 | security-score:55,abf337d9237a0dd9
6c4e3cb4114c4166800c1695,mbarbine__Scripts,automation,"automation,observability,ai",script,ai,RemoveServicePlan3,remove-service-plan3,o365/o365-Scripts/RemoveServicePlan3.PS1,.ps1,155,,,,unknown,unknown,75,95,shared-automation-candidate,True,none,primary,none,"Automation component for ai; review for reusable script, workflow, deployment job, or infra automation.",automation-score:175 | observability-score:55 | ai-score:45,7731a0406d2fac9b
8c6b182d3f919c18741995ec,mbarbine__Scripts,automation,"automation,observability",script,observability,ReportSensitivityLabelsAuditRecords,report-sensitivity-labels-audit-records,o365/o365-Scripts/ReportSensitivityLabelsAuditRecords.ps1,.ps1,164,,,,unknown,unknown,75,95,shared-automation-candidate,True,none,primary,none,"Automation component for observability; review for reusable script, workflow, deployment job, or infra automation.",automation-score:130 | observability-score:55,cffd02dc62eadded
f8553bccf02139e098cfdca6,mbarbine__Scripts,automation,"automation,security",script,auth-and-keys,Create-NewConditionalAccessPolicy,create-new-conditional-access-policy,o365/o365-Scripts/Create-NewConditionalAccessPolicy.PS1,.ps1,52,,,,unknown,unknown,75,95,shared-automation-candidate,False,none,primary,none,"Automation component for auth-and-keys; review for reusable script, workflow, deployment job, or infra automation.",automation-score:130 | security-score:55,633ee31c020204bd
2b7a9d131bfba4665b48b76e,mbarbine__Scripts,automation,"automation,security",script,commerce,SPOSitesRetention,sposites-retention,o365/o365-Scripts/SPOSitesRetention.ps1,.ps1,64,,,,unknown,unknown,75,80,shared-automation-candidate,True,none,primary,none,"Automation component for commerce; review for reusable script, workflow, deployment job, or infra automation.",automation-score:130 | security-score:55,decb8e27836100e2
48baa62913830c32a5c656c8,mbarbine__Scripts,automation,"automation,observability,ai",script,observability,Find-CandidateCopilotUsers,find-candidate-copilot-users,o365/o365-Scripts/Find-CandidateCopilotUsers.PS1,.ps1,153,,,,unknown,unknown,75,95,shared-automation-candidate,True,none,primary,none,"Automation component for observability; review for reusable script, workflow, deployment job, or infra automation.",automation-score:130 | observability-score:55 | ai-score:45,7aa580f01b25f59d
911b420d05e3c10eae8cfc58,mbarbine__Scripts,automation,"automation,observability",script,observability,FindAppConsentGrants,find-app-consent-grants,o365/o365-Scripts/FindAppConsentGrants.PS1,.ps1,66,,,,unknown,unknown,75,95,shared-automation-candidate,True,none,primary,none,"Automation component for observability; review for reusable script, workflow, deployment job, or infra automation.",automation-score:130 | observability-score:55,492e4fcdfc420e49
44eb85b0287539a71795487f,mbarbine__Scripts,automation,automation,script,commerce,Populate-TeamsDirectorySPOList-Pnp,populate-teams-directory-spolist-pnp,o365/o365-Scripts/Populate-TeamsDirectorySPOList-Pnp.PS1,.ps1,63,,,,unknown,unknown,65,80,shared-automation-candidate,True,none,primary,none,"Automation component for commerce; review for reusable script, workflow, deployment job, or infra automation.",automation-score:130,2a9766da96d0c8d1
775b2fea8d1251688cde8cd5,mbarbine__Scripts,automation,"automation,integration,observability,security",script,observability,FindWhoAddedGuestsToGroups,find-who-added-guests-to-groups,o365/o365-Scripts/FindWhoAddedGuestsToGroups.ps1,.ps1,35,,,,unknown,unknown,75,95,shared-automation-candidate,True,none,primary,none,"Automation component for observability; review for reusable script, workflow, deployment job, or infra automation.",automation-score:130 | integration-score:55 | observability-score:55 | security-score:55,fd952be8d2da6082
1d3bb6bfe6a0b4c2ad9ee240,mbarbine__Scripts,automation,automation,script,workflow,Disable-JunkEmailOptions,disable-junk-email-options,o365/o365-Scripts/Disable-JunkEmailOptions.PS1,.ps1,84,,,,unknown,unknown,65,80,shared-automation-candidate,True,none,primary,none,"Automation component for workflow; review for reusable script, workflow, deployment job, or infra automation.",automation-score:175,64d2162c556b31ae
3e0c561f5100836883b57cc0,mbarbine__Scripts,automation,"automation,observability",script,observability,Report-RecoverableItemsPS,report-recoverable-items-ps,o365/o365-Scripts/Report-RecoverableItemsPS.PS1,.ps1,59,,,,unknown,unknown,75,95,shared-automation-candidate,True,none,primary,none,"Automation component for observability; review for reusable script, workflow, deployment job, or infra automation.",automation-score:130 | observability-score:55,586d8944f1c4147c
3aee25f91e01499edabf705d,mbarbine__Scripts,automation,"automation,observability",script,observability,Report-UserSignIns,report-user-sign-ins,o365/o365-Scripts/Report-UserSignIns.PS1,.ps1,144,,,,unknown,unknown,75,95,shared-automation-candidate,True,none,primary,none,"Automation component for observability; review for reusable script, workflow, deployment job, or infra automation.",automation-score:130 | observability-score:55,680f40058f9b9f3a
7a6b964e84c59991ecff8c79,mbarbine__Scripts,automation,"automation,observability,security",script,observability,Report-AuditEventsviaEmailRunbook,report-audit-eventsvia-email-runbook,o365/o365-Scripts/Report-AuditEventsviaEmailRunbook.PS1,.ps1,144,,,,unknown,unknown,75,95,shared-automation-candidate,True,none,primary,none,"Automation component for observability; review for reusable script, workflow, deployment job, or infra automation.",automation-score:175 | observability-score:55 | security-score:55,533153ef6c8d98d5
4b7804494a790e9b2dd723e1,mbarbine__Scripts,automation,"automation,observability,security,ai",script,observability,Send-AzureCommunicationsEmail,send-azure-communications-email,o365/o365-Scripts/Send-AzureCommunicationsEmail.PS1,.ps1,200,,,,unknown,unknown,75,95,shared-automation-candidate,True,none,primary,none,"Automation component for observability; review for reusable script, workflow, deployment job, or infra automation.",automation-score:130 | observability-score:55 | security-score:55 | ai-score:45,33c27d134bf9c6fb
a2e7907430610d000fac4c40,mbarbine__Scripts,automation,"automation,observability",script,observability,Post-ItemsToHTTPWorkFlow,post-items-to-httpwork-flow,o365/o365-Scripts/Post-ItemsToHTTPWorkFlow.PS1,.ps1,150,,,,unknown,unknown,75,95,shared-automation-candidate,True,none,primary,none,"Automation component for observability; review for reusable script, workflow, deployment job, or infra automation.",automation-score:175 | observability-score:55,c8bd9c2eeb0e659f
aed47e7574e673ec07b0b071,mbarbine__Scripts,automation,automation,script,commerce,Report-AllEmailProxyAddresses,report-all-email-proxy-addresses,o365/o365-Scripts/Report-AllEmailProxyAddresses.PS1,.ps1,135,,,,unknown,unknown,65,80,shared-automation-candidate,True,none,primary,none,"Automation component for commerce; review for reusable script, workflow, deployment job, or infra automation.",automation-score:130,a6d121f13909cefb
9f7600cb8a4a8a65e9bb0894,mbarbine__Scripts,automation,"automation,observability,security",script,discovery,SketchPad,sketch-pad,o365/o365-Scripts/SketchPad.PS1,.ps1,278,,,,unknown,unknown,75,90,shared-automation-candidate,True,none,primary,none,"Automation component for discovery; review for reusable script, workflow, deployment job, or infra automation.",automation-score:175 | observability-score:55 | security-score:55,e411d7b96052fb42
0e381d06a18a36e70a460497,mbarbine__Scripts,automation,"automation,observability,security",script,observability,CreateNewAzureADAccount,create-new-azure-adaccount,o365/o365-Scripts/CreateNewAzureADAccount.PS1,.ps1,116,,,,unknown,unknown,75,95,shared-automation-candidate,True,none,primary,none,"Automation component for observability; review for reusable script, workflow, deployment job, or infra automation.",automation-score:130 | observability-score:55 | security-score:55,a8be41521f7c4522
2d8ffd656537c205f74c3c33,mbarbine__Scripts,automation,"automation,observability",script,observability,AuditRecordAuditLabel,audit-record-audit-label,o365/o365-Scripts/AuditRecordAuditLabel.PS1,.ps1,74,,,,unknown,unknown,75,95,shared-automation-candidate,True,none,primary,none,"Automation component for observability; review for reusable script, workflow, deployment job, or infra automation.",automation-score:130 | observability-score:55,ab54b03f272d99d9
6af7d4219178b3d7d3cc6578,mbarbine__Scripts,automation,automation,script,workflow,Test-BatchProcessing,test-batch-processing,o365/o365-Scripts/Test-BatchProcessing.PS1,.ps1,123,,,,unknown,unknown,65,80,shared-automation-candidate,True,none,primary,none,"Automation component for workflow; review for reusable script, workflow, deployment job, or infra automation.",automation-score:130,679455c11cf4c1bf
535fb9012cb2b11af68910bf,mbarbine__Scripts,automation,"automation,observability",script,observability,ReportDocumentSensitivityLabelMismatches,report-document-sensitivity-label-mismatches,o365/o365-Scripts/ReportDocumentSensitivityLabelMismatches.PS1,.ps1,82,,,,unknown,unknown,75,95,shared-automation-candidate,True,none,primary,none,"Automation component for observability; review for reusable script, workflow, deployment job, or infra automation.",automation-score:130 | observability-score:55,c0b92c810698aac2
bde19e9aaf485f1d46793e96,mbarbine__Scripts,automation,"automation,observability,security",script,observability,Report-UserUpdateAuditRecords,report-user-update-audit-records,o365/o365-Scripts/Report-UserUpdateAuditRecords.PS1,.ps1,82,,,,unknown,unknown,75,95,shared-automation-candidate,True,none,primary,none,"Automation component for observability; review for reusable script, workflow, deployment job, or infra automation.",automation-score:130 | observability-score:55 | security-score:55,6ecc8be161b7967f
8df33a827a0e02b8dbdca392,mbarbine__Scripts,automation,"automation,observability",script,observability,Find-LoopAppUsers,find-loop-app-users,o365/o365-Scripts/Find-LoopAppUsers.PS1,.ps1,148,,,,unknown,unknown,75,95,shared-automation-candidate,True,none,primary,none,"Automation component for observability; review for reusable script, workflow, deployment job, or infra automation.",automation-score:175 | observability-score:55,f509804e3d909f0e
bafe5ec4e0613e3ae930785c,mbarbine__Scripts,automation,automation,script,auth-and-keys,ReportOneDriveStorageUsage,report-one-drive-storage-usage,o365/o365-Scripts/ReportOneDriveStorageUsage.PS1,.ps1,26,,,,unknown,unknown,65,95,shared-automation-candidate,False,none,primary,none,"Automation component for auth-and-keys; review for reusable script, workflow, deployment job, or infra automation.",automation-score:130,80bc362555d45d91
80036b2b46ddce94d37618ef,mbarbine__Scripts,automation,"automation,observability",script,observability,ReportExpiringLinkExtended,report-expiring-link-extended,o365/o365-Scripts/ReportExpiringLinkExtended.PS1,.ps1,56,,,,unknown,unknown,75,95,shared-automation-candidate,True,none,primary,none,"Automation component for observability; review for reusable script, workflow, deployment job, or infra automation.",automation-score:130 | observability-score:55,c26c066205f33906
7a520af75cad4e6b56de278f,mbarbine__Scripts,automation,automation,script,commerce,Create-DDLBasedOnSMTPAddresses,create-ddlbased-on-smtpaddresses,o365/o365-Scripts/Create-DDLBasedOnSMTPAddresses.PS1,.ps1,63,,,,unknown,unknown,65,80,shared-automation-candidate,True,none,primary,none,"Automation component for commerce; review for reusable script, workflow, deployment job, or infra automation.",automation-score:175,b19045680e911e2d
9b2008743fe0043444efeb98,mbarbine__Scripts,automation,automation,script,commerce,ReportManagersAndDirectReports,report-managers-and-direct-reports,o365/o365-Scripts/ReportManagersAndDirectReports.PS1,.ps1,87,,,,unknown,unknown,65,80,shared-automation-candidate,False,none,primary,none,"Automation component for commerce; review for reusable script, workflow, deployment job, or infra automation.",automation-score:175,c239db8f59a788ee
8a2ca7ea1836754c4feb9f9c,mbarbine__Scripts,automation,"automation,security,ai",script,ai,Find-CopilotInteractions-Graph,find-copilot-interactions-graph,o365/o365-Scripts/Find-CopilotInteractions-Graph.PS1,.ps1,163,,,,unknown,unknown,75,95,shared-automation-candidate,True,none,primary,none,"Automation component for ai; review for reusable script, workflow, deployment job, or infra automation.",automation-score:130 | security-score:55 | ai-score:45,ab0c51eec9d38682
d93850b5c627b96537525ccc,mbarbine__Scripts,automation,automation,script,commerce,GenerateTeamsDirectory,generate-teams-directory,o365/o365-Scripts/GenerateTeamsDirectory.ps1,.ps1,105,,,,unknown,unknown,65,80,shared-automation-candidate,True,none,primary,none,"Automation component for commerce; review for reusable script, workflow, deployment job, or infra automation.",automation-score:130,a910bb3fadf2c7d8
259065236022fc4887a29128,mbarbine__Scripts,automation,"automation,observability,security",script,observability,SendMessageAboutDeletedStreamVideos,send-message-about-deleted-stream-videos,o365/o365-Scripts/SendMessageAboutDeletedStreamVideos.PS1,.ps1,87,,,,unknown,unknown,75,95,shared-automation-candidate,True,none,primary,none,"Automation component for observability; review for reusable script, workflow, deployment job, or infra automation.",automation-score:130 | observability-score:55 | security-score:55,50797dc48568c386
09cd64db2c854f91eeb622fc,mbarbine__Scripts,automation,"automation,observability",script,observability,FindOldGuestAccounts,find-old-guest-accounts,o365/o365-Scripts/FindOldGuestAccounts.PS1,.ps1,96,,,,unknown,unknown,75,95,shared-automation-candidate,True,none,primary,none,"Automation component for observability; review for reusable script, workflow, deployment job, or infra automation.",automation-score:175 | observability-score:55,683fd5ed1363a00c
27000fcd0101d53c7dc0f1a3,mbarbine__Scripts,automation,"automation,observability,ai",script,ai,Remove-UtilityMessagesFromMailboxes,remove-utility-messages-from-mailboxes,o365/o365-Scripts/Remove-UtilityMessagesFromMailboxes.PS1,.ps1,171,,,,unknown,unknown,75,95,shared-automation-candidate,True,none,primary,none,"Automation component for ai; review for reusable script, workflow, deployment job, or infra automation.",automation-score:130 | observability-score:55 | ai-score:45,6bb3d6bfd09ac8cb
97a48a2c55680ac28e9a8ce5,mbarbine__Scripts,automation,"automation,observability,security,ai",script,observability,Find-AuditEventsForUser,find-audit-events-for-user,o365/o365-Scripts/Find-AuditEventsForUser.PS1,.ps1,317,,,,unknown,unknown,75,90,shared-automation-candidate,True,none,primary,none,"Automation component for observability; review for reusable script, workflow, deployment job, or infra automation.",automation-score:130 | observability-score:55 | security-score:55 | ai-score:45,1fdefefafc62f419
0bd0a39af103e5fff5f93db6,mbarbine__Scripts,automation,"automation,observability,security",script,observability,ReportPermissionsApps,report-permissions-apps,o365/o365-Scripts/ReportPermissionsApps.PS1,.ps1,237,,,,unknown,unknown,75,90,shared-automation-candidate,True,none,primary,none,"Automation component for observability; review for reusable script, workflow, deployment job, or infra automation.",automation-score:175 | observability-score:55 | security-score:55,d6d67903b67b84d6
145bf1a4a03f7934792c64ff,mbarbine__Scripts,automation,"automation,observability,security,ai",script,observability,CleanUpMailbox-Graph,clean-up-mailbox-graph,o365/o365-Scripts/CleanUpMailbox-Graph.PS1,.ps1,356,,,,unknown,unknown,75,90,shared-automation-candidate,True,none,primary,none,"Automation component for observability; review for reusable script, workflow, deployment job, or infra automation.",automation-score:175 | observability-score:55 | security-score:55 | ai-score:45,1c81bddfefc08975
47f8c0e30e56f9f1e5292cec,mbarbine__Scripts,automation,automation,script,commerce,Update-M365GroupOwners,update-m365-group-owners,o365/o365-Scripts/Update-M365GroupOwners.PS1,.ps1,105,,,,unknown,unknown,65,80,shared-automation-candidate,True,none,primary,none,"Automation component for commerce; review for reusable script, workflow, deployment job, or infra automation.",automation-score:130,52c6cb3ac1324718
7a96da8297fd5bb185941542,mbarbine__Scripts,automation,"automation,observability",script,observability,ReportUnusedExoMailboxes,report-unused-exo-mailboxes,o365/o365-Scripts/ReportUnusedExoMailboxes.PS1,.ps1,131,,,,unknown,unknown,75,95,shared-automation-candidate,True,none,primary,none,"Automation component for observability; review for reusable script, workflow, deployment job, or infra automation.",automation-score:175 | observability-score:55,5849632671afec1c
9e2e556e5aff362201887bb7,mbarbine__Scripts,automation,automation,script,analytics,Report-MailUsageDomains,report-mail-usage-domains,o365/o365-Scripts/Report-MailUsageDomains.PS1,.ps1,101,,,,unknown,unknown,65,80,shared-automation-candidate,True,none,primary,none,"Automation component for analytics; review for reusable script, workflow, deployment job, or infra automation.",automation-score:130,a5685e491ca1fdfc
a2952a8d46af9aa36719af39,mbarbine__Scripts,automation,"automation,security",script,auth-and-keys,Update-PlanWithTasks,update-plan-with-tasks,o365/o365-Scripts/Update-PlanWithTasks.PS1,.ps1,312,,,,unknown,unknown,75,90,shared-automation-candidate,True,none,primary,none,"Automation component for auth-and-keys; review for reusable script, workflow, deployment job, or infra automation.",automation-score:175 | security-score:55,4680de6f900d6390
b518462e187eb11ce59e55bf,mbarbine__Scripts,automation,"automation,observability",script,observability,Report-EntraRegisteredDevices,report-entra-registered-devices,o365/o365-Scripts/Report-EntraRegisteredDevices.PS1,.ps1,68,,,,unknown,unknown,75,95,shared-automation-candidate,True,none,primary,none,"Automation component for observability; review for reusable script, workflow, deployment job, or infra automation.",automation-score:130 | observability-score:55,b22bb15196996c41
16bf0605af81b35fe14bc611,mbarbine__Scripts,automation,"automation,observability",script,observability,ReportSendAsAuditEvents,report-send-as-audit-events,o365/o365-Scripts/ReportSendAsAuditEvents.PS1,.ps1,54,,,,unknown,unknown,75,95,shared-automation-candidate,True,none,primary,none,"Automation component for observability; review for reusable script, workflow, deployment job, or infra automation.",automation-score:130 | observability-score:55,6edaa832fa20afa3
b9315d68fbbaf22e3bd29dd3,mbarbine__Scripts,automation,automation,script,analytics,New-AccountTrackingAzureAutomation,new-account-tracking-azure-automation,o365/o365-Scripts/New-AccountTrackingAzureAutomation.PS1,.ps1,91,,,,unknown,unknown,65,80,shared-automation-candidate,True,none,primary,none,"Automation component for analytics; review for reusable script, workflow, deployment job, or infra automation.",automation-score:175,398e78b4fd703e8e
2cd8a2729918e834eb5bc2cf,mbarbine__Scripts,automation,"automation,security",script,auth-and-keys,ReportAuthenticationMethods,report-authentication-methods,o365/o365-Scripts/ReportAuthenticationMethods.PS1,.ps1,80,,,,unknown,unknown,75,95,shared-automation-candidate,True,none,primary,none,"Automation component for auth-and-keys; review for reusable script, workflow, deployment job, or infra automation.",automation-score:130 | security-score:55,51afee0184a529be
63922c10778176ae8f03ccaf,mbarbine__Scripts,automation,"automation,observability",script,observability,Report-MailboxAuditingConfiguration,report-mailbox-auditing-configuration,o365/o365-Scripts/Report-MailboxAuditingConfiguration.PS1,.ps1,103,,,,unknown,unknown,75,95,shared-automation-candidate,True,none,primary,none,"Automation component for observability; review for reusable script, workflow, deployment job, or infra automation.",automation-score:130 | observability-score:55,4b296e59908581f2
42ac1e6da4839734bc964244,mbarbine__Scripts,automation,automation,script,analytics,Report-OneDriveUsage,report-one-drive-usage,o365/o365-Scripts/Report-OneDriveUsage.PS1,.ps1,82,,,,unknown,unknown,65,80,shared-automation-candidate,True,none,primary,none,"Automation component for analytics; review for reusable script, workflow, deployment job, or infra automation.",automation-score:130,0949e34cf727430d
4caaf9854e06796ed6b44110,mbarbine__Scripts,automation,"automation,observability",script,commerce,Remove-LicensesDisabledAccounts,remove-licenses-disabled-accounts,o365/o365-Scripts/Remove-LicensesDisabledAccounts.PS1,.ps1,88,,,,unknown,unknown,75,80,shared-automation-candidate,True,none,primary,none,"Automation component for commerce; review for reusable script, workflow, deployment job, or infra automation.",automation-score:130 | observability-score:55,8faa18890f43dfaf
e898245148c2eae964e42eb5,mbarbine__Scripts,automation,"automation,observability,ai",script,ai,Assign-LicensesViaCSV,assign-licenses-via-csv,o365/o365-Scripts/Assign-LicensesViaCSV.PS1,.ps1,159,,,,unknown,unknown,75,95,shared-automation-candidate,True,none,primary,none,"Automation component for ai; review for reusable script, workflow, deployment job, or infra automation.",automation-score:130 | observability-score:55 | ai-score:45,5e9fd5712032447d
198ba7373ae4c02920b9189b,mbarbine__Scripts,automation,"automation,integration,observability",script,auth-and-keys,Check-SensitivityLabelsGroups,check-sensitivity-labels-groups,o365/o365-Scripts/Check-SensitivityLabelsGroups.PS1,.ps1,49,,,,unknown,unknown,75,95,shared-automation-candidate,True,none,primary,none,"Automation component for auth-and-keys; review for reusable script, workflow, deployment job, or infra automation.",automation-score:130 | integration-score:55 | observability-score:55,d96cfb7c9012fb16
1fc746a06fa4be93e3d1f7d4,mbarbine__Scripts,automation,"automation,observability",script,commerce,ReportPermissionsOnMailboxes,report-permissions-on-mailboxes,o365/o365-Scripts/ReportPermissionsOnMailboxes.PS1,.ps1,42,,,,unknown,unknown,75,80,shared-automation-candidate,True,none,primary,none,"Automation component for commerce; review for reusable script, workflow, deployment job, or infra automation.",automation-score:130 | observability-score:55,89ea468f0942fa34
63b1ca22c168ff1b4fa7628c,mbarbine__Scripts,automation,automation,script,commerce,Update-OneDriveGroupMembers,update-one-drive-group-members,o365/o365-Scripts/Update-OneDriveGroupMembers.PS1,.ps1,61,,,,unknown,unknown,65,80,shared-automation-candidate,True,none,primary,none,"Automation component for commerce; review for reusable script, workflow, deployment job, or infra automation.",automation-score:130,1d9d0f4ee39b1781
f02ed3f7016e76159027b300,mbarbine__Scripts,automation,automation,script,commerce,Update-BreakGlassUsersCAPolicies,update-break-glass-users-capolicies,o365/o365-Scripts/Update-BreakGlassUsersCAPolicies.PS1,.ps1,48,,,,unknown,unknown,65,80,shared-automation-candidate,True,none,primary,none,"Automation component for commerce; review for reusable script, workflow, deployment job, or infra automation.",automation-score:130,fd2e4f90e40d2807
4cb260d26c729253cc4859f1,mbarbine__Scripts,automation,"automation,observability,ai",script,observability,Analyze-MailTraffic,analyze-mail-traffic,o365/o365-Scripts/Analyze-MailTraffic.PS1,.ps1,76,,,,unknown,unknown,75,95,shared-automation-candidate,True,none,primary,none,"Automation component for observability; review for reusable script, workflow, deployment job, or infra automation.",automation-score:130 | observability-score:55 | ai-score:45,a3a89820628b2ee1
bbf7e19c24c607b8eb2d4ec0,mbarbine__Scripts,automation,"automation,observability",script,analytics,AnalyzeSendAsAuditData,analyze-send-as-audit-data,o365/o365-Scripts/AnalyzeSendAsAuditData.ps1,.ps1,63,,,,unknown,unknown,75,80,shared-automation-candidate,True,none,primary,none,"Automation component for analytics; review for reusable script, workflow, deployment job, or infra automation.",automation-score:130 | observability-score:55,1257a6475a925851
7eaf10dc39d854408fa508b4,mbarbine__Scripts,automation,"automation,observability,security",script,observability,ReportDelveInsightsDisabled,report-delve-insights-disabled,o365/o365-Scripts/ReportDelveInsightsDisabled.PS1,.ps1,125,,,,unknown,unknown,75,95,shared-automation-candidate,True,none,primary,none,"Automation component for observability; review for reusable script, workflow, deployment job, or infra automation.",automation-score:130 | observability-score:55 | security-score:55,1bb97ffc1401799c
0d06315abd85f6e1791a156f,mbarbine__Scripts,automation,automation,script,commerce,ReportDLsAndManagers,report-dls-and-managers,o365/o365-Scripts/ReportDLsAndManagers.PS1,.ps1,82,,,,unknown,unknown,65,80,shared-automation-candidate,True,none,primary,none,"Automation component for commerce; review for reusable script, workflow, deployment job, or infra automation.",automation-score:130,0e0606215cf47d37
7afcf7ccab2337df3f9ac06d,mbarbine__Scripts,automation,"automation,observability,security",script,observability,Check-AuditRecordsMFA,check-audit-records-mfa,o365/o365-Scripts/Check-AuditRecordsMFA.PS1,.ps1,93,,,,unknown,unknown,75,95,shared-automation-candidate,True,none,primary,none,"Automation component for observability; review for reusable script, workflow, deployment job, or infra automation.",automation-score:130 | observability-score:55 | security-score:55,3c4d3d32cee9ed83
a3d191ef2dd8787695c3c3e4,mbarbine__Scripts,automation,"automation,observability",script,observability,Report-PermissionConsentRequests,report-permission-consent-requests,o365/o365-Scripts/Report-PermissionConsentRequests.PS1,.ps1,64,,,,unknown,unknown,75,95,shared-automation-candidate,True,none,primary,none,"Automation component for observability; review for reusable script, workflow, deployment job, or infra automation.",automation-score:175 | observability-score:55,7be7aeaaef7e9722
e427b32738d562e0e9a024cf,mbarbine__Scripts,automation,automation,script,editor,GetPowerAutomateFlows,get-power-automate-flows,o365/o365-Scripts/GetPowerAutomateFlows.PS1,.ps1,51,,,,unknown,unknown,65,80,shared-automation-candidate,True,none,primary,none,"Automation component for editor; review for reusable script, workflow, deployment job, or infra automation.",automation-score:130,a938fd4cc02de497
2068af7954ca93212bd37172,mbarbine__Scripts,automation,"automation,observability,security,ai",script,ai,Analyze-TeamsExternalChats,analyze-teams-external-chats,o365/o365-Scripts/Analyze-TeamsExternalChats.PS1,.ps1,200,,,,unknown,unknown,75,95,shared-automation-candidate,True,none,primary,none,"Automation component for ai; review for reusable script, workflow, deployment job, or infra automation.",automation-score:175 | observability-score:55 | security-score:55 | ai-score:45,336de5073e49a652
f7ab25677da78e7051d2c9b0,mbarbine__Scripts,automation,"automation,observability,security,ai",script,observability,PopulateOrgContacts,populate-org-contacts,o365/o365-Scripts/PopulateOrgContacts.PS1,.ps1,144,,,,unknown,unknown,75,95,shared-automation-candidate,True,none,primary,none,"Automation component for observability; review for reusable script, workflow, deployment job, or infra automation.",automation-score:130 | observability-score:55 | security-score:55 | ai-score:45,3d4cf0f22e94e5ac
74e65987284f0361f8e59886,mbarbine__Scripts,automation,"automation,observability,ai",script,observability,Report-RecoverableItems,report-recoverable-items,o365/o365-Scripts/Report-RecoverableItems.PS1,.ps1,118,,,,unknown,unknown,75,95,shared-automation-candidate,True,none,primary,none,"Automation component for observability; review for reusable script, workflow, deployment job, or infra automation.",automation-score:130 | observability-score:55 | ai-score:45,4f3c7423199e5711
1d57c0546976509dbb621749,mbarbine__Scripts,automation,automation,script,workflow,Update-TenantCustomBranding,update-tenant-custom-branding,o365/o365-Scripts/Update-TenantCustomBranding.PS1,.ps1,34,,,,unknown,unknown,65,80,shared-automation-candidate,True,none,primary,none,"Automation component for workflow; review for reusable script, workflow, deployment job, or infra automation.",automation-score:175,cb69118da9daa0c9
bd24c03535ee4e5fa9ea1a05,mbarbine__Scripts,automation,automation,script,discovery,Report-MRMTagsOnFolders,report-mrmtags-on-folders,o365/o365-Scripts/Report-MRMTagsOnFolders.PS1,.ps1,63,,,,unknown,unknown,65,95,shared-automation-candidate,True,none,primary,none,"Automation component for discovery; review for reusable script, workflow, deployment job, or infra automation.",automation-score:130,b019f7ca369eff23
2cf8644af3926658d34a8126,mbarbine__Scripts,automation,"automation,observability",script,commerce,UpdateMailboxAuditing,update-mailbox-auditing,o365/o365-Scripts/UpdateMailboxAuditing.PS1,.ps1,69,,,,unknown,unknown,75,80,shared-automation-candidate,True,none,primary,none,"Automation component for commerce; review for reusable script, workflow, deployment job, or infra automation.",automation-score:175 | observability-score:55,27e657d4fe11f12a
28196075d9296fa214b82d6d,mbarbine__Scripts,automation,"automation,observability",script,observability,ReportAuditRecsFileUpdates,report-audit-recs-file-updates,o365/o365-Scripts/ReportAuditRecsFileUpdates.PS1,.ps1,47,,,,unknown,unknown,75,95,shared-automation-candidate,True,none,primary,none,"Automation component for observability; review for reusable script, workflow, deployment job, or infra automation.",automation-score:130 | observability-score:55,ebc2c590975b72cb
d1edfbec5c129a127341d82b,mbarbine__Scripts,automation,automation,script,commerce,FindPotentialDirectoryProblems,find-potential-directory-problems,o365/o365-Scripts/FindPotentialDirectoryProblems.PS1,.ps1,147,,,,unknown,unknown,65,80,shared-automation-candidate,False,none,primary,none,"Automation component for commerce; review for reusable script, workflow, deployment job, or infra automation.",automation-score:130,516bf4f71c41430c
b63ccccb7166e42c44b460bb,mbarbine__Scripts,automation,"automation,security",script,auth-and-keys,Get-IPGeolocation,get-ipgeolocation,o365/o365-Scripts/Get-IPGeolocation.ps1,.ps1,50,,,,unknown,unknown,75,95,shared-automation-candidate,True,none,primary,none,"Automation component for auth-and-keys; review for reusable script, workflow, deployment job, or infra automation.",automation-score:130 | security-score:55,48211fb48161373a
9b6ba9344bc8e1eb6ef90e6c,mbarbine__Scripts,automation,"automation,observability",script,observability,FindSendAsAuditRecords,find-send-as-audit-records,o365/o365-Scripts/FindSendAsAuditRecords.ps1,.ps1,58,,,,unknown,unknown,75,95,shared-automation-candidate,True,none,primary,none,"Automation component for observability; review for reusable script, workflow, deployment job, or infra automation.",automation-score:130 | observability-score:55,ca14dfe6ea7438a1
b855a2304d918faa9465129f,mbarbine__Scripts,automation,automation,script,commerce,Report-AURolesAndMembers,report-auroles-and-members,o365/o365-Scripts/Report-AURolesAndMembers.PS1,.ps1,136,,,,unknown,unknown,65,80,shared-automation-candidate,True,none,primary,none,"Automation component for commerce; review for reusable script, workflow, deployment job, or infra automation.",automation-score:130,29947d8786a86ed8
93e3fde16f8b878b3159a20e,mbarbine__Scripts,automation,automation,script,commerce,GetHoldsOnMailbox,get-holds-on-mailbox,o365/o365-Scripts/GetHoldsOnMailbox.PS1,.ps1,62,,,,unknown,unknown,65,80,shared-automation-candidate,True,none,primary,none,"Automation component for commerce; review for reusable script, workflow, deployment job, or infra automation.",automation-score:130,3a33f94aef0e801a
322ad557113ed56f4328de0f,mbarbine__Scripts,automation,automation,script,ai,AzureAutomation-FindRemoveTeamsChats,azure-automation-find-remove-teams-chats,o365/o365-Scripts/AzureAutomation-FindRemoveTeamsChats.PS1,.ps1,120,,,,unknown,unknown,65,95,shared-automation-candidate,True,none,primary,none,"Automation component for ai; review for reusable script, workflow, deployment job, or infra automation.",automation-score:130,cec08b5f5f3ba0a1
04349bd865c2b5f7d6543dd0,mbarbine__Scripts,automation,"automation,observability,security",script,observability,FindObsoleteGuestsByActivity,find-obsolete-guests-by-activity,o365/o365-Scripts/FindObsoleteGuestsByActivity.ps1,.ps1,49,,,,unknown,unknown,75,95,shared-automation-candidate,True,none,primary,none,"Automation component for observability; review for reusable script, workflow, deployment job, or infra automation.",automation-score:175 | observability-score:55 | security-score:55,c36c763ce1bf9f2a
08444168a4afee47aae5ef09,mbarbine__Scripts,automation,"automation,observability,security",script,observability,FindNonSSPREnabledUsers,find-non-ssprenabled-users,o365/o365-Scripts/FindNonSSPREnabledUsers.PS1,.ps1,48,,,,unknown,unknown,75,95,shared-automation-candidate,True,none,primary,none,"Automation component for observability; review for reusable script, workflow, deployment job, or infra automation.",automation-score:130 | observability-score:55 | security-score:55,80f988eb132bd4cd
a468f9e35f8917dcc1c1d7c6,mbarbine__Scripts,automation,automation,script,analytics,ReportTeamsPolicyAssignments,report-teams-policy-assignments,o365/o365-Scripts/ReportTeamsPolicyAssignments.PS1,.ps1,341,,,,unknown,unknown,65,75,shared-automation-candidate,True,none,primary,none,"Automation component for analytics; review for reusable script, workflow, deployment job, or infra automation.",automation-score:130,e529fb8fa9051659
7a63789c5bf5ebb70163ea3c,mbarbine__Scripts,automation,"automation,observability,ai",script,analytics,PurgeMessagesWithSearchMailbox,purge-messages-with-search-mailbox,o365/o365-Scripts/PurgeMessagesWithSearchMailbox.PS1,.ps1,103,,,,unknown,unknown,75,80,shared-automation-candidate,True,none,primary,none,"Automation component for analytics; review for reusable script, workflow, deployment job, or infra automation.",automation-score:130 | observability-score:55 | ai-score:45,fbfab2a02376a510
4ac5c12be5275d6fa0316006,mbarbine__Scripts,automation,"automation,observability",script,observability,GetUserSignInDataGraph,get-user-sign-in-data-graph,o365/o365-Scripts/GetUserSignInDataGraph.PS1,.ps1,85,,,,unknown,unknown,75,95,shared-automation-candidate,True,none,primary,none,"Automation component for observability; review for reusable script, workflow, deployment job, or infra automation.",automation-score:130 | observability-score:55,0f1abaed2d29d98e
747bf51638520b90d20c4351,mbarbine__Scripts,automation,"automation,observability",script,seo-and-metadata,RemoveKaizalaServicePlans,remove-kaizala-service-plans,o365/o365-Scripts/RemoveKaizalaServicePlans.PS1,.ps1,81,,,,unknown,unknown,75,95,shared-automation-candidate,True,none,primary,none,"Automation component for seo-and-metadata; review for reusable script, workflow, deployment job, or infra automation.",automation-score:175 | observability-score:55,79bfddd0bc10f4f6
b8b965791651b92e46cee2e7,mbarbine__Scripts,automation,"automation,observability,ai",script,observability,ReportQuarantinedMessages,report-quarantined-messages,o365/o365-Scripts/ReportQuarantinedMessages.PS1,.ps1,64,,,,unknown,unknown,75,95,shared-automation-candidate,True,none,primary,none,"Automation component for observability; review for reusable script, workflow, deployment job, or infra automation.",automation-score:175 | observability-score:55 | ai-score:45,0dce15ccc0ec34ac
a661ca88c4b1b940e82981c8,mbarbine__Scripts,automation,"automation,observability,security",script,observability,Find-UnderUsedCopilotLicenseswithAudit,find-under-used-copilot-licenseswith-audit,o365/o365-Scripts/Find-UnderUsedCopilotLicenseswithAudit.PS1,.ps1,515,,,,unknown,unknown,75,80,shared-automation-candidate,True,none,primary,none,"Automation component for observability; review for reusable script, workflow, deployment job, or infra automation.",automation-score:130 | observability-score:55 | security-score:55,f938a84e3b0aa3ec
c71c67f37e7221e3537fd01d,mbarbine__Scripts,automation,"automation,security",script,auth-and-keys,Remove-PermissionsSharedMailbox,remove-permissions-shared-mailbox,o365/o365-Scripts/Remove-PermissionsSharedMailbox.PS1,.ps1,164,,,,unknown,unknown,75,95,shared-automation-candidate,True,none,primary,none,"Automation component for auth-and-keys; review for reusable script, workflow, deployment job, or infra automation.",automation-score:175 | security-score:55,f0146b93cd302913
9a1542fe4d262d4a41cf21ed,mbarbine__Scripts,automation,"automation,security",script,auth-and-keys,ConvertDDLM365Group,convert-ddlm365-group,o365/o365-Scripts/ConvertDDLM365Group.PS1,.ps1,73,,,,unknown,unknown,75,95,shared-automation-candidate,False,none,primary,none,"Automation component for auth-and-keys; review for reusable script, workflow, deployment job, or infra automation.",automation-score:130 | security-score:55,25f5c49e666acb74
21c04f1c61bad1875ace48c6,mbarbine__Scripts,automation,"automation,observability",script,analytics,PopulateTeamsHolidays,populate-teams-holidays,o365/o365-Scripts/PopulateTeamsHolidays.PS1,.ps1,39,,,,unknown,unknown,75,80,shared-automation-candidate,True,none,primary,none,"Automation component for analytics; review for reusable script, workflow, deployment job, or infra automation.",automation-score:175 | observability-score:55,13cf430c5d60e323
0aa11de321a461493a143b98,mbarbine__Scripts,automation,"automation,observability",script,observability,Find-FilesWithDownGradedLabels,find-files-with-down-graded-labels,o365/o365-Scripts/Find-FilesWithDownGradedLabels.PS1,.ps1,116,,,,unknown,unknown,75,95,shared-automation-candidate,True,none,primary,none,"Automation component for observability; review for reusable script, workflow, deployment job, or infra automation.",automation-score:130 | observability-score:55,4c614377e697bc47
fca2e7b7da1277e80e53402e,mbarbine__Scripts,automation,"automation,integration,observability,security",script,auth-and-keys,FindOffice365GroupsWithBadGuests,find-office365-groups-with-bad-guests,o365/o365-Scripts/FindOffice365GroupsWithBadGuests.PS1,.ps1,69,,,,unknown,unknown,75,95,shared-automation-candidate,True,none,primary,none,"Automation component for auth-and-keys; review for reusable script, workflow, deployment job, or infra automation.",automation-score:130 | integration-score:55 | observability-score:55 | security-score:55,606f1c1a401f369f
86af4c50bedaf714d29f79a1,mbarbine__Scripts,automation,"automation,observability,security",script,auth-and-keys,AzureAutomationAddMembersTeamChannels,azure-automation-add-members-team-channels,o365/o365-Scripts/AzureAutomationAddMembersTeamChannels.PS1,.ps1,122,,,,unknown,unknown,75,95,shared-automation-candidate,True,none,primary,none,"Automation component for auth-and-keys; review for reusable script, workflow, deployment job, or infra automation.",automation-score:175 | observability-score:55 | security-score:55,f6ea853a6a0913fc
8fd5c4db77200399c01fb837,mbarbine__Scripts,automation,automation,script,commerce,Update-GroupPhotosSDK,update-group-photos-sdk,o365/o365-Scripts/Update-GroupPhotosSDK.PS1,.ps1,56,,,,unknown,unknown,65,80,shared-automation-candidate,True,none,primary,none,"Automation component for commerce; review for reusable script, workflow, deployment job, or infra automation.",automation-score:130,785e297e8cfeea2f
cd17e5c22ec9802414d20f7e,mbarbine__Scripts,automation,"automation,observability",script,observability,ReportSPOSiteStorageUsage,report-sposite-storage-usage,o365/o365-Scripts/ReportSPOSiteStorageUsage.PS1,.ps1,117,,,,unknown,unknown,75,95,shared-automation-candidate,True,none,primary,none,"Automation component for observability; review for reusable script, workflow, deployment job, or infra automation.",automation-score:130 | observability-score:55,446bf614e2121962
4eb7e80424f41c7297140ca5,mbarbine__Scripts,automation,"automation,observability,security,ai",script,observability,ReportMailboxItems-Graph,report-mailbox-items-graph,o365/o365-Scripts/ReportMailboxItems-Graph.PS1,.ps1,276,,,,unknown,unknown,75,90,shared-automation-candidate,True,none,primary,none,"Automation component for observability; review for reusable script, workflow, deployment job, or infra automation.",automation-score:130 | observability-score:55 | security-score:55 | ai-score:45,a9d65e00f6b8bec6
dc3e7331786ae3f392f7e638,mbarbine__Scripts,automation,"automation,observability,ai",script,observability,FindDeletedEmailAuditRecords,find-deleted-email-audit-records,o365/o365-Scripts/FindDeletedEmailAuditRecords.PS1,.ps1,32,,,,unknown,unknown,75,95,shared-automation-candidate,True,none,primary,none,"Automation component for observability; review for reusable script, workflow, deployment job, or infra automation.",automation-score:130 | observability-score:55 | ai-score:45,66d2c939d78c1226
c0184ddcfefd418bab94bd35,mbarbine__Scripts,automation,"automation,observability",script,observability,ReportAuditRecFailedSignIn,report-audit-rec-failed-sign-in,o365/o365-Scripts/ReportAuditRecFailedSignIn.PS1,.ps1,45,,,,unknown,unknown,75,95,shared-automation-candidate,True,none,primary,none,"Automation component for observability; review for reusable script, workflow, deployment job, or infra automation.",automation-score:130 | observability-score:55,185a6a554dc9e66e
266ee3cec7de1fd4fb21e8b9,mbarbine__Scripts,automation,"automation,observability,security",script,observability,FindReportGuestsAddedTeams,find-report-guests-added-teams,o365/o365-Scripts/FindReportGuestsAddedTeams.PS1,.ps1,98,,,,unknown,unknown,75,95,shared-automation-candidate,True,none,primary,none,"Automation component for observability; review for reusable script, workflow, deployment job, or infra automation.",automation-score:130 | observability-score:55 | security-score:55,e1dc81751c7cfff2
142ed5fb03334e6e7c546c82,mbarbine__Scripts,automation,"automation,observability",script,observability,ReportYammerCommunityActivity,report-yammer-community-activity,o365/o365-Scripts/ReportYammerCommunityActivity.PS1,.ps1,35,,,,unknown,unknown,75,95,shared-automation-candidate,True,none,primary,none,"Automation component for observability; review for reusable script, workflow, deployment job, or infra automation.",automation-score:130 | observability-score:55,ed6e35806d1286b3
7546319d9743ad300c182e03,mbarbine__Scripts,automation,"automation,observability",script,analytics,PopulateTeamSharedChannel,populate-team-shared-channel,o365/o365-Scripts/PopulateTeamSharedChannel.PS1,.ps1,63,,,,unknown,unknown,75,80,shared-automation-candidate,True,none,primary,none,"Automation component for analytics; review for reusable script, workflow, deployment job, or infra automation.",automation-score:130 | observability-score:55,69be2c9e638fbdfe
6f5e82309622fdc9f1e13151,mbarbine__Scripts,automation,automation,script,ai,Report-TeamsChatInfo,report-teams-chat-info,o365/o365-Scripts/Report-TeamsChatInfo.PS1,.ps1,78,,,,unknown,unknown,65,95,shared-automation-candidate,False,none,primary,none,"Automation component for ai; review for reusable script, workflow, deployment job, or infra automation.",automation-score:130,3391f1b40f002b3d
733c7e60a93c6b65bda3f3ce,mbarbine__Scripts,automation,"automation,security",script,auth-and-keys,ReportFilesSPOSite,report-files-sposite,o365/o365-Scripts/ReportFilesSPOSite.PS1,.ps1,189,,,,unknown,unknown,75,95,shared-automation-candidate,True,none,primary,none,"Automation component for auth-and-keys; review for reusable script, workflow, deployment job, or infra automation.",automation-score:130 | security-score:55,02dcd5da4d6dda43
a8ce21d7f438a562477f61fe,mbarbine__Scripts,automation,"automation,observability",script,observability,ReportDeletedODSPDocuments,report-deleted-odspdocuments,o365/o365-Scripts/ReportDeletedODSPDocuments.PS1,.ps1,116,,,,unknown,unknown,75,95,shared-automation-candidate,True,none,primary,none,"Automation component for observability; review for reusable script, workflow, deployment job, or infra automation.",automation-score:130 | observability-score:55,fc5b6c195ed062e1
02af4bc2d50b3388d3fcd47c,mbarbine__Scripts,automation,"automation,observability,ai",script,ai,RemoveServicePlan-MgGraph,remove-service-plan-mg-graph,o365/o365-Scripts/RemoveServicePlan-MgGraph.PS1,.ps1,120,," + $SelectedSku
            Set-Mailbox -Identity $M.Alias -ExtensionCustomAttribute2 $LicenseUpdateMsg
            Write-Host ("," + $SelectedSku
            Set-Mailbox -Identity $M.Alias -ExtensionCustomAttribute2 $LicenseUpdateMsg
            Write-Host (",unknown,unknown,85,95,shared-automation-candidate,True,none,primary,none,"Automation component for ai; review for reusable script, workflow, deployment job, or infra automation.","imports: + $SelectedSku
            Set-Mailbox -Identity $M.Alias -ExtensionCustomAttribute2 $LicenseUpdateMsg
            Write-Host ( | automation-score:175 | observability-score:55 | ai-score:45",3e6abf10a95a317a
6576dbae48afb57609364eb1,mbarbine__Scripts,automation,"automation,integration,observability,security",script,auth-and-keys,ArchiveMicrosoft365Groups,archive-microsoft365-groups,o365/o365-Scripts/ArchiveMicrosoft365Groups.PS1,.ps1,134,,,,unknown,unknown,75,95,shared-automation-candidate,True,none,primary,none,"Automation component for auth-and-keys; review for reusable script, workflow, deployment job, or infra automation.",automation-score:130 | integration-score:55 | observability-score:55 | security-score:55,12f996090bf7baee
9dbcda71c802b90531d68b5b,mbarbine__Scripts,automation,"automation,observability",script,observability,Report-ExoMailboxFolderStats,report-exo-mailbox-folder-stats,o365/o365-Scripts/Report-ExoMailboxFolderStats.PS1,.ps1,242,,,,unknown,unknown,75,90,shared-automation-candidate,True,none,primary,none,"Automation component for observability; review for reusable script, workflow, deployment job, or infra automation.",automation-score:130 | observability-score:55,f1cc6ce9aad9b4b6
285faf0a8222fc1b507ac9cb,mbarbine__Scripts,automation,"automation,observability",script,commerce,Assign-MultipleLicenses,assign-multiple-licenses,o365/o365-Scripts/Assign-MultipleLicenses.PS1,.ps1,82,,,,unknown,unknown,75,80,shared-automation-candidate,False,none,primary,none,"Automation component for commerce; review for reusable script, workflow, deployment job, or infra automation.",automation-score:130 | observability-score:55,803a8978b761b447
9bd7773f1fc69a91c2776bb4,mbarbine__Scripts,automation,"automation,observability,security",script,auth-and-keys,ReportAdminAzureADAccountsNoMFA,report-admin-azure-adaccounts-no-mfa,o365/o365-Scripts/ReportAdminAzureADAccountsNoMFA.PS1,.ps1,98,,,,unknown,unknown,75,95,shared-automation-candidate,False,none,primary,none,"Automation component for auth-and-keys; review for reusable script, workflow, deployment job, or infra automation.",automation-score:130 | observability-score:55 | security-score:55,8c90be5ddb0af22e
7bede522570163f99b7d9ee3,mbarbine__Scripts,automation,automation,script,analytics,Report-RoomMailboxUsage,report-room-mailbox-usage,o365/o365-Scripts/Report-RoomMailboxUsage.PS1,.ps1,270,,,,unknown,unknown,65,75,shared-automation-candidate,True,none,primary,none,"Automation component for analytics; review for reusable script, workflow, deployment job, or infra automation.",automation-score:130,292d7c6588192dc2
5e5c968d03385f6ca3438054,mbarbine__Scripts,automation,"automation,observability",script,auth-and-keys,Convert-AccountToInternal,convert-account-to-internal,o365/o365-Scripts/Convert-AccountToInternal.PS1,.ps1,78,,,,unknown,unknown,75,95,shared-automation-candidate,True,none,primary,none,"Automation component for auth-and-keys; review for reusable script, workflow, deployment job, or infra automation.",automation-score:130 | observability-score:55,5d2b6373c736ad12
bcd2ee670dddf10a14b81d14,mbarbine__Scripts,automation,automation,script,analytics,Create-EntraIDDynamicAUs,create-entra-iddynamic-aus,o365/o365-Scripts/Create-EntraIDDynamicAUs.PS1,.ps1,58,,,,unknown,unknown,65,80,shared-automation-candidate,True,none,primary,none,"Automation component for analytics; review for reusable script, workflow, deployment job, or infra automation.",automation-score:130,1f2b479724b2ed81
d1d0ff00e1884aedbf8f35e0,mbarbine__Scripts,automation,"automation,observability",script,observability,Report-DeletedEntraIDObjects,report-deleted-entra-idobjects,o365/o365-Scripts/Report-DeletedEntraIDObjects.PS1,.ps1,168,,,,unknown,unknown,75,95,shared-automation-candidate,True,none,primary,none,"Automation component for observability; review for reusable script, workflow, deployment job, or infra automation.",automation-score:130 | observability-score:55,daa8fedc96fde1da
4dbf43a858eb4c93fabeed32,mbarbine__Scripts,automation,"automation,observability,security",script,observability,Report-OneDriveFiles,report-one-drive-files,o365/o365-Scripts/Report-OneDriveFiles.PS1,.ps1,333,,,,unknown,unknown,75,90,shared-automation-candidate,True,none,primary,none,"Automation component for observability; review for reusable script, workflow, deployment job, or infra automation.",automation-score:130 | observability-score:55 | security-score:55,43c3d8b08220e197
b0ffc424726e6015b679447a,mbarbine__Scripts,automation,automation,script,commerce,Update-AppLockInstance,update-app-lock-instance,o365/o365-Scripts/Update-AppLockInstance.PS1,.ps1,44,,,,unknown,unknown,65,80,shared-automation-candidate,True,none,primary,none,"Automation component for commerce; review for reusable script, workflow, deployment job, or infra automation.",automation-score:175,b3bbeb5331f9da1b
41eb47e029d08281b2707be6,mbarbine__Scripts,automation,"automation,security",script,ai,UpdateOffice365PowerShellModules,update-office365-power-shell-modules,o365/o365-Scripts/UpdateOffice365PowerShellModules.PS1,.ps1,118,,,,unknown,unknown,75,95,shared-automation-candidate,True,none,primary,none,"Automation component for ai; review for reusable script, workflow, deployment job, or infra automation.",automation-score:175 | security-score:55,cb4cfe197caea020
f6d8243ee2623ae53a1c45fc,mbarbine__Scripts,automation,"automation,observability",script,commerce,FindTeamChannelsWithWiki,find-team-channels-with-wiki,o365/o365-Scripts/FindTeamChannelsWithWiki.PS1,.ps1,72,,,,unknown,unknown,75,80,shared-automation-candidate,True,none,primary,none,"Automation component for commerce; review for reusable script, workflow, deployment job, or infra automation.",automation-score:175 | observability-score:55,c4f09dd0a6dc6160
ca38d998a7d35a017484845d,mbarbine__Scripts,automation,automation,script,analytics,Update-Managers,update-managers,o365/o365-Scripts/Update-Managers.PS1,.ps1,116,,,,unknown,unknown,65,80,shared-automation-candidate,True,none,primary,none,"Automation component for analytics; review for reusable script, workflow, deployment job, or infra automation.",automation-score:130,8999c774166c28d2
749d208cfa440a64a1a9056c,mbarbine__Scripts,automation,"automation,security,ai",script,ai,ConvertDLtoO365Group,convert-dlto-o365-group,o365/o365-Scripts/ConvertDLtoO365Group.PS1,.ps1,235,,,,unknown,unknown,75,90,shared-automation-candidate,True,none,primary,none,"Automation component for ai; review for reusable script, workflow, deployment job, or infra automation.",automation-score:175 | security-score:55 | ai-score:45,a6c4447deaea188d
213712a584a49fa9a99f893f,mbarbine__Scripts,automation,automation,script,analytics,ReportUserMembershipOfTeams,report-user-membership-of-teams,o365/o365-Scripts/ReportUserMembershipOfTeams.PS1,.ps1,73,,,,unknown,unknown,65,80,shared-automation-candidate,True,none,primary,none,"Automation component for analytics; review for reusable script, workflow, deployment job, or infra automation.",automation-score:130,66bfacbe79fe96dc
6d41a70b6902abdf287cc5a7,mbarbine__Scripts,automation,"automation,observability,ai",script,workflow,Update-DomainBlocks,update-domain-blocks,o365/o365-Scripts/Update-DomainBlocks.PS1,.ps1,222,,,,unknown,unknown,75,75,shared-automation-candidate,True,none,primary,none,"Automation component for workflow; review for reusable script, workflow, deployment job, or infra automation.",automation-score:175 | observability-score:55 | ai-score:45,f38b47e57953e455
ea4f189ff9f78d7d262ff79e,mbarbine__Scripts,automation,"automation,observability",script,observability,ReportAutoExpandingArchives,report-auto-expanding-archives,o365/o365-Scripts/ReportAutoExpandingArchives.PS1,.ps1,73,,,,unknown,unknown,75,95,shared-automation-candidate,True,none,primary,none,"Automation component for observability; review for reusable script, workflow, deployment job, or infra automation.",automation-score:130 | observability-score:55,da1674dc8ae832fd
3becf0d68722ddfdd4e8a053,mbarbine__Scripts,automation,"automation,observability,security,ai",script,observability,SendMsgToGroupOwners,send-msg-to-group-owners,o365/o365-Scripts/SendMsgToGroupOwners.ps1,.ps1,97,,,,unknown,unknown,75,95,shared-automation-candidate,True,none,primary,none,"Automation component for observability; review for reusable script, workflow, deployment job, or infra automation.",automation-score:130 | observability-score:55 | security-score:55 | ai-score:45,e3ebd0f4a1eeb9ba
6466979b099a0cd09b210bc7,mbarbine__Scripts,automation,"automation,observability",script,observability,Find-CopilotAuditRecords,find-copilot-audit-records,o365/o365-Scripts/Find-CopilotAuditRecords.PS1,.ps1,113,,,,unknown,unknown,75,95,shared-automation-candidate,True,none,primary,none,"Automation component for observability; review for reusable script, workflow, deployment job, or infra automation.",automation-score:130 | observability-score:55,5b8cd2eb6bf5c448
f766c70261f5137b87d1ce81,mbarbine__Scripts,automation,"automation,observability",script,observability,Check-SharedMailboxes,check-shared-mailboxes,o365/o365-Scripts/Check-SharedMailboxes.PS1,.ps1,71,,,,unknown,unknown,75,95,shared-automation-candidate,True,none,primary,none,"Automation component for observability; review for reusable script, workflow, deployment job, or infra automation.",automation-score:130 | observability-score:55,8f5fcad31a219ba2
6b9a28940da0691c4637cb8e,mbarbine__Scripts,automation,"automation,observability,security",script,auth-and-keys,ReporteDiscoveryCases,reporte-discovery-cases,o365/o365-Scripts/ReporteDiscoveryCases.Ps1,.ps1,81,,,,unknown,unknown,75,95,shared-automation-candidate,True,none,primary,none,"Automation component for auth-and-keys; review for reusable script, workflow, deployment job, or infra automation.",automation-score:130 | observability-score:55 | security-score:55,44c45faed9d73653
c7b3afa9ef9466341a212611,mbarbine__Scripts,automation,"automation,observability,ai",script,ai,SearchAndRemoveItemsMailboxes,search-and-remove-items-mailboxes,o365/o365-Scripts/SearchAndRemoveItemsMailboxes.PS1,.ps1,82,,,,unknown,unknown,75,95,shared-automation-candidate,True,none,primary,none,"Automation component for ai; review for reusable script, workflow, deployment job, or infra automation.",automation-score:175 | observability-score:55 | ai-score:45,6b42464efb2a8e3c
c530389d739a56bc6db38904,mbarbine__Scripts,automation,"automation,observability,security,ai",script,observability,ReportMFAStatusUsers,report-mfastatus-users,o365/o365-Scripts/ReportMFAStatusUsers.PS1,.ps1,101,,,,unknown,unknown,75,95,shared-automation-candidate,True,none,primary,none,"Automation component for observability; review for reusable script, workflow, deployment job, or infra automation.",automation-score:130 | observability-score:55 | security-score:55 | ai-score:45,73a4dea29d10b2c6
23910975e289c7df9965b579,mbarbine__Scripts,automation,"automation,integration,observability,security",script,observability,Report-WeeklyCalendarForRoomMailboxes,report-weekly-calendar-for-room-mailboxes,o365/o365-Scripts/Report-WeeklyCalendarForRoomMailboxes.PS1,.ps1,282,,,,unknown,unknown,75,90,shared-automation-candidate,True,none,primary,none,"Automation component for observability; review for reusable script, workflow, deployment job, or infra automation.",automation-score:175 | integration-score:55 | observability-score:55 | security-score:55,dcdef38464812933
e5d47945f252f704a543641b,mbarbine__Scripts,automation,"automation,observability",script,observability,Find-UnusedServicePrincipals,find-unused-service-principals,o365/o365-Scripts/Find-UnusedServicePrincipals.PS1,.ps1,82,,,,unknown,unknown,75,95,shared-automation-candidate,True,none,primary,none,"Automation component for observability; review for reusable script, workflow, deployment job, or infra automation.",automation-score:130 | observability-score:55,2796f768ce5a35bd
5a1e2af6dca5e3610d70cb03,mbarbine__Scripts,automation,"automation,integration,observability,security,ai",script,observability,TeamsGroupsActivityReportV5,teams-groups-activity-report-v5,o365/o365-Scripts/TeamsGroupsActivityReportV5.PS1,.ps1,673,,,,unknown,unknown,75,80,shared-automation-candidate,True,none,primary,none,"Automation component for observability; review for reusable script, workflow, deployment job, or infra automation.",automation-score:130 | integration-score:55 | observability-score:55 | security-score:55 | ai-score:45,158744e3910a9e52
3eac7ca3f3227b719cedebba,mbarbine__Scripts,automation,"automation,security",script,auth-and-keys,Report-SPOFilesDocumentLibrary,report-spofiles-document-library,o365/o365-Scripts/Report-SPOFilesDocumentLibrary.PS1,.ps1,283,,,,unknown,unknown,75,90,shared-automation-candidate,True,none,primary,none,"Automation component for auth-and-keys; review for reusable script, workflow, deployment job, or infra automation.",automation-score:130 | security-score:55,9dcead327d4232fc
2f30aa7dc2e3fe8757f4734c,mbarbine__Scripts,automation,"automation,observability,security",script,observability,Report-ExpiringAppSecrets,report-expiring-app-secrets,o365/o365-Scripts/Report-ExpiringAppSecrets.PS1,.ps1,263,,,,unknown,unknown,75,90,shared-automation-candidate,True,none,primary,none,"Automation component for observability; review for reusable script, workflow, deployment job, or infra automation.",automation-score:175 | observability-score:55 | security-score:55,8f892c896af9d747
3e4df9630aaca73ef37cf1a9,mbarbine__Scripts,automation,"automation,observability,security",script,observability,FindObsoleteGuestsByActivityV3,find-obsolete-guests-by-activity-v3,o365/o365-Scripts/FindObsoleteGuestsByActivityV3.PS1,.ps1,129,,,,unknown,unknown,75,95,shared-automation-candidate,True,none,primary,none,"Automation component for observability; review for reusable script, workflow, deployment job, or infra automation.",automation-score:175 | observability-score:55 | security-score:55,0d9f5b773baeb390
71a0685625437829cfa3eff3,mbarbine__Scripts,automation,"automation,ai",script,ai,Send-TeamsChatWithLotsofMentions,send-teams-chat-with-lotsof-mentions,o365/o365-Scripts/Send-TeamsChatWithLotsofMentions.PS1,.ps1,168,,,,unknown,unknown,75,95,shared-automation-candidate,True,none,primary,none,"Automation component for ai; review for reusable script, workflow, deployment job, or infra automation.",automation-score:175 | ai-score:45,bc9ea9795a63cce4
dbeeadd689dfd6dab7373064,mbarbine__Scripts,automation,"automation,integration",script,commerce,HideGroupsUsedByTeams,hide-groups-used-by-teams,o365/o365-Scripts/HideGroupsUsedByTeams.PS1,.ps1,32,,,,unknown,unknown,75,80,shared-automation-candidate,True,none,primary,none,"Automation component for commerce; review for reusable script, workflow, deployment job, or infra automation.",automation-score:130 | integration-score:55,dc1de01467bb06f5
53a1db3319950553da95db79,mbarbine__Scripts,automation,"automation,observability,security",script,observability,FindTabsAndAppsInTeams,find-tabs-and-apps-in-teams,o365/o365-Scripts/FindTabsAndAppsInTeams.ps1,.ps1,159,,,,unknown,unknown,75,95,shared-automation-candidate,True,none,primary,none,"Automation component for observability; review for reusable script, workflow, deployment job, or infra automation.",automation-score:175 | observability-score:55 | security-score:55,7d2b33f56e839c49
f840cc7ee067cb82f2f8771f,mbarbine__Scripts,automation,"automation,security",script,auth-and-keys,Report-DelegatedPermssions,report-delegated-permssions,o365/o365-Scripts/Report-DelegatedPermssions.PS1,.ps1,88,,,,unknown,unknown,75,95,shared-automation-candidate,True,none,primary,none,"Automation component for auth-and-keys; review for reusable script, workflow, deployment job, or infra automation.",automation-score:130 | security-score:55,c8cd16d8a669ed90
1a4559787412b61e3386e989,mbarbine__Scripts,automation,"automation,observability",script,observability,Report-LastSuccessfulSignIn,report-last-successful-sign-in,o365/o365-Scripts/Report-LastSuccessfulSignIn.PS1,.ps1,58,,,,unknown,unknown,75,95,shared-automation-candidate,True,none,primary,none,"Automation component for observability; review for reusable script, workflow, deployment job, or infra automation.",automation-score:130 | observability-score:55,13bb6c3f8a33e83a
9452f9738501bfcf0da892e9,mbarbine__Scripts,automation,automation,script,analytics,ReportUsersAndManagers,report-users-and-managers,o365/o365-Scripts/ReportUsersAndManagers.PS1,.ps1,140,,,,unknown,unknown,65,80,shared-automation-candidate,True,none,primary,none,"Automation component for analytics; review for reusable script, workflow, deployment job, or infra automation.",automation-score:130,00ba5a88dd782684
4b750829e1f5b7e9aea1da9b,mbarbine__Scripts,automation,"automation,observability,security",script,observability,Report-ActivityAlertAuditEvents,report-activity-alert-audit-events,o365/o365-Scripts/Report-ActivityAlertAuditEvents.PS1,.ps1,57,,,,unknown,unknown,75,95,shared-automation-candidate,True,none,primary,none,"Automation component for observability; review for reusable script, workflow, deployment job, or infra automation.",automation-score:130 | observability-score:55 | security-score:55,6e73f797e3399270
a621f69869c599ebdec9079b,mbarbine__Scripts,automation,"automation,observability",script,observability,FindObsoleteGuestsByActivityV2,find-obsolete-guests-by-activity-v2,o365/o365-Scripts/FindObsoleteGuestsByActivityV2.ps1,.ps1,132,,,,unknown,unknown,75,95,shared-automation-candidate,True,none,primary,none,"Automation component for observability; review for reusable script, workflow, deployment job, or infra automation.",automation-score:175 | observability-score:55,a98a1bf4d802002c
5a62abedc2340e80ab36c525,mbarbine__Scripts,automation,"automation,observability",script,observability,CheckRetentionPolicyUpdates,check-retention-policy-updates,o365/o365-Scripts/CheckRetentionPolicyUpdates.PS1,.ps1,96,,,,unknown,unknown,75,95,shared-automation-candidate,True,none,primary,none,"Automation component for observability; review for reusable script, workflow, deployment job, or infra automation.",automation-score:130 | observability-score:55,dc6ff1a5f7f709d3
1b5de75697b8b8b86edff92c,mbarbine__Scripts,automation,"automation,discovery,ai",script,discovery,AssignColorsSensitivityLabels,assign-colors-sensitivity-labels,o365/o365-Scripts/AssignColorsSensitivityLabels.PS1,.ps1,102,,,,unknown,unknown,75,95,shared-automation-candidate,True,none,primary,none,"Automation component for discovery; review for reusable script, workflow, deployment job, or infra automation.",automation-score:130 | discovery-score:55 | ai-score:45,19a56fd6d7ce66a2
8ff0a883761959e5a4054590,mbarbine__Scripts,automation,"automation,observability",script,observability,ReportRestoreRecoverableItemsAudit,report-restore-recoverable-items-audit,o365/o365-Scripts/ReportRestoreRecoverableItemsAudit.PS1,.ps1,44,,,,unknown,unknown,75,95,shared-automation-candidate,True,none,primary,none,"Automation component for observability; review for reusable script, workflow, deployment job, or infra automation.",automation-score:130 | observability-score:55,58cdcb0248862575
eaeb2c5f6eba0846372cb436,mbarbine__Scripts,automation,"automation,observability,security",script,observability,FindWhoCreatedGuestsThroughSPOSharing,find-who-created-guests-through-sposharing,o365/o365-Scripts/FindWhoCreatedGuestsThroughSPOSharing.ps1,.ps1,36,,,,unknown,unknown,75,95,shared-automation-candidate,True,none,primary,none,"Automation component for observability; review for reusable script, workflow, deployment job, or infra automation.",automation-score:175 | observability-score:55 | security-score:55,1659c5ef8312b8bc
365dbfe1bf566217e5933183,mbarbine__Scripts,automation,"automation,observability",script,commerce,Populate-TeamsDirectorySPOList-Graph,populate-teams-directory-spolist-graph,o365/o365-Scripts/Populate-TeamsDirectorySPOList-Graph.PS1,.ps1,113,,,,unknown,unknown,75,80,shared-automation-candidate,True,none,primary,none,"Automation component for commerce; review for reusable script, workflow, deployment job, or infra automation.",automation-score:130 | observability-score:55,cde6e5ed5c326c0b
d01102eb5548e8e697521ae6,mbarbine__Scripts,automation,"automation,observability,security",script,observability,Find-DevicesFromSignInLog,find-devices-from-sign-in-log,o365/o365-Scripts/Find-DevicesFromSignInLog.PS1,.ps1,65,,,,unknown,unknown,75,95,shared-automation-candidate,True,none,primary,none,"Automation component for observability; review for reusable script, workflow, deployment job, or infra automation.",automation-score:130 | observability-score:55 | security-score:55,d1e5e1b8c4b4795b
9849eecd1e716f140a8ca2de,mbarbine__Scripts,automation,"automation,ai",script,ai,RemoveServicePlan,remove-service-plan,o365/o365-Scripts/RemoveServicePlan.PS1,.ps1,135,," + $FullLicenseName
            Set-Mailbox -Identity $M.Alias -ExtensionCustomAttribute2 $LicenseUpdateMsg
            Write-Host ("," + $FullLicenseName
            Set-Mailbox -Identity $M.Alias -ExtensionCustomAttribute2 $LicenseUpdateMsg
            Write-Host (",unknown,unknown,85,95,shared-automation-candidate,True,none,primary,none,"Automation component for ai; review for reusable script, workflow, deployment job, or infra automation.","imports: + $FullLicenseName
            Set-Mailbox -Identity $M.Alias -ExtensionCustomAttribute2 $LicenseUpdateMsg
            Write-Host ( | automation-score:175 | ai-score:45",8d9baf4650c72da0
aa87e67bbd0f01fddd2fe483,mbarbine__Scripts,automation,"automation,observability,security",script,observability,ReportSensitivityLabelSettings,report-sensitivity-label-settings,o365/o365-Scripts/ReportSensitivityLabelSettings.PS1,.ps1,227,,,,unknown,unknown,75,90,shared-automation-candidate,True,none,primary,none,"Automation component for observability; review for reusable script, workflow, deployment job, or infra automation.",automation-score:130 | observability-score:55 | security-score:55,5fac26781753fe04
4cfd0ca915b54c1288e7cfe4,mbarbine__Scripts,automation,"automation,observability",script,observability,FindCrucialSendAndSearchRecords,find-crucial-send-and-search-records,o365/o365-Scripts/FindCrucialSendAndSearchRecords.PS1,.ps1,52,,,,unknown,unknown,75,95,shared-automation-candidate,True,none,primary,none,"Automation component for observability; review for reusable script, workflow, deployment job, or infra automation.",automation-score:130 | observability-score:55,632a620231567ab5
52ae53779a10cbdca52c58aa,mbarbine__Scripts,automation,"automation,observability",script,observability,Report-MailboxSizes,report-mailbox-sizes,o365/o365-Scripts/Report-MailboxSizes.PS1,.ps1,72,,,,unknown,unknown,75,95,shared-automation-candidate,True,none,primary,none,"Automation component for observability; review for reusable script, workflow, deployment job, or infra automation.",automation-score:130 | observability-score:55,69120d8143a5eefc
1799257d8d1c44cbc283b9c2,mbarbine__Scripts,automation,"automation,observability,security,ai",script,observability,GetPlansForUser,get-plans-for-user,o365/o365-Scripts/GetPlansForUser.PS1,.ps1,109,,,,unknown,unknown,75,95,shared-automation-candidate,True,none,primary,none,"Automation component for observability; review for reusable script, workflow, deployment job, or infra automation.",automation-score:130 | observability-score:55 | security-score:55 | ai-score:45,3994b3f5b6862c74
b9eb6b9dcea4390233a89ede,mbarbine__Scripts,automation,automation,script,commerce,ReportWhiteBoardInfo,report-white-board-info,o365/o365-Scripts/ReportWhiteBoardInfo.PS1,.ps1,83,,,,unknown,unknown,65,80,shared-automation-candidate,False,none,primary,none,"Automation component for commerce; review for reusable script, workflow, deployment job, or infra automation.",automation-score:130,9d75060f4b22344b
c277693f52d1290f4cc4dff2,mbarbine__Scripts,automation,"automation,observability",script,seo-and-metadata,RemoveVivaEngageCoreServicePlan,remove-viva-engage-core-service-plan,o365/o365-Scripts/RemoveVivaEngageCoreServicePlan.PS1,.ps1,99,,,,unknown,unknown,75,95,shared-automation-candidate,True,none,primary,none,"Automation component for seo-and-metadata; review for reusable script, workflow, deployment job, or infra automation.",automation-score:175 | observability-score:55,96808fa84582436f
928b185d68b5942f63a25838,mbarbine__Scripts,automation,"automation,observability,security,ai",script,observability,Report-UserPasswordChanges,report-user-password-changes,o365/o365-Scripts/Report-UserPasswordChanges.PS1,.ps1,375,,,,unknown,unknown,75,90,shared-automation-candidate,True,none,primary,none,"Automation component for observability; review for reusable script, workflow, deployment job, or infra automation.",automation-score:130 | observability-score:55 | security-score:55 | ai-score:45,4def13e0ab8a422d
a1be4286d33405cd8e1e53be,mbarbine__Scripts,automation,"automation,observability,ai",script,observability,FindInactiveDLs,find-inactive-dls,o365/o365-Scripts/FindInactiveDLs.PS1,.ps1,66,,,,unknown,unknown,75,95,shared-automation-candidate,True,none,primary,none,"Automation component for observability; review for reusable script, workflow, deployment job, or infra automation.",automation-score:130 | observability-score:55 | ai-score:45,053da645ecd112bd
8cead63dd9c3601a10a62b44,mbarbine__Scripts,automation,"automation,observability,security",script,auth-and-keys,AssignLocalLanguageStringsSensitivityLabels,assign-local-language-strings-sensitivity-labels,o365/o365-Scripts/AssignLocalLanguageStringsSensitivityLabels.PS1,.ps1,79,,,,unknown,unknown,75,95,shared-automation-candidate,True,none,primary,none,"Automation component for auth-and-keys; review for reusable script, workflow, deployment job, or infra automation.",automation-score:130 | observability-score:55 | security-score:55,57c7d1c1deb9c61c
d9df17247e076a81e91f4b60,mbarbine__Scripts,automation,"automation,observability",script,analytics,Restore-EntraIDUserNewUPN,restore-entra-iduser-new-upn,o365/o365-Scripts/Restore-EntraIDUserNewUPN.PS1,.ps1,41,,,,unknown,unknown,75,80,shared-automation-candidate,True,none,primary,none,"Automation component for analytics; review for reusable script, workflow, deployment job, or infra automation.",automation-score:130 | observability-score:55,dcadc37fa61eb345
79b6c1896ec05532b55fdd18,mbarbine__Scripts,automation,"automation,observability",script,observability,Find-AddMemberEvents,find-add-member-events,o365/o365-Scripts/Find-AddMemberEvents.PS1,.ps1,112,,,,unknown,unknown,75,95,shared-automation-candidate,True,none,primary,none,"Automation component for observability; review for reusable script, workflow, deployment job, or infra automation.",automation-score:130 | observability-score:55,8011ffd214465c9b
4f867441ec546962e4e5858b,mbarbine__Scripts,automation,"automation,observability",script,observability,ReportAuditRecsGroupCreation,report-audit-recs-group-creation,o365/o365-Scripts/ReportAuditRecsGroupCreation.PS1,.ps1,32,,,,unknown,unknown,75,95,shared-automation-candidate,True,none,primary,none,"Automation component for observability; review for reusable script, workflow, deployment job, or infra automation.",automation-score:130 | observability-score:55,a2f2ff3e30dd1a88
497264fa4a2c3e7c167e9cf6,mbarbine__Scripts,automation,"automation,observability,security",script,observability,Find-ConnectionsM365AdminCenter,find-connections-m365-admin-center,o365/o365-Scripts/Find-ConnectionsM365AdminCenter.PS1,.ps1,44,,,,unknown,unknown,75,95,shared-automation-candidate,True,none,primary,none,"Automation component for observability; review for reusable script, workflow, deployment job, or infra automation.",automation-score:130 | observability-score:55 | security-score:55,a274c0994a331869
2281c8104d5661dfeab132c2,mbarbine__Scripts,automation,"automation,observability",script,analytics,Add-ContactsToMailboxes,add-contacts-to-mailboxes,o365/o365-Scripts/Add-ContactsToMailboxes.PS1,.ps1,118,,,,unknown,unknown,75,80,shared-automation-candidate,True,none,primary,none,"Automation component for analytics; review for reusable script, workflow, deployment job, or infra automation.",automation-score:130 | observability-score:55,6d17051e3dc796a4
d2bac0f43bb2a4e206c81846,mbarbine__Scripts,automation,"automation,observability",script,observability,FindWhenAnonymousLinkUsed,find-when-anonymous-link-used,o365/o365-Scripts/FindWhenAnonymousLinkUsed.ps1,.ps1,58,,,,unknown,unknown,75,95,shared-automation-candidate,True,none,primary,none,"Automation component for observability; review for reusable script, workflow, deployment job, or infra automation.",automation-score:130 | observability-score:55,0b17b01e8c8c2ad2
9eb75880e1db68081a7dad15,mbarbine__Scripts,automation,"automation,observability,ai",script,observability,FetchServiceMessagesGraph,fetch-service-messages-graph,o365/o365-Scripts/FetchServiceMessagesGraph.ps1,.ps1,199,,,,unknown,unknown,75,95,shared-automation-candidate,True,none,primary,none,"Automation component for observability; review for reusable script, workflow, deployment job, or infra automation.",automation-score:130 | observability-score:55 | ai-score:45,e3ab62263e593b2e
9e18958a2943161d36ea26f6,mbarbine__Scripts,automation,"automation,observability",script,observability,Find-UnderusedCopilotLicenses,find-underused-copilot-licenses,o365/o365-Scripts/Find-UnderusedCopilotLicenses.PS1,.ps1,288,,,,unknown,unknown,75,90,shared-automation-candidate,True,none,primary,none,"Automation component for observability; review for reusable script, workflow, deployment job, or infra automation.",automation-score:130 | observability-score:55,0e02e27b74c8ba3d
bd5f5da4151133b6dcc07ef4,mbarbine__Scripts,automation,"automation,process,observability,security",script,observability,Process-ExpiryGuestAccounts,process-expiry-guest-accounts,o365/o365-Scripts/Process-ExpiryGuestAccounts.PS1,.ps1,167,,,,unknown,unknown,75,95,shared-automation-candidate,True,secondary,primary,none,"Automation component for observability; review for reusable script, workflow, deployment job, or infra automation.",automation-score:175 | process-score:80 | observability-score:55 | security-score:55,2cf4cd07de87e12b
3ee9035f5b30c213ca31c952,mbarbine__Scripts,automation,"automation,observability",script,observability,GetUserSignInDataGraphSDK,get-user-sign-in-data-graph-sdk,o365/o365-Scripts/GetUserSignInDataGraphSDK.PS1,.ps1,47,,,,unknown,unknown,75,95,shared-automation-candidate,True,none,primary,none,"Automation component for observability; review for reusable script, workflow, deployment job, or infra automation.",automation-score:130 | observability-score:55,bd5af8d499dac5c9
80d23e15f7f8c2b075a7dcb8,mbarbine__Scripts,automation,"automation,integration,observability,security,ai",script,observability,TeamsGroupsActivityReport,teams-groups-activity-report,o365/o365-Scripts/TeamsGroupsActivityReport.ps1,.ps1,268,,,,unknown,unknown,75,90,shared-automation-candidate,True,none,primary,none,"Automation component for observability; review for reusable script, workflow, deployment job, or infra automation.",automation-score:130 | integration-score:55 | observability-score:55 | security-score:55 | ai-score:45,d763c645915564a6
89e1cb76bdd05c53845b6819,mbarbine__Scripts,automation,"automation,observability,security",script,observability,CheckAuditEventsRunbook,check-audit-events-runbook,o365/o365-Scripts/CheckAuditEventsRunbook.PS1,.ps1,124,,,,unknown,unknown,75,95,shared-automation-candidate,True,none,primary,none,"Automation component for observability; review for reusable script, workflow, deployment job, or infra automation.",automation-score:175 | observability-score:55 | security-score:55,8cd847bebe46b372
1653838acade3336f4442f33,mbarbine__Scripts,automation,"automation,observability",script,observability,UpdateOutlookSignature,update-outlook-signature,o365/o365-Scripts/UpdateOutlookSignature.PS1,.ps1,69,,,,unknown,unknown,75,95,shared-automation-candidate,True,none,primary,none,"Automation component for observability; review for reusable script, workflow, deployment job, or infra automation.",automation-score:130 | observability-score:55,7d6a0193b48d878a
eadc7e2698e1dc103c4fac08,mbarbine__Scripts,automation,"automation,observability,security",script,observability,PostNewMicrosoft365RoadmapItems,post-new-microsoft365-roadmap-items,o365/o365-Scripts/PostNewMicrosoft365RoadmapItems.ps1,.ps1,170,,,,unknown,unknown,75,95,shared-automation-candidate,True,none,primary,none,"Automation component for observability; review for reusable script, workflow, deployment job, or infra automation.",automation-score:175 | observability-score:55 | security-score:55,5e70e64430f49274
3c32119e73a3e8b85b492b47,mbarbine__Scripts,automation,"automation,observability,security",script,observability,Report-SharingOneDriveFiles,report-sharing-one-drive-files,o365/o365-Scripts/Report-SharingOneDriveFiles.PS1,.ps1,344,,,,unknown,unknown,75,90,shared-automation-candidate,True,none,primary,none,"Automation component for observability; review for reusable script, workflow, deployment job, or infra automation.",automation-score:130 | observability-score:55 | security-score:55,9bda2a58e6034178
74c445a892ac347813d26ad7,mbarbine__Scripts,automation,"automation,security",script,auth-and-keys,Update-MicrosoftIRMCAPolicies,update-microsoft-irmcapolicies,o365/o365-Scripts/Update-MicrosoftIRMCAPolicies.PS1,.ps1,53,,,,unknown,unknown,75,95,shared-automation-candidate,False,none,primary,none,"Automation component for auth-and-keys; review for reusable script, workflow, deployment job, or infra automation.",automation-score:130 | security-score:55,e3a93d22c5c2584f
2b2dea309c5acfaba7a3c95e,mbarbine__Scripts,automation,"automation,observability,security",script,observability,GetServicePrincipalSignIns-Graph,get-service-principal-sign-ins-graph,o365/o365-Scripts/GetServicePrincipalSignIns-Graph.PS1,.ps1,139,,,,unknown,unknown,75,95,shared-automation-candidate,True,none,primary,none,"Automation component for observability; review for reusable script, workflow, deployment job, or infra automation.",automation-score:130 | observability-score:55 | security-score:55,4fcdcf0915759ca9
2b05ba3d8b8c0de274719837,mbarbine__Scripts,automation,"automation,security",script,workflow,ConvertMailContactsGuests,convert-mail-contacts-guests,o365/o365-Scripts/ConvertMailContactsGuests.PS1,.ps1,142,,,,unknown,unknown,75,80,shared-automation-candidate,True,none,primary,none,"Automation component for workflow; review for reusable script, workflow, deployment job, or infra automation.",automation-score:130 | security-score:55,df916a0a50791c3a
58b30f97c12e4a548b956442,mbarbine__Scripts,automation,automation,script,commerce,Report-TeamsTags,report-teams-tags,o365/o365-Scripts/Report-TeamsTags.PS1,.ps1,47,,,,unknown,unknown,65,80,shared-automation-candidate,True,none,primary,none,"Automation component for commerce; review for reusable script, workflow, deployment job, or infra automation.",automation-score:130,22a08fd6326cb9be
3c133b38834fa307c085ad71,mbarbine__Scripts,automation,"automation,observability,ai",script,observability,ReportExternalEmailSent,report-external-email-sent,o365/o365-Scripts/ReportExternalEmailSent.PS1,.ps1,99,,,,unknown,unknown,75,95,shared-automation-candidate,True,none,primary,none,"Automation component for observability; review for reusable script, workflow, deployment job, or infra automation.",automation-score:175 | observability-score:55 | ai-score:45,007ed99d0f2e0def
b77475770186fc0d7be45679,mbarbine__Scripts,automation,"automation,observability,security",script,observability,GetGraphUserStatisticsReport,get-graph-user-statistics-report,o365/o365-Scripts/GetGraphUserStatisticsReport.PS1,.ps1,488,,,,unknown,unknown,75,90,shared-automation-candidate,True,none,primary,none,"Automation component for observability; review for reusable script, workflow, deployment job, or infra automation.",automation-score:130 | observability-score:55 | security-score:55,18643adefaa665bd
21fd3e679ecab7b8f1f6db44,mbarbine__Scripts,automation,"automation,observability",script,observability,ReportArchivedTeams,report-archived-teams,o365/o365-Scripts/ReportArchivedTeams.PS1,.ps1,68,,,,unknown,unknown,75,95,shared-automation-candidate,True,none,primary,none,"Automation component for observability; review for reusable script, workflow, deployment job, or infra automation.",automation-score:130 | observability-score:55,5d3db3ace3d880dd
ab44496d886a9c2e48f000ee,mbarbine__Scripts,automation,"automation,security",script,commerce,Report-ServicePrincipalsWithHighPermissions,report-service-principals-with-high-permissions,o365/o365-Scripts/Report-ServicePrincipalsWithHighPermissions.PS1,.ps1,74,,,,unknown,unknown,75,80,shared-automation-candidate,True,none,primary,none,"Automation component for commerce; review for reusable script, workflow, deployment job, or infra automation.",automation-score:130 | security-score:55,43b979b45776de06
cd860a3c9f56c1d533030bad,mbarbine__Scripts,automation,"automation,observability",script,analytics,Set-IntelligentVersioningOneDriveSites,set-intelligent-versioning-one-drive-sites,o365/o365-Scripts/Set-IntelligentVersioningOneDriveSites.PS1,.ps1,66,,,,unknown,unknown,75,80,shared-automation-candidate,True,none,primary,none,"Automation component for analytics; review for reusable script, workflow, deployment job, or infra automation.",automation-score:130 | observability-score:55,d661ddfe12a65389
0c908fd6268de5e9f0a82c0b,mbarbine__Scripts,automation,"automation,observability",script,commerce,ReportSharedMailboxLicenses,report-shared-mailbox-licenses,o365/o365-Scripts/ReportSharedMailboxLicenses.PS1,.ps1,88,,,,unknown,unknown,75,80,shared-automation-candidate,True,none,primary,none,"Automation component for commerce; review for reusable script, workflow, deployment job, or infra automation.",automation-score:130 | observability-score:55,3ce0375da24a6da0
116200ba7ef8f1f60c7badb7,mbarbine__Scripts,automation,"automation,security",script,auth-and-keys,UpdateStaticRetentionPolicy-AzureAutomation,update-static-retention-policy-azure-automation,o365/o365-Scripts/UpdateStaticRetentionPolicy-AzureAutomation.PS1,.ps1,150,,,,unknown,unknown,75,95,shared-automation-candidate,True,none,primary,none,"Automation component for auth-and-keys; review for reusable script, workflow, deployment job, or infra automation.",automation-score:175 | security-score:55,c3bf0c870e9de795
be14687fcc72c25e5f18acb2,mbarbine__Scripts,automation,"automation,security,ai",script,security,Send-WelcomeNewUserMessagesHVE,send-welcome-new-user-messages-hve,o365/o365-Scripts/Send-WelcomeNewUserMessagesHVE.PS1,.ps1,59,,,,unknown,unknown,75,80,shared-automation-candidate,True,none,primary,none,"Automation component for security; review for reusable script, workflow, deployment job, or infra automation.",automation-score:130 | security-score:55 | ai-score:45,dcf8553b81b97855
6ef2ee7a44f5c32dc54e7a07,mbarbine__Scripts,automation,"automation,observability,security",script,observability,SendWelcomeEmail,send-welcome-email,o365/o365-Scripts/SendWelcomeEmail.PS1,.ps1,56,,,,unknown,unknown,75,95,shared-automation-candidate,True,none,primary,none,"Automation component for observability; review for reusable script, workflow, deployment job, or infra automation.",automation-score:130 | observability-score:55 | security-score:55,8f8f7ef736407c8f
c1cd4b8c20fd08f7a4f492f7,mbarbine__Scripts,automation,"automation,observability",script,observability,GetLastActiveTimeMailboxes,get-last-active-time-mailboxes,o365/o365-Scripts/GetLastActiveTimeMailboxes.PS1,.ps1,36,,,,unknown,unknown,75,95,shared-automation-candidate,True,none,primary,none,"Automation component for observability; review for reusable script, workflow, deployment job, or infra automation.",automation-score:130 | observability-score:55,19ec8e1b15d3b443
b69c0b8cc69ad89594027f29,mbarbine__Scripts,automation,automation,script,commerce,ReportSPORetentionPolicies,report-sporetention-policies,o365/o365-Scripts/ReportSPORetentionPolicies.PS1,.ps1,67,,,,unknown,unknown,65,80,shared-automation-candidate,True,none,primary,none,"Automation component for commerce; review for reusable script, workflow, deployment job, or infra automation.",automation-score:130,7f289263d7ab4298
883ad4bb87891affebb2d52b,mbarbine__Scripts,automation,"automation,observability",script,editor,ReportDLMembershipsCounts,report-dlmemberships-counts,o365/o365-Scripts/ReportDLMembershipsCounts.PS1,.ps1,88,,,,unknown,unknown,75,80,shared-automation-candidate,True,none,primary,none,"Automation component for editor; review for reusable script, workflow, deployment job, or infra automation.",automation-score:130 | observability-score:55,91f8b479ed44edc6
c23b48202aa326e3f866b073,mbarbine__Scripts,automation,"automation,observability",script,auth-and-keys,Report-ComplianceCaseHolds,report-compliance-case-holds,o365/o365-Scripts/Report-ComplianceCaseHolds.PS1,.ps1,82,,,,unknown,unknown,75,95,shared-automation-candidate,True,none,primary,none,"Automation component for auth-and-keys; review for reusable script, workflow, deployment job, or infra automation.",automation-score:130 | observability-score:55,bed38387e5e80e24
5f1eeff4b7bed6ea4c3fba94,mbarbine__Scripts,automation,"automation,observability",script,observability,FindOrphanOneDriveSites,find-orphan-one-drive-sites,o365/o365-Scripts/FindOrphanOneDriveSites.PS1,.ps1,66,,,,unknown,unknown,75,95,shared-automation-candidate,True,none,primary,none,"Automation component for observability; review for reusable script, workflow, deployment job, or infra automation.",automation-score:130 | observability-score:55,e9d97e83532a63d6
6cc443bf0b2c17219defa0ee,mbarbine__Scripts,automation,"automation,observability,security",script,observability,ReportUserInboxCount,report-user-inbox-count,o365/o365-Scripts/ReportUserInboxCount.PS1,.ps1,86,,,,unknown,unknown,75,95,shared-automation-candidate,True,none,primary,none,"Automation component for observability; review for reusable script, workflow, deployment job, or infra automation.",automation-score:130 | observability-score:55 | security-score:55,372a116da4b0fdd3
e5f17d5acf7f6593e47ac803,mbarbine__Scripts,automation,"automation,observability",script,observability,FindBadGuestsFromBlockedDomains,find-bad-guests-from-blocked-domains,o365/o365-Scripts/FindBadGuestsFromBlockedDomains.PS1,.ps1,82,,,,unknown,unknown,75,95,shared-automation-candidate,True,none,primary,none,"Automation component for observability; review for reusable script, workflow, deployment job, or infra automation.",automation-score:130 | observability-score:55,2cc7e7519f61b7e8
986bce55f639c037d399e593,mbarbine__Scripts,automation,automation,script,i18n,Get-GraphPermission,get-graph-permission,o365/o365-Scripts/Get-GraphPermission.PS1,.ps1,82,,,,unknown,unknown,65,95,shared-automation-candidate,True,none,primary,none,"Automation component for i18n; review for reusable script, workflow, deployment job, or infra automation.",automation-score:175,af3ea47cd7044d78
99ff1dd00d677ef22361a5b3,mbarbine__Scripts,automation,automation,script,commerce,Report-ManagedIdentityPermissions,report-managed-identity-permissions,o365/o365-Scripts/Report-ManagedIdentityPermissions.PS1,.ps1,81,,,,unknown,unknown,65,80,shared-automation-candidate,True,none,primary,none,"Automation component for commerce; review for reusable script, workflow, deployment job, or infra automation.",automation-score:130,9232f9d6c00bb6c3
f6e7069783e9415add21499c,mbarbine__Scripts,automation,"automation,security,ai",script,ai,Report-CopilotInteractions,report-copilot-interactions,o365/o365-Scripts/Report-CopilotInteractions.PS1,.ps1,160,,,,unknown,unknown,75,95,shared-automation-candidate,True,none,primary,none,"Automation component for ai; review for reusable script, workflow, deployment job, or infra automation.",automation-score:175 | security-score:55 | ai-score:45,641c205717402c8b
46d6ef5180bc270f5da35dd7,mbarbine__Scripts,automation,"automation,observability",script,observability,UpdateOWASignatures,update-owasignatures,o365/o365-Scripts/UpdateOWASignatures.ps1,.ps1,53,,,,unknown,unknown,75,95,shared-automation-candidate,True,none,primary,none,"Automation component for observability; review for reusable script, workflow, deployment job, or infra automation.",automation-score:130 | observability-score:55,48bc81303fed917f
3319f0078b463b2e8dd4d7de,mbarbine__Scripts,automation,"automation,integration,observability",script,commerce,SetAutoReplyTeamsGroups,set-auto-reply-teams-groups,o365/o365-Scripts/SetAutoReplyTeamsGroups.PS1,.ps1,74,,,,unknown,unknown,75,80,shared-automation-candidate,True,none,primary,none,"Automation component for commerce; review for reusable script, workflow, deployment job, or infra automation.",automation-score:130 | integration-score:55 | observability-score:55,8d67efde43d2c979
b0c5537e7c212c3170f780fc,mbarbine__Scripts,automation,automation,script,commerce,Update-GroupPhotos,update-group-photos,o365/o365-Scripts/Update-GroupPhotos.PS1,.ps1,61,,,,unknown,unknown,65,80,shared-automation-candidate,False,none,primary,none,"Automation component for commerce; review for reusable script, workflow, deployment job, or infra automation.",automation-score:130,1d4ff145512decef
7abd3324af7d3d46bf0dacab,mbarbine__Scripts,automation,"automation,observability,security",script,observability,Remove-Microsoft365UserAccount,remove-microsoft365-user-account,o365/o365-Scripts/Remove-Microsoft365UserAccount.PS1,.ps1,110,,,,unknown,unknown,75,95,shared-automation-candidate,True,none,primary,none,"Automation component for observability; review for reusable script, workflow, deployment job, or infra automation.",automation-score:130 | observability-score:55 | security-score:55,2c04313debdea724
5ed9b47a407d19633d21c250,mbarbine__Scripts,automation,"automation,observability",script,commerce,Switch-Licenses,switch-licenses,o365/o365-Scripts/Switch-Licenses.PS1,.ps1,130,,,,unknown,unknown,75,80,shared-automation-candidate,True,none,primary,none,"Automation component for commerce; review for reusable script, workflow, deployment job, or infra automation.",automation-score:175 | observability-score:55,5b2b76e38dcf9cd7
d3892d9b5105018dff8f2157,mbarbine__Scripts,automation,"automation,integration",script,commerce,AddTeamstoGroupsExpirationPolicy,add-teamsto-groups-expiration-policy,o365/o365-Scripts/AddTeamstoGroupsExpirationPolicy.ps1,.ps1,23,,,,unknown,unknown,75,80,shared-automation-candidate,False,none,primary,none,"Automation component for commerce; review for reusable script, workflow, deployment job, or infra automation.",automation-score:130 | integration-score:55,2ff85f1e03886522
b18cd0494d7c569e691237c7,mbarbine__Scripts,automation,"automation,observability,security",script,observability,GetAzureADAccessReviewDetailsGraph,get-azure-adaccess-review-details-graph,o365/o365-Scripts/GetAzureADAccessReviewDetailsGraph.PS1,.ps1,201,,,,unknown,unknown,75,90,shared-automation-candidate,True,none,primary,none,"Automation component for observability; review for reusable script, workflow, deployment job, or infra automation.",automation-score:130 | observability-score:55 | security-score:55,a9c627368e344b72
32cd3c0ed6141db8cf057fc6,mbarbine__Scripts,automation,"automation,observability,security",script,observability,Search-AuditLogGraph,search-audit-log-graph,o365/o365-Scripts/Search-AuditLogGraph.PS1,.ps1,112,,,,unknown,unknown,75,95,shared-automation-candidate,True,none,primary,none,"Automation component for observability; review for reusable script, workflow, deployment job, or infra automation.",automation-score:130 | observability-score:55 | security-score:55,0a2dc8882f41135c
9566bc4c87b7fc142afc6408,mbarbine__Scripts,automation,"automation,observability",script,observability,AuditSPOOperationsByUser,audit-spooperations-by-user,o365/o365-Scripts/AuditSPOOperationsByUser.PS1,.ps1,139,,,,unknown,unknown,75,95,shared-automation-candidate,True,none,primary,none,"Automation component for observability; review for reusable script, workflow, deployment job, or infra automation.",automation-score:130 | observability-score:55,afb738eb808372d1
8c8ec54e007bee209480e866,mbarbine__Scripts,automation,"automation,observability",script,observability,FindAzureADDirectConnectSignIns,find-azure-addirect-connect-sign-ins,o365/o365-Scripts/FindAzureADDirectConnectSignIns.PS1,.ps1,63,,,,unknown,unknown,75,95,shared-automation-candidate,True,none,primary,none,"Automation component for observability; review for reusable script, workflow, deployment job, or infra automation.",automation-score:130 | observability-score:55,72ed47cd7808c14a
a1ccc340ecabbfaff4680dc5,mbarbine__Scripts,automation,"automation,observability",script,observability,Report-StreamAuditEvents,report-stream-audit-events,o365/o365-Scripts/Report-StreamAuditEvents.PS1,.ps1,55,,,,unknown,unknown,75,95,shared-automation-candidate,True,none,primary,none,"Automation component for observability; review for reusable script, workflow, deployment job, or infra automation.",automation-score:130 | observability-score:55,8a903337ee83fbac
9f44ac259fbdf9632d65483f,mbarbine__Scripts,automation,"automation,observability",script,auth-and-keys,Find-TargetedCollectionFolders,find-targeted-collection-folders,o365/o365-Scripts/Find-TargetedCollectionFolders.PS1,.ps1,101,,,,unknown,unknown,75,95,shared-automation-candidate,True,none,primary,none,"Automation component for auth-and-keys; review for reusable script, workflow, deployment job, or infra automation.",automation-score:130 | observability-score:55,ab5fd3dccad3711b
cb0adeaf33cba76a0c012f29,mbarbine__Scripts,automation,"automation,observability,ai",script,observability,Analyze-MailTrafficUsers,analyze-mail-traffic-users,o365/o365-Scripts/Analyze-MailTrafficUsers.PS1,.ps1,115,,,,unknown,unknown,75,95,shared-automation-candidate,True,none,primary,none,"Automation component for observability; review for reusable script, workflow, deployment job, or infra automation.",automation-score:130 | observability-score:55 | ai-score:45,cbe448e634536355
4e6cab6c414805024c6f1b34,mbarbine__Scripts,automation,"automation,observability,security",script,ai,Purge-ComplianceSearchItems,purge-compliance-search-items,o365/o365-Scripts/Purge-ComplianceSearchItems.PS1,.ps1,307,,,,unknown,unknown,75,90,shared-automation-candidate,True,none,primary,none,"Automation component for ai; review for reusable script, workflow, deployment job, or infra automation.",automation-score:130 | observability-score:55 | security-score:55,e72c69e0e324cbc6
01cfc76e9b836dd03434b449,mbarbine__Scripts,automation,"automation,observability,security",script,observability,ReportTeamsChannelEmailAddresses,report-teams-channel-email-addresses,o365/o365-Scripts/ReportTeamsChannelEmailAddresses.ps1,.ps1,124,,,,unknown,unknown,75,95,shared-automation-candidate,True,none,primary,none,"Automation component for observability; review for reusable script, workflow, deployment job, or infra automation.",automation-score:175 | observability-score:55 | security-score:55,f16a0efdc16a23cb
708b003a471ae6c49d5411eb,mbarbine__Scripts,automation,"automation,process,observability,security",script,observability,Report-Plans,report-plans,o365/o365-Scripts/Report-Plans.PS1,.ps1,421,,,,unknown,unknown,75,90,shared-automation-candidate,True,secondary,primary,none,"Automation component for observability; review for reusable script, workflow, deployment job, or infra automation.",automation-score:130 | process-score:80 | observability-score:55 | security-score:55,d704bc80c6b69245
bf323fbddbdac1ff00f3fa45,mbarbine__Scripts,automation,"automation,observability,ai",script,observability,FindMailItemsAccessedAuditRecords,find-mail-items-accessed-audit-records,o365/o365-Scripts/FindMailItemsAccessedAuditRecords.PS1,.ps1,85,,,,unknown,unknown,75,95,shared-automation-candidate,True,none,primary,none,"Automation component for observability; review for reusable script, workflow, deployment job, or infra automation.",automation-score:130 | observability-score:55 | ai-score:45,b154719b1fc9ffb6
e821ad49aceaa23d1b85f3fe,mbarbine__Scripts,automation,automation,script,commerce,CreateCSVFilesForSKUsAndServicePlans,create-csvfiles-for-skus-and-service-plans,o365/o365-Scripts/CreateCSVFilesForSKUsAndServicePlans.PS1,.ps1,36,,,,unknown,unknown,65,80,shared-automation-candidate,True,none,primary,none,"Automation component for commerce; review for reusable script, workflow, deployment job, or infra automation.",automation-score:130,06fdd9e3b8f70a74
9188531bfaf8ce7790166283,mbarbine__Scripts,automation,"automation,integration,observability,security,ai",script,observability,Report-GroupsTeamsActivity,report-groups-teams-activity,o365/o365-Scripts/Report-GroupsTeamsActivity.PS1,.ps1,595,,,,unknown,unknown,75,80,shared-automation-candidate,True,none,primary,none,"Automation component for observability; review for reusable script, workflow, deployment job, or infra automation.",automation-score:175 | integration-score:55 | observability-score:55 | security-score:55 | ai-score:45,bb62a3cdada7be3c
30b5d8a0df71354c9f5578b6,mbarbine__Scripts,automation,"automation,security",script,auth-and-keys,Report-DelegatedPermissions,report-delegated-permissions,o365/o365-Scripts/Report-DelegatedPermissions.PS1,.ps1,112,,,,unknown,unknown,75,95,shared-automation-candidate,False,none,primary,none,"Automation component for auth-and-keys; review for reusable script, workflow, deployment job, or infra automation.",automation-score:130 | security-score:55,b2b26513f871f646
79bcb823ee01641731d064cd,mbarbine__Scripts,automation,"automation,ai",script,commerce,MailTrafficStatistics,mail-traffic-statistics,o365/o365-Scripts/MailTrafficStatistics.PS1,.ps1,51,,,,unknown,unknown,75,80,shared-automation-candidate,True,none,primary,none,"Automation component for commerce; review for reusable script, workflow, deployment job, or infra automation.",automation-score:130 | ai-score:45,ff1f264f88d70815
beb9b70b3b9d58e265f2f4ad,mbarbine__Scripts,automation,automation,script,auth-and-keys,Report-GroupBasedLicenseCounts,report-group-based-license-counts,o365/o365-Scripts/Report-GroupBasedLicenseCounts.PS1,.ps1,168,,,,unknown,unknown,65,95,shared-automation-candidate,True,none,primary,none,"Automation component for auth-and-keys; review for reusable script, workflow, deployment job, or infra automation.",automation-score:175,7465eaffa21bbec3
6f16a734d40c9ed90fc5f2ce,mbarbine__Scripts,automation,automation,script,commerce,GetBingImagesTeamsBackgrounds,get-bing-images-teams-backgrounds,o365/o365-Scripts/GetBingImagesTeamsBackgrounds.PS1,.ps1,51,,,,unknown,unknown,65,80,shared-automation-candidate,True,none,primary,none,"Automation component for commerce; review for reusable script, workflow, deployment job, or infra automation.",automation-score:130,3275b7477ed490bf
d7d3ea4baee2c1520672ef31,mbarbine__Scripts,automation,"automation,observability,security,ai",script,auth-and-keys,Check-SharedMailboxQuotas,check-shared-mailbox-quotas,o365/o365-Scripts/Check-SharedMailboxQuotas.PS1,.ps1,141,,,,unknown,unknown,75,95,shared-automation-candidate,True,none,primary,none,"Automation component for auth-and-keys; review for reusable script, workflow, deployment job, or infra automation.",automation-score:130 | observability-score:55 | security-score:55 | ai-score:45,dc5a16632bfa8644
0c05bdce86dadd5c1ad520d0,mbarbine__Scripts,automation,"automation,observability,security,ai",script,observability,DecryptProtectedSPODocuments-Graph,decrypt-protected-spodocuments-graph,o365/o365-Scripts/DecryptProtectedSPODocuments-Graph.PS1,.ps1,157,,,,unknown,unknown,75,95,shared-automation-candidate,True,none,primary,none,"Automation component for observability; review for reusable script, workflow, deployment job, or infra automation.",automation-score:175 | observability-score:55 | security-score:55 | ai-score:45,3b08771499323dd2
d8a34a97cc51e83d2041b9ca,mbarbine__Scripts,automation,"automation,observability",script,observability,AnalyzeSensitivityLabelUsage,analyze-sensitivity-label-usage,o365/o365-Scripts/AnalyzeSensitivityLabelUsage.PS1,.ps1,104,,,,unknown,unknown,75,95,shared-automation-candidate,True,none,primary,none,"Automation component for observability; review for reusable script, workflow, deployment job, or infra automation.",automation-score:130 | observability-score:55,d6f6fa014b85f20d
f42be7dba67e0a0c20f1f4cf,mbarbine__Scripts,automation,"automation,observability,ai",script,observability,Find-InactiveEmailUsers,find-inactive-email-users,o365/o365-Scripts/Find-InactiveEmailUsers.PS1,.ps1,94,,,,unknown,unknown,75,95,shared-automation-candidate,True,none,primary,none,"Automation component for observability; review for reusable script, workflow, deployment job, or infra automation.",automation-score:130 | observability-score:55 | ai-score:45,d34ff9950f750fdd
ba02ae8c28fd33ef4d159194,mbarbine__Scripts,automation,"automation,observability,security",script,observability,ReportUserAssignedLicenses-MgGraph,report-user-assigned-licenses-mg-graph,o365/o365-Scripts/ReportUserAssignedLicenses-MgGraph.PS1,.ps1,757,,,,unknown,unknown,75,75,shared-automation-candidate,True,none,primary,none,"Automation component for observability; review for reusable script, workflow, deployment job, or infra automation.",automation-score:175 | observability-score:55 | security-score:55,eda94bcac9a02866
194a2ea3765484b0bda3534c,mbarbine__Scripts,automation,automation,script,commerce,ReportSPOSiteStorageUsedGraph,report-sposite-storage-used-graph,o365/o365-Scripts/ReportSPOSiteStorageUsedGraph.PS1,.ps1,84,,,,unknown,unknown,65,80,shared-automation-candidate,True,none,primary,none,"Automation component for commerce; review for reusable script, workflow, deployment job, or infra automation.",automation-score:130,087819bdce530572
c2c85fad8002a2de73a9f1f3,mbarbine__Scripts,automation,"automation,observability,security,ai",script,analytics,Get-ServiceAlertsGraph,get-service-alerts-graph,o365/o365-Scripts/Get-ServiceAlertsGraph.ps1,.ps1,83,, + $Alert.UserStates.UserPrincipalName[1] + , + $Alert.UserStates.UserPrincipalName[1] + ,unknown,unknown,85,80,shared-automation-candidate,True,none,primary,none,"Automation component for analytics; review for reusable script, workflow, deployment job, or infra automation.",imports: + $Alert.UserStates.UserPrincipalName[1] +  | automation-score:130 | observability-score:55 | security-score:55 | ai-score:45,5128bb1db03638f0
e924c86f2f179f22be8b099c,mbarbine__Scripts,automation,"automation,observability",script,commerce,Report-RoleAssignments,report-role-assignments,o365/o365-Scripts/Report-RoleAssignments.PS1,.ps1,276,,,,unknown,unknown,75,75,shared-automation-candidate,True,none,primary,none,"Automation component for commerce; review for reusable script, workflow, deployment job, or infra automation.",automation-score:175 | observability-score:55,9483dc5f20e29acf
183277cd440bc17cb64dc9fb,mbarbine__Scripts,automation,automation,script,general,Upload-ManyAttachmentstoMessage,upload-many-attachmentsto-message,o365/o365-Scripts/Upload-ManyAttachmentstoMessage.PS1,.ps1,91,,,,unknown,unknown,65,80,shared-automation-candidate,True,none,primary,none,"Automation component for general; review for reusable script, workflow, deployment job, or infra automation.",automation-score:130,51a89bc7e6059803
effe03beec76b6d6c7a1ca9b,mbarbine__Scripts,automation,"automation,observability,security",script,observability,ReportM365GroupMemberships-Graph,report-m365-group-memberships-graph,o365/o365-Scripts/ReportM365GroupMemberships-Graph.PS1,.ps1,255,,,,unknown,unknown,75,90,shared-automation-candidate,True,none,primary,none,"Automation component for observability; review for reusable script, workflow, deployment job, or infra automation.",automation-score:130 | observability-score:55 | security-score:55,a664b01ba18a94aa
a12248bdaeaa062959ae20e7,mbarbine__Scripts,automation,"automation,observability",script,commerce,Disable-PowerShellAdmins,disable-power-shell-admins,o365/o365-Scripts/Disable-PowerShellAdmins.PS1,.ps1,137,,,,unknown,unknown,75,80,shared-automation-candidate,True,none,primary,none,"Automation component for commerce; review for reusable script, workflow, deployment job, or infra automation.",automation-score:175 | observability-score:55,85febc8d9eed6e9b
60e77dbb29be42a83cdb0063,mbarbine__Scripts,automation,"automation,observability,security",script,observability,Get-MgAuditRecords,get-mg-audit-records,o365/o365-Scripts/Get-MgAuditRecords.PS1,.ps1,67,,,,unknown,unknown,75,95,shared-automation-candidate,True,none,primary,none,"Automation component for observability; review for reusable script, workflow, deployment job, or infra automation.",automation-score:130 | observability-score:55 | security-score:55,6ccff1ecd510599f
b470dc5cce9d2986d5fe8c4a,mbarbine__Scripts,automation,automation,script,ai,Upload-LargeAttachmentChunks,upload-large-attachment-chunks,o365/o365-Scripts/Upload-LargeAttachmentChunks.PS1,.ps1,84,,,,unknown,unknown,65,95,shared-automation-candidate,True,none,primary,none,"Automation component for ai; review for reusable script, workflow, deployment job, or infra automation.",automation-score:130,79874df4e5f24a68
546393faaba9978c15a452d9,mbarbine__Scripts,automation,"automation,observability,security,ai",script,observability,GetTenantFeatureUpdatesGraph,get-tenant-feature-updates-graph,o365/o365-Scripts/GetTenantFeatureUpdatesGraph.PS1,.ps1,205,,,,unknown,unknown,75,90,shared-automation-candidate,True,none,primary,none,"Automation component for observability; review for reusable script, workflow, deployment job, or infra automation.",automation-score:175 | observability-score:55 | security-score:55 | ai-score:45,8b5152fe091d9339
f5d8a25dc13749e45d546607,mbarbine__Scripts,automation,"automation,ai",script,commerce,ReportTeamsActivityData,report-teams-activity-data,o365/o365-Scripts/ReportTeamsActivityData.PS1,.ps1,58,,,,unknown,unknown,75,80,shared-automation-candidate,True,none,primary,none,"Automation component for commerce; review for reusable script, workflow, deployment job, or infra automation.",automation-score:130 | ai-score:45,252e296693c36798
0d0bceab865ce03f217b1f21,mbarbine__Scripts,automation,"automation,ai",script,ai,Populate-TeamsExternalAccess,populate-teams-external-access,o365/o365-Scripts/Populate-TeamsExternalAccess.PS1,.ps1,87,,,,unknown,unknown,75,95,shared-automation-candidate,True,none,primary,none,"Automation component for ai; review for reusable script, workflow, deployment job, or infra automation.",automation-score:130 | ai-score:45,b9db17c1fc6b9441
772ad5b85f8764f55b949ceb,mbarbine__Scripts,automation,"automation,observability,ai",script,commerce,FindAccountsWithForwarding,find-accounts-with-forwarding,o365/o365-Scripts/FindAccountsWithForwarding.PS1,.ps1,81,,,,unknown,unknown,75,80,shared-automation-candidate,True,none,primary,none,"Automation component for commerce; review for reusable script, workflow, deployment job, or infra automation.",automation-score:130 | observability-score:55 | ai-score:45,b9acadaf5c657bac
bb03c871efd1440bfcd8447f,mbarbine__Scripts,automation,automation,script,auth-and-keys,DecryptProtectedSPODocuments,decrypt-protected-spodocuments,o365/o365-Scripts/DecryptProtectedSPODocuments.PS1,.ps1,32,,,,unknown,unknown,65,95,shared-automation-candidate,False,none,primary,none,"Automation component for auth-and-keys; review for reusable script, workflow, deployment job, or infra automation.",automation-score:130,fb58310983e7918a
736828321d820d4137c4cf07,mbarbine__Scripts,automation,"automation,observability,security,ai",script,observability,ReportMailboxRightsAssignments,report-mailbox-rights-assignments,o365/o365-Scripts/ReportMailboxRightsAssignments.PS1,.ps1,151,,,,unknown,unknown,75,95,shared-automation-candidate,True,none,primary,none,"Automation component for observability; review for reusable script, workflow, deployment job, or infra automation.",automation-score:130 | observability-score:55 | security-score:55 | ai-score:45,3d21308d0198778d
1927e6d6063716a95dc8b8cc,mbarbine__Scripts,automation,"automation,observability,ai",script,observability,Find-InActiveDLs90,find-in-active-dls90,o365/o365-Scripts/Find-InActiveDLs90.PS1,.ps1,114,,,,unknown,unknown,75,95,shared-automation-candidate,True,none,primary,none,"Automation component for observability; review for reusable script, workflow, deployment job, or infra automation.",automation-score:175 | observability-score:55 | ai-score:45,461275023a5dd537
d71fa646a9dbb32dddebd4ed,mbarbine__Scripts,automation,"automation,observability",script,observability,AuditRecordsTeamsMeetings,audit-records-teams-meetings,o365/o365-Scripts/AuditRecordsTeamsMeetings.PS1,.ps1,93,,,,unknown,unknown,75,95,shared-automation-candidate,True,none,primary,none,"Automation component for observability; review for reusable script, workflow, deployment job, or infra automation.",automation-score:130 | observability-score:55,41641436777d67c1
330c40d5c825fbc424450dff,mbarbine__Scripts,automation,"automation,observability",script,observability,ReportTeamsCreationbyEmail,report-teams-creationby-email,o365/o365-Scripts/ReportTeamsCreationbyEmail.ps1,.ps1,82,,,,unknown,unknown,75,95,shared-automation-candidate,True,none,primary,none,"Automation component for observability; review for reusable script, workflow, deployment job, or infra automation.",automation-score:130 | observability-score:55,ce4802742833af4d
ddf5fecf2e93c630a9f6c0b5,mbarbine__Scripts,automation,"automation,observability",script,observability,Analyze-TeamsMeetings,analyze-teams-meetings,o365/o365-Scripts/Analyze-TeamsMeetings.PS1,.ps1,200,,,,unknown,unknown,75,95,shared-automation-candidate,True,none,primary,none,"Automation component for observability; review for reusable script, workflow, deployment job, or infra automation.",automation-score:130 | observability-score:55,fd3b15f5115e6367
f267ecf5ce08353f26a201df,mbarbine__Scripts,automation,"automation,observability,security",script,commerce,EnableMicrosoft365GroupCreationControl,enable-microsoft365-group-creation-control,o365/o365-Scripts/EnableMicrosoft365GroupCreationControl.PS1,.ps1,92,,,,unknown,unknown,75,80,shared-automation-candidate,True,none,primary,none,"Automation component for commerce; review for reusable script, workflow, deployment job, or infra automation.",automation-score:130 | observability-score:55 | security-score:55,d0af0cf71f2bdd01
d91c9de8a149a0efa5b983ac,mbarbine__Scripts,automation,"automation,observability,ai",script,observability,Get-CopilotAuditRecords,get-copilot-audit-records,o365/o365-Scripts/Get-CopilotAuditRecords.PS1,.ps1,44,,,,unknown,unknown,75,95,shared-automation-candidate,True,none,primary,none,"Automation component for observability; review for reusable script, workflow, deployment job, or infra automation.",automation-score:130 | observability-score:55 | ai-score:45,5ec62e65cbf1d339
854ec38f2ab8c4f01e73d951,mbarbine__Scripts,automation,automation,script,commerce,Report-TeamsOwners,report-teams-owners,o365/o365-Scripts/Report-TeamsOwners.PS1,.ps1,38,,,,unknown,unknown,65,80,shared-automation-candidate,True,none,primary,none,"Automation component for commerce; review for reusable script, workflow, deployment job, or infra automation.",automation-score:130,219b3899cd4d695d
98400cbda7370383dc30d7a7,mbarbine__Scripts,automation,"automation,observability,security",script,observability,TeamsCreationReportByEmail,teams-creation-report-by-email,o365/o365-Scripts/TeamsCreationReportByEmail.PS1,.ps1,76,,,,unknown,unknown,75,95,shared-automation-candidate,True,none,primary,none,"Automation component for observability; review for reusable script, workflow, deployment job, or infra automation.",automation-score:130 | observability-score:55 | security-score:55,19d1a6cdd9ac3524
09583c1044aea8ec3192ad48,mbarbine__Scripts,automation,"automation,observability",script,discovery,ReportM365GroupMemberships,report-m365-group-memberships,o365/o365-Scripts/ReportM365GroupMemberships.PS1,.ps1,164,,,,unknown,unknown,75,95,shared-automation-candidate,True,none,primary,none,"Automation component for discovery; review for reusable script, workflow, deployment job, or infra automation.",automation-score:130 | observability-score:55,7220a627d2bb4398
2fc03a11c342d90493d41520,mbarbine__Scripts,automation,"automation,observability,ai",script,ai,Remove-PostsTeamChannel,remove-posts-team-channel,o365/o365-Scripts/Remove-PostsTeamChannel.PS1,.ps1,107,,,,unknown,unknown,75,95,shared-automation-candidate,True,none,primary,none,"Automation component for ai; review for reusable script, workflow, deployment job, or infra automation.",automation-score:130 | observability-score:55 | ai-score:45,d2af98e27a8b6bc4
5870967839c6ee171225c835,mbarbine__Scripts,automation,"automation,observability",script,observability,Get-AuditRecordsTaggedSPOFiles,get-audit-records-tagged-spofiles,o365/o365-Scripts/Get-AuditRecordsTaggedSPOFiles.PS1,.ps1,54,,,,unknown,unknown,75,95,shared-automation-candidate,True,none,primary,none,"Automation component for observability; review for reusable script, workflow, deployment job, or infra automation.",automation-score:130 | observability-score:55,5ac372c05fcfd77d
06516d2bf047d084fcea75dd,mbarbine__Scripts,automation,"automation,integration,security",script,commerce,Find-GroupsNoOwnersOrMembers,find-groups-no-owners-or-members,o365/o365-Scripts/Find-GroupsNoOwnersOrMembers.PS1,.ps1,94,,,,unknown,unknown,75,80,shared-automation-candidate,True,none,primary,none,"Automation component for commerce; review for reusable script, workflow, deployment job, or infra automation.",automation-score:130 | integration-score:55 | security-score:55,c6e153bb75919074
dde80d9a8e6c1b405854f655,mbarbine__Scripts,automation,"automation,security",script,commerce,ReportLicenseAssignmentsToUsers,report-license-assignments-to-users,o365/o365-Scripts/ReportLicenseAssignmentsToUsers.Ps1,.ps1,53,,,,unknown,unknown,75,80,shared-automation-candidate,True,none,primary,none,"Automation component for commerce; review for reusable script, workflow, deployment job, or infra automation.",automation-score:130 | security-score:55,5657a8b6e9b53daa
39c09a0a1a756f864f69c181,mbarbine__Scripts,automation,"automation,observability,security",script,auth-and-keys,ReportMailboxPermissionsMailboxes,report-mailbox-permissions-mailboxes,o365/o365-Scripts/ReportMailboxPermissionsMailboxes.PS1,.ps1,63,,,,unknown,unknown,75,95,shared-automation-candidate,False,none,primary,none,"Automation component for auth-and-keys; review for reusable script, workflow, deployment job, or infra automation.",automation-score:130 | observability-score:55 | security-score:55,7099f7b6fd7d11da
f607ad8886555a59b43b016c,mbarbine__Scripts,automation,"automation,observability,security",script,observability,ReportRoomMailboxUsage,report-room-mailbox-usage,o365/o365-Scripts/ReportRoomMailboxUsage.PS1,.ps1,340,,,,unknown,unknown,75,90,shared-automation-candidate,True,none,primary,none,"Automation component for observability; review for reusable script, workflow, deployment job, or infra automation.",automation-score:130 | observability-score:55 | security-score:55,c61f40a087817e90
b7813b2426f30894a93ae72f,mbarbine__Scripts,automation,"automation,observability",script,observability,Report-ExpiringPasswords,report-expiring-passwords,o365/o365-Scripts/Report-ExpiringPasswords.PS1,.ps1,128,,,,unknown,unknown,75,95,shared-automation-candidate,True,none,primary,none,"Automation component for observability; review for reusable script, workflow, deployment job, or infra automation.",automation-score:130 | observability-score:55,889a37042667f4fe
ceda73da0c93423da655b606,mbarbine__Scripts,automation,"automation,security",script,auth-and-keys,Report-MailboxesEnabledForEWS,report-mailboxes-enabled-for-ews,o365/o365-Scripts/Report-MailboxesEnabledForEWS.PS1,.ps1,81,,,,unknown,unknown,75,95,shared-automation-candidate,True,none,primary,none,"Automation component for auth-and-keys; review for reusable script, workflow, deployment job, or infra automation.",automation-score:175 | security-score:55,fba15c474fbd6d7d
39e3ece82fad5a8e8f34f654,mbarbine__Scripts,automation,"automation,integration,ai",script,ai,RenameMicrosoft365GroupsNamingPolicy,rename-microsoft365-groups-naming-policy,o365/o365-Scripts/RenameMicrosoft365GroupsNamingPolicy.PS1,.ps1,67,,,,unknown,unknown,75,95,shared-automation-candidate,True,none,primary,none,"Automation component for ai; review for reusable script, workflow, deployment job, or infra automation.",automation-score:130 | integration-score:55 | ai-score:45,2409a14581c47ab5
5cd665841069e79052d46c29,mbarbine__Scripts,automation,"automation,observability",script,observability,Send-WelcomeMessageNewUsers,send-welcome-message-new-users,o365/o365-Scripts/Send-WelcomeMessageNewUsers.PS1,.ps1,46,,,,unknown,unknown,75,95,shared-automation-candidate,True,none,primary,none,"Automation component for observability; review for reusable script, workflow, deployment job, or infra automation.",automation-score:130 | observability-score:55,e8adb930ea72d2e2
a75bd44ebf32ea1425e69734,mbarbine__Scripts,automation,"automation,observability",script,commerce,Report-ContainerManagementLabels,report-container-management-labels,o365/o365-Scripts/Report-ContainerManagementLabels.PS1,.ps1,134,,,,unknown,unknown,75,80,shared-automation-candidate,True,none,primary,none,"Automation component for commerce; review for reusable script, workflow, deployment job, or infra automation.",automation-score:130 | observability-score:55,e34f0e6e96cc2043
d5729863fbbffaf4aca9e32c,mbarbine__Scripts,automation,"automation,observability,security",script,observability,AuditRecordsTeamsRecordingsUploads,audit-records-teams-recordings-uploads,o365/o365-Scripts/AuditRecordsTeamsRecordingsUploads.PS1,.ps1,87,,,,unknown,unknown,75,95,shared-automation-candidate,True,none,primary,none,"Automation component for observability; review for reusable script, workflow, deployment job, or infra automation.",automation-score:130 | observability-score:55 | security-score:55,6d6ea075c151ef66
1833fd79ba25b2938e2738df,mbarbine__Scripts,automation,automation,script,shipping,Report-SPOFileVersions,report-spofile-versions,o365/o365-Scripts/Report-SPOFileVersions.PS1,.ps1,228,,,,unknown,unknown,65,75,shared-automation-candidate,True,none,primary,none,"Automation component for shipping; review for reusable script, workflow, deployment job, or infra automation.",automation-score:130,11815bb4ee23d829
5b232f0924cf7f3b292ea35d,mbarbine__Scripts,automation,automation,automation-config,discovery,teamsapp,teamsapp,o365/o365-Scripts/Office 365 for IT Pros/teamsapp.yml,.yml,81,,,,unknown,unknown,65,70,shared-automation-candidate,False,none,primary,none,"Automation component for discovery; review for reusable script, workflow, deployment job, or infra automation.",automation-score:95,1b8003da0833897a
737d022796d453b2fda10981,mbarbine__Scripts,automation,"automation,discovery",automation-config,ai,manifest,manifest,o365/o365-Scripts/Office 365 for IT Pros/appPackage/manifest.json,.json,39,,,,unknown,unknown,75,70,shared-automation-candidate,False,none,primary,none,"Automation component for ai; review for reusable script, workflow, deployment job, or infra automation.",automation-score:95 | discovery-score:55,18613737ae30fb8e
2e7ff2b14757bbefcd5f413d,mbarbine__Scripts,automation,automation,automation-config,workflow,settings,settings,o365/o365-Scripts/Office 365 for IT Pros/.vscode/settings.json,.json,12,,,,unknown,unknown,65,55,catalog-only,True,none,primary,none,"Automation component for workflow; review for reusable script, workflow, deployment job, or infra automation.",automation-score:95,4cd102552778f559
d24d8fd4bd83890263eee2eb,mbarbine__Scripts,automation,automation,automation-config,general,extensions,extensions,o365/o365-Scripts/Office 365 for IT Pros/.vscode/extensions.json,.json,5,,,,unknown,unknown,60,50,catalog-only,False,none,primary,none,"Automation component for general; review for reusable script, workflow, deployment job, or infra automation.",automation-score:50,0c490512ee6f5d2c
68bc7f3f6d032ef69bf85dab,mbarbine__Scripts,automation,"automation,security",script,auth-and-keys,Report-ConditionalAccessPolicies,report-conditional-access-policies,o365/o365-Scripts/frontier/Report-ConditionalAccessPolicies.PS1,.ps1,425,,,,unknown,unknown,75,90,shared-automation-candidate,True,none,primary,none,"Automation component for auth-and-keys; review for reusable script, workflow, deployment job, or infra automation.",automation-score:175 | security-score:55,8baca954437e1451
d49d1b5fb57fd2399d8bd438,mbarbine__Scripts,automation,"automation,observability",script,observability,Report-EntraRegisteredDevices,report-entra-registered-devices,o365/o365-Scripts/frontier/Report-EntraRegisteredDevices.PS1,.ps1,68,,,,unknown,unknown,75,95,shared-automation-candidate,True,none,primary,none,"Automation component for observability; review for reusable script, workflow, deployment job, or infra automation.",automation-score:130 | observability-score:55,b22bb15196996c41
860d082390a0137fae29ef98,mbarbine__Scripts,automation,"automation,security",script,auth-and-keys,ReportAuthenticationMethods,report-authentication-methods,o365/o365-Scripts/frontier/ReportAuthenticationMethods.PS1,.ps1,80,,,,unknown,unknown,75,95,shared-automation-candidate,True,none,primary,none,"Automation component for auth-and-keys; review for reusable script, workflow, deployment job, or infra automation.",automation-score:130 | security-score:55,51afee0184a529be
20afe80e5a0d55c8c1215ccc,mbarbine__Scripts,automation,"automation,observability,security",script,auth-and-keys,ReportAdminAzureADAccountsNoMFA,report-admin-azure-adaccounts-no-mfa,o365/o365-Scripts/frontier/ReportAdminAzureADAccountsNoMFA.PS1,.ps1,98,,,,unknown,unknown,75,95,shared-automation-candidate,False,none,primary,none,"Automation component for auth-and-keys; review for reusable script, workflow, deployment job, or infra automation.",automation-score:130 | observability-score:55 | security-score:55,8c90be5ddb0af22e
6932aa70716fdc0c8bc78eb6,mbarbine__Scripts,automation,"automation,security",script,auth-and-keys,Report-ConditionalAccessPolicies,report-conditional-access-policies,o365/frontier/Report-ConditionalAccessPolicies.PS1,.ps1,425,,,,unknown,unknown,65,90,shared-automation-candidate,True,none,primary,none,"Automation component for auth-and-keys; review for reusable script, workflow, deployment job, or infra automation.",automation-score:125 | security-score:55,8baca954437e1451
3d31dc36c914bd450895c787,mbarbine__Scripts,automation,"automation,observability,security,ai",script,observability,cap-audit,cap-audit,o365/frontier/cap-audit.ps1,.ps1,435,,,,unknown,unknown,65,90,shared-automation-candidate,True,none,primary,none,"Automation component for observability; review for reusable script, workflow, deployment job, or infra automation.",automation-score:125 | observability-score:55 | security-score:55 | ai-score:45,f11b780d28dce11e
df302a6ed0d2a9fe8e91a702,mbarbine__Scripts,automation,"automation,observability,ai",script,observability,MFAReportMailboxes,mfareport-mailboxes,o365/frontier/mfa/MFAReportMailboxes.ps1,.ps1,29,,,,unknown,unknown,65,95,shared-automation-candidate,True,none,primary,none,"Automation component for observability; review for reusable script, workflow, deployment job, or infra automation.",automation-score:80 | observability-score:55 | ai-score:45,0ca5c3b86a46262b
a2e5ae3d200b9a2fa49363c1,mbarbine__Scripts,automation,"automation,observability,security",script,observability,ReportMFAStatusAdmins,report-mfastatus-admins,o365/frontier/mfa/ReportMFAStatusAdmins.PS1,.ps1,81,,,,unknown,unknown,65,95,shared-automation-candidate,True,none,primary,none,"Automation component for observability; review for reusable script, workflow, deployment job, or infra automation.",automation-score:80 | observability-score:55 | security-score:55,c417e09eec10734c
5bda0a03dc94050fd1d6e2e3,mbarbine__Scripts,automation,"automation,security,ai",script,ai,Get-UsersWithPhoneMFAMethod,get-users-with-phone-mfamethod,o365/frontier/mfa/Get-UsersWithPhoneMFAMethod.PS1,.ps1,152,,,,unknown,unknown,65,95,shared-automation-candidate,True,none,primary,none,"Automation component for ai; review for reusable script, workflow, deployment job, or infra automation.",automation-score:80 | security-score:55 | ai-score:45,2a2047ab9b0188ce
fd70c95d9cc676250f65f0f2,mbarbine__Scripts,automation,"automation,observability,security",script,observability,Check-AuditRecordsMFA,check-audit-records-mfa,o365/frontier/mfa/Check-AuditRecordsMFA.PS1,.ps1,93,,,,unknown,unknown,65,95,shared-automation-candidate,True,none,primary,none,"Automation component for observability; review for reusable script, workflow, deployment job, or infra automation.",automation-score:80 | observability-score:55 | security-score:55,3c4d3d32cee9ed83
abc8046677aabc221276e44d,mbarbine__Scripts,automation,"automation,observability,security",script,auth-and-keys,ReportAdminAzureADAccountsNoMFA,report-admin-azure-adaccounts-no-mfa,o365/frontier/mfa/ReportAdminAzureADAccountsNoMFA.PS1,.ps1,98,,,,unknown,unknown,65,95,shared-automation-candidate,False,none,primary,none,"Automation component for auth-and-keys; review for reusable script, workflow, deployment job, or infra automation.",automation-score:80 | observability-score:55 | security-score:55,8c90be5ddb0af22e
5c1703f4bffd345bc0ab9a5b,mbarbine__Scripts,automation,"automation,observability,security,ai",script,observability,ReportMFAStatusUsers,report-mfastatus-users,o365/frontier/mfa/ReportMFAStatusUsers.PS1,.ps1,101,,,,unknown,unknown,65,95,shared-automation-candidate,True,none,primary,none,"Automation component for observability; review for reusable script, workflow, deployment job, or infra automation.",automation-score:80 | observability-score:55 | security-score:55 | ai-score:45,73a4dea29d10b2c6
86a91c06ea68580bc13e6ff8,mbarbine__Scripts,automation,"automation,security",script,workflow,test-jmeter-ami-instance,test-jmeter-ami-instance,svs-automation/Auto-Pipeline/jmeter_ami/jobs/scripts/test-jmeter-ami-instance.sh,.sh,35,,,,unknown,unknown,75,80,shared-automation-candidate,True,none,primary,none,"Automation component for workflow; review for reusable script, workflow, deployment job, or infra automation.",automation-score:130 | security-score:55,4a88e15a13ae35bd
142ddf7a797f37d5c2d918c5,mbarbine__Scripts,automation,"automation,observability,security",script,observability,poll-jmeter-ami-version-control,poll-jmeter-ami-version-control,svs-automation/Auto-Pipeline/jmeter_ami/jobs/scripts/poll-jmeter-ami-version-control.sh,.sh,46,,,,unknown,unknown,75,95,shared-automation-candidate,True,none,primary,none,"Automation component for observability; review for reusable script, workflow, deployment job, or infra automation.",automation-score:130 | observability-score:55 | security-score:55,7d48428a41d04225
29b6217ed82ce47e8a2e38f4,mbarbine__Scripts,automation,"automation,observability,security",script,workflow,launch-jmeter-ami-instance,launch-jmeter-ami-instance,svs-automation/Auto-Pipeline/jmeter_ami/jobs/scripts/launch-jmeter-ami-instance.sh,.sh,96,,,,unknown,unknown,75,80,shared-automation-candidate,True,none,primary,none,"Automation component for workflow; review for reusable script, workflow, deployment job, or infra automation.",automation-score:130 | observability-score:55 | security-score:55,e853bbfdb141b73a
dc3de65b98db1a69284af76a,mbarbine__Scripts,automation,"automation,security",script,workflow,terminate-jmeter-ami-instance,terminate-jmeter-ami-instance,svs-automation/Auto-Pipeline/jmeter_ami/jobs/scripts/terminate-jmeter-ami-instance.sh,.sh,28,,,,unknown,unknown,75,80,shared-automation-candidate,True,none,primary,none,"Automation component for workflow; review for reusable script, workflow, deployment job, or infra automation.",automation-score:130 | security-score:55,c8e07a4cf16f3bc6
96a506ed9b5f49594834ba6c,mbarbine__Scripts,automation,"automation,security",script,analytics,promote-jmeter-ami,promote-jmeter-ami,svs-automation/Auto-Pipeline/jmeter_ami/jobs/scripts/promote-jmeter-ami.sh,.sh,28,,,,unknown,unknown,75,80,shared-automation-candidate,True,none,primary,none,"Automation component for analytics; review for reusable script, workflow, deployment job, or infra automation.",automation-score:130 | security-score:55,e10dcf2b94f426c8
f910ff23720bb04579993dc5,mbarbine__Scripts,automation,"automation,security",script,workflow,build-jmeter-ami,build-jmeter-ami,svs-automation/Auto-Pipeline/jmeter_ami/jobs/scripts/build-jmeter-ami.sh,.sh,47,,,,unknown,unknown,75,80,shared-automation-candidate,True,none,primary,none,"Automation component for workflow; review for reusable script, workflow, deployment job, or infra automation.",automation-score:130 | security-score:55,5d71e9cb71f83c7b
97285cd894bd3c9be7a11235,mbarbine__Scripts,automation,"automation,logic",script,workflow,check-app-config-store,check-app-config-store,svs-automation/Auto-Pipeline/.pipeline/app-config-store/check-app-config-store.sh,.sh,20,,,,unknown,unknown,65,80,shared-automation-candidate,True,none,primary,secondary,"Automation component for workflow; review for reusable script, workflow, deployment job, or infra automation.",automation-score:130 | logic-score:45,a89e7ee12ff9263a
cd4b2de2f784491a2d7bd94a,mbarbine__Scripts,automation,"automation,logic",script,workflow,load-app-config-store,load-app-config-store,svs-automation/Auto-Pipeline/.pipeline/app-config-store/load-app-config-store.sh,.sh,14,,,,unknown,unknown,65,80,shared-automation-candidate,True,none,primary,secondary,"Automation component for workflow; review for reusable script, workflow, deployment job, or infra automation.",automation-score:130 | logic-score:45,6bd2a881f17f6f04
461537d850dd936aa81e49f0,mbarbine__Scripts,automation,"automation,logic",script,workflow,check-inventory-store,check-inventory-store,svs-automation/Auto-Pipeline/.pipeline/inventory-store/check-inventory-store.sh,.sh,20,,,,unknown,unknown,65,80,shared-automation-candidate,True,none,primary,secondary,"Automation component for workflow; review for reusable script, workflow, deployment job, or infra automation.",automation-score:130 | logic-score:45,f626d23a4e019191
b71d9b88141d2cf4d15344e4,mbarbine__Scripts,automation,"automation,logic",script,workflow,load-inventory-store,load-inventory-store,svs-automation/Auto-Pipeline/.pipeline/inventory-store/load-inventory-store.sh,.sh,15,,,,unknown,unknown,65,80,shared-automation-candidate,True,none,primary,secondary,"Automation component for workflow; review for reusable script, workflow, deployment job, or infra automation.",automation-score:130 | logic-score:45,8e94d93afd5aeea1
63b7eae765248d0a704c8cb9,mbarbine__Scripts,automation,"automation,logic",script,workflow,install-common-utils-gem,install-common-utils-gem,svs-automation/Auto-Pipeline/.pipeline/bin/install-common-utils-gem.sh,.sh,10,,,,unknown,unknown,60,80,shared-automation-candidate,True,none,primary,secondary,"Automation component for workflow; review for reusable script, workflow, deployment job, or infra automation.",automation-score:130 | logic-score:45,96d34b0dca942b42
18d4e90e3c8a3add870f05e7,mbarbine__Scripts,automation,"automation,observability,security",script,workflow,pipeline-packer-securitygroup-config,pipeline-packer-securitygroup-config,svs-automation/Auto-Pipeline/.pipeline/config/pipeline-packer-securitygroup-config.sh,.sh,51,,,,unknown,unknown,65,80,shared-automation-candidate,True,none,primary,none,"Automation component for workflow; review for reusable script, workflow, deployment job, or infra automation.",automation-score:130 | observability-score:55 | security-score:55,d327eb23afc71d4b
b31df60dcb2b3807ab0d0fc8,mbarbine__Scripts,automation,"automation,observability,process",script,observability,download-failed-log-trigger,download-failed-log-trigger,svs-automation/Auto-Pipeline/.pipeline/deploy-app/download-failed-log-trigger.sh,.sh,11,,,,next-react,unknown,75,95,shared-automation-candidate,True,secondary,primary,none,"Automation component for observability; review for reusable script, workflow, deployment job, or infra automation.",automation-score:130 | observability-score:55 | process-score:45,2e21559fee3755c3
3bc5e17131e7a818beead138,mbarbine__Scripts,automation,"automation,security,process",script,workflow,deploy-svs-vis-mock,deploy-svs-vis-mock,svs-automation/Auto-Pipeline/.pipeline/deploy-app/deploy-svs-vis-mock.sh,.sh,21,,,,next-react,unknown,75,80,shared-automation-candidate,True,secondary,primary,none,"Automation component for workflow; review for reusable script, workflow, deployment job, or infra automation.",automation-score:130 | security-score:55 | process-score:45,efb87b8858d94851
5207ab17acf516b302f7da21,mbarbine__Scripts,automation,"automation,observability,process",script,observability,download-log,download-log,svs-automation/Auto-Pipeline/.pipeline/deploy-app/download-log.sh,.sh,12,,,,next-react,unknown,75,95,shared-automation-candidate,True,secondary,primary,none,"Automation component for observability; review for reusable script, workflow, deployment job, or infra automation.",automation-score:130 | observability-score:55 | process-score:45,166200a3ff3a7d99
b21eac0e8269c5f84e0f9e51,mbarbine__Scripts,automation,"automation,process",script,workflow,simian-army-trigger,simian-army-trigger,svs-automation/Auto-Pipeline/.pipeline/deploy-app/simian-army-trigger.sh,.sh,2,,,,next-react,unknown,70,75,shared-automation-candidate,True,secondary,primary,none,"Automation component for workflow; review for reusable script, workflow, deployment job, or infra automation.",automation-score:130 | process-score:45,37186def08e2dc48
e6dec18dcb9126e94b9ea0c2,mbarbine__Scripts,automation,"automation,process",script,workflow,deploy-elb-trigger,deploy-elb-trigger,svs-automation/Auto-Pipeline/.pipeline/deploy-app/deploy-elb-trigger.sh,.sh,2,,,,next-react,unknown,70,75,shared-automation-candidate,True,secondary,primary,none,"Automation component for workflow; review for reusable script, workflow, deployment job, or infra automation.",automation-score:130 | process-score:45,d17b5d7ea25aff1a
f00edae692755a47517f8146,mbarbine__Scripts,automation,"automation,observability,security,process",script,observability,acceptance-tested-trigger,acceptance-tested-trigger,svs-automation/Auto-Pipeline/.pipeline/deploy-app/acceptance-tested-trigger.sh,.sh,156,,,,next-react,unknown,75,95,shared-automation-candidate,True,secondary,primary,none,"Automation component for observability; review for reusable script, workflow, deployment job, or infra automation.",automation-score:130 | observability-score:55 | security-score:55 | process-score:45,3c7129284b6a6b4a
2a2fc16b0ddda6e1d3b037bf,mbarbine__Scripts,automation,"automation,process",script,workflow,deploy-svs,deploy-svs,svs-automation/Auto-Pipeline/.pipeline/deploy-app/deploy-svs.sh,.sh,19,,,,next-react,unknown,75,80,shared-automation-candidate,True,secondary,primary,none,"Automation component for workflow; review for reusable script, workflow, deployment job, or infra automation.",automation-score:130 | process-score:45,3b83db7a1d0e6dd9
4139977583d42353439b8b08,mbarbine__Scripts,automation,"automation,observability,process",script,observability,download-log-trigger,download-log-trigger,svs-automation/Auto-Pipeline/.pipeline/deploy-app/download-log-trigger.sh,.sh,18,,,,next-react,unknown,75,95,shared-automation-candidate,True,secondary,primary,none,"Automation component for observability; review for reusable script, workflow, deployment job, or infra automation.",automation-score:130 | observability-score:55 | process-score:45,933bfc872e979869
20ab6c248f912c804e5167e7,mbarbine__Scripts,automation,"automation,process",script,workflow,deploy-asgs-trigger,deploy-asgs-trigger,svs-automation/Auto-Pipeline/.pipeline/deploy-app/deploy-asgs-trigger.sh,.sh,2,,,,next-react,unknown,70,75,shared-automation-candidate,True,secondary,primary,none,"Automation component for workflow; review for reusable script, workflow, deployment job, or infra automation.",automation-score:130 | process-score:45,d17b5d7ea25aff1a
a9870085d310ad3d5a1ce6b8,mbarbine__Scripts,automation,"automation,process",script,workflow,deploy-svs-elb,deploy-svs-elb,svs-automation/Auto-Pipeline/.pipeline/deploy-app/deploy-svs-elb.sh,.sh,16,,,,next-react,unknown,75,80,shared-automation-candidate,True,secondary,primary,none,"Automation component for workflow; review for reusable script, workflow, deployment job, or infra automation.",automation-score:130 | process-score:45,a27c16620383c73d
12cde96b52fbfcc6ec7bbf24,mbarbine__Scripts,automation,"automation,backend,observability,security,process",script,observability,self-service-trigger,self-service-trigger,svs-automation/Auto-Pipeline/.pipeline/deploy-app/self-service-trigger.sh,.sh,155,,,,next-react,unknown,75,95,shared-automation-candidate,True,secondary,primary,none,"Automation component for observability; review for reusable script, workflow, deployment job, or infra automation.",automation-score:130 | backend-score:55 | observability-score:55 | security-score:55 | process-score:45,d66f463a1a838fa4
c59c7d275979b7b3431c5e4c,mbarbine__Scripts,automation,"automation,process",script,workflow,delete-old-stacks-trigger,delete-old-stacks-trigger,svs-automation/Auto-Pipeline/.pipeline/deploy-app/delete-old-stacks-trigger.sh,.sh,15,,,,next-react,unknown,75,80,shared-automation-candidate,True,secondary,primary,none,"Automation component for workflow; review for reusable script, workflow, deployment job, or infra automation.",automation-score:130 | process-score:45,60998839bfc9a9cf
4f7e3e3e708544b97a79e9d6,mbarbine__Scripts,automation,"automation,security,process",script,workflow,reverse-proxy-trigger,reverse-proxy-trigger,svs-automation/Auto-Pipeline/.pipeline/deploy-app/reverse-proxy-trigger.sh,.sh,28,,,,next-react,unknown,75,80,shared-automation-candidate,True,secondary,primary,none,"Automation component for workflow; review for reusable script, workflow, deployment job, or infra automation.",automation-score:130 | security-score:55 | process-score:45,a0eb92ea664a50c9
0e75971588760e9882029635,mbarbine__Scripts,automation,"automation,security,process",script,workflow,deploy-svs-vis-mock-elb,deploy-svs-vis-mock-elb,svs-automation/Auto-Pipeline/.pipeline/deploy-app/deploy-svs-vis-mock-elb.sh,.sh,21,,,,next-react,unknown,75,80,shared-automation-candidate,True,secondary,primary,none,"Automation component for workflow; review for reusable script, workflow, deployment job, or infra automation.",automation-score:130 | security-score:55 | process-score:45,baf5f36e73272e23
4a4088153fe878aede1c53c5,mbarbine__Scripts,automation,automation,automation-config,workflow,.rubocop,rubocop,svs-automation/svs-rails-app/.rubocop.yml,.yml,42,,,,next-react,unknown,65,55,catalog-only,True,none,primary,none,"Automation component for workflow; review for reusable script, workflow, deployment job, or infra automation.",automation-score:50,955f165144a4cd4f
748bbb29ea9e1d4f3f48e3e4,mbarbine__Scripts,automation,automation,automation-config,discovery,application,application,svs-automation/svs-rails-app/app/assets/javascripts/application.js,.js,19,,,,next-react,unknown,65,70,shared-automation-candidate,True,none,primary,none,"Automation component for discovery; review for reusable script, workflow, deployment job, or infra automation.",automation-score:50,dc4da83062d586a4
a67205f4358afe706a813f11,mbarbine__Scripts,automation,automation,automation-config,workflow,search,search,svs-automation/svs-rails-app/app/assets/javascripts/search.js,.js,5,,,,next-react,unknown,60,50,catalog-only,True,none,primary,none,"Automation component for workflow; review for reusable script, workflow, deployment job, or infra automation.",automation-score:50,e711e28a9af8a408
deb12f15c281114dac763947,mbarbine__Scripts,automation,automation,automation-config,workflow,flash,flash,svs-automation/svs-rails-app/app/assets/javascripts/flash.js,.js,5,,,,next-react,unknown,60,50,catalog-only,True,none,primary,none,"Automation component for workflow; review for reusable script, workflow, deployment job, or infra automation.",automation-score:50,0fec8821ad24023e
0e3da7784cf5b51b9c71abdc,mbarbine__Scripts,automation,automation,automation-config,workflow,cis_update_codes,cis-update-codes,svs-automation/svs-rails-app/test/fixtures/reference_data/cis_update_codes.yml,.yml,10,,,,next-react,unknown,60,55,catalog-only,True,none,primary,none,"Automation component for workflow; review for reusable script, workflow, deployment job, or infra automation.",automation-score:50,de57b5c5efda7e49
e98a30a9b1c691fab9f44022,mbarbine__Scripts,automation,automation,automation-config,workflow,case_types,case-types,svs-automation/svs-rails-app/test/fixtures/reference_data/case_types.yml,.yml,10,,,,next-react,unknown,60,55,catalog-only,True,none,primary,none,"Automation component for workflow; review for reusable script, workflow, deployment job, or infra automation.",automation-score:50,de57b5c5efda7e49
758f54d779b0e7e7038e8337,mbarbine__Scripts,automation,automation,automation-config,workflow,case_statuses,case-statuses,svs-automation/svs-rails-app/test/fixtures/reference_data/case_statuses.yml,.yml,10,,,,next-react,unknown,60,55,catalog-only,True,none,primary,none,"Automation component for workflow; review for reusable script, workflow, deployment job, or infra automation.",automation-score:50,de57b5c5efda7e49
0c27d5043fde89ff6bfc81cd,mbarbine__Scripts,automation,automation,automation-config,workflow,tnc_types,tnc-types,svs-automation/svs-rails-app/test/fixtures/reference_data/tnc_types.yml,.yml,23,,,,next-react,unknown,65,55,catalog-only,True,none,primary,none,"Automation component for workflow; review for reusable script, workflow, deployment job, or infra automation.",automation-score:50,a46cc0bfd1805ee3
4dfe7bf775a61714ed1863a8,mbarbine__Scripts,automation,automation,automation-config,workflow,reason_sents,reason-sents,svs-automation/svs-rails-app/test/fixtures/reference_data/reason_sents.yml,.yml,10,,,,next-react,unknown,60,55,catalog-only,True,none,primary,none,"Automation component for workflow; review for reusable script, workflow, deployment job, or infra automation.",automation-score:50,de57b5c5efda7e49
93d398bf4a090dedec5a6289,mbarbine__Scripts,automation,automation,automation-config,workflow,cucumber,cucumber,svs-automation/svs-rails-app/config/cucumber.yml,.yml,13,,,,next-react,unknown,65,55,catalog-only,True,none,primary,none,"Automation component for workflow; review for reusable script, workflow, deployment job, or infra automation.",automation-score:95,1d9894112d7f5a60
43bf56b898d81e6e92c546f0,mbarbine__Scripts,automation,automation,automation-config,i18n,en,en,svs-automation/svs-rails-app/config/locales/en.yml,.yml,23,,,,next-react,unknown,65,70,shared-automation-candidate,True,none,primary,none,"Automation component for i18n; review for reusable script, workflow, deployment job, or infra automation.",automation-score:50,44028606fa633414
7c4bc6c15285d1999c99890a,mbarbine__Scripts,automation,"automation,logic",script,workflow,install-common-utils-gem,install-common-utils-gem,svs-automation/svs-rails-app/.pipeline/install-common-utils-gem.sh,.sh,12,,,,next-react,unknown,75,80,shared-automation-candidate,True,none,primary,secondary,"Automation component for workflow; review for reusable script, workflow, deployment job, or infra automation.",automation-score:130 | logic-score:45,8dfc1a02fed8a4e5
add9715b7024e8fe1db3488f,mbarbine__Scripts,automation,"automation,observability,security",script,observability,poll-version-control,poll-version-control,svs-automation/svs-rails-app/.pipeline/poll-version-control.sh,.sh,49,,,,next-react,unknown,75,95,shared-automation-candidate,True,none,primary,none,"Automation component for observability; review for reusable script, workflow, deployment job, or infra automation.",automation-score:130 | observability-score:55 | security-score:55,f83a7b71e4c2ceaf
9f3397862337306b5bbe3eb9,mbarbine__Scripts,automation,"automation,security",script,workflow,run-static-analysis,run-static-analysis,svs-automation/svs-rails-app/.pipeline/run-static-analysis.sh,.sh,32,,,,next-react,unknown,75,80,shared-automation-candidate,True,none,primary,none,"Automation component for workflow; review for reusable script, workflow, deployment job, or infra automation.",automation-score:130 | security-score:55,06e7556b664070d9
ff276220b5958a531b430ad5,mbarbine__Scripts,automation,"automation,backend,observability,security",script,workflow,verify-or-create-database,verify-or-create-database,svs-automation/svs-rails-app/.pipeline/verify-or-create-database.sh,.sh,84,,,,next-react,unknown,75,80,shared-automation-candidate,True,none,primary,none,"Automation component for workflow; review for reusable script, workflow, deployment job, or infra automation.",automation-score:130 | backend-score:55 | observability-score:55 | security-score:55,7a45838101f08850
f8080d48c0423b3fb550a754,mbarbine__Scripts,automation,automation,script,workflow,install-pipeline-gems,install-pipeline-gems,svs-automation/svs-rails-app/.pipeline/install-pipeline-gems.sh,.sh,11,,,,next-react,unknown,65,80,shared-automation-candidate,True,none,primary,none,"Automation component for workflow; review for reusable script, workflow, deployment job, or infra automation.",automation-score:130,6f3d09ba621db62b
b3a9a09fcacf205c8303860c,mbarbine__Scripts,automation,automation,script,workflow,install-gems,install-gems,svs-automation/svs-rails-app/.pipeline/install-gems.sh,.sh,11,,,,next-react,unknown,65,80,shared-automation-candidate,True,none,primary,none,"Automation component for workflow; review for reusable script, workflow, deployment job, or infra automation.",automation-score:130,e9911852d78804bb
cf32da7463e06616f56dbf58,mbarbine__Scripts,automation,automation,script,workflow,run-smoke-test,run-smoke-test,svs-automation/svs-rails-app/.pipeline/run-smoke-test.sh,.sh,0,,,,next-react,unknown,60,75,shared-automation-candidate,True,none,primary,none,"Automation component for workflow; review for reusable script, workflow, deployment job, or infra automation.",automation-score:130,6e2a9d2bee6fa58c
4aaad28fcc6da8413c6ff8ff,mbarbine__Scripts,automation,automation,script,workflow,run-infrastructure-tests,run-infrastructure-tests,svs-automation/svs-rails-app/.pipeline/run-infrastructure-tests.sh,.sh,0,,,,next-react,unknown,60,75,shared-automation-candidate,True,none,primary,none,"Automation component for workflow; review for reusable script, workflow, deployment job, or infra automation.",automation-score:130,4f55de2760d0bdd3
e8eaff8fa97f6faf03c323ef,mbarbine__Scripts,automation,"automation,security",script,workflow,promote-ami,promote-ami,svs-automation/svs-rails-app/.pipeline/promote-ami.sh,.sh,29,,,,next-react,unknown,75,80,shared-automation-candidate,True,none,primary,none,"Automation component for workflow; review for reusable script, workflow, deployment job, or infra automation.",automation-score:130 | security-score:55,8a268174b41593e5
9dd5753504f3222dc13c7719,mbarbine__Scripts,automation,"automation,security",script,auth-and-keys,create-acceptance-environment,create-acceptance-environment,svs-automation/svs-rails-app/.pipeline/create-acceptance-environment.sh,.sh,56,,,,next-react,unknown,75,95,shared-automation-candidate,True,none,primary,none,"Automation component for auth-and-keys; review for reusable script, workflow, deployment job, or infra automation.",automation-score:130 | security-score:55,a304a472695810f9
4296c72f5236e463e5ca3714,mbarbine__Scripts,automation,"automation,security",script,workflow,run-acceptance-tests,run-acceptance-tests,svs-automation/svs-rails-app/.pipeline/run-acceptance-tests.sh,.sh,33,,,,next-react,unknown,75,80,shared-automation-candidate,True,none,primary,none,"Automation component for workflow; review for reusable script, workflow, deployment job, or infra automation.",automation-score:130 | security-score:55,26cda1d34a287e40
7d3512b48188b63f1168e47e,mbarbine__Scripts,automation,"automation,security,process",script,workflow,blue-green-deploy-dev-environment,blue-green-deploy-dev-environment,svs-automation/svs-rails-app/.pipeline/blue-green-deploy-dev-environment.sh,.sh,21,,,,next-react,unknown,75,80,shared-automation-candidate,True,secondary,primary,none,"Automation component for workflow; review for reusable script, workflow, deployment job, or infra automation.",automation-score:130 | security-score:55 | process-score:45,39707fee9aa23ab8
2ad60ab313687ba113c588fa,mbarbine__Scripts,automation,"automation,process,observability,security",script,observability,deploy-app,deploy-app,svs-automation/svs-rails-app/.pipeline/deploy-app.sh,.sh,127,,,,next-react,unknown,75,95,shared-automation-candidate,True,secondary,primary,none,"Automation component for observability; review for reusable script, workflow, deployment job, or infra automation.",automation-score:130 | process-score:80 | observability-score:55 | security-score:55,3706e0a24a5dbe04
afd6b3504240cae15f78d501,mbarbine__Scripts,automation,"automation,security",script,auth-and-keys,run-unit-tests,run-unit-tests,svs-automation/svs-rails-app/.pipeline/run-unit-tests.sh,.sh,51,,,,next-react,unknown,75,95,shared-automation-candidate,True,none,primary,none,"Automation component for auth-and-keys; review for reusable script, workflow, deployment job, or infra automation.",automation-score:130 | security-score:55,0a634a7765f28586
f4b96a8904d0cefb00b7828c,mbarbine__Scripts,automation,"automation,observability,security,process",script,workflow,deploy-elb,deploy-elb,svs-automation/svs-rails-app/.pipeline/deploy-elb.sh,.sh,49,,,,next-react,unknown,75,80,shared-automation-candidate,True,secondary,primary,none,"Automation component for workflow; review for reusable script, workflow, deployment job, or infra automation.",automation-score:130 | observability-score:55 | security-score:55 | process-score:45,04830c51667d10af
2063f55215bb4b9348ac3c7a,mbarbine__Scripts,automation,"automation,observability,security",script,observability,create-system-image,create-system-image,svs-automation/svs-rails-app/.pipeline/create-system-image.sh,.sh,65,,,,next-react,unknown,75,95,shared-automation-candidate,True,none,primary,none,"Automation component for observability; review for reusable script, workflow, deployment job, or infra automation.",automation-score:130 | observability-score:55 | security-score:55,8bcc45862e8c9ef1
55abad2c27ebdfd448926c6b,mbarbine__Scripts,automation,"automation,backend",script,workflow,migrate_db,migrate-db,svs-automation/svs-rails-app/.pipeline/migrate_db.sh,.sh,6,,,,next-react,unknown,70,75,shared-automation-candidate,True,none,primary,none,"Automation component for workflow; review for reusable script, workflow, deployment job, or infra automation.",automation-score:130 | backend-score:55,65a2e50a70fab738
26da4bcd29d9b0367d079c7e,mbarbine__Scripts,automation,"automation,security",script,auth-and-keys,generate_dotenv_app_config,generate-dotenv-app-config,svs-automation/svs-rails-app/.pipeline/bin/generate_dotenv_app_config.sh,.sh,56,,,,next-react,unknown,75,95,shared-automation-candidate,True,none,primary,none,"Automation component for auth-and-keys; review for reusable script, workflow, deployment job, or infra automation.",automation-score:130 | security-score:55,8e550fb8b11fe1f9
886a8fb82e45a03cbac8e239,mbarbine__Scripts,automation,"automation,observability,security",script,observability,rails-userdata,rails-userdata,svs-automation/svs-rails-app/.pipeline/config/rails-userdata.sh,.sh,93,,,,next-react,unknown,75,95,shared-automation-candidate,True,none,primary,none,"Automation component for observability; review for reusable script, workflow, deployment job, or infra automation.",automation-score:130 | observability-score:55 | security-score:55,4a338e9cfe43dd3a
6f8a22b80d26056cf7a2baa8,mbarbine__Scripts,automation,automation,automation-config,workflow,.rubocop,rubocop,svs-automation/svs-vis-mock/.rubocop.yml,.yml,34,,,,unknown,unknown,55,55,catalog-only,True,none,primary,none,"Automation component for workflow; review for reusable script, workflow, deployment job, or infra automation.",automation-score:50,d5ef967a409e2a8e
51298a1af6c0286e105b6d09,mbarbine__Scripts,automation,automation,automation-config,discovery,application,application,svs-automation/svs-vis-mock/app/assets/javascripts/application.js,.js,16,,,,next-react,unknown,65,70,shared-automation-candidate,True,none,primary,none,"Automation component for discovery; review for reusable script, workflow, deployment job, or infra automation.",automation-score:50,c314fdfbd260adeb
84e9c00d51f63fd2c553dbdf,mbarbine__Scripts,automation,"automation,ai",automation-config,workflow,employers,employers,svs-automation/svs-vis-mock/test/fixtures/employers.yml,.yml,26,,,,unknown,unknown,65,55,catalog-only,True,none,primary,none,"Automation component for workflow; review for reusable script, workflow, deployment job, or infra automation.",automation-score:50 | ai-score:45,4c5b9f8661026d4d
e09bfd599d4beceb3f85be44,mbarbine__Scripts,automation,"automation,ai",automation-config,workflow,addresses,addresses,svs-automation/svs-vis-mock/test/fixtures/addresses.yml,.yml,22,,,,unknown,unknown,65,55,catalog-only,True,none,primary,none,"Automation component for workflow; review for reusable script, workflow, deployment job, or infra automation.",automation-score:50 | ai-score:45,71ef01f9e7675b86
b7eb0a865d24c43c3edafffb,mbarbine__Scripts,automation,"automation,ai",automation-config,ai,account_details,account-details,svs-automation/svs-vis-mock/test/fixtures/account_details.yml,.yml,18,,,,unknown,unknown,65,70,shared-automation-candidate,True,none,primary,none,"Automation component for ai; review for reusable script, workflow, deployment job, or infra automation.",automation-score:50 | ai-score:45,1f0f667b450dc682
b8385e16f100bdbe4ff0d431,mbarbine__Scripts,automation,"automation,ai",automation-config,workflow,additional_verifications,additional-verifications,svs-automation/svs-vis-mock/test/fixtures/additional_verifications.yml,.yml,20,,,,unknown,unknown,65,55,catalog-only,True,none,primary,none,"Automation component for workflow; review for reusable script, workflow, deployment job, or infra automation.",automation-score:50 | ai-score:45,5ef46c907aa2b897
55109d4a9290315efb3e11f2,mbarbine__Scripts,automation,"automation,ai",automation-config,workflow,system_data,system-data,svs-automation/svs-vis-mock/test/fixtures/system_data.yml,.yml,36,,,,unknown,unknown,65,55,catalog-only,True,none,primary,none,"Automation component for workflow; review for reusable script, workflow, deployment job, or infra automation.",automation-score:50 | ai-score:45,7d1e1a1fa86d2a3f
3b25170b3e50f87d36f2df31,mbarbine__Scripts,automation,"automation,ai",automation-config,workflow,tnc_types,tnc-types,svs-automation/svs-vis-mock/test/fixtures/tnc_types.yml,.yml,14,,,,unknown,unknown,65,55,catalog-only,True,none,primary,none,"Automation component for workflow; review for reusable script, workflow, deployment job, or infra automation.",automation-score:50 | ai-score:45,292bdc2c30920f86
a3ebf167fab2c1b3a3422737,mbarbine__Scripts,automation,"automation,ai",automation-config,workflow,account_detail_point_of_contacts,account-detail-point-of-contacts,svs-automation/svs-vis-mock/test/fixtures/account_detail_point_of_contacts.yml,.yml,16,,,,unknown,unknown,65,55,catalog-only,True,none,primary,none,"Automation component for workflow; review for reusable script, workflow, deployment job, or infra automation.",automation-score:50 | ai-score:45,f3b9e05994bc24cd
0cfc6990137b667b59514b7a,mbarbine__Scripts,automation,automation,automation-config,i18n,en,en,svs-automation/svs-vis-mock/config/locales/en.yml,.yml,23,,,,unknown,unknown,55,70,shared-automation-candidate,True,none,primary,none,"Automation component for i18n; review for reusable script, workflow, deployment job, or infra automation.",automation-score:50,44028606fa633414
42544d206076c757536f2cf3,mbarbine__Scripts,automation,"automation,logic",script,workflow,install-common-utils-gem,install-common-utils-gem,svs-automation/svs-vis-mock/.pipeline/install-common-utils-gem.sh,.sh,12,,,,unknown,unknown,65,80,shared-automation-candidate,True,none,primary,secondary,"Automation component for workflow; review for reusable script, workflow, deployment job, or infra automation.",automation-score:130 | logic-score:45,9488e6c198dc3774
1b8f759cc571cc25e1bf4dd8,mbarbine__Scripts,automation,"automation,observability,security",script,observability,poll-version-control,poll-version-control,svs-automation/svs-vis-mock/.pipeline/poll-version-control.sh,.sh,48,,,,unknown,unknown,65,95,shared-automation-candidate,True,none,primary,none,"Automation component for observability; review for reusable script, workflow, deployment job, or infra automation.",automation-score:130 | observability-score:55 | security-score:55,0c897a8d0f90f260
4ef9c2fa34e03ef2bf30fa2f,mbarbine__Scripts,automation,"automation,security",script,workflow,run-static-analysis,run-static-analysis,svs-automation/svs-vis-mock/.pipeline/run-static-analysis.sh,.sh,32,,,,unknown,unknown,65,80,shared-automation-candidate,True,none,primary,none,"Automation component for workflow; review for reusable script, workflow, deployment job, or infra automation.",automation-score:130 | security-score:55,3792affc018c7730
52ef3f4fcaeb949443df2093,mbarbine__Scripts,automation,"automation,backend,observability,security",script,workflow,verify-or-create-database,verify-or-create-database,svs-automation/svs-vis-mock/.pipeline/verify-or-create-database.sh,.sh,84,,,,unknown,unknown,65,80,shared-automation-candidate,True,none,primary,none,"Automation component for workflow; review for reusable script, workflow, deployment job, or infra automation.",automation-score:130 | backend-score:55 | observability-score:55 | security-score:55,7a45838101f08850
1a0eb51506bbcc8f67673749,mbarbine__Scripts,automation,automation,script,workflow,install-pipeline-gems,install-pipeline-gems,svs-automation/svs-vis-mock/.pipeline/install-pipeline-gems.sh,.sh,10,,,,unknown,unknown,50,80,shared-automation-candidate,True,none,primary,none,"Automation component for workflow; review for reusable script, workflow, deployment job, or infra automation.",automation-score:130,0a3dab9c62819426
81d82d40343404a4f43d6bf6,mbarbine__Scripts,automation,automation,script,workflow,install-gems,install-gems,svs-automation/svs-vis-mock/.pipeline/install-gems.sh,.sh,8,,,,unknown,unknown,50,75,shared-automation-candidate,True,none,primary,none,"Automation component for workflow; review for reusable script, workflow, deployment job, or infra automation.",automation-score:130,19f438cac71a3c0b
61f42bd79c2645c8cbc88c92,mbarbine__Scripts,automation,automation,script,workflow,run-smoke-test,run-smoke-test,svs-automation/svs-vis-mock/.pipeline/run-smoke-test.sh,.sh,0,,,,unknown,unknown,50,75,shared-automation-candidate,True,none,primary,none,"Automation component for workflow; review for reusable script, workflow, deployment job, or infra automation.",automation-score:130,09d24e8c5157ed0e
0a0b6f346a3fb457bc4ec78b,mbarbine__Scripts,automation,automation,script,workflow,run-infrastructure-tests,run-infrastructure-tests,svs-automation/svs-vis-mock/.pipeline/run-infrastructure-tests.sh,.sh,0,,,,unknown,unknown,50,75,shared-automation-candidate,True,none,primary,none,"Automation component for workflow; review for reusable script, workflow, deployment job, or infra automation.",automation-score:130,f4d0318d6b4e2a40
74b23e5ee866123f500d5ade,mbarbine__Scripts,automation,"automation,security",script,workflow,promote-ami,promote-ami,svs-automation/svs-vis-mock/.pipeline/promote-ami.sh,.sh,27,,,,unknown,unknown,65,80,shared-automation-candidate,True,none,primary,none,"Automation component for workflow; review for reusable script, workflow, deployment job, or infra automation.",automation-score:130 | security-score:55,4c27101e06ddbb42
c6d4a2dddd1df46eaa358ef3,mbarbine__Scripts,automation,"automation,security",script,auth-and-keys,create-acceptance-environment,create-acceptance-environment,svs-automation/svs-vis-mock/.pipeline/create-acceptance-environment.sh,.sh,48,,,,unknown,unknown,65,95,shared-automation-candidate,True,none,primary,none,"Automation component for auth-and-keys; review for reusable script, workflow, deployment job, or infra automation.",automation-score:130 | security-score:55,e3b2b46165255378
e26961c7773ef4a23937fa95,mbarbine__Scripts,automation,automation,script,workflow,run-acceptance-tests,run-acceptance-tests,svs-automation/svs-vis-mock/.pipeline/run-acceptance-tests.sh,.sh,0,,,,unknown,unknown,50,75,shared-automation-candidate,True,none,primary,none,"Automation component for workflow; review for reusable script, workflow, deployment job, or infra automation.",automation-score:130,3a1cf95557612636
106db2826acccc639259c425,mbarbine__Scripts,automation,"automation,security,process",script,workflow,blue-green-deploy-dev-environment,blue-green-deploy-dev-environment,svs-automation/svs-vis-mock/.pipeline/blue-green-deploy-dev-environment.sh,.sh,37,,,,unknown,unknown,65,80,shared-automation-candidate,True,secondary,primary,none,"Automation component for workflow; review for reusable script, workflow, deployment job, or infra automation.",automation-score:130 | security-score:55 | process-score:45,3b3cb7a2ee64a273
a547253a679316a81c47485f,mbarbine__Scripts,automation,"automation,process,observability,security",script,observability,deploy-app,deploy-app,svs-automation/svs-vis-mock/.pipeline/deploy-app.sh,.sh,119,,,,unknown,unknown,65,95,shared-automation-candidate,True,secondary,primary,none,"Automation component for observability; review for reusable script, workflow, deployment job, or infra automation.",automation-score:130 | process-score:80 | observability-score:55 | security-score:55,91185aa00786ca55
6cd7f324a6f8d41f7498c967,mbarbine__Scripts,automation,automation,script,workflow,run-unit-tests,run-unit-tests,svs-automation/svs-vis-mock/.pipeline/run-unit-tests.sh,.sh,27,,,,unknown,unknown,55,80,shared-automation-candidate,True,none,primary,none,"Automation component for workflow; review for reusable script, workflow, deployment job, or infra automation.",automation-score:130,28e3ce3527e420a2
6d848c4b48c8633870ed9806,mbarbine__Scripts,automation,"automation,observability,security,process",script,workflow,deploy-elb,deploy-elb,svs-automation/svs-vis-mock/.pipeline/deploy-elb.sh,.sh,51,,,,unknown,unknown,65,80,shared-automation-candidate,True,secondary,primary,none,"Automation component for workflow; review for reusable script, workflow, deployment job, or infra automation.",automation-score:130 | observability-score:55 | security-score:55 | process-score:45,5973a34b17179377
1c64fe50b3fbd02955106d5d,mbarbine__Scripts,automation,"automation,observability,security",script,observability,create-system-image,create-system-image,svs-automation/svs-vis-mock/.pipeline/create-system-image.sh,.sh,59,,,,unknown,unknown,65,95,shared-automation-candidate,True,none,primary,none,"Automation component for observability; review for reusable script, workflow, deployment job, or infra automation.",automation-score:130 | observability-score:55 | security-score:55,402d9ce08ccad22d
19200250ebd686a66eda0f4a,mbarbine__Scripts,automation,"automation,backend",script,workflow,migrate_db,migrate-db,svs-automation/svs-vis-mock/.pipeline/migrate_db.sh,.sh,6,,,,unknown,unknown,60,75,shared-automation-candidate,True,none,primary,none,"Automation component for workflow; review for reusable script, workflow, deployment job, or infra automation.",automation-score:130 | backend-score:55,5ca1dca9f9df13e8
cefc476147608d24959ddcf1,mbarbine__Scripts,automation,"automation,security",script,auth-and-keys,generate_dotenv_app_config,generate-dotenv-app-config,svs-automation/svs-vis-mock/.pipeline/bin/generate_dotenv_app_config.sh,.sh,23,,,,unknown,unknown,65,95,shared-automation-candidate,True,none,primary,none,"Automation component for auth-and-keys; review for reusable script, workflow, deployment job, or infra automation.",automation-score:130 | security-score:55,b45c090d1552198f
2ff44aee1ca0fad049ef97a4,mbarbine__Scripts,automation,"automation,observability,security",script,observability,rails-userdata,rails-userdata,svs-automation/svs-vis-mock/.pipeline/config/rails-userdata.sh,.sh,88,,,,unknown,unknown,65,95,shared-automation-candidate,True,none,primary,none,"Automation component for observability; review for reusable script, workflow, deployment job, or infra automation.",automation-score:130 | observability-score:55 | security-score:55,64a8638c4259757c
69026a38665fbfd97eb904de,mbarbine__Scripts,automation,automation,automation-config,workflow,.kitchen,kitchen,svs-automation/svs-vis-mock/.pipeline/cookbooks/svs-vis-mock/.kitchen.yml,.yml,23,,,,unknown,unknown,55,55,catalog-only,True,none,primary,none,"Automation component for workflow; review for reusable script, workflow, deployment job, or infra automation.",automation-score:50,70526adcf6d33bc4
37e6e350eec6e1619d1ca0f5,mbarbine__Scripts,automation,"automation,observability,security,ai",script,workflow,jenkins-userdata,jenkins-userdata,svs-automation/uscis-jenkins/cfn/jenkins-userdata.sh,.sh,97,,,,unknown,unknown,65,80,shared-automation-candidate,True,none,primary,none,"Automation component for workflow; review for reusable script, workflow, deployment job, or infra automation.",automation-score:130 | observability-score:55 | security-score:55 | ai-score:45,a145e93295948107
ceac0ff4fd0a8cdb2bd7eab5,mbarbine__Scripts,automation,"automation,observability,security",script,workflow,create-jenkins-instance,create-jenkins-instance,svs-automation/uscis-jenkins/jobs/scripts/create-jenkins-instance.sh,.sh,50,,,,unknown,unknown,75,80,shared-automation-candidate,True,none,primary,none,"Automation component for workflow; review for reusable script, workflow, deployment job, or infra automation.",automation-score:130 | observability-score:55 | security-score:55,6d952b6369c70cee
bbaea6a151d2d010b3d7cbca,mbarbine__Scripts,automation,"automation,observability,security",script,observability,create-jenkins-elb,create-jenkins-elb,svs-automation/uscis-jenkins/jobs/scripts/create-jenkins-elb.sh,.sh,39,,,,unknown,unknown,75,95,shared-automation-candidate,True,none,primary,none,"Automation component for observability; review for reusable script, workflow, deployment job, or infra automation.",automation-score:130 | observability-score:55 | security-score:55,49cdea3683756413
feeac5370ac8bce605be0240,mbarbine__Scripts,automation,"automation,security",script,workflow,create-jenkins-image,create-jenkins-image,svs-automation/uscis-jenkins/jobs/scripts/create-jenkins-image.sh,.sh,29,,,,unknown,unknown,75,80,shared-automation-candidate,True,none,primary,none,"Automation component for workflow; review for reusable script, workflow, deployment job, or infra automation.",automation-score:130 | security-score:55,f41ccfd15db2f6af
edcaa433bbb65c7f0964693e,mbarbine__Scripts,automation,"automation,observability,security",script,observability,become-production-jenkins,become-production-jenkins,svs-automation/uscis-jenkins/jobs/scripts/become-production-jenkins.sh,.sh,35,,,,unknown,unknown,75,95,shared-automation-candidate,True,none,primary,none,"Automation component for observability; review for reusable script, workflow, deployment job, or infra automation.",automation-score:130 | observability-score:55 | security-score:55,e0bd435c0596de39
7bd3f34272f26b00283513cc,mbarbine__Scripts,automation,"automation,security,logic",script,workflow,common-bash-functions,common-bash-functions,svs-automation/svs-common-utils/bash/common-bash-functions.sh,.sh,99,,,,unknown,unknown,65,80,shared-automation-candidate,True,none,primary,secondary,"Automation component for workflow; review for reusable script, workflow, deployment job, or infra automation.",automation-score:130 | security-score:55 | logic-score:45,601bfbae8904c47d
45e24e093ade20d90ce54f5b,mbarbine__Scripts,automation,"automation,security",script,workflow,test-jmeter-ami-instance,test-jmeter-ami-instance,svs-automation/svs-pipeline/jmeter_ami/jobs/scripts/test-jmeter-ami-instance.sh,.sh,35,,,,unknown,unknown,75,80,shared-automation-candidate,True,none,primary,none,"Automation component for workflow; review for reusable script, workflow, deployment job, or infra automation.",automation-score:130 | security-score:55,4a88e15a13ae35bd
f605815c08300a80bf04e009,mbarbine__Scripts,automation,"automation,observability,security",script,observability,poll-jmeter-ami-version-control,poll-jmeter-ami-version-control,svs-automation/svs-pipeline/jmeter_ami/jobs/scripts/poll-jmeter-ami-version-control.sh,.sh,46,,,,unknown,unknown,75,95,shared-automation-candidate,True,none,primary,none,"Automation component for observability; review for reusable script, workflow, deployment job, or infra automation.",automation-score:130 | observability-score:55 | security-score:55,7d48428a41d04225
d8b29b290cfdf582d78afc59,mbarbine__Scripts,automation,"automation,observability,security",script,workflow,launch-jmeter-ami-instance,launch-jmeter-ami-instance,svs-automation/svs-pipeline/jmeter_ami/jobs/scripts/launch-jmeter-ami-instance.sh,.sh,96,,,,unknown,unknown,75,80,shared-automation-candidate,True,none,primary,none,"Automation component for workflow; review for reusable script, workflow, deployment job, or infra automation.",automation-score:130 | observability-score:55 | security-score:55,e853bbfdb141b73a
05e4d8b2da211e304a34595d,mbarbine__Scripts,automation,"automation,security",script,workflow,terminate-jmeter-ami-instance,terminate-jmeter-ami-instance,svs-automation/svs-pipeline/jmeter_ami/jobs/scripts/terminate-jmeter-ami-instance.sh,.sh,28,,,,unknown,unknown,75,80,shared-automation-candidate,True,none,primary,none,"Automation component for workflow; review for reusable script, workflow, deployment job, or infra automation.",automation-score:130 | security-score:55,c8e07a4cf16f3bc6
bc9e80af8742504dbca4e2c3,mbarbine__Scripts,automation,"automation,security",script,analytics,promote-jmeter-ami,promote-jmeter-ami,svs-automation/svs-pipeline/jmeter_ami/jobs/scripts/promote-jmeter-ami.sh,.sh,28,,,,unknown,unknown,75,80,shared-automation-candidate,True,none,primary,none,"Automation component for analytics; review for reusable script, workflow, deployment job, or infra automation.",automation-score:130 | security-score:55,e10dcf2b94f426c8
0f6f1b7cb624dc42421304aa,mbarbine__Scripts,automation,"automation,security",script,workflow,build-jmeter-ami,build-jmeter-ami,svs-automation/svs-pipeline/jmeter_ami/jobs/scripts/build-jmeter-ami.sh,.sh,47,,,,unknown,unknown,75,80,shared-automation-candidate,True,none,primary,none,"Automation component for workflow; review for reusable script, workflow, deployment job, or infra automation.",automation-score:130 | security-score:55,5d71e9cb71f83c7b
e16d330ffc7f2d931dc51cde,mbarbine__Scripts,automation,"automation,logic",script,workflow,check-app-config-store,check-app-config-store,svs-automation/svs-pipeline/.pipeline/app-config-store/check-app-config-store.sh,.sh,20,,,,unknown,unknown,65,80,shared-automation-candidate,True,none,primary,secondary,"Automation component for workflow; review for reusable script, workflow, deployment job, or infra automation.",automation-score:130 | logic-score:45,a89e7ee12ff9263a
ba52192e4aac001a0566e36d,mbarbine__Scripts,automation,"automation,logic",script,workflow,load-app-config-store,load-app-config-store,svs-automation/svs-pipeline/.pipeline/app-config-store/load-app-config-store.sh,.sh,14,,,,unknown,unknown,65,80,shared-automation-candidate,True,none,primary,secondary,"Automation component for workflow; review for reusable script, workflow, deployment job, or infra automation.",automation-score:130 | logic-score:45,6bd2a881f17f6f04
e4b7375d15bb62f5d9aadd58,mbarbine__Scripts,automation,"automation,logic",script,workflow,check-inventory-store,check-inventory-store,svs-automation/svs-pipeline/.pipeline/inventory-store/check-inventory-store.sh,.sh,20,,,,unknown,unknown,65,80,shared-automation-candidate,True,none,primary,secondary,"Automation component for workflow; review for reusable script, workflow, deployment job, or infra automation.",automation-score:130 | logic-score:45,f626d23a4e019191
ffe16f1d02041677539225bd,mbarbine__Scripts,automation,"automation,logic",script,workflow,load-inventory-store,load-inventory-store,svs-automation/svs-pipeline/.pipeline/inventory-store/load-inventory-store.sh,.sh,15,,,,unknown,unknown,65,80,shared-automation-candidate,True,none,primary,secondary,"Automation component for workflow; review for reusable script, workflow, deployment job, or infra automation.",automation-score:130 | logic-score:45,8e94d93afd5aeea1
ef46ea6c66f977ccce9d8c5c,mbarbine__Scripts,automation,"automation,logic",script,workflow,install-common-utils-gem,install-common-utils-gem,svs-automation/svs-pipeline/.pipeline/bin/install-common-utils-gem.sh,.sh,10,,,,unknown,unknown,60,80,shared-automation-candidate,True,none,primary,secondary,"Automation component for workflow; review for reusable script, workflow, deployment job, or infra automation.",automation-score:130 | logic-score:45,96d34b0dca942b42
b2041a5e6d8357315a1d0284,mbarbine__Scripts,automation,"automation,observability,security",script,workflow,pipeline-packer-securitygroup-config,pipeline-packer-securitygroup-config,svs-automation/svs-pipeline/.pipeline/config/pipeline-packer-securitygroup-config.sh,.sh,51,,,,unknown,unknown,65,80,shared-automation-candidate,True,none,primary,none,"Automation component for workflow; review for reusable script, workflow, deployment job, or infra automation.",automation-score:130 | observability-score:55 | security-score:55,d327eb23afc71d4b
b5f55b8d1f80c71667867fa1,mbarbine__Scripts,automation,"automation,observability,process",script,observability,download-failed-log-trigger,download-failed-log-trigger,svs-automation/svs-pipeline/.pipeline/deploy-app/download-failed-log-trigger.sh,.sh,11,,,,next-react,unknown,75,95,shared-automation-candidate,True,secondary,primary,none,"Automation component for observability; review for reusable script, workflow, deployment job, or infra automation.",automation-score:130 | observability-score:55 | process-score:45,2e21559fee3755c3
3a8db929caf88a98b186fd7e,mbarbine__Scripts,automation,"automation,security,process",script,workflow,deploy-svs-vis-mock,deploy-svs-vis-mock,svs-automation/svs-pipeline/.pipeline/deploy-app/deploy-svs-vis-mock.sh,.sh,21,,,,next-react,unknown,75,80,shared-automation-candidate,True,secondary,primary,none,"Automation component for workflow; review for reusable script, workflow, deployment job, or infra automation.",automation-score:130 | security-score:55 | process-score:45,efb87b8858d94851
07bb2e71f74921fd7524972e,mbarbine__Scripts,automation,"automation,observability,process",script,observability,download-log,download-log,svs-automation/svs-pipeline/.pipeline/deploy-app/download-log.sh,.sh,12,,,,next-react,unknown,75,95,shared-automation-candidate,True,secondary,primary,none,"Automation component for observability; review for reusable script, workflow, deployment job, or infra automation.",automation-score:130 | observability-score:55 | process-score:45,166200a3ff3a7d99
ea153896dcab1a995fe062d0,mbarbine__Scripts,automation,"automation,process",script,workflow,simian-army-trigger,simian-army-trigger,svs-automation/svs-pipeline/.pipeline/deploy-app/simian-army-trigger.sh,.sh,2,,,,next-react,unknown,70,75,shared-automation-candidate,True,secondary,primary,none,"Automation component for workflow; review for reusable script, workflow, deployment job, or infra automation.",automation-score:130 | process-score:45,37186def08e2dc48
dd9905ac89d2471efbcdb767,mbarbine__Scripts,automation,"automation,process",script,workflow,deploy-elb-trigger,deploy-elb-trigger,svs-automation/svs-pipeline/.pipeline/deploy-app/deploy-elb-trigger.sh,.sh,2,,,,next-react,unknown,70,75,shared-automation-candidate,True,secondary,primary,none,"Automation component for workflow; review for reusable script, workflow, deployment job, or infra automation.",automation-score:130 | process-score:45,d17b5d7ea25aff1a
08e3fad00595fbba1b2aa798,mbarbine__Scripts,automation,"automation,observability,security,process",script,observability,acceptance-tested-trigger,acceptance-tested-trigger,svs-automation/svs-pipeline/.pipeline/deploy-app/acceptance-tested-trigger.sh,.sh,156,,,,next-react,unknown,75,95,shared-automation-candidate,True,secondary,primary,none,"Automation component for observability; review for reusable script, workflow, deployment job, or infra automation.",automation-score:130 | observability-score:55 | security-score:55 | process-score:45,3c7129284b6a6b4a
264531fde1de9a34003ab37d,mbarbine__Scripts,automation,"automation,process",script,workflow,deploy-svs,deploy-svs,svs-automation/svs-pipeline/.pipeline/deploy-app/deploy-svs.sh,.sh,19,,,,next-react,unknown,75,80,shared-automation-candidate,True,secondary,primary,none,"Automation component for workflow; review for reusable script, workflow, deployment job, or infra automation.",automation-score:130 | process-score:45,3b83db7a1d0e6dd9
846c879bb131015c4001399e,mbarbine__Scripts,automation,"automation,observability,process",script,observability,download-log-trigger,download-log-trigger,svs-automation/svs-pipeline/.pipeline/deploy-app/download-log-trigger.sh,.sh,18,,,,next-react,unknown,75,95,shared-automation-candidate,True,secondary,primary,none,"Automation component for observability; review for reusable script, workflow, deployment job, or infra automation.",automation-score:130 | observability-score:55 | process-score:45,933bfc872e979869
a99e0ab32c7c8cfa4863719d,mbarbine__Scripts,automation,"automation,process",script,workflow,deploy-asgs-trigger,deploy-asgs-trigger,svs-automation/svs-pipeline/.pipeline/deploy-app/deploy-asgs-trigger.sh,.sh,2,,,,next-react,unknown,70,75,shared-automation-candidate,True,secondary,primary,none,"Automation component for workflow; review for reusable script, workflow, deployment job, or infra automation.",automation-score:130 | process-score:45,d17b5d7ea25aff1a
4012ab22778036e2e5ffc996,mbarbine__Scripts,automation,"automation,process",script,workflow,deploy-svs-elb,deploy-svs-elb,svs-automation/svs-pipeline/.pipeline/deploy-app/deploy-svs-elb.sh,.sh,16,,,,next-react,unknown,75,80,shared-automation-candidate,True,secondary,primary,none,"Automation component for workflow; review for reusable script, workflow, deployment job, or infra automation.",automation-score:130 | process-score:45,a27c16620383c73d
58dc5b4ae6f1451c1e94e843,mbarbine__Scripts,automation,"automation,backend,observability,security,process",script,observability,self-service-trigger,self-service-trigger,svs-automation/svs-pipeline/.pipeline/deploy-app/self-service-trigger.sh,.sh,155,,,,next-react,unknown,75,95,shared-automation-candidate,True,secondary,primary,none,"Automation component for observability; review for reusable script, workflow, deployment job, or infra automation.",automation-score:130 | backend-score:55 | observability-score:55 | security-score:55 | process-score:45,d66f463a1a838fa4
86df26cd6335cdc37d314142,mbarbine__Scripts,automation,"automation,process",script,workflow,delete-old-stacks-trigger,delete-old-stacks-trigger,svs-automation/svs-pipeline/.pipeline/deploy-app/delete-old-stacks-trigger.sh,.sh,15,,,,next-react,unknown,75,80,shared-automation-candidate,True,secondary,primary,none,"Automation component for workflow; review for reusable script, workflow, deployment job, or infra automation.",automation-score:130 | process-score:45,60998839bfc9a9cf
76e49ad2310ce3d590505f81,mbarbine__Scripts,automation,"automation,security,process",script,workflow,reverse-proxy-trigger,reverse-proxy-trigger,svs-automation/svs-pipeline/.pipeline/deploy-app/reverse-proxy-trigger.sh,.sh,28,,,,next-react,unknown,75,80,shared-automation-candidate,True,secondary,primary,none,"Automation component for workflow; review for reusable script, workflow, deployment job, or infra automation.",automation-score:130 | security-score:55 | process-score:45,a0eb92ea664a50c9
47402d544c8b908f8ab3afb2,mbarbine__Scripts,automation,"automation,security,process",script,workflow,deploy-svs-vis-mock-elb,deploy-svs-vis-mock-elb,svs-automation/svs-pipeline/.pipeline/deploy-app/deploy-svs-vis-mock-elb.sh,.sh,21,,,,next-react,unknown,75,80,shared-automation-candidate,True,secondary,primary,none,"Automation component for workflow; review for reusable script, workflow, deployment job, or infra automation.",automation-score:130 | security-score:55 | process-score:45,baf5f36e73272e23
b4b3400f7182b8ac4346fbeb,mbarbine__Scripts,automation,"automation,security",script,workflow,test-svs-base-instance,test-svs-base-instance,svs-automation/svs-base-ami/jobs/scripts/test-svs-base-instance.sh,.sh,28,,,,unknown,unknown,75,80,shared-automation-candidate,True,none,primary,none,"Automation component for workflow; review for reusable script, workflow, deployment job, or infra automation.",automation-score:130 | security-score:55,911e0a00900315f6
5e7fb22662394532921b3418,mbarbine__Scripts,automation,"automation,observability,security",script,workflow,launch-svs-base-instance,launch-svs-base-instance,svs-automation/svs-base-ami/jobs/scripts/launch-svs-base-instance.sh,.sh,94,,,,unknown,unknown,75,80,shared-automation-candidate,True,none,primary,none,"Automation component for workflow; review for reusable script, workflow, deployment job, or infra automation.",automation-score:130 | observability-score:55 | security-score:55,bb13ce1efea7269a
66292829b03543428e6e981f,mbarbine__Scripts,automation,"automation,observability,security",script,observability,poll-svs-base-version-control,poll-svs-base-version-control,svs-automation/svs-base-ami/jobs/scripts/poll-svs-base-version-control.sh,.sh,46,,,,unknown,unknown,75,95,shared-automation-candidate,True,none,primary,none,"Automation component for observability; review for reusable script, workflow, deployment job, or infra automation.",automation-score:130 | observability-score:55 | security-score:55,7d48428a41d04225
4b984a078f074549c73df353,mbarbine__Scripts,automation,"automation,security",script,analytics,promote-svs-base-ami,promote-svs-base-ami,svs-automation/svs-base-ami/jobs/scripts/promote-svs-base-ami.sh,.sh,35,,,,unknown,unknown,75,80,shared-automation-candidate,True,none,primary,none,"Automation component for analytics; review for reusable script, workflow, deployment job, or infra automation.",automation-score:130 | security-score:55,b4a5af575a80dd8e
31123b6e3b134577fe3f760c,mbarbine__Scripts,automation,"automation,security",script,workflow,build-svs-base-ami,build-svs-base-ami,svs-automation/svs-base-ami/jobs/scripts/build-svs-base-ami.sh,.sh,59,,,,unknown,unknown,75,80,shared-automation-candidate,True,none,primary,none,"Automation component for workflow; review for reusable script, workflow, deployment job, or infra automation.",automation-score:130 | security-score:55,81c8d69673bb7586
0165aefc52023789c489fd87,mbarbine__Scripts,automation,"automation,security",script,workflow,terminate-svs-base-instance,terminate-svs-base-instance,svs-automation/svs-base-ami/jobs/scripts/terminate-svs-base-instance.sh,.sh,28,,,,unknown,unknown,75,80,shared-automation-candidate,True,none,primary,none,"Automation component for workflow; review for reusable script, workflow, deployment job, or infra automation.",automation-score:130 | security-score:55,b36ca2cc655cbe33
b512aa4a28751b21162217e4,mbarbine__Scripts,automation,automation,script,workflow,instance_id,instance-id,svs-automation/svs-base-ami/cookbooks/hostname/files/instance_id.sh,.sh,9,,,,unknown,unknown,50,75,shared-automation-candidate,True,none,primary,none,"Automation component for workflow; review for reusable script, workflow, deployment job, or infra automation.",automation-score:130,cc3535c5b88d3fd3
a6fcdd481707734c613b8ed9,mbarbine__Scripts,automation,"automation,process",automation-config,discovery,application,application,svs-automation/style-guide/app/assets/javascripts/svs_style_guide/application.js,.js,15,,,,next-react,unknown,75,70,shared-automation-candidate,True,secondary,primary,none,"Automation component for discovery; review for reusable script, workflow, deployment job, or infra automation.",automation-score:50 | process-score:45,429a182cfc0091a6
19b19d687885ab4e7db209c0,mbarbine__Scripts,automation,"automation,process",automation-config,discovery,application,application,svs-automation/style-guide/test/dummy/app/assets/javascripts/application.js,.js,13,,,,next-react,unknown,75,70,shared-automation-candidate,True,secondary,primary,none,"Automation component for discovery; review for reusable script, workflow, deployment job, or infra automation.",automation-score:50 | process-score:45,fb575cdf1b79686f
9def389d145db462526d91b2,mbarbine__Scripts,automation,"automation,process",automation-config,i18n,en,en,svs-automation/style-guide/test/dummy/config/locales/en.yml,.yml,23,,,,unknown,unknown,65,70,shared-automation-candidate,True,secondary,primary,none,"Automation component for i18n; review for reusable script, workflow, deployment job, or infra automation.",automation-score:50 | process-score:45,44028606fa633414
01145ed1d680b57d4afb8d46,mbarbine__Scripts,automation,"automation,process",automation-config,discovery,application-8f06a73c35179188914ab50e057157639fce1401c1cdca640ac9cec33746fc5b,application-8f06a73c35179188914ab50e057157639fce1401c1cdca640ac9cec33746fc5b,svs-automation/style-guide/test/dummy/public/assets/application-8f06a73c35179188914ab50e057157639fce1401c1cdca640ac9cec33746fc5b.js,.js,13,,,,unknown,unknown,65,70,shared-automation-candidate,True,secondary,primary,none,"Automation component for discovery; review for reusable script, workflow, deployment job, or infra automation.",automation-score:50 | process-score:45,8f06a73c35179188
e9665673dc6f368c51b45cc6,mbarbine__Scripts,automation,"automation,process,observability,security,ai",automation-config,observability,application-876b14e974f7e7480981610cb55e133cec0b151dad5d92ad73672b24fd8ebe7e,application-876b14e974f7e7480981610cb55e133cec0b151dad5d92ad73672b24fd8ebe7e,svs-automation/style-guide/test/dummy/public/assets/svs_style_guide/application-876b14e974f7e7480981610cb55e133cec0b151dad5d92ad73672b24fd8ebe7e.js,.js,11853,"A,Aa,Accordion,Animation,Ba,D,Ea,Fa,G,H,I,J,La,Lb,Mb,Nb,O,Ob,P,Pb,Q,R,S,Sizzle,T,Tween,U,Ua,Va,Vb,W,Wa,Xa,Ya,Za,Zb"," + prev + ,+i+,invalid,jquery,ujs:enable-with"," + prev + ,+i+,invalid,jquery,ujs:enable-with",unknown,unknown,90,50,catalog-only,True,secondary,primary,none,"Automation component for observability; review for reusable script, workflow, deployment job, or infra automation.","exports:A, Aa, Accordion, Animation, Ba, D, Ea, Fa | imports: + prev + , +i+, invalid, jquery, ujs:enable-with | automation-score:95 | process-score:80 | observability-score:55 | security-score:55 | ai-score:45",876b14e974f7e748
ee839bbb8f0c0c62ad219b2c,mbarbine__Scripts,automation,"automation,logic,security",script,shipping,get-sg-rules,get-sg-rules,bash/get-sg-rules.sh,.sh,346,,,,unknown,unknown,65,75,shared-automation-candidate,True,none,primary,secondary,"Automation component for shipping; review for reusable script, workflow, deployment job, or infra automation.",automation-score:125 | logic-score:70 | security-score:55,7b06102b35f1511c
f107b0db63eb9d002b0c9c3f,mbarbine__Scripts,automation,"automation,observability",script,observability,top_ip_address,top-ip-address,bash/top_ip_address.sh,.sh,29,,,,unknown,unknown,65,95,shared-automation-candidate,True,none,primary,none,"Automation component for observability; review for reusable script, workflow, deployment job, or infra automation.",automation-score:125 | observability-score:55,23e6f222508d1c5f
710933a05304bfd6c646c4d7,mbarbine__Scripts,automation,"automation,security",script,testing,get-sagemaker-image,get-sagemaker-image,bash/get-sagemaker-image.sh,.sh,98,,,,unknown,unknown,65,80,shared-automation-candidate,True,none,primary,none,"Automation component for testing; review for reusable script, workflow, deployment job, or infra automation.",automation-score:125 | security-score:55,8c221eb8511fad49
f0bc0d5d5cb465a345332c59,mbarbine__Scripts,automation,automation,script,testing,get-appmesh-vgw,get-appmesh-vgw,bash/get-appmesh-vgw.sh,.sh,93,,,,unknown,unknown,55,80,shared-automation-candidate,True,none,primary,none,"Automation component for testing; review for reusable script, workflow, deployment job, or infra automation.",automation-score:125,aba8340e8bf78979
e1761ec670d28e4a48ff0f9b,mbarbine__Scripts,automation,automation,script,shipping,seed,seed,bash/seed.sh,.sh,11,,,,unknown,unknown,55,80,shared-automation-candidate,True,none,primary,none,"Automation component for shipping; review for reusable script, workflow, deployment job, or infra automation.",automation-score:80,d3d662489bc53524
ea74fa64601d3a09d0a8662d,mbarbine__Scripts,automation,automation,script,testing,062-get-s3-aps,062-get-s3-aps,bash/062-get-s3-aps.sh,.sh,99,,,,unknown,unknown,55,80,shared-automation-candidate,True,none,primary,none,"Automation component for testing; review for reusable script, workflow, deployment job, or infra automation.",automation-score:125,61a1668a63a0fcac
ad2d21c46d4886fb70725b88,mbarbine__Scripts,automation,"automation,security",script,security,612-get-dms-endp,612-get-dms-endp,bash/612-get-dms-endp.sh,.sh,170,,,,unknown,unknown,65,80,shared-automation-candidate,True,none,primary,none,"Automation component for security; review for reusable script, workflow, deployment job, or infra automation.",automation-score:125 | security-score:55,ccbfe289a8d11532
eb20e5f0d9772b945e0e5174,mbarbine__Scripts,automation,automation,script,testing,get-sagemaker-image-versions,get-sagemaker-image-versions,bash/get-sagemaker-image-versions.sh,.sh,84,,,,unknown,unknown,55,80,shared-automation-candidate,True,none,primary,none,"Automation component for testing; review for reusable script, workflow, deployment job, or infra automation.",automation-score:125,bfa06592b6e25c59
a4e267a078b450d179eb87bc,mbarbine__Scripts,automation,automation,script,commerce,410-get-config-recorder,410-get-config-recorder,bash/410-get-config-recorder.sh,.sh,85,,,,unknown,unknown,55,80,shared-automation-candidate,True,none,primary,none,"Automation component for commerce; review for reusable script, workflow, deployment job, or infra automation.",automation-score:125,9bb53fca7b61fa27
408529320e62db7c5c38797f,mbarbine__Scripts,automation,automation,script,testing,awscc-vpc,awscc-vpc,bash/awscc-vpc.sh,.sh,87,,,,unknown,unknown,55,80,shared-automation-candidate,True,none,primary,none,"Automation component for testing; review for reusable script, workflow, deployment job, or infra automation.",automation-score:125,efb491bd75bb2382
67bb0d97fa9c9cd39d1f7ae3,mbarbine__Scripts,automation,"automation,security",script,testing,get-sagemaker-app-image-config,get-sagemaker-app-image-config,bash/get-sagemaker-app-image-config.sh,.sh,96,,,,unknown,unknown,65,80,shared-automation-candidate,True,none,primary,none,"Automation component for testing; review for reusable script, workflow, deployment job, or infra automation.",automation-score:125 | security-score:55,e0e83771465b3170
d68015f396cc0fff04ea9e8c,mbarbine__Scripts,automation,"automation,observability",script,observability,recalbox-includes,recalbox-includes,bash/recalbox-includes.sh,.sh,141,,,,unknown,unknown,65,95,shared-automation-candidate,True,none,primary,none,"Automation component for observability; review for reusable script, workflow, deployment job, or infra automation.",automation-score:80 | observability-score:55,ac2ae5b7c0c98b7e
92bc9b18ad827f945bd8e697,mbarbine__Scripts,automation,automation,script,analytics,712-get-eb-bus,712-get-eb-bus,bash/712-get-eb-bus.sh,.sh,79,,,,unknown,unknown,55,80,shared-automation-candidate,True,none,primary,none,"Automation component for analytics; review for reusable script, workflow, deployment job, or infra automation.",automation-score:125,f673aef4fbaedcc5
30b881f519ce1158d6adb2cc,mbarbine__Scripts,automation,automation,script,testing,get-apigw-resource,get-apigw-resource,bash/get-apigw-resource.sh,.sh,100,,,,unknown,unknown,55,80,shared-automation-candidate,True,none,primary,none,"Automation component for testing; review for reusable script, workflow, deployment job, or infra automation.",automation-score:125,67d6f8720fd7f40a
519866f6d994e207f769e564,mbarbine__Scripts,automation,automation,script,general,check_md,check-md,bash/check_md.sh,.sh,22,,,,unknown,unknown,55,80,shared-automation-candidate,False,none,primary,none,"Automation component for general; review for reusable script, workflow, deployment job, or infra automation.",automation-score:80,138d4e7091ab6986
79cb9fbd187d1d435ee59342,mbarbine__Scripts,automation,"automation,observability",script,testing,210-get-vpcpeer,210-get-vpcpeer,bash/210-get-vpcpeer.sh,.sh,90,,,,unknown,unknown,65,80,shared-automation-candidate,True,none,primary,none,"Automation component for testing; review for reusable script, workflow, deployment job, or infra automation.",automation-score:125 | observability-score:55,8baae8d7e83be697
01b7ad28551d710b1ffce259,mbarbine__Scripts,automation,"automation,observability",script,observability,ns8_base_amz_linux_ami_config,ns8-base-amz-linux-ami-config,bash/ns8_base_amz_linux_ami_config.sh,.sh,31,,,,unknown,unknown,65,95,shared-automation-candidate,True,none,primary,none,"Automation component for observability; review for reusable script, workflow, deployment job, or infra automation.",automation-score:80 | observability-score:55,ec5285ece9623c5c
e425d07beba3a042c2e661ed,mbarbine__Scripts,automation,"automation,observability,security",script,seo-and-metadata,601-get-rds-ins,601-get-rds-ins,bash/601-get-rds-ins.sh,.sh,154,,,,unknown,unknown,65,95,shared-automation-candidate,True,none,primary,none,"Automation component for seo-and-metadata; review for reusable script, workflow, deployment job, or infra automation.",automation-score:125 | observability-score:55 | security-score:55,c9e7a036f8e0be73
66e25d69ea2ccbe06fd3db75,mbarbine__Scripts,automation,"automation,integration,observability",script,shipping,get-iam-groups-for-user,get-iam-groups-for-user,bash/get-iam-groups-for-user.sh,.sh,97,,,,unknown,unknown,65,80,shared-automation-candidate,True,none,primary,none,"Automation component for shipping; review for reusable script, workflow, deployment job, or infra automation.",automation-score:125 | integration-score:55 | observability-score:55,e317472dade45978
2dd9a198e4eec51a3a423298,mbarbine__Scripts,automation,"automation,observability,security,ai",script,observability,recalbox-support,recalbox-support,bash/recalbox-support.sh,.sh,126,,,,unknown,unknown,65,95,shared-automation-candidate,True,none,primary,none,"Automation component for observability; review for reusable script, workflow, deployment job, or infra automation.",automation-score:80 | observability-score:55 | security-score:55 | ai-score:45,517020c952d6757f
c9aa2fab6859b8ddaafbb4e4,mbarbine__Scripts,automation,"automation,observability",script,discovery,414-get-config-recorder-status,414-get-config-recorder-status,bash/414-get-config-recorder-status.sh,.sh,85,,,,unknown,unknown,65,95,shared-automation-candidate,True,none,primary,none,"Automation component for discovery; review for reusable script, workflow, deployment job, or infra automation.",automation-score:125 | observability-score:55,0f103682e1717764
9c08655f32f525b3631c5108,mbarbine__Scripts,automation,automation,script,ai,create_lxc,create-lxc,bash/create_lxc.sh,.sh,87,,,,unknown,unknown,55,95,shared-automation-candidate,False,none,primary,none,"Automation component for ai; review for reusable script, workflow, deployment job, or infra automation.",automation-score:80,5e1a5bfb723f3804
bb928d736832c5669b04e5e7,mbarbine__Scripts,automation,automation,script,testing,013-get-org-policies,013-get-org-policies,bash/013-get-org-policies.sh,.sh,118,,,,unknown,unknown,55,80,shared-automation-candidate,True,none,primary,none,"Automation component for testing; review for reusable script, workflow, deployment job, or infra automation.",automation-score:125,239c87b0559da6e1
c5a81072b647461b6732562b,mbarbine__Scripts,automation,"automation,security",script,workflow,613-get-dms-tasks,613-get-dms-tasks,bash/613-get-dms-tasks.sh,.sh,170,,,,unknown,unknown,65,80,shared-automation-candidate,True,none,primary,none,"Automation component for workflow; review for reusable script, workflow, deployment job, or infra automation.",automation-score:125 | security-score:55,22636c508919e28e
ce242264fcaa202ba8713fa2,mbarbine__Scripts,automation,automation,script,testing,get-appmesh-vr,get-appmesh-vr,bash/get-appmesh-vr.sh,.sh,93,,,,unknown,unknown,55,80,shared-automation-candidate,True,none,primary,none,"Automation component for testing; review for reusable script, workflow, deployment job, or infra automation.",automation-score:125,d2bb0d991fd4e2a2
c1850cd8803ca4ad64d67796,mbarbine__Scripts,automation,"automation,backend",script,testing,202-get-transit-gateway-route-tables,202-get-transit-gateway-route-tables,bash/202-get-transit-gateway-route-tables.sh,.sh,89,,,,unknown,unknown,65,80,shared-automation-candidate,True,none,primary,none,"Automation component for testing; review for reusable script, workflow, deployment job, or infra automation.",automation-score:125 | backend-score:55,f4373d7d989c50e5
c18e21f81ef9155d9dd59acd,mbarbine__Scripts,automation,"automation,observability,security",script,observability,users_whitelist,users-whitelist,bash/users_whitelist.sh,.sh,111,,,,unknown,unknown,65,95,shared-automation-candidate,True,none,primary,none,"Automation component for observability; review for reusable script, workflow, deployment job, or infra automation.",automation-score:80 | observability-score:55 | security-score:55,d96dfd1662115390
5eaad30bca8cb6d2a0a6cef5,mbarbine__Scripts,automation,automation,script,game,parallel_import,parallel-import,bash/parallel_import.sh,.sh,131,,,,unknown,unknown,55,80,shared-automation-candidate,False,none,primary,none,"Automation component for game; review for reusable script, workflow, deployment job, or infra automation.",automation-score:125,139397c43675885a
a9bd69f1520f161e084173db,mbarbine__Scripts,automation,"automation,logic",script,auth-and-keys,JSONRequest_Parser,jsonrequest-parser,bash/JSONRequest_Parser.sh,.sh,26,,,,unknown,unknown,65,95,shared-automation-candidate,True,none,primary,secondary,"Automation component for auth-and-keys; review for reusable script, workflow, deployment job, or infra automation.",automation-score:80 | logic-score:45,1b25d9149ac3a940
de25f9fadbe24bdc1296ad5e,mbarbine__Scripts,automation,"automation,security",script,auth-and-keys,postEC2ip2slack,post-ec2ip2slack,bash/postEC2ip2slack.sh,.sh,49,,,,unknown,unknown,65,95,shared-automation-candidate,False,none,primary,none,"Automation component for auth-and-keys; review for reusable script, workflow, deployment job, or infra automation.",automation-score:125 | security-score:55,d21c68bcee96c232
0b48da85e15c951bd6682021,mbarbine__Scripts,automation,automation,script,general,fucking-coffee,fucking-coffee,bash/fucking-coffee.sh,.sh,6,,,,unknown,unknown,50,75,shared-automation-candidate,False,none,primary,none,"Automation component for general; review for reusable script, workflow, deployment job, or infra automation.",automation-score:80,bc4a692ac7fab0b4
3375bc02541fa7c44dc537a9,mbarbine__Scripts,automation,"automation,logic",script,testing,iptables_rules,iptables-rules,bash/iptables_rules.sh,.sh,39,,,,unknown,unknown,65,80,shared-automation-candidate,False,none,primary,secondary,"Automation component for testing; review for reusable script, workflow, deployment job, or infra automation.",automation-score:80 | logic-score:70,19ee281f5f8acb58
d60c67ed8aa15965d28dc6a8,mbarbine__Scripts,automation,"automation,backend",script,testing,209-get-transit-gateway-route-table-associations,209-get-transit-gateway-route-table-associations,bash/209-get-transit-gateway-route-table-associations.sh,.sh,98,,,,unknown,unknown,65,80,shared-automation-candidate,True,none,primary,none,"Automation component for testing; review for reusable script, workflow, deployment job, or infra automation.",automation-score:125 | backend-score:55,6912657fd72ae3e5
48ada6c120b0ea3900cf69d9,mbarbine__Scripts,automation,"automation,backend",script,testing,141-get-route-table-associations,141-get-route-table-associations,bash/141-get-route-table-associations.sh,.sh,121,,,,unknown,unknown,65,80,shared-automation-candidate,True,none,primary,none,"Automation component for testing; review for reusable script, workflow, deployment job, or infra automation.",automation-score:125 | backend-score:55,6e1bc238c7655b09
5a2907cd13c3b112180813f5,mbarbine__Scripts,automation,automation,script,testing,745-get-kinesis-firehose-delivery-stream,745-get-kinesis-firehose-delivery-stream,bash/745-get-kinesis-firehose-delivery-stream.sh,.sh,113,,,,unknown,unknown,55,80,shared-automation-candidate,True,none,primary,none,"Automation component for testing; review for reusable script, workflow, deployment job, or infra automation.",automation-score:125,90fcf56b9fd50141
b1e08b1321a2b68c2c7e11df,mbarbine__Scripts,automation,"automation,observability",script,observability,get-sc-portfolio-product-associations,get-sc-portfolio-product-associations,bash/get-sc-portfolio-product-associations.sh,.sh,96,,,,unknown,unknown,65,95,shared-automation-candidate,True,none,primary,none,"Automation component for observability; review for reusable script, workflow, deployment job, or infra automation.",automation-score:125 | observability-score:55,31f00dd63403ba21
ee4edb8facbb90e8d401e72f,mbarbine__Scripts,automation,"automation,backend",script,testing,get-appmesh-vgw-routes,get-appmesh-vgw-routes,bash/get-appmesh-vgw-routes.sh,.sh,93,,,,unknown,unknown,65,80,shared-automation-candidate,True,none,primary,none,"Automation component for testing; review for reusable script, workflow, deployment job, or infra automation.",automation-score:125 | backend-score:55,f132d6521e1d819c
8f26dcfcbc49765419c0f33c,mbarbine__Scripts,automation,automation,script,shipping,350-get-ecs-cluster,350-get-ecs-cluster,bash/350-get-ecs-cluster.sh,.sh,112,,,,unknown,unknown,55,80,shared-automation-candidate,True,none,primary,none,"Automation component for shipping; review for reusable script, workflow, deployment job, or infra automation.",automation-score:125,a8136b276bec78aa
5163b1b275ad8793d2c68d8c,mbarbine__Scripts,automation,automation,script,testing,get-appmesh-vs,get-appmesh-vs,bash/get-appmesh-vs.sh,.sh,93,,,,unknown,unknown,55,80,shared-automation-candidate,True,none,primary,none,"Automation component for testing; review for reusable script, workflow, deployment job, or infra automation.",automation-score:125,5c096757dc66234f
d19d5cceb7cfd5b0bbbe6022,mbarbine__Scripts,automation,automation,script,testing,recalbox-mount,recalbox-mount,bash/recalbox-mount.sh,.sh,84,,,,unknown,unknown,55,80,shared-automation-candidate,False,none,primary,none,"Automation component for testing; review for reusable script, workflow, deployment job, or infra automation.",automation-score:80,033301472713d474
78f7bb8d9e2e7a52d0bc3788,mbarbine__Scripts,automation,"automation,security",script,game,recalbox-hash,recalbox-hash,bash/recalbox-hash.sh,.sh,142,,,,unknown,unknown,65,80,shared-automation-candidate,True,none,primary,none,"Automation component for game; review for reusable script, workflow, deployment job, or infra automation.",automation-score:80 | security-score:55,29c7f03c11bcc2de
75d08878fb928b17e8a949f5,mbarbine__Scripts,automation,"automation,security",script,shipping,asg2tf,asg2tf,bash/asg2tf.sh,.sh,17,,,,unknown,unknown,65,80,shared-automation-candidate,True,none,primary,none,"Automation component for shipping; review for reusable script, workflow, deployment job, or infra automation.",automation-score:125 | security-score:55,b0e8693d4cbb4702
863b0443078f802b4691dc56,mbarbine__Scripts,automation,automation,script,ai,256-get-ec2-spot-fleet-request,256-get-ec2-spot-fleet-request,bash/256-get-ec2-spot-fleet-request.sh,.sh,120,,,,unknown,unknown,55,95,shared-automation-candidate,True,none,primary,none,"Automation component for ai; review for reusable script, workflow, deployment job, or infra automation.",automation-score:125,5415f3db4d6fc3b6
dd6b239ef5e94021b58a1a20,mbarbine__Scripts,automation,automation,script,logic,check_snmp_disk,check-snmp-disk,bash/check_snmp_disk.sh,.sh,52,,,,unknown,unknown,55,95,shared-automation-candidate,True,none,primary,none,"Automation component for logic; review for reusable script, workflow, deployment job, or infra automation.",automation-score:80,5c7099883c60f5e0
92617ff6ea29434ec12dd238,mbarbine__Scripts,automation,"automation,observability,security",script,workflow,800-get-cloudfront-dist,800-get-cloudfront-dist,bash/800-get-cloudfront-dist.sh,.sh,144,,,,unknown,unknown,65,80,shared-automation-candidate,True,none,primary,none,"Automation component for workflow; review for reusable script, workflow, deployment job, or infra automation.",automation-score:125 | observability-score:55 | security-score:55,3f6cd6342ac00897
a4098316bb6792f1e596919b,mbarbine__Scripts,automation,automation,script,testing,750-get-apigw-restapi,750-get-apigw-restapi,bash/750-get-apigw-restapi.sh,.sh,102,,,,unknown,unknown,55,80,shared-automation-candidate,True,none,primary,none,"Automation component for testing; review for reusable script, workflow, deployment job, or infra automation.",automation-score:125,5942bc4205931adc
2767939492bfa00e2f1aa106,mbarbine__Scripts,automation,"automation,integration,security",script,shipping,auto-scaling-groups,auto-scaling-groups,bash/auto-scaling-groups.sh,.sh,105,,,,unknown,unknown,65,80,shared-automation-candidate,True,none,primary,none,"Automation component for shipping; review for reusable script, workflow, deployment job, or infra automation.",automation-score:125 | integration-score:55 | security-score:55,99f55751952783e2
0a8bcd0c748efbae41facfea,mbarbine__Scripts,automation,"automation,integration",script,shipping,258-get-autoscaling-groups,258-get-autoscaling-groups,bash/258-get-autoscaling-groups.sh,.sh,91,,,,unknown,unknown,65,80,shared-automation-candidate,True,none,primary,none,"Automation component for shipping; review for reusable script, workflow, deployment job, or infra automation.",automation-score:125 | integration-score:55,e524ca3a795fd642
888c55805a28e01745e04f13,mbarbine__Scripts,automation,"automation,observability,security,ai",script,ai,mongo_reclaim,mongo-reclaim,bash/mongo_reclaim.sh,.sh,108,,,,unknown,unknown,65,95,shared-automation-candidate,True,none,primary,none,"Automation component for ai; review for reusable script, workflow, deployment job, or infra automation.",automation-score:80 | observability-score:55 | security-score:55 | ai-score:45,515549d10fd51020
bb75bb75bbea3485fbc628f8,mbarbine__Scripts,automation,"automation,observability",script,observability,dagah_gui_installer,dagah-gui-installer,bash/dagah_gui_installer.sh,.sh,53,,,,unknown,unknown,65,95,shared-automation-candidate,True,none,primary,none,"Automation component for observability; review for reusable script, workflow, deployment job, or infra automation.",automation-score:80 | observability-score:55,5f2fffea6363c6aa
105a8156dd9f932f87b448c5,mbarbine__Scripts,automation,automation,script,testing,101-get-vpc-cidr,101-get-vpc-cidr,bash/101-get-vpc-cidr.sh,.sh,106,,,,unknown,unknown,55,80,shared-automation-candidate,True,none,primary,none,"Automation component for testing; review for reusable script, workflow, deployment job, or infra automation.",automation-score:125,9e8d2c049cd04bd5
f249bc9b6d2eb7722790ca83,mbarbine__Scripts,automation,"automation,observability",script,testing,051-get-iam-role-policies,051-get-iam-role-policies,bash/051-get-iam-role-policies.sh,.sh,131,,,,unknown,unknown,65,80,shared-automation-candidate,True,none,primary,none,"Automation component for testing; review for reusable script, workflow, deployment job, or infra automation.",automation-score:125 | observability-score:55,666722d0b3df5150
849b42617afcc4a41c3d96f0,mbarbine__Scripts,automation,"automation,observability,security",script,observability,ecs2tf,ecs2tf,bash/ecs2tf.sh,.sh,256,,,,unknown,unknown,65,90,shared-automation-candidate,True,none,primary,none,"Automation component for observability; review for reusable script, workflow, deployment job, or infra automation.",automation-score:125 | observability-score:55 | security-score:55,7f64d208b853c69e
399ab52b9637d3fc6afb9f0c,mbarbine__Scripts,automation,"automation,security",script,auth-and-keys,vagrant_configure,vagrant-configure,bash/vagrant_configure.sh,.sh,82,,,,unknown,unknown,65,95,shared-automation-candidate,True,none,primary,none,"Automation component for auth-and-keys; review for reusable script, workflow, deployment job, or infra automation.",automation-score:80 | security-score:55,584bd24f3a2486b7
ad94e3c5c9749e1810084619,mbarbine__Scripts,automation,"automation,observability,security",script,observability,miniTFTSupport,mini-tftsupport,bash/miniTFTSupport.sh,.sh,432,,,,unknown,unknown,65,90,shared-automation-candidate,True,none,primary,none,"Automation component for observability; review for reusable script, workflow, deployment job, or infra automation.",automation-score:125 | observability-score:55 | security-score:55,b7381cbff1dc8448
3261c1774bfc6043036f159a,mbarbine__Scripts,automation,automation,script,commerce,412-get-config-delivery_channel,412-get-config-delivery-channel,bash/412-get-config-delivery_channel.sh,.sh,85,,,,unknown,unknown,55,80,shared-automation-candidate,True,none,primary,none,"Automation component for commerce; review for reusable script, workflow, deployment job, or infra automation.",automation-score:125,d827ec75150a48f9
7f3c7bdee27d53271b550edb,mbarbine__Scripts,automation,automation,script,commerce,geoupdate,geoupdate,bash/geoupdate.sh,.sh,81,,,,unknown,unknown,55,80,shared-automation-candidate,False,none,primary,none,"Automation component for commerce; review for reusable script, workflow, deployment job, or infra automation.",automation-score:80,dffacf76efdc3544
9a12f4a9c66413fc757e052c,mbarbine__Scripts,automation,"automation,security",script,auth-and-keys,776-get-cognito-user-pool-client,776-get-cognito-user-pool-client,bash/776-get-cognito-user-pool-client.sh,.sh,87,,,,unknown,unknown,65,95,shared-automation-candidate,True,none,primary,none,"Automation component for auth-and-keys; review for reusable script, workflow, deployment job, or infra automation.",automation-score:125 | security-score:55,58b6c6849150f5cb
464f8466fcea16a00c3c816e,mbarbine__Scripts,automation,"automation,integration,observability,security",script,shipping,get-eks-cluster-nodegroups,get-eks-cluster-nodegroups,bash/get-eks-cluster-nodegroups.sh,.sh,220,,,,unknown,unknown,65,75,shared-automation-candidate,True,none,primary,none,"Automation component for shipping; review for reusable script, workflow, deployment job, or infra automation.",automation-score:125 | integration-score:55 | observability-score:55 | security-score:55,031ab2def7a3836b
7954cb74bb6d03efd6138f04,mbarbine__Scripts,automation,"automation,backend",script,general,fix-def-route,fix-def-route,bash/fix-def-route.sh,.sh,0,,,,unknown,unknown,60,75,shared-automation-candidate,False,none,primary,none,"Automation component for general; review for reusable script, workflow, deployment job, or infra automation.",automation-score:80 | backend-score:55,36fe94fb2955f069
49a215619b02143b878ed39c,mbarbine__Scripts,automation,automation,script,general,prich_nginxconf,prich-nginxconf,bash/prich_nginxconf.sh,.sh,20,,,,unknown,unknown,55,80,shared-automation-candidate,False,none,primary,none,"Automation component for general; review for reusable script, workflow, deployment job, or infra automation.",automation-score:80,63b2e8c3bb78d444
44c4933e3bebbaf4d2a3d650,mbarbine__Scripts,automation,"automation,observability,security",script,observability,get-glue-partition,get-glue-partition,bash/get-glue-partition.sh,.sh,123,,,,unknown,unknown,65,95,shared-automation-candidate,True,none,primary,none,"Automation component for observability; review for reusable script, workflow, deployment job, or infra automation.",automation-score:125 | observability-score:55 | security-score:55,ffc6fc3045bf566e
e4c21376ada17b5ab55bbbff,mbarbine__Scripts,automation,automation,script,testing,660-athena-queries,660-athena-queries,bash/660-athena-queries.sh,.sh,115,,,,unknown,unknown,55,80,shared-automation-candidate,True,none,primary,none,"Automation component for testing; review for reusable script, workflow, deployment job, or infra automation.",automation-score:125,479298b6a3251445
d6fb3f91fd6c50d889e452e2,mbarbine__Scripts,automation,"automation,observability,security",script,observability,recalbox-config,recalbox-config,bash/recalbox-config.sh,.sh,666,,,,unknown,unknown,65,80,shared-automation-candidate,True,none,primary,none,"Automation component for observability; review for reusable script, workflow, deployment job, or infra automation.",automation-score:80 | observability-score:55 | security-score:55,fbec0650e83a9d83
88274f4acfb451047d18b97e,mbarbine__Scripts,automation,"automation,security",script,security,recalbox-encode,recalbox-encode,bash/recalbox-encode.sh,.sh,38,,,,unknown,unknown,65,80,shared-automation-candidate,True,none,primary,none,"Automation component for security; review for reusable script, workflow, deployment job, or infra automation.",automation-score:80 | security-score:55,b4be49b198b6fc35
0907ce8da398320a56b33531,mbarbine__Scripts,automation,"automation,security",script,analytics,kodilauncher,kodilauncher,bash/kodilauncher.sh,.sh,88,,,,unknown,unknown,65,80,shared-automation-candidate,True,none,primary,none,"Automation component for analytics; review for reusable script, workflow, deployment job, or infra automation.",automation-score:80 | security-score:55,e75c2d262a08ad6b
e28c56d144fb0ae89fbfd209,mbarbine__Scripts,automation,"automation,security",script,workflow,get-security-group,get-security-group,bash/get-security-group.sh,.sh,102,,,,unknown,unknown,65,80,shared-automation-candidate,True,none,primary,none,"Automation component for workflow; review for reusable script, workflow, deployment job, or infra automation.",automation-score:125 | security-score:55,4efe064d37fda7da
4079d4c6c7a97a51a1966826,mbarbine__Scripts,automation,"automation,observability",script,observability,get-sc-portfolio-constraints,get-sc-portfolio-constraints,bash/get-sc-portfolio-constraints.sh,.sh,108,,,,unknown,unknown,65,95,shared-automation-candidate,True,none,primary,none,"Automation component for observability; review for reusable script, workflow, deployment job, or infra automation.",automation-score:125 | observability-score:55,ca65e7289a6f2960
9f8200ee256cb20c5cf524f6,mbarbine__Scripts,automation,"automation,backend,security",script,security,get-ecs-service,get-ecs-service,bash/get-ecs-service.sh,.sh,183,,,,unknown,unknown,65,80,shared-automation-candidate,True,none,primary,none,"Automation component for security; review for reusable script, workflow, deployment job, or infra automation.",automation-score:125 | backend-score:55 | security-score:55,a8aeb4d7b2ffc68c
9b8482ff7b3783c447c55427,mbarbine__Scripts,automation,"automation,observability",script,testing,get-emr-scal-policy,get-emr-scal-policy,bash/get-emr-scal-policy.sh,.sh,92,,,,unknown,unknown,65,80,shared-automation-candidate,True,none,primary,none,"Automation component for testing; review for reusable script, workflow, deployment job, or infra automation.",automation-score:125 | observability-score:55,6472efe606128ff9
aa5dff7ead39101662310f14,mbarbine__Scripts,automation,automation,script,testing,parallel_import2,parallel-import2,bash/parallel_import2.sh,.sh,104,,,,unknown,unknown,55,80,shared-automation-candidate,True,none,primary,none,"Automation component for testing; review for reusable script, workflow, deployment job, or infra automation.",automation-score:125,089a5d1d83c6654b
e70456936be88c1f37234ba7,mbarbine__Scripts,automation,automation,script,testing,681-get-sagemaker-user-profile,681-get-sagemaker-user-profile,bash/681-get-sagemaker-user-profile.sh,.sh,89,,,,unknown,unknown,55,80,shared-automation-candidate,True,none,primary,none,"Automation component for testing; review for reusable script, workflow, deployment job, or infra automation.",automation-score:125,15945f2c88b71a70
62096c0780c277cacfab5ebb,mbarbine__Scripts,automation,"automation,security",script,auth-and-keys,scripts_draft,scripts-draft,bash/scripts_draft.sh,.sh,38,,,,unknown,unknown,75,95,shared-automation-candidate,False,none,primary,none,"Automation component for auth-and-keys; review for reusable script, workflow, deployment job, or infra automation.",automation-score:130 | security-score:55,61176325057246d2
e91c06e0684aabbeaba40e55,mbarbine__Scripts,automation,"automation,backend,observability",script,observability,650-get-glue-database,650-get-glue-database,bash/650-get-glue-database.sh,.sh,89,,,,unknown,unknown,65,95,shared-automation-candidate,True,none,primary,none,"Automation component for observability; review for reusable script, workflow, deployment job, or infra automation.",automation-score:125 | backend-score:55 | observability-score:55,bc1408db190a1cf6
054ef1d63f83d9c92f55dc84,mbarbine__Scripts,automation,"automation,security",script,testing,060-get-s3,060-get-s3,bash/060-get-s3.sh,.sh,253,,,,unknown,unknown,65,75,shared-automation-candidate,True,none,primary,none,"Automation component for testing; review for reusable script, workflow, deployment job, or infra automation.",automation-score:125 | security-score:55,8556c9f8b9b5f6cf
e3a3565b015aa27003d53be4,mbarbine__Scripts,automation,automation,script,testing,130-get-natgw,130-get-natgw,bash/130-get-natgw.sh,.sh,107,,,,unknown,unknown,55,80,shared-automation-candidate,True,none,primary,none,"Automation component for testing; review for reusable script, workflow, deployment job, or infra automation.",automation-score:125,9a66f11438d55da0
56211b5d940d26e1b8e11bde,mbarbine__Scripts,automation,"automation,security",script,security,442-get-ssm-association,442-get-ssm-association,bash/442-get-ssm-association.sh,.sh,199,,,,unknown,unknown,65,80,shared-automation-candidate,True,none,primary,none,"Automation component for security; review for reusable script, workflow, deployment job, or infra automation.",automation-score:125 | security-score:55,cc238232733c91de
b026ca6158373b85be91675b,mbarbine__Scripts,automation,automation,script,testing,360-get-appmesh-mesh,360-get-appmesh-mesh,bash/360-get-appmesh-mesh.sh,.sh,92,,,,unknown,unknown,55,80,shared-automation-candidate,True,none,primary,none,"Automation component for testing; review for reusable script, workflow, deployment job, or infra automation.",automation-score:125,ec6883f4e3ce343f
99b61c2a2a5c85489ed0bc0b,mbarbine__Scripts,automation,"automation,backend",script,workflow,720-get-sqs-queue,720-get-sqs-queue,bash/720-get-sqs-queue.sh,.sh,133,,,,unknown,unknown,65,80,shared-automation-candidate,True,none,primary,none,"Automation component for workflow; review for reusable script, workflow, deployment job, or infra automation.",automation-score:125 | backend-score:55,b70383bfad214ca4
079d95ffc5f965811523b7df,mbarbine__Scripts,automation,"automation,security",script,auth-and-keys,doflow-eval3,doflow-eval3,bash/doflow-eval3.sh,.sh,1,,,,unknown,unknown,60,90,shared-automation-candidate,True,none,primary,none,"Automation component for auth-and-keys; review for reusable script, workflow, deployment job, or infra automation.",automation-score:80 | security-score:55,688e6242ed71dc6c
50c10bcc219dfa21351d8179,mbarbine__Scripts,automation,"automation,backend",script,testing,get-sd-service,get-sd-service,bash/get-sd-service.sh,.sh,116,,,,unknown,unknown,65,80,shared-automation-candidate,True,none,primary,none,"Automation component for testing; review for reusable script, workflow, deployment job, or infra automation.",automation-score:125 | backend-score:55,3bfc4039206e8918
d2e3afb5766a0ffd42e20460,mbarbine__Scripts,automation,"automation,observability",script,testing,011-get-orgaccounts,011-get-orgaccounts,bash/011-get-orgaccounts.sh,.sh,92,,,,unknown,unknown,65,80,shared-automation-candidate,True,none,primary,none,"Automation component for testing; review for reusable script, workflow, deployment job, or infra automation.",automation-score:125 | observability-score:55,28fe2005f36d0ca2
6197e9424be1fc909a85d7ab,mbarbine__Scripts,automation,"automation,observability",script,testing,225-get-cvpn-endpoints,225-get-cvpn-endpoints,bash/225-get-cvpn-endpoints.sh,.sh,103,,,,unknown,unknown,65,80,shared-automation-candidate,True,none,primary,none,"Automation component for testing; review for reusable script, workflow, deployment job, or infra automation.",automation-score:125 | observability-score:55,87f10ca4f83f8be3
2afca5297dffa9839a001d51,mbarbine__Scripts,automation,"automation,security",script,auth-and-keys,get-secret-version,get-secret-version,bash/get-secret-version.sh,.sh,124,,,,unknown,unknown,65,95,shared-automation-candidate,True,none,primary,none,"Automation component for auth-and-keys; review for reusable script, workflow, deployment job, or infra automation.",automation-score:125 | security-score:55,38b378713480b2aa
4d42ecb0a1b2ce8ba45b3da5,mbarbine__Scripts,automation,automation,script,analytics,714-get-eb-target,714-get-eb-target,bash/714-get-eb-target.sh,.sh,128,,,,unknown,unknown,55,80,shared-automation-candidate,True,none,primary,none,"Automation component for analytics; review for reusable script, workflow, deployment job, or infra automation.",automation-score:125,4c35cb6ea873fc7f
e7410549bab9b195f2e692ff,mbarbine__Scripts,automation,automation,script,testing,416-get-config-rule,416-get-config-rule,bash/416-get-config-rule.sh,.sh,108,,,,unknown,unknown,55,80,shared-automation-candidate,True,none,primary,none,"Automation component for testing; review for reusable script, workflow, deployment job, or infra automation.",automation-score:125,19b5dc9adbfd348d
8ef14db0423ccec60a8c31bc,mbarbine__Scripts,automation,"automation,security",script,testing,081-get-kms-alias,081-get-kms-alias,bash/081-get-kms-alias.sh,.sh,145,,,,unknown,unknown,65,80,shared-automation-candidate,True,none,primary,none,"Automation component for testing; review for reusable script, workflow, deployment job, or infra automation.",automation-score:125 | security-score:55,818182ee829e1f6c
1eac3c9521a4f477804e4acd,mbarbine__Scripts,automation,automation,script,general,bluetoothcontrollers,bluetoothcontrollers,bash/bluetoothcontrollers.sh,.sh,18,,,,unknown,unknown,55,80,shared-automation-candidate,False,none,primary,none,"Automation component for general; review for reusable script, workflow, deployment job, or infra automation.",automation-score:80,fae57abf5d7ca9d3
452375af10fcf4d0fb183d15,mbarbine__Scripts,automation,"automation,security",script,shipping,generate_key,generate-key,bash/generate_key.sh,.sh,15,,,,unknown,unknown,65,80,shared-automation-candidate,True,none,primary,none,"Automation component for shipping; review for reusable script, workflow, deployment job, or infra automation.",automation-score:80 | security-score:55,489b03a7151b5194
3954325e1d2eb77c2081090c,mbarbine__Scripts,automation,"automation,security",script,auth-and-keys,accesskey,accesskey,bash/accesskey.sh,.sh,55,,,,unknown,unknown,65,95,shared-automation-candidate,True,none,primary,none,"Automation component for auth-and-keys; review for reusable script, workflow, deployment job, or infra automation.",automation-score:80 | security-score:55,6bd0f83f300ee18c
f0fc21764a4bd8d4a6df6144,mbarbine__Scripts,automation,"automation,security",script,security,111-get-dhcp-options,111-get-dhcp-options,bash/111-get-dhcp-options.sh,.sh,75,,,,unknown,unknown,65,80,shared-automation-candidate,True,none,primary,none,"Automation component for security; review for reusable script, workflow, deployment job, or infra automation.",automation-score:125 | security-score:55,1439d283d2d7cd23
82ae792d0337606315896bef,mbarbine__Scripts,automation,automation,script,testing,770-get-cognito-identity-pools,770-get-cognito-identity-pools,bash/770-get-cognito-identity-pools.sh,.sh,103,,,,unknown,unknown,55,80,shared-automation-candidate,True,none,primary,none,"Automation component for testing; review for reusable script, workflow, deployment job, or infra automation.",automation-score:125,529abebc6d988825
1d9012388e47da843101224c,mbarbine__Scripts,automation,automation,script,analytics,get-lambda-event-invoke-configs,get-lambda-event-invoke-configs,bash/get-lambda-event-invoke-configs.sh,.sh,82,,,,unknown,unknown,55,80,shared-automation-candidate,True,none,primary,none,"Automation component for analytics; review for reusable script, workflow, deployment job, or infra automation.",automation-score:125,d4dc2b015023653d
12197d8bb5ea3c6d321beefe,mbarbine__Scripts,automation,"automation,security",script,security,255-get-ec2-launch-templates,255-get-ec2-launch-templates,bash/255-get-ec2-launch-templates.sh,.sh,124,,,,unknown,unknown,65,80,shared-automation-candidate,True,none,primary,none,"Automation component for security; review for reusable script, workflow, deployment job, or infra automation.",automation-score:125 | security-score:55,8792175d3b701431
8ec5a506bf61c82de37524ea,mbarbine__Scripts,automation,automation,script,testing,get-sd-priv-dns-ns,get-sd-priv-dns-ns,bash/get-sd-priv-dns-ns.sh,.sh,127,,,,unknown,unknown,55,80,shared-automation-candidate,True,none,primary,none,"Automation component for testing; review for reusable script, workflow, deployment job, or infra automation.",automation-score:125,7c37a982a73620e4
038183f7a9ada1b35812da70,mbarbine__Scripts,automation,"automation,security",script,auth-and-keys,doflow-eval2,doflow-eval2,bash/doflow-eval2.sh,.sh,4,,,,unknown,unknown,60,90,shared-automation-candidate,True,none,primary,none,"Automation component for auth-and-keys; review for reusable script, workflow, deployment job, or infra automation.",automation-score:80 | security-score:55,568a0bc2e48aaf01
e145a77dae3bf98e73bb940b,mbarbine__Scripts,automation,"automation,observability",script,observability,mongodb_backup,mongodb-backup,bash/mongodb_backup.sh,.sh,20,,,,unknown,unknown,65,95,shared-automation-candidate,True,none,primary,none,"Automation component for observability; review for reusable script, workflow, deployment job, or infra automation.",automation-score:80 | observability-score:55,d6fbd36e605069fe
b788186d05edcccc753f6ee9,mbarbine__Scripts,automation,"automation,security",script,security,371-get-emr-sec-config,371-get-emr-sec-config,bash/371-get-emr-sec-config.sh,.sh,100,,,,unknown,unknown,65,80,shared-automation-candidate,True,none,primary,none,"Automation component for security; review for reusable script, workflow, deployment job, or infra automation.",automation-score:125 | security-score:55,f035a0de103d3f22
912ce5a3143c75987ecb4d1f,mbarbine__Scripts,automation,automation,script,general,autodoc,autodoc,bash/autodoc.sh,.sh,17,,,,unknown,unknown,55,80,shared-automation-candidate,False,none,primary,none,"Automation component for general; review for reusable script, workflow, deployment job, or infra automation.",automation-score:125,8807f526d0b561d9
a266460956b56e6b39793906,mbarbine__Scripts,automation,"automation,observability",script,testing,627-get-code-artifact-repository,627-get-code-artifact-repository,bash/627-get-code-artifact-repository.sh,.sh,113,,,,unknown,unknown,65,80,shared-automation-candidate,True,none,primary,none,"Automation component for testing; review for reusable script, workflow, deployment job, or infra automation.",automation-score:125 | observability-score:55,714114949f163771
9bad7786af85723cdff22bc2,mbarbine__Scripts,automation,automation,script,general,merger,merger,bash/merger.sh,.sh,13,,,,unknown,unknown,55,80,shared-automation-candidate,False,none,primary,none,"Automation component for general; review for reusable script, workflow, deployment job, or infra automation.",automation-score:80,b0cb2ce1c70fb5b5
75e7ce2b43965b22f51d7d0c,mbarbine__Scripts,automation,"automation,observability",script,commerce,svnconfbackup,svnconfbackup,bash/svnconfbackup.sh,.sh,69,,,,unknown,unknown,65,80,shared-automation-candidate,True,none,primary,none,"Automation component for commerce; review for reusable script, workflow, deployment job, or infra automation.",automation-score:80 | observability-score:55,9bbaa119fd7f65a8
3d264ac26d12983d8e64f00a,mbarbine__Scripts,automation,"automation,observability",script,observability,recalbox-themes,recalbox-themes,bash/recalbox-themes.sh,.sh,28,,,,unknown,unknown,65,95,shared-automation-candidate,True,none,primary,none,"Automation component for observability; review for reusable script, workflow, deployment job, or infra automation.",automation-score:80 | observability-score:55,49312362b5d1e7cc
a2617d4e7991df6769657cdc,mbarbine__Scripts,automation,automation,script,testing,201-get-transit-gateway,201-get-transit-gateway,bash/201-get-transit-gateway.sh,.sh,91,,,,unknown,unknown,55,80,shared-automation-candidate,True,none,primary,none,"Automation component for testing; review for reusable script, workflow, deployment job, or infra automation.",automation-score:125,e160e288c627dc4c
04c65e7d8dcfe8f61a40c627,mbarbine__Scripts,automation,"automation,security",script,testing,629-get-code-pipeline,629-get-code-pipeline,bash/629-get-code-pipeline.sh,.sh,141,,,,unknown,unknown,65,80,shared-automation-candidate,True,none,primary,none,"Automation component for testing; review for reusable script, workflow, deployment job, or infra automation.",automation-score:125 | security-score:55,c1cbf21a1b1f308f
7518191f2ffc91a2af6cc6fb,mbarbine__Scripts,automation,"automation,observability",script,observability,recalbox-part,recalbox-part,bash/recalbox-part.sh,.sh,167,,,,unknown,unknown,65,95,shared-automation-candidate,True,none,primary,none,"Automation component for observability; review for reusable script, workflow, deployment job, or infra automation.",automation-score:80 | observability-score:55,aa8a8e8d09608131
12dddce4b4caa72dcbe6cbd9,mbarbine__Scripts,automation,automation,script,testing,webdiff,webdiff,bash/webdiff.sh,.sh,43,,,,unknown,unknown,55,80,shared-automation-candidate,True,none,primary,none,"Automation component for testing; review for reusable script, workflow, deployment job, or infra automation.",automation-score:80,e30936a386bcf9f3
6e613f96c771517318c5c484,mbarbine__Scripts,automation,automation,script,general,restore,restore,bash/restore.sh,.sh,18,,,,unknown,unknown,55,80,shared-automation-candidate,False,none,primary,none,"Automation component for general; review for reusable script, workflow, deployment job, or infra automation.",automation-score:80,6c11a5ad6c8ff1f4
7d1ff2d70ac987ca32301412,mbarbine__Scripts,automation,automation,script,testing,640-get-dynamodb-table,640-get-dynamodb-table,bash/640-get-dynamodb-table.sh,.sh,116,,,,unknown,unknown,55,80,shared-automation-candidate,True,none,primary,none,"Automation component for testing; review for reusable script, workflow, deployment job, or infra automation.",automation-score:125,e749a818b84ea21d
36b82e02177617a43ed06902,mbarbine__Scripts,automation,automation,script,testing,get-appmesh-r,get-appmesh-r,bash/get-appmesh-r.sh,.sh,94,,,,unknown,unknown,55,80,shared-automation-candidate,True,none,primary,none,"Automation component for testing; review for reusable script, workflow, deployment job, or infra automation.",automation-score:125,c64e6ff22c3faf4e
3e03317e4b01efbc00267483,mbarbine__Scripts,automation,"automation,observability,security",script,observability,get-glue-table,get-glue-table,bash/get-glue-table.sh,.sh,163,,,,unknown,unknown,65,95,shared-automation-candidate,True,none,primary,none,"Automation component for observability; review for reusable script, workflow, deployment job, or infra automation.",automation-score:125 | observability-score:55 | security-score:55,674fcc7928d99ef9
9215a86ca814be5f1adc804b,mbarbine__Scripts,automation,"automation,security",script,commerce,elbv2_listener,elbv2-listener,bash/elbv2_listener.sh,.sh,138,,,,unknown,unknown,65,80,shared-automation-candidate,True,none,primary,none,"Automation component for commerce; review for reusable script, workflow, deployment job, or infra automation.",automation-score:125 | security-score:55,e6b455c1edaff6a8
0561b6c73bb8797b60746c4d,mbarbine__Scripts,automation,"automation,security",script,security,370-get-emr-cluster,370-get-emr-cluster,bash/370-get-emr-cluster.sh,.sh,131,,,,unknown,unknown,65,80,shared-automation-candidate,True,none,primary,none,"Automation component for security; review for reusable script, workflow, deployment job, or infra automation.",automation-score:125 | security-score:55,20186c2e8e79a39a
c83b5557a4b5e7eb284505b9,mbarbine__Scripts,automation,"automation,logic",script,testing,recalbox-utils,recalbox-utils,bash/recalbox-utils.sh,.sh,42,,,,unknown,unknown,65,80,shared-automation-candidate,False,none,primary,secondary,"Automation component for testing; review for reusable script, workflow, deployment job, or infra automation.",automation-score:80 | logic-score:45,7033ceefe94612fd
68d2c24ee4aad33049efe529,mbarbine__Scripts,automation,automation,script,shipping,recalbox-usbmount,recalbox-usbmount,bash/recalbox-usbmount.sh,.sh,30,,,,unknown,unknown,55,80,shared-automation-candidate,True,none,primary,none,"Automation component for shipping; review for reusable script, workflow, deployment job, or infra automation.",automation-score:80,37e2320fe7457587
2f10b9bf56b518c7e7723362,mbarbine__Scripts,automation,"automation,observability,security,ai",script,observability,hangover,hangover,bash/hangover.sh,.sh,32,,,,unknown,unknown,65,95,shared-automation-candidate,True,none,primary,none,"Automation component for observability; review for reusable script, workflow, deployment job, or infra automation.",automation-score:80 | observability-score:55 | security-score:55 | ai-score:45,cce1befc16e3c0da
e03f1ce9581b0630def00a0f,mbarbine__Scripts,automation,automation,script,general,mysqlbackup_snapshot,mysqlbackup-snapshot,bash/mysqlbackup_snapshot.sh,.sh,42,,,,unknown,unknown,55,80,shared-automation-candidate,False,none,primary,none,"Automation component for general; review for reusable script, workflow, deployment job, or infra automation.",automation-score:80,d7e3f09806504872
bff29ad16c8c78cd89ced3c2,mbarbine__Scripts,automation,automation,script,general,chroot_ssh_freebsd,chroot-ssh-freebsd,bash/chroot_ssh_freebsd.sh,.sh,127,,,,unknown,unknown,55,80,shared-automation-candidate,False,none,primary,none,"Automation component for general; review for reusable script, workflow, deployment job, or infra automation.",automation-score:80,98acffee34e3a56a
dc00237a5d8cb56804e1ae69,mbarbine__Scripts,automation,automation,script,general,userPerms,user-perms,bash/userPerms.sh,.sh,3,,,,unknown,unknown,50,75,shared-automation-candidate,False,none,primary,none,"Automation component for general; review for reusable script, workflow, deployment job, or infra automation.",automation-score:80,4f55d61d04fe4984
5836d2e570c1034fc582f0d2,mbarbine__Scripts,automation,automation,script,testing,post-fixer,post-fixer,bash/post-fixer.sh,.sh,126,,,,unknown,unknown,55,80,shared-automation-candidate,True,none,primary,none,"Automation component for testing; review for reusable script, workflow, deployment job, or infra automation.",automation-score:80,8b20de77225bd63f
d6960b3251c82f36bb23b2fa,mbarbine__Scripts,automation,"automation,observability",script,testing,999-get-cloudformation,999-get-cloudformation,bash/999-get-cloudformation.sh,.sh,165,,,,unknown,unknown,65,80,shared-automation-candidate,True,none,primary,none,"Automation component for testing; review for reusable script, workflow, deployment job, or infra automation.",automation-score:125 | observability-score:55,62a344e8113c87b5
bbb907bfec711bb8adb15213,mbarbine__Scripts,automation,"automation,observability,security",script,observability,227-get-vpn-connections,227-get-vpn-connections,bash/227-get-vpn-connections.sh,.sh,118,,,,unknown,unknown,65,95,shared-automation-candidate,True,none,primary,none,"Automation component for observability; review for reusable script, workflow, deployment job, or infra automation.",automation-score:125 | observability-score:55 | security-score:55,d2bc015310b46bd8
4fd330faf1936b04e834bfc1,mbarbine__Scripts,automation,"automation,backend,observability",script,observability,bash-web-server,bash-web-server,bash/bash-web-server.sh,.sh,259,,,,unknown,unknown,65,90,shared-automation-candidate,True,none,primary,none,"Automation component for observability; review for reusable script, workflow, deployment job, or infra automation.",automation-score:80 | backend-score:55 | observability-score:55,5f430f37f1e07535
345eb180a95ed6b30b31700c,mbarbine__Scripts,automation,automation,script,general,scp,scp,bash/scp.sh,.sh,1,,,,unknown,unknown,50,75,shared-automation-candidate,False,none,primary,none,"Automation component for general; review for reusable script, workflow, deployment job, or infra automation.",automation-score:80,f923c62c2f8e6426
bb5f306931ba54d75eefb94a,mbarbine__Scripts,automation,automation,script,game,check_md5sums_script,check-md5sums-script,bash/check_md5sums_script.sh,.sh,14,,,,unknown,unknown,55,80,shared-automation-candidate,False,none,primary,none,"Automation component for game; review for reusable script, workflow, deployment job, or infra automation.",automation-score:130,f4b73e2ace6c0813
5dc820fc28e40dce10d7245b,mbarbine__Scripts,automation,"automation,observability,security",script,observability,get-stack,get-stack,bash/get-stack.sh,.sh,184,,,,unknown,unknown,65,95,shared-automation-candidate,True,none,primary,none,"Automation component for observability; review for reusable script, workflow, deployment job, or infra automation.",automation-score:125 | observability-score:55 | security-score:55,9fb14d99909da993
57a7297cfcd6e4f3a47c015e,mbarbine__Scripts,automation,"automation,observability",script,testing,get-suborg-ou,get-suborg-ou,bash/get-suborg-ou.sh,.sh,117,,,,unknown,unknown,65,80,shared-automation-candidate,True,none,primary,none,"Automation component for testing; review for reusable script, workflow, deployment job, or infra automation.",automation-score:125 | observability-score:55,c94bd37df7145db1
47334e15ad992335fc565d67,mbarbine__Scripts,automation,"automation,security",script,auth-and-keys,create-eks-admin,create-eks-admin,bash/create-eks-admin.sh,.sh,22,,,,unknown,unknown,65,95,shared-automation-candidate,False,none,primary,none,"Automation component for auth-and-keys; review for reusable script, workflow, deployment job, or infra automation.",automation-score:80 | security-score:55,8fe5f55b2658defd
5580aad51bdbc17822468e7d,mbarbine__Scripts,automation,"automation,security",script,security,252-get-c9,252-get-c9,bash/252-get-c9.sh,.sh,153,,,,unknown,unknown,65,80,shared-automation-candidate,True,none,primary,none,"Automation component for security; review for reusable script, workflow, deployment job, or infra automation.",automation-score:125 | security-score:55,8b285995b14f23e3
58a8cb199d483e09752ddf18,mbarbine__Scripts,automation,"automation,integration,security",script,shipping,eks-auto-scaling-groups,eks-auto-scaling-groups,bash/eks-auto-scaling-groups.sh,.sh,144,,,,unknown,unknown,65,80,shared-automation-candidate,True,none,primary,none,"Automation component for shipping; review for reusable script, workflow, deployment job, or infra automation.",automation-score:125 | integration-score:55 | security-score:55,9dc9e94444c6b5f1
81b833d9fa6bb4ab9024ae19,mbarbine__Scripts,automation,"automation,observability,security",script,security,fargate_profile,fargate-profile,bash/fargate_profile.sh,.sh,94,,,,unknown,unknown,65,80,shared-automation-candidate,True,none,primary,none,"Automation component for security; review for reusable script, workflow, deployment job, or infra automation.",automation-score:125 | observability-score:55 | security-score:55,fe1aa2c76ecbcce2
d8636aca07237e436793a994,mbarbine__Scripts,automation,"automation,backend",script,testing,get-vpce-services,get-vpce-services,bash/get-vpce-services.sh,.sh,94,,,,unknown,unknown,65,80,shared-automation-candidate,True,none,primary,none,"Automation component for testing; review for reusable script, workflow, deployment job, or infra automation.",automation-score:125 | backend-score:55,48ffe51af1b182b4
e6565f71b44951ce3e1d23af,mbarbine__Scripts,automation,"automation,observability,security",script,observability,090-get-cloudtrail,090-get-cloudtrail,bash/090-get-cloudtrail.sh,.sh,110,,,,unknown,unknown,65,95,shared-automation-candidate,True,none,primary,none,"Automation component for observability; review for reusable script, workflow, deployment job, or infra automation.",automation-score:125 | observability-score:55 | security-score:55,495a2cc51a0979ec
ba49abddaced8ad4b0c8ed5b,mbarbine__Scripts,automation,automation,script,general,get-sns-topic-policy,get-sns-topic-policy,bash/get-sns-topic-policy.sh,.sh,38,,,,unknown,unknown,55,80,shared-automation-candidate,False,none,primary,none,"Automation component for general; review for reusable script, workflow, deployment job, or infra automation.",automation-score:125,23890209be7a8056
9937d2016889f17477d55fdb,mbarbine__Scripts,automation,"automation,security",script,analytics,700-get-lambda-function,700-get-lambda-function,bash/700-get-lambda-function.sh,.sh,169,,,,unknown,unknown,65,80,shared-automation-candidate,True,none,primary,none,"Automation component for analytics; review for reusable script, workflow, deployment job, or infra automation.",automation-score:125 | security-score:55,4c65c7f5267b8182
b58168a6ae3d5772c7dae0bc,mbarbine__Scripts,automation,automation,script,testing,055-get-iam-policies,055-get-iam-policies,bash/055-get-iam-policies.sh,.sh,125,,,,unknown,unknown,55,80,shared-automation-candidate,True,none,primary,none,"Automation component for testing; review for reusable script, workflow, deployment job, or infra automation.",automation-score:125,d77f1ff3afd615b1
637c9a4659fc8d043dc73afc,mbarbine__Scripts,automation,"automation,security",script,workflow,100-get-vpc,100-get-vpc,bash/100-get-vpc.sh,.sh,118,,,,unknown,unknown,65,80,shared-automation-candidate,True,none,primary,none,"Automation component for workflow; review for reusable script, workflow, deployment job, or infra automation.",automation-score:125 | security-score:55,46458580fb0e5bfd
e61aef1e7a3e8178406edf7c,mbarbine__Scripts,automation,"automation,observability",script,observability,systemsetting,systemsetting,bash/systemsetting.sh,.sh,22,,,,unknown,unknown,65,95,shared-automation-candidate,True,none,primary,none,"Automation component for observability; review for reusable script, workflow, deployment job, or infra automation.",automation-score:80 | observability-score:55,7b167335808ebc2a
ea4ef872597041f4bfba6673,mbarbine__Scripts,automation,automation,script,testing,120-get-igw,120-get-igw,bash/120-get-igw.sh,.sh,89,,,,unknown,unknown,55,80,shared-automation-candidate,True,none,primary,none,"Automation component for testing; review for reusable script, workflow, deployment job, or infra automation.",automation-score:125,b03b5edfa7feb948
dadfd7cf7bf4f9627cf81ff7,mbarbine__Scripts,automation,automation,script,testing,get-apigw-method,get-apigw-method,bash/get-apigw-method.sh,.sh,107,,,,unknown,unknown,55,80,shared-automation-candidate,True,none,primary,none,"Automation component for testing; review for reusable script, workflow, deployment job, or infra automation.",automation-score:125,0b4c0e3bed5d55fd
ffc5e2795e7b03c971dac435,mbarbine__Scripts,automation,"automation,security,logic",script,workflow,680-get-sagemaker-domain,680-get-sagemaker-domain,bash/680-get-sagemaker-domain.sh,.sh,176,,,,unknown,unknown,65,80,shared-automation-candidate,True,none,primary,secondary,"Automation component for workflow; review for reusable script, workflow, deployment job, or infra automation.",automation-score:125 | security-score:55 | logic-score:45,cbf9cce434e8e3a1
5d4fcffb0b42cd1a5ab3c378,mbarbine__Scripts,automation,"automation,security",script,seo-and-metadata,057-get-iam-access-key,057-get-iam-access-key,bash/057-get-iam-access-key.sh,.sh,61,,,,unknown,unknown,65,95,shared-automation-candidate,True,none,primary,none,"Automation component for seo-and-metadata; review for reusable script, workflow, deployment job, or infra automation.",automation-score:125 | security-score:55,f8c47eb952def4b3
e82d4e4edd11b1873291a5a2,mbarbine__Scripts,automation,automation,script,testing,702-get-lambda-layers,702-get-lambda-layers,bash/702-get-lambda-layers.sh,.sh,83,,,,unknown,unknown,55,80,shared-automation-candidate,True,none,primary,none,"Automation component for testing; review for reusable script, workflow, deployment job, or infra automation.",automation-score:125,5cb60d5001402fc8
f7b455aeba80b9cdf52c42ac,mbarbine__Scripts,automation,"automation,security",script,security,625-get-code-build-project,625-get-code-build-project,bash/625-get-code-build-project.sh,.sh,148,,,,unknown,unknown,65,80,shared-automation-candidate,True,none,primary,none,"Automation component for security; review for reusable script, workflow, deployment job, or infra automation.",automation-score:125 | security-score:55,4bce3d4f3f444a93
d7773c062b73103b30cef48c,mbarbine__Scripts,automation,automation,script,testing,107-get-network-acl,107-get-network-acl,bash/107-get-network-acl.sh,.sh,87,,,,unknown,unknown,55,80,shared-automation-candidate,True,none,primary,none,"Automation component for testing; review for reusable script, workflow, deployment job, or infra automation.",automation-score:125,d1af9792afd531ad
cb2226c232b6a682020fcac0,mbarbine__Scripts,automation,"automation,observability",script,testing,021-get-sso-permsets,021-get-sso-permsets,bash/021-get-sso-permsets.sh,.sh,158,,,,unknown,unknown,65,80,shared-automation-candidate,True,none,primary,none,"Automation component for testing; review for reusable script, workflow, deployment job, or infra automation.",automation-score:125 | observability-score:55,fefaea92cf2142b2
2b04a8f428e524ecae60da98,mbarbine__Scripts,automation,automation,script,general,usbmodem_watchdog,usbmodem-watchdog,bash/usbmodem_watchdog.sh,.sh,107,,,,unknown,unknown,55,80,shared-automation-candidate,False,none,primary,none,"Automation component for general; review for reusable script, workflow, deployment job, or infra automation.",automation-score:80,dec93a4a49d98644
19dc655642225a98cb78a499,mbarbine__Scripts,automation,automation,script,analytics,713-get-eb-rule,713-get-eb-rule,bash/713-get-eb-rule.sh,.sh,100,,,,unknown,unknown,55,80,shared-automation-candidate,True,none,primary,none,"Automation component for analytics; review for reusable script, workflow, deployment job, or infra automation.",automation-score:125,f11211e0b773b66e
2b215b3cc0279897bc66239a,mbarbine__Scripts,automation,"automation,security",script,auth-and-keys,template_bash_script,template-bash-script,bash/template_bash_script.sh,.sh,117,,,,unknown,unknown,65,95,shared-automation-candidate,False,none,primary,none,"Automation component for auth-and-keys; review for reusable script, workflow, deployment job, or infra automation.",automation-score:130 | security-score:55,ee88a7bfbb38766b
efef17906c77341e9e569a9e,mbarbine__Scripts,automation,automation,script,shipping,030-get-iam-users,030-get-iam-users,bash/030-get-iam-users.sh,.sh,94,,,,unknown,unknown,55,80,shared-automation-candidate,True,none,primary,none,"Automation component for shipping; review for reusable script, workflow, deployment job, or infra automation.",automation-score:125,115bb7f6574a72ac
df356861a2b51f3b9dff084b,mbarbine__Scripts,automation,"automation,observability",script,observability,udev-sixpair,udev-sixpair,bash/udev-sixpair.sh,.sh,10,,,,unknown,unknown,60,95,shared-automation-candidate,True,none,primary,none,"Automation component for observability; review for reusable script, workflow, deployment job, or infra automation.",automation-score:80 | observability-score:55,4bff9736fbb6b622
8edfa7465fc7f722d362c375,mbarbine__Scripts,automation,"automation,security",script,auth-and-keys,731-get-sns-subscriptions,731-get-sns-subscriptions,bash/731-get-sns-subscriptions.sh,.sh,119,,,,unknown,unknown,65,95,shared-automation-candidate,True,none,primary,none,"Automation component for auth-and-keys; review for reusable script, workflow, deployment job, or infra automation.",automation-score:125 | security-score:55,7e37b552c02b2cdd
a336d78a74d04d0ea8733fd1,mbarbine__Scripts,automation,automation,script,testing,get-transit-gateway-vpn-attachments,get-transit-gateway-vpn-attachments,bash/get-transit-gateway-vpn-attachments.sh,.sh,48,,,,unknown,unknown,55,80,shared-automation-candidate,True,none,primary,none,"Automation component for testing; review for reusable script, workflow, deployment job, or infra automation.",automation-score:80,9f22b3abe059e3d4
93a2edebac53d7e42032798d,mbarbine__Scripts,automation,automation,script,testing,get-sagemaker-app,get-sagemaker-app,bash/get-sagemaker-app.sh,.sh,113,,,,unknown,unknown,55,80,shared-automation-candidate,True,none,primary,none,"Automation component for testing; review for reusable script, workflow, deployment job, or infra automation.",automation-score:125,4405124038ab5466
c594f539474ce6fdaf632133,mbarbine__Scripts,automation,"automation,observability",script,observability,get-sc-portfolio-principal,get-sc-portfolio-principal,bash/get-sc-portfolio-principal.sh,.sh,103,,,,unknown,unknown,65,95,shared-automation-candidate,True,none,primary,none,"Automation component for observability; review for reusable script, workflow, deployment job, or infra automation.",automation-score:125 | observability-score:55,b7bf58dd8afda806
563c420eadc53e7ee75a2e9c,mbarbine__Scripts,automation,"automation,integration,observability",script,shipping,034-get-iam-groups,034-get-iam-groups,bash/034-get-iam-groups.sh,.sh,95,,,,unknown,unknown,65,80,shared-automation-candidate,True,none,primary,none,"Automation component for shipping; review for reusable script, workflow, deployment job, or infra automation.",automation-score:125 | integration-score:55 | observability-score:55,37dffdae391e2401
e3408d28caac55f18f628f59,mbarbine__Scripts,automation,"automation,observability",script,observability,630-get-lf-settings,630-get-lf-settings,bash/630-get-lf-settings.sh,.sh,87,,,,unknown,unknown,65,95,shared-automation-candidate,True,none,primary,none,"Automation component for observability; review for reusable script, workflow, deployment job, or infra automation.",automation-score:125 | observability-score:55,c50ce2452e4cf011
37e78d56e98cfa2045de066e,mbarbine__Scripts,automation,"automation,security",script,shipping,get-eni,get-eni,bash/get-eni.sh,.sh,140,,,,unknown,unknown,65,80,shared-automation-candidate,True,none,primary,none,"Automation component for shipping; review for reusable script, workflow, deployment job, or infra automation.",automation-score:125 | security-score:55,6c5343ebbd31723d
3a8a64075556aead4d5dd0d6,mbarbine__Scripts,automation,"automation,observability",script,observability,810-get-sc-portfolio,810-get-sc-portfolio,bash/810-get-sc-portfolio.sh,.sh,98,,,,unknown,unknown,65,95,shared-automation-candidate,True,none,primary,none,"Automation component for observability; review for reusable script, workflow, deployment job, or infra automation.",automation-score:125 | observability-score:55,69fe5abb7e4ef0dd
4f1b7f6e8d4a7938e5f1939e,mbarbine__Scripts,automation,automation,script,testing,775-get-cognito-user-pools,775-get-cognito-user-pools,bash/775-get-cognito-user-pools.sh,.sh,86,,,,unknown,unknown,55,80,shared-automation-candidate,True,none,primary,none,"Automation component for testing; review for reusable script, workflow, deployment job, or infra automation.",automation-score:125,34240a55c0fed8d8
944b0b3a98e600722bddf90a,mbarbine__Scripts,automation,automation,script,testing,type-get-transitgw,type-get-transitgw,bash/type-get-transitgw.sh,.sh,26,,,,unknown,unknown,55,80,shared-automation-candidate,True,none,primary,none,"Automation component for testing; review for reusable script, workflow, deployment job, or infra automation.",automation-score:125,f2cc63d34c028201
7436bf9c72434528dda0a327,mbarbine__Scripts,automation,"automation,security",script,seo-and-metadata,eks-launch_template,eks-launch-template,bash/eks-launch_template.sh,.sh,145,,,,unknown,unknown,65,95,shared-automation-candidate,True,none,primary,none,"Automation component for seo-and-metadata; review for reusable script, workflow, deployment job, or infra automation.",automation-score:125 | security-score:55,16c4a21de75e030a
804c2a9dd708353f9891a7a1,mbarbine__Scripts,automation,"automation,observability,security,process",script,security,440-get-ssm-doc,440-get-ssm-doc,bash/440-get-ssm-doc.sh,.sh,223,,,,unknown,unknown,65,75,shared-automation-candidate,True,secondary,primary,none,"Automation component for security; review for reusable script, workflow, deployment job, or infra automation.",automation-score:125 | observability-score:55 | security-score:55 | process-score:45,d21e1a7eb7c92e22
8fc0c04e9f2b659bee1ea8d5,mbarbine__Scripts,automation,"automation,observability,security",script,auth-and-keys,300-get-eks-cluster,300-get-eks-cluster,bash/300-get-eks-cluster.sh,.sh,277,,,,unknown,unknown,65,90,shared-automation-candidate,True,none,primary,none,"Automation component for auth-and-keys; review for reusable script, workflow, deployment job, or infra automation.",automation-score:125 | observability-score:55 | security-score:55,8393cef4c4706828
ea95483445fcf0b1e8b5c12d,mbarbine__Scripts,automation,automation,script,logic,check_areca,check-areca,bash/check_areca.sh,.sh,36,,,,unknown,unknown,55,95,shared-automation-candidate,True,none,primary,none,"Automation component for logic; review for reusable script, workflow, deployment job, or infra automation.",automation-score:80,d34da645599d3669
f3c9354f3b6566e61aa529c5,mbarbine__Scripts,automation,automation,script,shipping,recalbox-sync,recalbox-sync,bash/recalbox-sync.sh,.sh,191,,,,unknown,unknown,55,80,shared-automation-candidate,True,none,primary,none,"Automation component for shipping; review for reusable script, workflow, deployment job, or infra automation.",automation-score:80,6435a8267a87161b
5fe5e1d74693a7ea89030487,mbarbine__Scripts,automation,automation,script,general,mp3,mp3,bash/mp3.sh,.sh,14,,,,unknown,unknown,55,80,shared-automation-candidate,False,none,primary,none,"Automation component for general; review for reusable script, workflow, deployment job, or infra automation.",automation-score:80,3ba770aa40ee7921
4e781bae63df702165ee9bba,mbarbine__Scripts,automation,automation,script,testing,631-get-lf-resources,631-get-lf-resources,bash/631-get-lf-resources.sh,.sh,59,,,,unknown,unknown,55,80,shared-automation-candidate,True,none,primary,none,"Automation component for testing; review for reusable script, workflow, deployment job, or infra automation.",automation-score:125,2b618e8a18225b60
0078369475bd4ea3c16af462,mbarbine__Scripts,automation,"automation,security",script,seo-and-metadata,080-get-kms-key,080-get-kms-key,bash/080-get-kms-key.sh,.sh,156,,,,unknown,unknown,65,95,shared-automation-candidate,True,none,primary,none,"Automation component for seo-and-metadata; review for reusable script, workflow, deployment job, or infra automation.",automation-score:125 | security-score:55,58b1e70b770e2f45
4cd05ca77b388b9c8e984dbd,mbarbine__Scripts,automation,automation,script,testing,730-get-sns-topic,730-get-sns-topic,bash/730-get-sns-topic.sh,.sh,114,,,,unknown,unknown,55,80,shared-automation-candidate,True,none,primary,none,"Automation component for testing; review for reusable script, workflow, deployment job, or infra automation.",automation-score:125,23a73467da7300c6
dccf177c62c7ce67927b3c4a,mbarbine__Scripts,automation,"automation,observability",script,testing,get-sso-man-pol-attach,get-sso-man-pol-attach,bash/get-sso-man-pol-attach.sh,.sh,99,,,,unknown,unknown,65,80,shared-automation-candidate,True,none,primary,none,"Automation component for testing; review for reusable script, workflow, deployment job, or infra automation.",automation-score:125 | observability-score:55,e2df5b571670e0f4
6164357ef19a2aeaf4399b34,mbarbine__Scripts,automation,"automation,observability",script,general,bash_exit_code_example,bash-exit-code-example,bash/bash_exit_code_example.sh,.sh,16,,,,unknown,unknown,65,80,shared-automation-candidate,False,none,primary,none,"Automation component for general; review for reusable script, workflow, deployment job, or infra automation.",automation-score:80 | observability-score:55,4f09f7f596cb80f3
1fe0e9e0d265cc8f8bb52e08,mbarbine__Scripts,automation,"automation,security",script,seo-and-metadata,get-ecr,get-ecr,bash/get-ecr.sh,.sh,116,,,,unknown,unknown,65,95,shared-automation-candidate,True,none,primary,none,"Automation component for seo-and-metadata; review for reusable script, workflow, deployment job, or infra automation.",automation-score:125 | security-score:55,74d8e4e011074ce5
82eb0b8b6830dd02cdf7ded7,mbarbine__Scripts,automation,"automation,security",script,security,fix-def-sgs,fix-def-sgs,bash/fix-def-sgs.sh,.sh,29,,,,unknown,unknown,65,80,shared-automation-candidate,True,none,primary,none,"Automation component for security; review for reusable script, workflow, deployment job, or infra automation.",automation-score:125 | security-score:55,f66fb37ab77de483
84a991f39467603de3a1c6ac,mbarbine__Scripts,automation,automation,script,testing,get-eip,get-eip,bash/get-eip.sh,.sh,92,,,,unknown,unknown,55,80,shared-automation-candidate,True,none,primary,none,"Automation component for testing; review for reusable script, workflow, deployment job, or infra automation.",automation-score:125,727416eac2d779b5
86ac8c189a487322589030bf,mbarbine__Scripts,automation,"automation,security,logic",script,seo-and-metadata,627-get-code-artifact-domain,627-get-code-artifact-domain,bash/627-get-code-artifact-domain.sh,.sh,113,,,,unknown,unknown,65,95,shared-automation-candidate,True,none,primary,secondary,"Automation component for seo-and-metadata; review for reusable script, workflow, deployment job, or infra automation.",automation-score:125 | security-score:55 | logic-score:45,e18ab1f442ceae1b
7f2769d34808955aab5fb470,mbarbine__Scripts,automation,"automation,integration,security",script,shipping,elbv2-target-groups,elbv2-target-groups,bash/elbv2-target-groups.sh,.sh,115,,,,unknown,unknown,65,80,shared-automation-candidate,True,none,primary,none,"Automation component for shipping; review for reusable script, workflow, deployment job, or infra automation.",automation-score:125 | integration-score:55 | security-score:55,177e1c8012a0976d
1af12af79dfb1ed2e94b771d,mbarbine__Scripts,automation,"automation,observability,security",script,observability,configure,configure,bash/configure.sh,.sh,85,,,,unknown,unknown,65,95,shared-automation-candidate,True,none,primary,none,"Automation component for observability; review for reusable script, workflow, deployment job, or infra automation.",automation-score:125 | observability-score:55 | security-score:55,e8320ad441c35cdb
b6eb628812f588c75c8dd778,mbarbine__Scripts,automation,automation,script,testing,get-priv-hzn,get-priv-hzn,bash/get-priv-hzn.sh,.sh,116,,,,unknown,unknown,55,80,shared-automation-candidate,True,none,primary,none,"Automation component for testing; review for reusable script, workflow, deployment job, or infra automation.",automation-score:125,ed8ead4329193671
6cd9e47ed91157b0c09fdc9c,mbarbine__Scripts,automation,automation,script,general,vagrantcleanup,vagrantcleanup,bash/vagrantcleanup.sh,.sh,3,,,,unknown,unknown,50,75,shared-automation-candidate,False,none,primary,none,"Automation component for general; review for reusable script, workflow, deployment job, or infra automation.",automation-score:80,0c21456e0b4f7162
a607faf03331f36c2735d7fc,mbarbine__Scripts,automation,"automation,observability",script,observability,java_prof,java-prof,bash/java_prof.sh,.sh,49,,,,unknown,unknown,65,95,shared-automation-candidate,True,none,primary,none,"Automation component for observability; review for reusable script, workflow, deployment job, or infra automation.",automation-score:80 | observability-score:55,97bf08543c37b503
5932d487bf3fa96d0ab07346,mbarbine__Scripts,automation,"automation,logic",script,testing,ipfw_rules,ipfw-rules,bash/ipfw_rules.sh,.sh,69,,,,unknown,unknown,65,80,shared-automation-candidate,False,none,primary,secondary,"Automation component for testing; review for reusable script, workflow, deployment job, or infra automation.",automation-score:80 | logic-score:70,a93f9ddfc331e481
c5ac34ae3cda407f09d261b0,mbarbine__Scripts,automation,automation,script,testing,post-fix-vpc,post-fix-vpc,bash/post-fix-vpc.sh,.sh,30,,,,unknown,unknown,55,80,shared-automation-candidate,True,none,primary,none,"Automation component for testing; review for reusable script, workflow, deployment job, or infra automation.",automation-score:80,79628797fabc163b
7fe4bdc6622722c7a05bf4d0,mbarbine__Scripts,automation,automation,script,commerce,powerswitch,powerswitch,bash/powerswitch.sh,.sh,287,,,,unknown,unknown,55,75,shared-automation-candidate,False,none,primary,none,"Automation component for commerce; review for reusable script, workflow, deployment job, or infra automation.",automation-score:125,ca0d3215f853bb16
f37a7340cd78f575a8bcd504,mbarbine__Scripts,automation,automation,script,testing,get-transit-gateway-vpc-attachments,get-transit-gateway-vpc-attachments,bash/get-transit-gateway-vpc-attachments.sh,.sh,120,,,,unknown,unknown,55,80,shared-automation-candidate,True,none,primary,none,"Automation component for testing; review for reusable script, workflow, deployment job, or infra automation.",automation-score:125,c1e42dbe6fab5a75
4067b0e7814349a0fbd6cba3,mbarbine__Scripts,automation,automation,script,testing,check_raid_etegro,check-raid-etegro,bash/check_raid_etegro.sh,.sh,38,,,,unknown,unknown,55,80,shared-automation-candidate,True,none,primary,none,"Automation component for testing; review for reusable script, workflow, deployment job, or infra automation.",automation-score:80,26188606b6031fa8
7a5c225623eedc27e093fecc,mbarbine__Scripts,automation,"automation,backend",script,shipping,602-get-rds-db-subnet-group,602-get-rds-db-subnet-group,bash/602-get-rds-db-subnet-group.sh,.sh,89,,,,unknown,unknown,65,80,shared-automation-candidate,True,none,primary,none,"Automation component for shipping; review for reusable script, workflow, deployment job, or infra automation.",automation-score:125 | backend-score:55,e7276498b4395aeb
d53069fb4d2331497dd77478,mbarbine__Scripts,automation,automation,script,workflow,056-get-instance-profile,056-get-instance-profile,bash/056-get-instance-profile.sh,.sh,118,,,,unknown,unknown,55,80,shared-automation-candidate,True,none,primary,none,"Automation component for workflow; review for reusable script, workflow, deployment job, or infra automation.",automation-score:125,675752dc4b599d74
ae74608b23c3a1a571c00bba,mbarbine__Scripts,automation,"automation,observability",script,observability,get-sc-portfolio-products,get-sc-portfolio-products,bash/get-sc-portfolio-products.sh,.sh,134,,,,unknown,unknown,65,95,shared-automation-candidate,True,none,primary,none,"Automation component for observability; review for reusable script, workflow, deployment job, or infra automation.",automation-score:125 | observability-score:55,e8dc6dfc07de3687
44f3036ee23b63991d3d4125,mbarbine__Scripts,automation,automation,script,testing,get-iam-policies,get-iam-policies,bash/get-iam-policies.sh,.sh,165,,,,unknown,unknown,55,80,shared-automation-candidate,True,none,primary,none,"Automation component for testing; review for reusable script, workflow, deployment job, or infra automation.",automation-score:125,72df8361aec26ce9
11986e7d72efc3e75ac707e6,mbarbine__Scripts,automation,"automation,observability,security",script,auth-and-keys,get-eks-cluster-all,get-eks-cluster-all,bash/get-eks-cluster-all.sh,.sh,199,,,,unknown,unknown,65,95,shared-automation-candidate,True,none,primary,none,"Automation component for auth-and-keys; review for reusable script, workflow, deployment job, or infra automation.",automation-score:125 | observability-score:55 | security-score:55,f2343eed7cac13a4
cfd12e6d33770ac398a9889e,mbarbine__Scripts,automation,"automation,observability",script,observability,tail_with_thread,tail-with-thread,bash/tail_with_thread.sh,.sh,48,,,,unknown,unknown,65,95,shared-automation-candidate,True,none,primary,none,"Automation component for observability; review for reusable script, workflow, deployment job, or infra automation.",automation-score:80 | observability-score:55,114430c05e3d6ef8
cb97c3c857f96c49dd9c0cf8,mbarbine__Scripts,automation,automation,script,testing,get-lambda-alias,get-lambda-alias,bash/get-lambda-alias.sh,.sh,105,,,,unknown,unknown,55,80,shared-automation-candidate,True,none,primary,none,"Automation component for testing; review for reusable script, workflow, deployment job, or infra automation.",automation-score:125,11437d40eeb539ba
06b29d031da984be761579f4,mbarbine__Scripts,automation,"automation,observability",script,testing,get-sso-inline-pol-attach,get-sso-inline-pol-attach,bash/get-sso-inline-pol-attach.sh,.sh,99,,,,unknown,unknown,65,80,shared-automation-candidate,True,none,primary,none,"Automation component for testing; review for reusable script, workflow, deployment job, or infra automation.",automation-score:125 | observability-score:55,12bd93657793a5d5
b33609aa3f30712a8d39414e,mbarbine__Scripts,automation,"automation,observability",script,testing,052-get-iam-attached-role-policies,052-get-iam-attached-role-policies,bash/052-get-iam-attached-role-policies.sh,.sh,143,,,,unknown,unknown,65,80,shared-automation-candidate,True,none,primary,none,"Automation component for testing; review for reusable script, workflow, deployment job, or infra automation.",automation-score:125 | observability-score:55,3c59202227ccee58
5de881e87340daebfce61513,mbarbine__Scripts,automation,automation,script,general,kumar-asshole,kumar-asshole,bash/kumar-asshole.sh,.sh,6,,,,unknown,unknown,50,75,shared-automation-candidate,False,none,primary,none,"Automation component for general; review for reusable script, workflow, deployment job, or infra automation.",automation-score:80,202f42010c79fdcd
f45d808288f9adfe8fe3812a,mbarbine__Scripts,automation,automation,script,testing,get-appmesh-no,get-appmesh-no,bash/get-appmesh-no.sh,.sh,93,,,,unknown,unknown,55,80,shared-automation-candidate,True,none,primary,none,"Automation component for testing; review for reusable script, workflow, deployment job, or infra automation.",automation-score:125,c154508aa5b2d8db
822cc9c67b6728c4d59ec088,mbarbine__Scripts,automation,automation,script,testing,135-get-transit-gateway-vpc-attachments,135-get-transit-gateway-vpc-attachments,bash/135-get-transit-gateway-vpc-attachments.sh,.sh,106,,,,unknown,unknown,55,80,shared-automation-candidate,True,none,primary,none,"Automation component for testing; review for reusable script, workflow, deployment job, or infra automation.",automation-score:125,be235c60645076d6
729166ee3cc7235977a013d9,mbarbine__Scripts,automation,automation,script,general,svncreat,svncreat,bash/svncreat.sh,.sh,44,,,,unknown,unknown,55,80,shared-automation-candidate,False,none,primary,none,"Automation component for general; review for reusable script, workflow, deployment job, or infra automation.",automation-score:80,647c661802afa620
ce27b81a5f81823a58da3c07,mbarbine__Scripts,automation,automation,script,general,whatsapp_install,whatsapp-install,bash/whatsapp_install.sh,.sh,13,,,,unknown,unknown,55,80,shared-automation-candidate,False,none,primary,none,"Automation component for general; review for reusable script, workflow, deployment job, or infra automation.",automation-score:80,d65aa1eb22ecb47f
715d5b8d9f29df33655779ce,mbarbine__Scripts,automation,automation,script,testing,010-get-organization,010-get-organization,bash/010-get-organization.sh,.sh,149,,,,unknown,unknown,55,80,shared-automation-candidate,True,none,primary,none,"Automation component for testing; review for reusable script, workflow, deployment job, or infra automation.",automation-score:125,2e3e252f07cc0462
5c11dce289e45d23435e9671,mbarbine__Scripts,automation,"automation,observability",script,observability,351-get-ecs-task,351-get-ecs-task,bash/351-get-ecs-task.sh,.sh,133,,,,unknown,unknown,65,95,shared-automation-candidate,True,none,primary,none,"Automation component for observability; review for reusable script, workflow, deployment job, or infra automation.",automation-score:125 | observability-score:55,59a0c561661ee3c2
be6d0b94ebc079c3841ce81a,mbarbine__Scripts,automation,"automation,observability",script,media,recalbox-create-share,recalbox-create-share,bash/recalbox-create-share.sh,.sh,46,,,,unknown,unknown,65,80,shared-automation-candidate,False,none,primary,none,"Automation component for media; review for reusable script, workflow, deployment job, or infra automation.",automation-score:80 | observability-score:55,eaa09a8dd025d2eb
7ef902c2759b43707577e9eb,mbarbine__Scripts,automation,automation,script,general,Txt_To_CSV_FTP,txt-to-csv-ftp,bash/Txt_To_CSV_FTP.sh,.sh,42,,,,unknown,unknown,55,80,shared-automation-candidate,False,none,primary,none,"Automation component for general; review for reusable script, workflow, deployment job, or infra automation.",automation-score:80,08cc73e88fb1c207
24eb5ebed6ac634daed4edb7,mbarbine__Scripts,automation,"automation,observability",script,observability,vpc2tf,vpc2tf,bash/vpc2tf.sh,.sh,138,,,,unknown,unknown,65,95,shared-automation-candidate,True,none,primary,none,"Automation component for observability; review for reusable script, workflow, deployment job, or infra automation.",automation-score:125 | observability-score:55,618afaa9f7df79c6
d9b428fc6601c191e14490b0,mbarbine__Scripts,automation,"automation,security",script,security,240-get-directories,240-get-directories,bash/240-get-directories.sh,.sh,101,,,,unknown,unknown,65,80,shared-automation-candidate,True,none,primary,none,"Automation component for security; review for reusable script, workflow, deployment job, or infra automation.",automation-score:125 | security-score:55,1fa01a159e8d6e0f
034bbb3cdbd1c54eb61e6cfb,mbarbine__Scripts,automation,automation,script,general,tar,tar,bash/tar.sh,.sh,3,,,,unknown,unknown,50,75,shared-automation-candidate,False,none,primary,none,"Automation component for general; review for reusable script, workflow, deployment job, or infra automation.",automation-score:80,726f6e1e6d21cda6
542e1a21835d8d9f94e0de16,mbarbine__Scripts,automation,"automation,security",script,testing,445-get-ssm-params,445-get-ssm-params,bash/445-get-ssm-params.sh,.sh,106,,,,unknown,unknown,65,80,shared-automation-candidate,True,none,primary,none,"Automation component for testing; review for reusable script, workflow, deployment job, or infra automation.",automation-score:125 | security-score:55,25b7bca2c0799bf8
fc822f0f2cb33ece5cf5bc78,mbarbine__Scripts,automation,"automation,security",script,auth-and-keys,771-get-cognito-identity-pool-roles-attachment,771-get-cognito-identity-pool-roles-attachment,bash/771-get-cognito-identity-pool-roles-attachment.sh,.sh,91,,,,unknown,unknown,65,95,shared-automation-candidate,True,none,primary,none,"Automation component for auth-and-keys; review for reusable script, workflow, deployment job, or infra automation.",automation-score:125 | security-score:55,ca8911abf92757b4
3ee9757d62d5c415bb43b4dc,mbarbine__Scripts,automation,automation,script,logic,semversioner,semversioner,bash/semversioner.sh,.sh,97,,,,unknown,unknown,55,95,shared-automation-candidate,True,none,primary,none,"Automation component for logic; review for reusable script, workflow, deployment job, or infra automation.",automation-score:80,7d56648d280c9545
47d69508f23daa763142ed9e,mbarbine__Scripts,automation,automation,script,general,pgsqlbackup,pgsqlbackup,bash/pgsqlbackup.sh,.sh,19,,,,unknown,unknown,55,80,shared-automation-candidate,False,none,primary,none,"Automation component for general; review for reusable script, workflow, deployment job, or infra automation.",automation-score:80,ddbfce5f75c9c363
893d6de65bb1120d0195b9fe,mbarbine__Scripts,automation,"automation,backend",script,testing,140-get-route-table,140-get-route-table,bash/140-get-route-table.sh,.sh,153,,,,unknown,unknown,65,80,shared-automation-candidate,True,none,primary,none,"Automation component for testing; review for reusable script, workflow, deployment job, or infra automation.",automation-score:125 | backend-score:55,cef824c8f54fb864
bf1448c88bc6f33467b47ca8,mbarbine__Scripts,automation,"automation,security",script,security,250-get-ec2-instances,250-get-ec2-instances,bash/250-get-ec2-instances.sh,.sh,219,,,,unknown,unknown,65,75,shared-automation-candidate,True,none,primary,none,"Automation component for security; review for reusable script, workflow, deployment job, or infra automation.",automation-score:125 | security-score:55,eacf8c593bfe0e67
de7ab9e78c913e3b33f17827,mbarbine__Scripts,automation,automation,script,workflow,105-get-subnet,105-get-subnet,bash/105-get-subnet.sh,.sh,111,,,,unknown,unknown,55,80,shared-automation-candidate,True,none,primary,none,"Automation component for workflow; review for reusable script, workflow, deployment job, or infra automation.",automation-score:125,69fa33c0f9278c0c
fb25675338b1e25bb5c88707,mbarbine__Scripts,automation,"automation,observability,security,ai",script,observability,smack-my-bitch-up,smack-my-bitch-up,bash/smack-my-bitch-up.sh,.sh,31,,,,unknown,unknown,65,95,shared-automation-candidate,True,none,primary,none,"Automation component for observability; review for reusable script, workflow, deployment job, or infra automation.",automation-score:80 | observability-score:55 | security-score:55 | ai-score:45,d6e75e160add1bdb
3ddf035eab9d5241fe820f6b,mbarbine__Scripts,automation,automation,script,workflow,get-subnet-parallel,get-subnet-parallel,bash/get-subnet-parallel.sh,.sh,107,,,,unknown,unknown,55,80,shared-automation-candidate,True,none,primary,none,"Automation component for workflow; review for reusable script, workflow, deployment job, or infra automation.",automation-score:80,6f8e5131d2a19449
d9cfe618ee3ac4e02933ba2f,mbarbine__Scripts,automation,"automation,observability",script,testing,220-get-custgw,220-get-custgw,bash/220-get-custgw.sh,.sh,76,,,,unknown,unknown,65,80,shared-automation-candidate,True,none,primary,none,"Automation component for testing; review for reusable script, workflow, deployment job, or infra automation.",automation-score:125 | observability-score:55,84d0c2f3aafa5334
626d60fba4b46faf840082c3,mbarbine__Scripts,automation,automation,script,testing,parallel_statemv,parallel-statemv,bash/parallel_statemv.sh,.sh,47,,,,unknown,unknown,55,80,shared-automation-candidate,True,none,primary,none,"Automation component for testing; review for reusable script, workflow, deployment job, or infra automation.",automation-score:125,7d95b4f003de8f91
546a883c98c7acfc9832586e,mbarbine__Scripts,automation,"automation,observability,security",script,auth-and-keys,grafana,grafana,bash/grafana.sh,.sh,12,,,,unknown,unknown,65,95,shared-automation-candidate,False,none,primary,none,"Automation component for auth-and-keys; review for reusable script, workflow, deployment job, or infra automation.",automation-score:125 | observability-score:55 | security-score:55,4909c93e5fdf2389
21094eba20f2d72ed935b0cd,mbarbine__Scripts,automation,"automation,observability",script,testing,050-get-iam-roles,050-get-iam-roles,bash/050-get-iam-roles.sh,.sh,163,,,,unknown,unknown,65,80,shared-automation-candidate,True,none,primary,none,"Automation component for testing; review for reusable script, workflow, deployment job, or infra automation.",automation-score:125 | observability-score:55,60e4932ba81533ba
e260df359f57148185eae459,mbarbine__Scripts,automation,"automation,observability",script,observability,070-get-cw-log-grp,070-get-cw-log-grp,bash/070-get-cw-log-grp.sh,.sh,92,,,,unknown,unknown,65,95,shared-automation-candidate,True,none,primary,none,"Automation component for observability; review for reusable script, workflow, deployment job, or infra automation.",automation-score:125 | observability-score:55,ec785332a8b11cd7
4a14d5a729a995a88e2faffe,mbarbine__Scripts,automation,"automation,backend",script,testing,get-transit-gateway-routes,get-transit-gateway-routes,bash/get-transit-gateway-routes.sh,.sh,107,,,,unknown,unknown,65,80,shared-automation-candidate,True,none,primary,none,"Automation component for testing; review for reusable script, workflow, deployment job, or infra automation.",automation-score:125 | backend-score:55,67bbdc730ac431e5
a758a7472a956ff1d0e38af0,mbarbine__Scripts,automation,automation,script,testing,get-org-policy_attachment,get-org-policy-attachment,bash/get-org-policy_attachment.sh,.sh,110,,,,unknown,unknown,55,80,shared-automation-candidate,True,none,primary,none,"Automation component for testing; review for reusable script, workflow, deployment job, or infra automation.",automation-score:125,f71526113f7cbe0b
61a44f5ef4ca474e2d1ad532,mbarbine__Scripts,automation,"automation,security",script,workflow,110-get-security-group,110-get-security-group,bash/110-get-security-group.sh,.sh,165,,,,unknown,unknown,65,80,shared-automation-candidate,True,none,primary,none,"Automation component for workflow; review for reusable script, workflow, deployment job, or infra automation.",automation-score:125 | security-score:55,516b40c04042182e
31fb42b023ce61e3c99a90f0,mbarbine__Scripts,automation,automation,script,analytics,get-lambda-permission,get-lambda-permission,bash/get-lambda-permission.sh,.sh,128,,,,unknown,unknown,55,80,shared-automation-candidate,True,none,primary,none,"Automation component for analytics; review for reusable script, workflow, deployment job, or infra automation.",automation-score:125,3e0d331568c9e9d5
a04ba550ff0183a9374add2b,mbarbine__Scripts,automation,"automation,ai",script,ai,shell_color,shell-color,bash/shell_color.sh,.sh,3,,,,unknown,unknown,60,90,shared-automation-candidate,True,none,primary,none,"Automation component for ai; review for reusable script, workflow, deployment job, or infra automation.",automation-score:80 | ai-score:45,cf225124911c1737
af36c368eb3e69c054c5191c,mbarbine__Scripts,automation,automation,script,testing,get-inprof,get-inprof,bash/get-inprof.sh,.sh,103,,,,unknown,unknown,55,80,shared-automation-candidate,True,none,primary,none,"Automation component for testing; review for reusable script, workflow, deployment job, or infra automation.",automation-score:125,52d232a49cdd5cdd
b5621d671e0733ab133162ca,mbarbine__Scripts,automation,automation,script,discovery,install_krew,install-krew,bash/install_krew.sh,.sh,8,,,,unknown,unknown,50,90,shared-automation-candidate,False,none,primary,none,"Automation component for discovery; review for reusable script, workflow, deployment job, or infra automation.",automation-score:80,acb55e277efde198
9d7e482448029c5fb711103d,mbarbine__Scripts,automation,automation,script,testing,get-s3-policy,get-s3-policy,bash/get-s3-policy.sh,.sh,87,,,,unknown,unknown,55,80,shared-automation-candidate,True,none,primary,none,"Automation component for testing; review for reusable script, workflow, deployment job, or infra automation.",automation-score:125,91945e4df313dde3
82a52af7d520fb66a278e7f2,mbarbine__Scripts,automation,"automation,security,ai",script,ai,dagah_installer,dagah-installer,bash/dagah_installer.sh,.sh,96,,,,unknown,unknown,65,95,shared-automation-candidate,True,none,primary,none,"Automation component for ai; review for reusable script, workflow, deployment job, or infra automation.",automation-score:80 | security-score:55 | ai-score:45,d9fde4f9e73de50f
b052855b749b595a178b696f,mbarbine__Scripts,automation,"automation,security",script,security,161-get-vpce,161-get-vpce,bash/161-get-vpce.sh,.sh,153,,,,unknown,unknown,65,80,shared-automation-candidate,True,none,primary,none,"Automation component for security; review for reusable script, workflow, deployment job, or infra automation.",automation-score:125 | security-score:55,74f098b7d5f04338
c62927480d315705c61abd54,mbarbine__Scripts,automation,"automation,security",script,shipping,elbv2,elbv2,bash/elbv2.sh,.sh,157,,,,unknown,unknown,65,80,shared-automation-candidate,True,none,primary,none,"Automation component for shipping; review for reusable script, workflow, deployment job, or infra automation.",automation-score:125 | security-score:55,c2934416aac150a1
ee7cb4c7aeb8eb82570bd3b1,mbarbine__Scripts,automation,automation,script,testing,740-get-kinesis-stream,740-get-kinesis-stream,bash/740-get-kinesis-stream.sh,.sh,109,,,,unknown,unknown,55,80,shared-automation-candidate,True,none,primary,none,"Automation component for testing; review for reusable script, workflow, deployment job, or infra automation.",automation-score:125,41baf3ca1817d5d7
9db1b651ac4559ae543cc964,mbarbine__Scripts,automation,"automation,security,logic",script,commerce,elbv2_listener-rules,elbv2-listener-rules,bash/elbv2_listener-rules.sh,.sh,130,,,,unknown,unknown,65,80,shared-automation-candidate,True,none,primary,secondary,"Automation component for commerce; review for reusable script, workflow, deployment job, or infra automation.",automation-score:125 | security-score:55 | logic-score:45,bc72c2f07050b2e4
cd5f5e498d81afd54e61eb10,mbarbine__Scripts,automation,"automation,observability",script,testing,012-get-org-ou,012-get-org-ou,bash/012-get-org-ou.sh,.sh,123,,,,unknown,unknown,65,80,shared-automation-candidate,True,none,primary,none,"Automation component for testing; review for reusable script, workflow, deployment job, or infra automation.",automation-score:125 | observability-score:55,36395a9db00850d4
58e7562449f8dbe207fbdc0c,mbarbine__Scripts,automation,"automation,security",script,security,611-get-dms-ins,611-get-dms-ins,bash/611-get-dms-ins.sh,.sh,170,,,,unknown,unknown,65,80,shared-automation-candidate,True,none,primary,none,"Automation component for security; review for reusable script, workflow, deployment job, or infra automation.",automation-score:125 | security-score:55,c0a91f6c3fe0fcc4
436468513ca989c2b3c891fe,mbarbine__Scripts,automation,"automation,observability",script,testing,get-emr-inst-group,get-emr-inst-group,bash/get-emr-inst-group.sh,.sh,92,,,,unknown,unknown,65,80,shared-automation-candidate,True,none,primary,none,"Automation component for testing; review for reusable script, workflow, deployment job, or infra automation.",automation-score:125 | observability-score:55,913977ef0a87d5c3
33675c03abde58c1892aa968,mbarbine__Scripts,automation,automation,automation-config,shipping,host_checker,host-checker,bash/host_checker.py,.py,19,,stat,stat,python,unknown,65,55,catalog-only,True,none,primary,none,"Automation component for shipping; review for reusable script, workflow, deployment job, or infra automation.",imports:stat | automation-score:45 | cron-or-schedule,41765d2be5154c9f
f3e5f2d69b0c99186498d77f,mbarbine__Scripts,automation,"automation,security",script,auth-and-keys,450-get-secrets,450-get-secrets,bash/450-get-secrets.sh,.sh,109,,,,unknown,unknown,65,95,shared-automation-candidate,True,none,primary,none,"Automation component for auth-and-keys; review for reusable script, workflow, deployment job, or infra automation.",automation-score:125 | security-score:55,691db5015abdef3b
27e6c2b2ca3ac3ec1d91c123,mbarbine__Scripts,automation,"automation,observability",script,observability,logrotate,logrotate,bash/logrotate.sh,.sh,93,,,,unknown,unknown,65,95,shared-automation-candidate,True,none,primary,none,"Automation component for observability; review for reusable script, workflow, deployment job, or infra automation.",automation-score:80 | observability-score:55,087346e0eddb5530
472d5e0037bc71cc12d3e88c,mbarbine__Scripts,automation,"automation,observability,security",script,observability,mysqlhotbackup,mysqlhotbackup,bash/mysql_pgsql_backup/mysqlhotbackup.sh,.sh,57,,,,unknown,unknown,65,95,shared-automation-candidate,True,none,primary,none,"Automation component for observability; review for reusable script, workflow, deployment job, or infra automation.",automation-score:80 | observability-score:55 | security-score:55,5a0d6280e1d309b3
d3e3611ab635ca6219d9c39b,mbarbine__Scripts,automation,"automation,observability,security",script,observability,mysqlbackup,mysqlbackup,bash/mysql_pgsql_backup/mysqlbackup.sh,.sh,153,,,,unknown,unknown,65,95,shared-automation-candidate,True,none,primary,none,"Automation component for observability; review for reusable script, workflow, deployment job, or infra automation.",automation-score:80 | observability-score:55 | security-score:55,02c803fb4b1c1931
da5aaf5e7becf8fcb67aea8b,mbarbine__Scripts,automation,automation,script,general,pgsqlbackup,pgsqlbackup,bash/mysql_pgsql_backup/pgsqlbackup.sh,.sh,18,,,,unknown,unknown,55,80,shared-automation-candidate,False,none,primary,none,"Automation component for general; review for reusable script, workflow, deployment job, or infra automation.",automation-score:80,ee36f52b3d475499
542f7accb99398fcf0bd744d,mbarbine__Scripts,automation,"automation,observability",script,general,check_carp_wrapper,check-carp-wrapper,bash/carp/check_carp_wrapper.sh,.sh,8,,,,unknown,unknown,60,75,shared-automation-candidate,False,none,primary,none,"Automation component for general; review for reusable script, workflow, deployment job, or infra automation.",automation-score:80 | observability-score:55,bdbe4efbaed3501d
542a4210872f18f05316a53d,mbarbine__Scripts,automation,"automation,observability",script,general,check_carp,check-carp,bash/carp/check_carp.sh,.sh,40,,,,unknown,unknown,65,80,shared-automation-candidate,False,none,primary,none,"Automation component for general; review for reusable script, workflow, deployment job, or infra automation.",automation-score:80 | observability-score:55,de9cffd503f0a333
65344f2ca8cfad5522edda31,mbarbine__Scripts,automation,automation,automation-config,general,Makefile,makefile,bash/jail_make/Makefile,Makefile,93,,,,unknown,unknown,55,55,catalog-only,False,none,primary,none,"Automation component for general; review for reusable script, workflow, deployment job, or infra automation.",automation-score:85,8d740bf4e0aaec49
5e6debbaf1594571a9ae7535,mbarbine__Scripts,automation,"automation,security",script,testing,get-instance-network-interface-attachment,get-instance-network-interface-attachment,bash/notused/get-instance-network-interface-attachment.sh,.sh,71,,,,unknown,unknown,65,80,shared-automation-candidate,True,none,primary,none,"Automation component for testing; review for reusable script, workflow, deployment job, or infra automation.",automation-score:125 | security-score:55,9f320611eb982fe1
4320e8212de5ec00f2adaff4,mbarbine__Scripts,automation,"automation,observability",script,observability,block_ip_daemon,block-ip-daemon,bash/block_daemon/block_ip_daemon.sh,.sh,11,,,,unknown,unknown,65,95,shared-automation-candidate,True,none,primary,none,"Automation component for observability; review for reusable script, workflow, deployment job, or infra automation.",automation-score:80 | observability-score:55,7092d34ae892f220
3eb6249012da9c85d0b337f1,mbarbine__Scripts,automation,automation,script,general,block_daemon_wrapper,block-daemon-wrapper,bash/block_daemon/block_daemon_wrapper.sh,.sh,14,,,,unknown,unknown,55,80,shared-automation-candidate,True,none,primary,none,"Automation component for general; review for reusable script, workflow, deployment job, or infra automation.",automation-score:80,797af793e92eba04
5c8e28bcd9bc1654cdd3f39a,mbarbine__Scripts,automation,automation,script,general,make_ks,make-ks,bash/kickstart/make_ks.sh,.sh,44,,,,unknown,unknown,55,80,shared-automation-candidate,True,none,primary,none,"Automation component for general; review for reusable script, workflow, deployment job, or infra automation.",automation-score:80,efe0dc9620e03360
ae7bac382ee85ea5188d18e9,mbarbine__Scripts,automation,"automation,security",script,ai,vagrantuser,vagrantuser,ansible/magento/magento2/vagrantuser.sh,.sh,32,,,,unknown,unknown,65,95,shared-automation-candidate,True,none,primary,none,"Automation component for ai; review for reusable script, workflow, deployment job, or infra automation.",automation-score:130 | security-score:55,72d4024684262f38
bf1253f8907f73c812253798,mbarbine__Scripts,automation,"automation,process",script,ai,deploy_sampledata,deploy-sampledata,ansible/magento/magento2/deploy_sampledata.sh,.sh,10,,,,unknown,unknown,60,95,shared-automation-candidate,False,secondary,primary,none,"Automation component for ai; review for reusable script, workflow, deployment job, or infra automation.",automation-score:130 | process-score:45,263cb29f00736cfc
b6d0f3fb23bf4de8567dbe50,mbarbine__Scripts,automation,automation,automation-config,ai,.user,user,ansible/magento/magento2/repos/magento2/.user.ini,.ini,4,,,,unknown,unknown,50,65,shared-automation-candidate,False,none,primary,none,"Automation component for ai; review for reusable script, workflow, deployment job, or infra automation.",automation-score:50,6169207e83ddbf63
bf9e3c709558dcae28bc1867,mbarbine__Scripts,automation,automation,automation-config,ai,.travis,travis,ansible/magento/magento2/repos/magento2/.travis.yml,.yml,37,,,,unknown,unknown,55,70,shared-automation-candidate,False,none,primary,none,"Automation component for ai; review for reusable script, workflow, deployment job, or infra automation.",automation-score:95,f4b7160a29a32bef
144e726da319646e6b399bef,mbarbine__Scripts,automation,"automation,observability,security",automation-config,observability,composer,composer,ansible/magento/magento2/repos/magento2/composer.json,.json,79,,,,unknown,unknown,65,70,shared-automation-candidate,True,none,primary,none,"Automation component for observability; review for reusable script, workflow, deployment job, or infra automation.",automation-score:95 | observability-score:55 | security-score:55,b1c85f8ac23e52e7
4530eeb56e2f00e0d11f7ba9,mbarbine__Scripts,automation,"automation,observability",automation-config,observability,composer,composer,ansible/magento/magento2/repos/magento2/update/composer.json,.json,32,,,,unknown,unknown,65,70,shared-automation-candidate,True,none,primary,none,"Automation component for observability; review for reusable script, workflow, deployment job, or infra automation.",automation-score:95 | observability-score:55,60bd9c6a1b3b7cc5
fe38fa7459590eac4562ed27,mbarbine__Scripts,automation,"automation,backend",script,ai,cron,cron,ansible/magento/magento2/repos/magento2/update/dev/shell/cron.sh,.sh,11,,,,unknown,unknown,65,95,shared-automation-candidate,False,none,primary,none,"Automation component for ai; review for reusable script, workflow, deployment job, or infra automation.",automation-score:175 | backend-score:55 | cron-or-schedule,1cc8c2a2115a9bcb
a6b8f9c68e7e6c556119a04f,mbarbine__Scripts,automation,automation,automation-config,ai,composer,composer,ansible/magento/magento2/repos/magento2/update/dev/tests/integration/testsuite/Magento/Update/_files/composer.json,.json,25,,,,unknown,unknown,55,70,shared-automation-candidate,False,none,primary,none,"Automation component for ai; review for reusable script, workflow, deployment job, or infra automation.",automation-score:95,12a3f219f64be1e3
ba7d992315098910b501c48f,mbarbine__Scripts,automation,"automation,logic,observability,security,ai",automation-config,observability,jquery,jquery,ansible/magento/magento2/repos/magento2/update/pub/js/lib/jquery.js,.js,10337,"Animation,Sizzle,Tween"," + prev + ,invalid,jquery"," + prev + ,invalid,jquery",unknown,unknown,100,50,catalog-only,True,none,primary,secondary,"Automation component for observability; review for reusable script, workflow, deployment job, or infra automation.","exports:Animation, Sizzle, Tween | imports: + prev + , invalid, jquery | automation-score:95 | logic-score:85 | observability-score:55 | security-score:55 | ai-score:45",ce0343e1d6f48976
34df6e13e96b022e57f36c9c,mbarbine__Scripts,automation,"automation,logic,observability,security,ai",automation-config,ai,angular.min,angular-min,ansible/magento/magento2/repos/magento2/update/pub/js/lib/angular/angular.min.js,.js,212,"A,Aa,Ab,Ac,Ae,Bb,Bc,Be,C,Cc,Ce,D,Da,Db,Dc,De,E,Ea,Ec,F,Ga,Gb,H,Ha,Hb,Hc,Ib,J,Jc,Je,K,Kb,Kc,Kd,L,Lb,Lc,M,Ma,Mb,Mc,Md,N,Na,Nc,Nd,O,Ob,Od,P,Pa,Pb,Pc,Pd,Q,Qd,R,Ra,Rd,Sb,Sc,Sd,T,Ta,Tb,Tc,Td,Ub,Uc,Ud,Vb,Vc,Vd,Wa,Wb,Wc,Wd,X,Xb,Xd,Y,Yb,Yc,Yd,Za,Zb,Zc,Zd",,,unknown,unknown,90,65,shared-automation-candidate,True,none,primary,secondary,"Automation component for ai; review for reusable script, workflow, deployment job, or infra automation.","exports:A, Aa, Ab, Ac, Ae, Bb, Bc, Be | automation-score:95 | logic-score:85 | observability-score:55 | security-score:55 | ai-score:45",a8fbbdf8a81c0888
3b955ea55a4e3a911bb868f2,mbarbine__Scripts,automation,"automation,logic",automation-config,ai,angular,angular,ansible/magento/magento2/repos/magento2/update/pub/js/lib/angular/angular.js,.js,0,,,,unknown,unknown,70,65,shared-automation-candidate,False,none,primary,secondary,"Automation component for ai; review for reusable script, workflow, deployment job, or infra automation.",automation-score:50 | logic-score:45,639ae4a954be9fd5
caca52ba80afbccf45a47a1f,mbarbine__Scripts,automation,automation,automation-config,ai,selection,selection,ansible/magento/magento2/repos/magento2/update/pub/fonts/icons/selection.json,.json,2326,,,,unknown,unknown,55,50,catalog-only,False,none,primary,none,"Automation component for ai; review for reusable script, workflow, deployment job, or infra automation.",automation-score:50,e18a946d9bd657b9
0f8d5f3d128ccee754e8f150,mbarbine__Scripts,automation,"automation,ai",automation-config,ai,landing,landing,ansible/magento/magento2/repos/magento2/setup/pub/magento/setup/landing.js,.js,18,,,,unknown,unknown,65,70,shared-automation-candidate,True,none,primary,none,"Automation component for ai; review for reusable script, workflow, deployment job, or infra automation.",automation-score:50 | ai-score:45,2b2816d54f3f2a8b
ea8270e4e7b3301863110c1b,mbarbine__Scripts,automation,"automation,observability,security",automation-config,ai,readiness-check,readiness-check,ansible/magento/magento2/repos/magento2/setup/pub/magento/setup/readiness-check.js,.js,363,,,,unknown,unknown,65,65,shared-automation-candidate,True,none,primary,none,"Automation component for ai; review for reusable script, workflow, deployment job, or infra automation.",automation-score:95 | observability-score:55 | security-score:55 | cron-or-schedule,a076d8e672aa8b14
ac17b771aee5e724f636f65f,mbarbine__Scripts,automation,automation,automation-config,ai,home,home,ansible/magento/magento2/repos/magento2/setup/pub/magento/setup/home.js,.js,10,,,,unknown,unknown,50,70,shared-automation-candidate,False,none,primary,none,"Automation component for ai; review for reusable script, workflow, deployment job, or infra automation.",automation-score:50,f04649c2eb95644d
42cd267dd5f349fab51fcf7f,mbarbine__Scripts,automation,automation,automation-config,ai,updater-success,updater-success,ansible/magento/magento2/repos/magento2/setup/pub/magento/setup/updater-success.js,.js,22,,,,unknown,unknown,55,70,shared-automation-candidate,False,none,primary,none,"Automation component for ai; review for reusable script, workflow, deployment job, or infra automation.",automation-score:50,25caf040242b5b69
ef339ab86127b9a18f595116,mbarbine__Scripts,automation,automation,automation-config,ai,data-option,data-option,ansible/magento/magento2/repos/magento2/setup/pub/magento/setup/data-option.js,.js,28,,,,unknown,unknown,55,70,shared-automation-candidate,False,none,primary,none,"Automation component for ai; review for reusable script, workflow, deployment job, or infra automation.",automation-score:50,78f4354cda06978d
bc82f829d3285c50d12e18b9,mbarbine__Scripts,automation,automation,automation-config,ai,start-updater,start-updater,ansible/magento/magento2/repos/magento2/setup/pub/magento/setup/start-updater.js,.js,57,,,,unknown,unknown,55,70,shared-automation-candidate,False,none,primary,none,"Automation component for ai; review for reusable script, workflow, deployment job, or infra automation.",automation-score:50,9646b9f20ce59c02
3ece9f858adb226d1f3cde31,mbarbine__Scripts,automation,"automation,ai",automation-config,ai,success,success,ansible/magento/magento2/repos/magento2/setup/pub/magento/setup/success.js,.js,31,,,,unknown,unknown,65,70,shared-automation-candidate,True,none,primary,none,"Automation component for ai; review for reusable script, workflow, deployment job, or infra automation.",automation-score:50 | ai-score:45,564e82f18aa1d02a
ff1461e35f3dc71effce35fa,mbarbine__Scripts,automation,"automation,observability",automation-config,observability,angular-sanitize.min,angular-sanitize-min,ansible/magento/magento2/repos/magento2/setup/pub/angular-sanitize/angular-sanitize.min.js,.js,14,"B,E,F",,,unknown,unknown,80,70,shared-automation-candidate,True,none,primary,none,"Automation component for observability; review for reusable script, workflow, deployment job, or infra automation.","exports:B, E, F | automation-score:95 | observability-score:55 | cron-or-schedule",32cc5a0f111c2e22
26ffecab38cf5964d364dd09,mbarbine__Scripts,automation,automation,automation-config,ai,angular-clickout.min,angular-clickout-min,ansible/magento/magento2/repos/magento2/setup/pub/angular-clickout/angular-clickout.min.js,.js,3,,,,unknown,unknown,50,65,shared-automation-candidate,False,none,primary,none,"Automation component for ai; review for reusable script, workflow, deployment job, or infra automation.",automation-score:50,497a4ba001af733a
7eb1fa7d2d429dbef65bd2e6,mbarbine__Scripts,automation,"automation,observability,security,ai",automation-config,ai,angular.min,angular-min,ansible/magento/magento2/repos/magento2/setup/pub/angular/angular.min.js,.js,212,"A,Aa,Ab,Ac,Ae,Bb,Bc,Be,C,Cc,Ce,D,Da,Db,Dc,De,E,Ea,Ec,F,Ga,Gb,H,Ha,Hb,Hc,Ib,J,Jc,Je,K,Kb,Kc,Kd,L,Lb,Lc,M,Ma,Mb,Mc,Md,N,Na,Nc,Nd,O,Ob,Od,P,Pa,Pb,Pc,Pd,Q,Qd,R,Ra,Rd,Sb,Sc,Sd,T,Ta,Tb,Tc,Td,Ub,Uc,Ud,Vb,Vc,Vd,Wa,Wb,Wc,Wd,X,Xb,Xd,Y,Yb,Yc,Yd,Za,Zb,Zc,Zd",,,unknown,unknown,80,65,shared-automation-candidate,True,none,primary,none,"Automation component for ai; review for reusable script, workflow, deployment job, or infra automation.","exports:A, Aa, Ab, Ac, Ae, Bb, Bc, Be | automation-score:95 | observability-score:55 | security-score:55 | ai-score:45",a8fbbdf8a81c0888
a5c91016b930571b17251112,mbarbine__Scripts,automation,automation,automation-config,ai,angular,angular,ansible/magento/magento2/repos/magento2/setup/pub/angular/angular.js,.js,0,,,,unknown,unknown,50,65,shared-automation-candidate,False,none,primary,none,"Automation component for ai; review for reusable script, workflow, deployment job, or infra automation.",automation-score:50,622bea999d127e21
edf8090fa4f199d78bd1769c,mbarbine__Scripts,automation,automation,automation-config,ai,selection,selection,ansible/magento/magento2/repos/magento2/setup/pub/fonts/icons/selection.json,.json,1785,,,,unknown,unknown,55,50,catalog-only,False,none,primary,none,"Automation component for ai; review for reusable script, workflow, deployment job, or infra automation.",automation-score:50,90090afc47a98343
f45dcbf7446b199ef6c7dc9e,mbarbine__Scripts,automation,"automation,logic",automation-config,ai,file,file,ansible/magento/magento2/repos/magento2/setup/src/Magento/Setup/Test/Unit/Module/I18n/Parser/Adapter/_files/file.js,.js,10,,,,unknown,unknown,60,70,shared-automation-candidate,False,none,primary,secondary,"Automation component for ai; review for reusable script, workflow, deployment job, or infra automation.",automation-score:50 | logic-score:45,09d071f232c563aa
7226e092f7a5d6d61c989f79,mbarbine__Scripts,automation,automation,automation-config,ai,file,file,ansible/magento/magento2/repos/magento2/setup/src/Magento/Setup/Test/Unit/Module/I18n/_files/files_collector/file.js,.js,10,,,,unknown,unknown,50,70,shared-automation-candidate,False,none,primary,none,"Automation component for ai; review for reusable script, workflow, deployment job, or infra automation.",automation-score:50,3adbdc14ca44ab97
339b1254e6e817449fbbba2b,mbarbine__Scripts,automation,"automation,logic,security",automation-config,ai,MutationObserver,mutation-observer,ansible/magento/magento2/repos/magento2/lib/web/MutationObserver.js,.js,568,"JsMutationObserver,MutationRecord,Registration",,,unknown,unknown,90,55,catalog-only,False,none,primary,secondary,"Automation component for ai; review for reusable script, workflow, deployment job, or infra automation.","exports:JsMutationObserver, MutationRecord, Registration | automation-score:95 | logic-score:85 | security-score:55",56d693166e10a3d4
6d68cfd437e0c7c0b16fc866,mbarbine__Scripts,automation,"automation,logic,security",automation-config,ai,FormData,form-data,ansible/magento/magento2/repos/magento2/lib/web/FormData.js,.js,98,FormData,,,unknown,unknown,90,70,shared-automation-candidate,True,none,primary,secondary,"Automation component for ai; review for reusable script, workflow, deployment job, or infra automation.",exports:FormData | automation-score:95 | logic-score:60 | security-score:55,8a1e00f340bf135c
eb15dfc3928911ae5dfdedf4,mbarbine__Scripts,automation,"automation,logic,observability,security",automation-config,observability,jquery,jquery,ansible/magento/magento2/repos/magento2/lib/web/jquery.js,.js,11008,"Animation,Sizzle,Tween"," + prev + ,invalid,jquery"," + prev + ,invalid,jquery",unknown,unknown,100,50,catalog-only,True,none,primary,secondary,"Automation component for observability; review for reusable script, workflow, deployment job, or infra automation.","exports:Animation, Sizzle, Tween | imports: + prev + , invalid, jquery | automation-score:95 | logic-score:85 | observability-score:55 | security-score:55",48a667d2873e87f3
b2fc9cf877c33b669e92c331,mbarbine__Scripts,automation,"automation,logic",automation-config,ai,bootstrap,bootstrap,ansible/magento/magento2/repos/magento2/lib/web/mage/bootstrap.js,.js,20,,,,unknown,unknown,75,70,shared-automation-candidate,False,none,primary,secondary,"Automation component for ai; review for reusable script, workflow, deployment job, or infra automation.",automation-score:50 | logic-score:45,aade9044f27a51e6
f05b984aea08dd4ca5533614,mbarbine__Scripts,automation,"automation,logic",automation-config,ai,item-table,item-table,ansible/magento/magento2/repos/magento2/lib/web/mage/item-table.js,.js,134,,,,unknown,unknown,75,70,shared-automation-candidate,True,none,primary,secondary,"Automation component for ai; review for reusable script, workflow, deployment job, or infra automation.",automation-score:95 | logic-score:60,3223f5ba72427052
24a1e9a7d9c1e572fc2faeae,mbarbine__Scripts,automation,"automation,logic,ai",automation-config,ai,validation,validation,ansible/magento/magento2/repos/magento2/lib/web/mage/validation.js,.js,1564,,,,unknown,unknown,75,50,catalog-only,True,none,primary,secondary,"Automation component for ai; review for reusable script, workflow, deployment job, or infra automation.",automation-score:95 | logic-score:85 | ai-score:45,056dfbdb5734befe
60975c7f04d6225672f29d9c,mbarbine__Scripts,automation,"automation,logic",automation-config,ai,common,common,ansible/magento/magento2/repos/magento2/lib/web/mage/common.js,.js,14,,,,unknown,unknown,75,70,shared-automation-candidate,False,none,primary,secondary,"Automation component for ai; review for reusable script, workflow, deployment job, or infra automation.",automation-score:50 | logic-score:45,dada11ac9381d8ee
e26750910f38cc43d35ff60a,mbarbine__Scripts,automation,"automation,logic,ui,backend,observability,security",ui-primitive,ai,form,form,ansible/magento/magento2/repos/magento2/lib/web/mage/backend/form.js,.js,194,,,,unknown,unknown,75,95,shared-automation-candidate,False,none,primary,secondary,"Automation component for ai; review for reusable script, workflow, deployment job, or infra automation.",automation-score:95 | logic-score:85 | ui-score:70 | backend-score:55 | observability-score:55 | security-score:55,445ef513d9911e1a
848cd890064934d8d87cea87,mbarbine__Scripts,automation,"automation,logic,backend,observability,security",automation-config,ai,menu,menu,ansible/magento/magento2/repos/magento2/lib/web/mage/backend/menu.js,.js,622,,,,unknown,unknown,75,55,catalog-only,True,none,primary,secondary,"Automation component for ai; review for reusable script, workflow, deployment job, or infra automation.",automation-score:95 | logic-score:85 | backend-score:55 | observability-score:55 | security-score:55,feea5eae43f2cb77
0cac8619e29ae66c32516f25,mbarbine__Scripts,automation,"automation,logic,observability,security",automation-config,observability,grid,grid,ansible/magento/magento2/repos/magento2/lib/web/mage/adminhtml/grid.js,.js,1004,,,,unknown,unknown,75,50,catalog-only,True,none,primary,secondary,"Automation component for observability; review for reusable script, workflow, deployment job, or infra automation.",automation-score:95 | logic-score:85 | observability-score:55 | security-score:55,9a2b47a775a0a8e9
b502e811c02bc468a900f407,mbarbine__Scripts,automation,"automation,logic,observability,security",automation-config,observability,setup,setup,ansible/magento/magento2/repos/magento2/lib/web/mage/adminhtml/wysiwyg/tiny_mce/setup.js,.js,426,,,,unknown,unknown,75,65,shared-automation-candidate,True,none,primary,secondary,"Automation component for observability; review for reusable script, workflow, deployment job, or infra automation.",automation-score:95 | logic-score:85 | observability-score:55 | security-score:55 | cron-or-schedule,731e65c745d0dd09
75d5ed02a50f5d2595a3574c,mbarbine__Scripts,automation,"automation,logic,backend,observability,security,ai",automation-config,observability,html5-schema,html5-schema,ansible/magento/magento2/repos/magento2/lib/web/mage/adminhtml/wysiwyg/tiny_mce/html5-schema.js,.js,204,,,,unknown,unknown,75,65,shared-automation-candidate,True,none,primary,secondary,"Automation component for observability; review for reusable script, workflow, deployment job, or infra automation.",automation-score:95 | logic-score:85 | backend-score:55 | observability-score:55 | security-score:55 | ai-score:45,710f6a858e732da5
a0b82b09d77e83dfac92dcd6,mbarbine__Scripts,automation,"automation,logic,observability,security",automation-config,observability,jquery.details,jquery-details,ansible/magento/magento2/repos/magento2/lib/web/jquery/jquery.details.js,.js,127,,,,unknown,unknown,75,70,shared-automation-candidate,True,none,primary,secondary,"Automation component for observability; review for reusable script, workflow, deployment job, or infra automation.",automation-score:95 | logic-score:85 | observability-score:55 | security-score:55,5654a16b18e087c6
76ed555e236eccab8ee2162b,mbarbine__Scripts,automation,"automation,logic",automation-config,ai,jquery.min,jquery-min,ansible/magento/magento2/repos/magento2/lib/web/jquery/jquery.min.js,.js,5,"Ca,Cb,Da,Ea,F,Fa,Ga,H,Ha,Ia,J,K,La,Ma,P,Q,R,S,Tb,Ua,Ub,Vb,Wb,X,Xb,Yb,Zb",+i+,+i+,unknown,unknown,95,65,shared-automation-candidate,True,none,primary,secondary,"Automation component for ai; review for reusable script, workflow, deployment job, or infra automation.","exports:Ca, Cb, Da, Ea, F, Fa, Ga, H | imports:+i+ | automation-score:95 | logic-score:85",ad4761663a8f66e1
05e6dd83bec2ef7020035c2f,mbarbine__Scripts,automation,"automation,logic,observability",automation-config,observability,jquery-migrate,jquery-migrate,ansible/magento/magento2/repos/magento2/lib/web/jquery/jquery-migrate.js,.js,521,,,,unknown,unknown,75,55,catalog-only,True,none,primary,secondary,"Automation component for observability; review for reusable script, workflow, deployment job, or infra automation.",automation-score:95 | logic-score:85 | observability-score:55,58564bc237b683f4
aa9b813d728f69e69fd1c6f1,mbarbine__Scripts,automation,"automation,logic,observability,security",automation-config,observability,jquery-ui-1.9.2,jquery-ui-1-9-2,ansible/magento/magento2/repos/magento2/lib/web/jquery/jquery-ui-1.9.2.js,.js,14933,Datepicker,,,unknown,unknown,90,50,catalog-only,True,none,primary,secondary,"Automation component for observability; review for reusable script, workflow, deployment job, or infra automation.",exports:Datepicker | automation-score:95 | logic-score:85 | observability-score:55 | security-score:55,ad16373edfe199f6
fd5b29e039c86a86fa9caaee,mbarbine__Scripts,automation,"automation,logic",automation-config,ai,jquery.mobile.custom,jquery-mobile-custom,ansible/magento/magento2/repos/magento2/lib/web/jquery/jquery.mobile.custom.js,.js,864,,,,unknown,unknown,75,50,catalog-only,True,none,primary,secondary,"Automation component for ai; review for reusable script, workflow, deployment job, or infra automation.",automation-score:95 | logic-score:85,9db31879ca8d48cd
64fd2639b689c68a0b3867dc,mbarbine__Scripts,automation,"automation,logic,observability,security",automation-config,observability,jquery-ui,jquery-ui,ansible/magento/magento2/repos/magento2/lib/web/jquery/jquery-ui.js,.js,15041,Datepicker,,,unknown,unknown,90,50,catalog-only,True,none,primary,secondary,"Automation component for observability; review for reusable script, workflow, deployment job, or infra automation.",exports:Datepicker | automation-score:95 | logic-score:85 | observability-score:55 | security-score:55,f836d93095919895
ff4b1d9eebb4e94a8b42171b,mbarbine__Scripts,automation,"automation,logic",automation-config,ai,prototype-amd,prototype-amd,ansible/magento/magento2/repos/magento2/lib/web/prototype/prototype-amd.js,.js,0,,,,unknown,unknown,70,65,shared-automation-candidate,False,none,primary,secondary,"Automation component for ai; review for reusable script, workflow, deployment job, or infra automation.",automation-score:50 | logic-score:45,1325255b0f1b127f
cba0fbd441512eb7b2146970,mbarbine__Scripts,automation,"automation,logic,observability,security,ai",automation-config,ai,modernizr,modernizr,ansible/magento/magento2/repos/magento2/lib/web/modernizr/modernizr.js,.js,1384,,,,unknown,unknown,75,50,catalog-only,True,none,primary,secondary,"Automation component for ai; review for reusable script, workflow, deployment job, or infra automation.",automation-score:95 | logic-score:85 | observability-score:55 | security-score:55 | ai-score:45,b8b26377c20a71b7
c4b29b30f778e9010e49604f,mbarbine__Scripts,automation,"automation,logic,observability,security,ai",automation-config,observability,ext-tree-checkbox,ext-tree-checkbox,ansible/magento/magento2/repos/magento2/lib/web/extjs/ext-tree-checkbox.js,.js,312,Ext,,,unknown,unknown,90,65,shared-automation-candidate,True,none,primary,secondary,"Automation component for observability; review for reusable script, workflow, deployment job, or infra automation.",exports:Ext | automation-score:95 | logic-score:85 | observability-score:55 | security-score:55 | ai-score:45,478ae9a23cebbb6a
7d0b827e1f9be100205a45c2,mbarbine__Scripts,automation,"automation,logic,security",automation-config,ai,ext-tree,ext-tree,ansible/magento/magento2/repos/magento2/lib/web/extjs/ext-tree.js,.js,242,,,,unknown,unknown,75,65,shared-automation-candidate,True,none,primary,secondary,"Automation component for ai; review for reusable script, workflow, deployment job, or infra automation.",automation-score:95 | logic-score:85 | security-score:55,ef20dc8084c9f1b5
b856417d0c98b92057542ddd,mbarbine__Scripts,automation,"automation,logic",automation-config,ai,defaults,defaults,ansible/magento/magento2/repos/magento2/lib/web/extjs/defaults.js,.js,13,,,,unknown,unknown,75,70,shared-automation-candidate,False,none,primary,secondary,"Automation component for ai; review for reusable script, workflow, deployment job, or infra automation.",automation-score:50 | logic-score:45,1a637f6f6840ca77
06fb9476ce6f50490c112d84,mbarbine__Scripts,automation,"automation,logic,observability",automation-config,observability,builder,builder,ansible/magento/magento2/repos/magento2/lib/web/scriptaculous/builder.js,.js,136,,,,unknown,unknown,75,70,shared-automation-candidate,False,none,primary,secondary,"Automation component for observability; review for reusable script, workflow, deployment job, or infra automation.",automation-score:95 | logic-score:85 | observability-score:55 | cron-or-schedule,8a2e4f92cba8509d
6041216b073f75346555d965,mbarbine__Scripts,automation,"automation,logic",automation-config,ai,selection,selection,ansible/magento/magento2/repos/magento2/lib/web/fonts/Blank-Theme-Icons/selection.json,.json,1102,,,,unknown,unknown,75,50,catalog-only,False,none,primary,secondary,"Automation component for ai; review for reusable script, workflow, deployment job, or infra automation.",automation-score:50 | logic-score:45,d832ab2ea4b8441d
3c9d91b952434001c422aed6,mbarbine__Scripts,automation,"automation,logic,observability",automation-config,observability,knockout-fast-foreach,knockout-fast-foreach,ansible/magento/magento2/repos/magento2/lib/web/knockoutjs/knockout-fast-foreach.js,.js,331,FastForEach,knockout,knockout,unknown,unknown,100,65,shared-automation-candidate,True,none,primary,secondary,"Automation component for observability; review for reusable script, workflow, deployment job, or infra automation.",exports:FastForEach | imports:knockout | automation-score:95 | logic-score:85 | observability-score:55,5f15829a65a1dcfd
d632f2b9a0295c05bfce4eb6,mbarbine__Scripts,automation,"automation,logic,observability",automation-config,observability,tiny_mce_jquery_src,tiny-mce-jquery-src,ansible/magento/magento2/repos/magento2/lib/web/tiny_mce/tiny_mce_jquery_src.js,.js,15902,"Node,Range,Selection",,,unknown,unknown,90,50,catalog-only,True,none,primary,secondary,"Automation component for observability; review for reusable script, workflow, deployment job, or infra automation.","exports:Node, Range, Selection | automation-score:95 | logic-score:85 | observability-score:55 | cron-or-schedule",3d24db02c2ab3106
881ba29124a6bf80dc72f916,mbarbine__Scripts,automation,"automation,logic,observability,security",automation-config,observability,tiny_mce_prototype_src,tiny-mce-prototype-src,ansible/magento/magento2/repos/magento2/lib/web/tiny_mce/tiny_mce_prototype_src.js,.js,16752,"Node,Range,Selection",,,unknown,unknown,90,50,catalog-only,True,none,primary,secondary,"Automation component for observability; review for reusable script, workflow, deployment job, or infra automation.","exports:Node, Range, Selection | automation-score:95 | logic-score:85 | observability-score:55 | security-score:55 | cron-or-schedule",a12c224fa385296d
68486f316fd68daa8a9f26fa,mbarbine__Scripts,automation,"automation,logic,observability,security",automation-config,observability,tiny_mce_src,tiny-mce-src,ansible/magento/magento2/repos/magento2/lib/web/tiny_mce/tiny_mce_src.js,.js,16726,"Node,Range,Selection",,,unknown,unknown,90,50,catalog-only,True,none,primary,secondary,"Automation component for observability; review for reusable script, workflow, deployment job, or infra automation.","exports:Node, Range, Selection | automation-score:95 | logic-score:85 | observability-score:55 | security-score:55 | cron-or-schedule",36e42e421e7fa172
bc61899811495259d65b188b,mbarbine__Scripts,automation,"automation,logic,observability,security",automation-config,ai,tiny_mce_prototype,tiny-mce-prototype,ansible/magento/magento2/repos/magento2/lib/web/tiny_mce/tiny_mce_prototype.js,.js,1,"A,B,C,D,F,G,H,I,J,K,L,M,N,O,P,Q,S,T,V,W,X,Y,Z",,,unknown,unknown,85,65,shared-automation-candidate,False,none,primary,secondary,"Automation component for ai; review for reusable script, workflow, deployment job, or infra automation.","exports:A, B, C, D, F, G, H, I | automation-score:95 | logic-score:85 | observability-score:55 | security-score:55 | cron-or-schedule",723c4b64c61cf724
377c4a014062a3718bf4300a,mbarbine__Scripts,automation,"automation,logic,observability,security",automation-config,ai,tiny_mce,tiny-mce,ansible/magento/magento2/repos/magento2/lib/web/tiny_mce/tiny_mce.js,.js,1,"A,B,C,D,F,G,H,I,J,K,L,M,N,O,P,Q,S,T,V,W,X,Y,Z",,,unknown,unknown,85,65,shared-automation-candidate,False,none,primary,secondary,"Automation component for ai; review for reusable script, workflow, deployment job, or infra automation.","exports:A, B, C, D, F, G, H, I | automation-score:95 | logic-score:85 | observability-score:55 | security-score:55 | cron-or-schedule",9991c1317b9e7922
fa80038c7f2c4257f4fe2081,mbarbine__Scripts,automation,"automation,logic,observability,security",automation-config,observability,tiny_mce_jquery,tiny-mce-jquery,ansible/magento/magento2/repos/magento2/lib/web/tiny_mce/tiny_mce_jquery.js,.js,1,"A,B,C,D,F,G,H,I,J,K,L,M,N,O,P,Q,S,T,V,W,X,Y,Z",,,unknown,unknown,85,65,shared-automation-candidate,False,none,primary,secondary,"Automation component for observability; review for reusable script, workflow, deployment job, or infra automation.","exports:A, B, C, D, F, G, H, I | automation-score:95 | logic-score:85 | observability-score:55 | security-score:55 | cron-or-schedule",e8eacdca4ff254dc
b2f4dddfd4a706e5d5dc7f04,mbarbine__Scripts,automation,"automation,logic,observability,security",automation-config,observability,tinymce,tinymce,ansible/magento/magento2/repos/magento2/lib/web/tiny_mce/classes/tinymce.js,.js,869,,,,unknown,unknown,75,50,catalog-only,True,none,primary,secondary,"Automation component for observability; review for reusable script, workflow, deployment job, or infra automation.",automation-score:95 | logic-score:85 | observability-score:55 | security-score:55,13afdd4485ee2d0d
0ff2fd18321cc5564fccae1c,mbarbine__Scripts,automation,"automation,logic,ui,security",ui-primitive,ai,KeyboardNavigation,keyboard-navigation,ansible/magento/magento2/repos/magento2/lib/web/tiny_mce/classes/ui/KeyboardNavigation.js,.js,183,,,,unknown,unknown,75,95,shared-automation-candidate,False,none,primary,secondary,"Automation component for ai; review for reusable script, workflow, deployment job, or infra automation.",automation-score:95 | logic-score:85 | ui-score:70 | security-score:55,8a8a7442888290b4
9dd9f7f008a502656ca78886,mbarbine__Scripts,automation,"automation,logic,observability",automation-config,ai,XHR,xhr,ansible/magento/magento2/repos/magento2/lib/web/tiny_mce/classes/util/XHR.js,.js,88,,,,unknown,unknown,75,70,shared-automation-candidate,True,none,primary,secondary,"Automation component for ai; review for reusable script, workflow, deployment job, or infra automation.",automation-score:95 | logic-score:85 | observability-score:55 | cron-or-schedule,eeb40e411c4d761d
103ebeb3de9a2ac046809a32,mbarbine__Scripts,automation,"automation,logic,observability",automation-config,observability,DomParser,dom-parser,ansible/magento/magento2/repos/magento2/lib/web/tiny_mce/classes/html/DomParser.js,.js,577,,,,unknown,unknown,75,55,catalog-only,True,none,primary,secondary,"Automation component for observability; review for reusable script, workflow, deployment job, or infra automation.",automation-score:95 | logic-score:85 | observability-score:55,4df66666351b1332
c6f4f4af0083287d7d5371c8,mbarbine__Scripts,automation,"automation,logic",automation-config,ai,Entities,entities,ansible/magento/magento2/repos/magento2/lib/web/tiny_mce/classes/html/Entities.js,.js,253,,,,unknown,unknown,75,65,shared-automation-candidate,True,none,primary,secondary,"Automation component for ai; review for reusable script, workflow, deployment job, or infra automation.",automation-score:95 | logic-score:85 | cron-or-schedule,e18d2da279d29d83
d4ff7f81393e4e3a39860009,mbarbine__Scripts,automation,"automation,logic,backend,observability,security,ai",automation-config,observability,Schema,schema,ansible/magento/magento2/repos/magento2/lib/web/tiny_mce/classes/html/Schema.js,.js,663,,,,unknown,unknown,75,55,catalog-only,True,none,primary,secondary,"Automation component for observability; review for reusable script, workflow, deployment job, or infra automation.",automation-score:95 | logic-score:85 | backend-score:55 | observability-score:55 | security-score:55 | ai-score:45 | cron-or-schedule,d5a30397ebba3284
6b3e0445d536ed9f70303ee9,mbarbine__Scripts,automation,"automation,logic,security",automation-config,ai,Element,element,ansible/magento/magento2/repos/magento2/lib/web/tiny_mce/classes/dom/Element.js,.js,195,,,,unknown,unknown,75,70,shared-automation-candidate,False,none,primary,secondary,"Automation component for ai; review for reusable script, workflow, deployment job, or infra automation.",automation-score:95 | logic-score:85 | security-score:55,e9870e8cc2193437
75027d94512d6cc5840f3614,mbarbine__Scripts,automation,"automation,logic,observability,ai",automation-config,ai,DOMUtils,domutils,ansible/magento/magento2/repos/magento2/lib/web/tiny_mce/classes/dom/DOMUtils.js,.js,1876,,,,unknown,unknown,75,50,catalog-only,True,none,primary,secondary,"Automation component for ai; review for reusable script, workflow, deployment job, or infra automation.",automation-score:95 | logic-score:85 | observability-score:55 | ai-score:45,e88728f5c14c4db5
0096d61f530d0eb76cd2d598,mbarbine__Scripts,automation,"automation,logic,observability,security",automation-config,observability,editor_plugin_src,editor-plugin-src,ansible/magento/magento2/repos/magento2/lib/web/tiny_mce/plugins/legacyoutput/editor_plugin_src.js,.js,139,,,,unknown,unknown,75,70,shared-automation-candidate,True,none,primary,secondary,"Automation component for observability; review for reusable script, workflow, deployment job, or infra automation.",automation-score:95 | logic-score:85 | observability-score:55 | security-score:55,c6a0e6c2882ed12f
145ce1f8bd27856a64f61b64,mbarbine__Scripts,automation,"automation,logic",automation-config,ai,en_dlg,en-dlg,ansible/magento/magento2/repos/magento2/lib/web/tiny_mce/plugins/example/langs/en_dlg.js,.js,3,,,,unknown,unknown,70,65,shared-automation-candidate,False,none,primary,secondary,"Automation component for ai; review for reusable script, workflow, deployment job, or infra automation.",automation-score:50 | logic-score:45,9929be48918f1280
479af86e81b08d4776f3ad91,mbarbine__Scripts,automation,"automation,logic",automation-config,ai,en,en,ansible/magento/magento2/repos/magento2/lib/web/tiny_mce/plugins/example/langs/en.js,.js,3,,,,unknown,unknown,70,65,shared-automation-candidate,False,none,primary,secondary,"Automation component for ai; review for reusable script, workflow, deployment job, or infra automation.",automation-score:50 | logic-score:45,a145086c197028a5
67712065f3eb62cab1a22d31,mbarbine__Scripts,automation,"automation,logic",automation-config,ai,en_dlg,en-dlg,ansible/magento/magento2/repos/magento2/lib/web/tiny_mce/plugins/template/langs/en_dlg.js,.js,1,,,,unknown,unknown,70,65,shared-automation-candidate,True,none,primary,secondary,"Automation component for ai; review for reusable script, workflow, deployment job, or infra automation.",automation-score:50 | logic-score:45,d8546fec75de5d15
ac6d0e9a79cd5605f60f7e24,mbarbine__Scripts,automation,"automation,logic",automation-config,ai,en_dlg,en-dlg,ansible/magento/magento2/repos/magento2/lib/web/tiny_mce/plugins/searchreplace/langs/en_dlg.js,.js,1,,,,unknown,unknown,70,65,shared-automation-candidate,True,none,primary,secondary,"Automation component for ai; review for reusable script, workflow, deployment job, or infra automation.",automation-score:50 | logic-score:45,8ff853ecde3a698c
bc12e1587bb6740fee0cd761,mbarbine__Scripts,automation,"automation,logic",automation-config,ai,en_dlg,en-dlg,ansible/magento/magento2/repos/magento2/lib/web/tiny_mce/plugins/style/langs/en_dlg.js,.js,1,,,,unknown,unknown,70,65,shared-automation-candidate,False,none,primary,secondary,"Automation component for ai; review for reusable script, workflow, deployment job, or infra automation.",automation-score:50 | logic-score:45,b5effdf8ec9d8c66
3412a9ae241dc0e6c26717ff,mbarbine__Scripts,automation,"automation,logic,security",automation-config,ai,editor_plugin,editor-plugin,ansible/magento/magento2/repos/magento2/lib/web/tiny_mce/plugins/xhtmlxtras/editor_plugin.js,.js,1,,,,unknown,unknown,70,65,shared-automation-candidate,True,none,primary,secondary,"Automation component for ai; review for reusable script, workflow, deployment job, or infra automation.",automation-score:95 | logic-score:70 | security-score:55 | cron-or-schedule,d97af2e103bd8000
e3e3bc06aae38d4ef4e2b4ea,mbarbine__Scripts,automation,"automation,logic,security",automation-config,ai,editor_plugin_src,editor-plugin-src,ansible/magento/magento2/repos/magento2/lib/web/tiny_mce/plugins/xhtmlxtras/editor_plugin_src.js,.js,132,,,,unknown,unknown,75,70,shared-automation-candidate,True,none,primary,secondary,"Automation component for ai; review for reusable script, workflow, deployment job, or infra automation.",automation-score:95 | logic-score:85 | security-score:55 | cron-or-schedule,991762afc8a99882
630e7920760ce0411a4bcf85,mbarbine__Scripts,automation,"automation,observability,logic",scheduled-job,observability,acronym,acronym,ansible/magento/magento2/repos/magento2/lib/web/tiny_mce/plugins/xhtmlxtras/js/acronym.js,.js,28,,,,unknown,unknown,75,70,shared-automation-candidate,True,none,primary,secondary,"Automation component for observability; review for reusable script, workflow, deployment job, or infra automation.",automation-score:95 | observability-score:55 | logic-score:45 | cron-or-schedule,f60dbace41a1240e
a11a9ad51dadce7a9e13e77c,mbarbine__Scripts,automation,"automation,security,logic",automation-config,ai,en_dlg,en-dlg,ansible/magento/magento2/repos/magento2/lib/web/tiny_mce/plugins/xhtmlxtras/langs/en_dlg.js,.js,1,,,,unknown,unknown,70,65,shared-automation-candidate,False,none,primary,secondary,"Automation component for ai; review for reusable script, workflow, deployment job, or infra automation.",automation-score:95 | security-score:55 | logic-score:45 | cron-or-schedule,328f2092746d07c1
2fbc393c7df9e6c21db349b3,mbarbine__Scripts,automation,"automation,logic,observability,security",automation-config,observability,editor_plugin_src,editor-plugin-src,ansible/magento/magento2/repos/magento2/lib/web/tiny_mce/plugins/autosave/editor_plugin_src.js,.js,431,,,,unknown,unknown,75,65,shared-automation-candidate,True,none,primary,secondary,"Automation component for observability; review for reusable script, workflow, deployment job, or infra automation.",automation-score:95 | logic-score:85 | observability-score:55 | security-score:55,800b9006a0bd8c96
59c11395a227cfef629a1a5d,mbarbine__Scripts,automation,"automation,logic",automation-config,ai,en,en,ansible/magento/magento2/repos/magento2/lib/web/tiny_mce/plugins/autosave/langs/en.js,.js,4,,,,unknown,unknown,70,65,shared-automation-candidate,True,none,primary,secondary,"Automation component for ai; review for reusable script, workflow, deployment job, or infra automation.",automation-score:50 | logic-score:45,da441d2322437a9e
8bcd37eeb0a4ede0d414758e,mbarbine__Scripts,automation,"automation,logic",automation-config,ai,en_dlg,en-dlg,ansible/magento/magento2/repos/magento2/lib/web/tiny_mce/plugins/table/langs/en_dlg.js,.js,1,,,,unknown,unknown,70,65,shared-automation-candidate,True,none,primary,secondary,"Automation component for ai; review for reusable script, workflow, deployment job, or infra automation.",automation-score:50 | logic-score:45,ec2ab9007924a25b
8b0f7413b2d2b80ec53d63c7,mbarbine__Scripts,automation,"automation,logic",automation-config,ai,embed,embed,ansible/magento/magento2/repos/magento2/lib/web/tiny_mce/plugins/preview/jscripts/embed.js,.js,73,,,,unknown,unknown,75,70,shared-automation-candidate,False,none,primary,secondary,"Automation component for ai; review for reusable script, workflow, deployment job, or infra automation.",automation-score:50 | logic-score:45,1eefbb61369d4b79
ac893610c7c3df5a9a20607b,mbarbine__Scripts,automation,"automation,logic,observability,security",automation-config,observability,editor_plugin_src,editor-plugin-src,ansible/magento/magento2/repos/magento2/lib/web/tiny_mce/plugins/paste/editor_plugin_src.js,.js,871,,,,unknown,unknown,75,50,catalog-only,True,none,primary,secondary,"Automation component for observability; review for reusable script, workflow, deployment job, or infra automation.",automation-score:95 | logic-score:85 | observability-score:55 | security-score:55,b9c542b9c3b5621f
24137799211f749a8fec6136,mbarbine__Scripts,automation,"automation,logic",automation-config,ai,embed,embed,ansible/magento/magento2/repos/magento2/lib/web/tiny_mce/plugins/media/js/embed.js,.js,73,,,,unknown,unknown,75,70,shared-automation-candidate,False,none,primary,secondary,"Automation component for ai; review for reusable script, workflow, deployment job, or infra automation.",automation-score:50 | logic-score:45,1eefbb61369d4b79
b8c2a8cdbfe5d43ffbd5615b,mbarbine__Scripts,automation,"automation,logic",automation-config,ai,en_dlg,en-dlg,ansible/magento/magento2/repos/magento2/lib/web/tiny_mce/plugins/emotions/langs/en_dlg.js,.js,1,,,,unknown,unknown,70,65,shared-automation-candidate,False,none,primary,secondary,"Automation component for ai; review for reusable script, workflow, deployment job, or infra automation.",automation-score:50 | logic-score:45,1de49dce2654a4f4
2dd01374843a3d1dd8bc838a,mbarbine__Scripts,automation,"automation,logic",automation-config,ai,en_dlg,en-dlg,ansible/magento/magento2/repos/magento2/lib/web/tiny_mce/plugins/advhr/langs/en_dlg.js,.js,1,,,,unknown,unknown,70,65,shared-automation-candidate,False,none,primary,secondary,"Automation component for ai; review for reusable script, workflow, deployment job, or infra automation.",automation-score:50 | logic-score:45,344a2125aced4684
1035e4960bb8488a08360d8c,mbarbine__Scripts,automation,"automation,security,logic",automation-config,ai,en,en,ansible/magento/magento2/repos/magento2/lib/web/tiny_mce/langs/en.js,.js,1,,,,unknown,unknown,70,65,shared-automation-candidate,True,none,primary,secondary,"Automation component for ai; review for reusable script, workflow, deployment job, or infra automation.",automation-score:95 | security-score:55 | logic-score:45 | cron-or-schedule,1c4cc974406bfe7a
2f04964b862496c34252d3d6,mbarbine__Scripts,automation,"automation,logic,observability,security,ai",automation-config,observability,editor_template_src,editor-template-src,ansible/magento/magento2/repos/magento2/lib/web/tiny_mce/themes/advanced/editor_template_src.js,.js,1362,,,,unknown,unknown,75,50,catalog-only,True,none,primary,secondary,"Automation component for observability; review for reusable script, workflow, deployment job, or infra automation.",automation-score:95 | logic-score:85 | observability-score:55 | security-score:55 | ai-score:45,43dcec14663478ce
b5d6a3d2adc4abfd938834e0,mbarbine__Scripts,automation,"automation,logic",automation-config,ai,source_editor,source-editor,ansible/magento/magento2/repos/magento2/lib/web/tiny_mce/themes/advanced/js/source_editor.js,.js,56,,,,unknown,unknown,75,70,shared-automation-candidate,True,none,primary,secondary,"Automation component for ai; review for reusable script, workflow, deployment job, or infra automation.",automation-score:50 | logic-score:45,e037b683b73902fc
b32be98e1b500c1b5179776e,mbarbine__Scripts,automation,"automation,logic,observability,security",automation-config,observability,charmap,charmap,ansible/magento/magento2/repos/magento2/lib/web/tiny_mce/themes/advanced/js/charmap.js,.js,363,,,,unknown,unknown,75,65,shared-automation-candidate,True,none,primary,secondary,"Automation component for observability; review for reusable script, workflow, deployment job, or infra automation.",automation-score:95 | logic-score:85 | observability-score:55 | security-score:55 | cron-or-schedule,a522da0745d388c9
6873912796af1c0acddbd712,mbarbine__Scripts,automation,"automation,logic",automation-config,ai,en,en,ansible/magento/magento2/repos/magento2/lib/web/tiny_mce/themes/simple/langs/en.js,.js,1,,,,unknown,unknown,70,65,shared-automation-candidate,False,none,primary,secondary,"Automation component for ai; review for reusable script, workflow, deployment job, or infra automation.",automation-score:50 | logic-score:45,06f4c1c6c7567ae4
f26938eaf00edb16dd80df4e,mbarbine__Scripts,automation,automation,automation-config,ai,dynamicReturnTypeMeta,dynamic-return-type-meta,ansible/magento/magento2/repos/magento2/dev/tools/dynamicReturnTypeMeta.json,.json,14,,,,unknown,unknown,55,70,shared-automation-candidate,False,none,primary,none,"Automation component for ai; review for reusable script, workflow, deployment job, or infra automation.",automation-score:50,2b6d9ebacc0b7ea8
33fa89d01ff6c49e0db41113,mbarbine__Scripts,automation,automation,script,ai,phpcs_precommit_hook,phpcs-precommit-hook,ansible/magento/magento2/repos/magento2/dev/tools/Magento/Tools/psr/phpcs_precommit_hook.sh,.sh,103,,,,unknown,unknown,55,95,shared-automation-candidate,True,none,primary,none,"Automation component for ai; review for reusable script, workflow, deployment job, or infra automation.",automation-score:130,aaed9200dd831f6e
33b217682f02246a95d33cc8,mbarbine__Scripts,automation,automation,automation-config,ai,black-list-generator,black-list-generator,ansible/magento/magento2/repos/magento2/dev/tools/grunt/tasks/black-list-generator.js,.js,26,,"../configs/path,../tools/fs-tools.js,fs,glob,path","fs,glob,path",unknown,unknown,65,70,shared-automation-candidate,True,none,primary,none,"Automation component for ai; review for reusable script, workflow, deployment job, or infra automation.","imports:../configs/path, ../tools/fs-tools.js, fs, glob, path | automation-score:50",75439064e51ba91f
82dfbfbc5a1ee0b263aafac9,mbarbine__Scripts,automation,automation,automation-config,ai,clean-black-list,clean-black-list,ansible/magento/magento2/repos/magento2/dev/tools/grunt/tasks/clean-black-list.js,.js,30,,"../configs/path,../tools/fs-tools,fs,glob,underscore","fs,glob,underscore",unknown,unknown,65,70,shared-automation-candidate,True,none,primary,none,"Automation component for ai; review for reusable script, workflow, deployment job, or infra automation.","imports:../configs/path, ../tools/fs-tools, fs, glob, underscore | automation-score:50",303fe67147a25e7e
acd60748e566a39fd6a5bd09,mbarbine__Scripts,automation,automation,automation-config,ai,static,static,ansible/magento/magento2/repos/magento2/dev/tools/grunt/tasks/static.js,.js,36,,"../configs/path,../tools/collect-validation-files,fs",fs,unknown,unknown,65,70,shared-automation-candidate,False,none,primary,none,"Automation component for ai; review for reusable script, workflow, deployment job, or infra automation.","imports:../configs/path, ../tools/collect-validation-files, fs | automation-score:50",71ddc1bc56c21cd0
a92b5e5bdafb758c750e23e1,mbarbine__Scripts,automation,automation,automation-config,ai,mage-minify,mage-minify,ansible/magento/magento2/repos/magento2/dev/tools/grunt/configs/mage-minify.json,.json,22,,,,unknown,unknown,55,70,shared-automation-candidate,False,none,primary,none,"Automation component for ai; review for reusable script, workflow, deployment job, or infra automation.",automation-score:50,3829f775f7830f8f
a2dd3bd56257cf915c46e399,mbarbine__Scripts,automation,automation,automation-config,ai,exec,exec,ansible/magento/magento2/repos/magento2/dev/tools/grunt/configs/exec.js,.js,38,,"./combo,./themes,underscore",underscore,unknown,unknown,65,70,shared-automation-candidate,True,none,primary,none,"Automation component for ai; review for reusable script, workflow, deployment job, or infra automation.","imports:./combo, ./themes, underscore | automation-score:50",1c58e2c7d134ba95
83a2c30cfa25065d4d0a2c31,mbarbine__Scripts,automation,automation,automation-config,ai,eslint,eslint,ansible/magento/magento2/repos/magento2/dev/tools/grunt/configs/eslint.js,.js,27,,,,unknown,unknown,55,70,shared-automation-candidate,False,none,primary,none,"Automation component for ai; review for reusable script, workflow, deployment job, or infra automation.",automation-score:50,866e8cefa4ae7c9b
e9ac64434eeba7a0967b0e9f,mbarbine__Scripts,automation,automation,automation-config,ai,concat,concat,ansible/magento/magento2/repos/magento2/dev/tools/grunt/configs/concat.json,.json,10,,,,unknown,unknown,50,70,shared-automation-candidate,False,none,primary,none,"Automation component for ai; review for reusable script, workflow, deployment job, or infra automation.",automation-score:50,5e8cf140154c54fd
b7973a09e15f7fc9f5005246,mbarbine__Scripts,automation,automation,automation-config,ai,themes,themes,ansible/magento/magento2/repos/magento2/dev/tools/grunt/configs/themes.js,.js,54,,,,unknown,unknown,55,70,shared-automation-candidate,False,none,primary,none,"Automation component for ai; review for reusable script, workflow, deployment job, or infra automation.",automation-score:50,6ddbf1fec2242110
bb99d2684e0ebe60c051d447,mbarbine__Scripts,automation,automation,automation-config,ai,jscs,jscs,ansible/magento/magento2/repos/magento2/dev/tools/grunt/configs/jscs.js,.js,23,,,,unknown,unknown,55,70,shared-automation-candidate,False,none,primary,none,"Automation component for ai; review for reusable script, workflow, deployment job, or infra automation.",automation-score:50,b8ba698d0367d311
dc4b43b8f36d0ccbeb76cc0c,mbarbine__Scripts,automation,automation,automation-config,ai,usebanner,usebanner,ansible/magento/magento2/repos/magento2/dev/tools/grunt/configs/usebanner.js,.js,74,,,,unknown,unknown,55,70,shared-automation-candidate,False,none,primary,none,"Automation component for ai; review for reusable script, workflow, deployment job, or infra automation.",automation-score:50,01abd7f4de89e644
33deeddee461cfd53497264a,mbarbine__Scripts,automation,automation,automation-config,ai,autoprefixer,autoprefixer,ansible/magento/magento2/repos/magento2/dev/tools/grunt/configs/autoprefixer.json,.json,14,,,,unknown,unknown,55,70,shared-automation-candidate,False,none,primary,none,"Automation component for ai; review for reusable script, workflow, deployment job, or infra automation.",automation-score:50,352a198f653db19d
d639407c1ee8520564fadaea,mbarbine__Scripts,automation,automation,automation-config,ai,less,less,ansible/magento/magento2/repos/magento2/dev/tools/grunt/configs/less.js,.js,48,,"./combo,./themes,underscore",underscore,unknown,unknown,65,70,shared-automation-candidate,True,none,primary,none,"Automation component for ai; review for reusable script, workflow, deployment job, or infra automation.","imports:./combo, ./themes, underscore | automation-score:50",4100f1fc4fd32d69
b38e219e92c59bbfb9e36764,mbarbine__Scripts,automation,automation,automation-config,ai,cssmin,cssmin,ansible/magento/magento2/repos/magento2/dev/tools/grunt/configs/cssmin.json,.json,16,,,,unknown,unknown,55,70,shared-automation-candidate,False,none,primary,none,"Automation component for ai; review for reusable script, workflow, deployment job, or infra automation.",automation-score:50,fa26557e9af3add2
8acac9a04e372756e5369594,mbarbine__Scripts,automation,automation,automation-config,ai,combo,combo,ansible/magento/magento2/repos/magento2/dev/tools/grunt/configs/combo.js,.js,60,,"./path,./themes",,unknown,unknown,65,70,shared-automation-candidate,True,none,primary,none,"Automation component for ai; review for reusable script, workflow, deployment job, or infra automation.","imports:./path, ./themes | automation-score:50",ce7a26a962e5ec08
606ef8f9e2d708ba0e3fa34a,mbarbine__Scripts,automation,automation,automation-config,ai,watch,watch,ansible/magento/magento2/repos/magento2/dev/tools/grunt/configs/watch.js,.js,43,,"./combo,./themes,underscore",underscore,unknown,unknown,65,70,shared-automation-candidate,False,none,primary,none,"Automation component for ai; review for reusable script, workflow, deployment job, or infra automation.","imports:./combo, ./themes, underscore | automation-score:50",065269d3226447ef
f6db547bea366f4fc0799553,mbarbine__Scripts,automation,automation,automation-config,ai,replace,replace,ansible/magento/magento2/repos/magento2/dev/tools/grunt/configs/replace.js,.js,55,,,,unknown,unknown,55,70,shared-automation-candidate,False,none,primary,none,"Automation component for ai; review for reusable script, workflow, deployment job, or infra automation.",automation-score:50,5de588ec96338641
d9f74efbaf3bc352eaf5c4d8,mbarbine__Scripts,automation,automation,automation-config,ai,path,path,ansible/magento/magento2/repos/magento2/dev/tools/grunt/configs/path.js,.js,35,,,,unknown,unknown,55,70,shared-automation-candidate,True,none,primary,none,"Automation component for ai; review for reusable script, workflow, deployment job, or infra automation.",automation-score:50,7c129ce9bb756457
c54e2332c7d103f4d1f6387f,mbarbine__Scripts,automation,automation,automation-config,ai,imagemin,imagemin,ansible/magento/magento2/repos/magento2/dev/tools/grunt/configs/imagemin.js,.js,51,,imagemin-svgo,imagemin-svgo,unknown,unknown,65,70,shared-automation-candidate,False,none,primary,none,"Automation component for ai; review for reusable script, workflow, deployment job, or infra automation.",imports:imagemin-svgo | automation-score:50,ec4e3c5fc20f2719
e2a9ef658496fdefe4171a71,mbarbine__Scripts,automation,automation,automation-config,ai,styledocco,styledocco,ansible/magento/magento2/repos/magento2/dev/tools/grunt/configs/styledocco.json,.json,14,,,,unknown,unknown,55,70,shared-automation-candidate,True,none,primary,none,"Automation component for ai; review for reusable script, workflow, deployment job, or infra automation.",automation-score:50,a0f0f73862f44ac4
01f922f809eea2ff3a660d6e,mbarbine__Scripts,automation,automation,automation-config,ai,requirejs-util,requirejs-util,ansible/magento/magento2/repos/magento2/dev/tests/js/JsTestDriver/framework/requirejs-util.js,.js,53,,,,unknown,unknown,55,70,shared-automation-candidate,False,none,primary,none,"Automation component for ai; review for reusable script, workflow, deployment job, or infra automation.",automation-score:50,d8a21e970b59283f
93c3a9c87e095e7b78e6caf6,mbarbine__Scripts,automation,"automation,observability,security",automation-config,observability,qunit-1.14.0,qunit-1-14-0,ansible/magento/magento2/repos/magento2/dev/tests/js/JsTestDriver/framework/qunit/qunit-1.14.0.js,.js,2288,"F,Test",,,unknown,unknown,80,50,catalog-only,True,none,primary,none,"Automation component for observability; review for reusable script, workflow, deployment job, or infra automation.","exports:F, Test | automation-score:95 | observability-score:55 | security-score:55",7276312b08147adc
28d6d331849ec65736389e3f,mbarbine__Scripts,automation,automation,automation-config,ai,mage-test,mage-test,ansible/magento/magento2/repos/magento2/dev/tests/js/JsTestDriver/testsuite/mage/mage-test.js,.js,9,,,,unknown,unknown,50,65,shared-automation-candidate,False,none,primary,none,"Automation component for ai; review for reusable script, workflow, deployment job, or infra automation.",automation-score:50,760ecf9721135d7b
eb584326201a11c94ae46f63,mbarbine__Scripts,automation,automation,automation-config,ai,decorate-test,decorate-test,ansible/magento/magento2/repos/magento2/dev/tests/js/JsTestDriver/testsuite/mage/decorate-test.js,.js,141,,,,unknown,unknown,55,70,shared-automation-candidate,False,none,primary,none,"Automation component for ai; review for reusable script, workflow, deployment job, or infra automation.",automation-score:50,7c5981c535ecae1e
17e9e2b84b7e207ef9070cce,mbarbine__Scripts,automation,automation,automation-config,ai,tree-suggest-test,tree-suggest-test,ansible/magento/magento2/repos/magento2/dev/tests/js/JsTestDriver/testsuite/mage/suggest/tree-suggest-test.js,.js,71,,,,unknown,unknown,55,70,shared-automation-candidate,False,none,primary,none,"Automation component for ai; review for reusable script, workflow, deployment job, or infra automation.",automation-score:50,a87b9013db2279cc
161083390f846370e266c78e,mbarbine__Scripts,automation,automation,automation-config,ai,tabs-test,tabs-test,ansible/magento/magento2/repos/magento2/dev/tests/js/JsTestDriver/testsuite/mage/tabs/tabs-test.js,.js,203,,,,unknown,unknown,55,65,shared-automation-candidate,True,none,primary,none,"Automation component for ai; review for reusable script, workflow, deployment job, or infra automation.",automation-score:50,13f71bb91c6a0e3e
9150a5051a40fb6bbd5fda21,mbarbine__Scripts,automation,automation,automation-config,ai,test,test,ansible/magento/magento2/repos/magento2/dev/tests/js/JsTestDriver/testsuite/mage/_demo/test.js,.js,7,,,,unknown,unknown,50,65,shared-automation-candidate,False,none,primary,none,"Automation component for ai; review for reusable script, workflow, deployment job, or infra automation.",automation-score:50,7655806854ebb591
a863174b575d56d167f922a5,mbarbine__Scripts,automation,automation,automation-config,ai,button-test,button-test,ansible/magento/magento2/repos/magento2/dev/tests/js/JsTestDriver/testsuite/mage/button/button-test.js,.js,21,,,,unknown,unknown,55,70,shared-automation-candidate,False,none,primary,none,"Automation component for ai; review for reusable script, workflow, deployment job, or infra automation.",automation-score:50,906effd9a4deb4fb
4afa921007ad3a913d7a3126,mbarbine__Scripts,automation,automation,automation-config,ai,jquery-loader-test,jquery-loader-test,ansible/magento/magento2/repos/magento2/dev/tests/js/JsTestDriver/testsuite/mage/loader/jquery-loader-test.js,.js,73,,,,unknown,unknown,55,70,shared-automation-candidate,True,none,primary,none,"Automation component for ai; review for reusable script, workflow, deployment job, or infra automation.",automation-score:50,68f5ccd97c8a68cc
74943291e949f89051d4ec67,mbarbine__Scripts,automation,automation,automation-config,ai,loader-test,loader-test,ansible/magento/magento2/repos/magento2/dev/tests/js/JsTestDriver/testsuite/mage/loader/loader-test.js,.js,93,,,,unknown,unknown,55,70,shared-automation-candidate,True,none,primary,none,"Automation component for ai; review for reusable script, workflow, deployment job, or infra automation.",automation-score:50,41a1cd12620ac8a3
831fbfa45fa3ef8c7e473b9f,mbarbine__Scripts,automation,automation,automation-config,ai,zoom-test,zoom-test,ansible/magento/magento2/repos/magento2/dev/tests/js/JsTestDriver/testsuite/mage/zoom/zoom-test.js,.js,337,,,,unknown,unknown,55,65,shared-automation-candidate,False,none,primary,none,"Automation component for ai; review for reusable script, workflow, deployment job, or infra automation.",automation-score:50,1aa789b8be885a3f
b649210180b129c9794c9f7e,mbarbine__Scripts,automation,automation,automation-config,ai,translate-inline-vde-test,translate-inline-vde-test,ansible/magento/magento2/repos/magento2/dev/tests/js/JsTestDriver/testsuite/mage/translate_inline_vde/translate-inline-vde-test.js,.js,141,,,,unknown,unknown,55,70,shared-automation-candidate,False,none,primary,none,"Automation component for ai; review for reusable script, workflow, deployment job, or infra automation.",automation-score:50,9894102b2a23b3d2
f8b9d16738e7c06ee7439c0b,mbarbine__Scripts,automation,automation,automation-config,ai,edit-trigger-test,edit-trigger-test,ansible/magento/magento2/repos/magento2/dev/tests/js/JsTestDriver/testsuite/mage/edit_trigger/edit-trigger-test.js,.js,117,,,,unknown,unknown,55,70,shared-automation-candidate,True,none,primary,none,"Automation component for ai; review for reusable script, workflow, deployment job, or infra automation.",automation-score:50,0e343edd8c8e5335
408ee23bf8fb2b11cd36b0d7,mbarbine__Scripts,automation,"automation,logic",automation-config,ai,datepicker,datepicker,ansible/magento/magento2/repos/magento2/dev/tests/js/JsTestDriver/testsuite/lib/ko/datepicker/datepicker.js,.js,33,,,,unknown,unknown,75,70,shared-automation-candidate,False,none,primary,secondary,"Automation component for ai; review for reusable script, workflow, deployment job, or infra automation.",automation-score:50 | logic-score:45,c691e73ca730eae7
dbe9d44aa1c56541cbf10f8c,mbarbine__Scripts,automation,automation,automation-config,ai,msrp.test,msrp,ansible/magento/magento2/repos/magento2/dev/tests/js/jasmine/tests/app/code/Magento/Msrp/frontend/js/msrp.test.js,.js,44,,,,next-react,unknown,65,70,shared-automation-candidate,False,none,primary,none,"Automation component for ai; review for reusable script, workflow, deployment job, or infra automation.",automation-score:50,d8b3637ca193d7ac
9f2688a514cfefabd372940c,mbarbine__Scripts,automation,"automation,logic",automation-config,ai,template.test,template,ansible/magento/magento2/repos/magento2/dev/tests/js/jasmine/tests/lib/mage/template.test.js,.js,49,,,,unknown,unknown,75,70,shared-automation-candidate,False,none,primary,secondary,"Automation component for ai; review for reusable script, workflow, deployment job, or infra automation.",automation-score:50 | logic-score:45,1568f413238dd1dc
1f0050cd591f1630475f28ba,mbarbine__Scripts,automation,"automation,logic",automation-config,ai,static-jsbuild.test,static-jsbuild,ansible/magento/magento2/repos/magento2/dev/tests/js/jasmine/tests/lib/mage/requirejs/static-jsbuild.test.js,.js,46,,,,unknown,unknown,75,70,shared-automation-candidate,False,none,primary,secondary,"Automation component for ai; review for reusable script, workflow, deployment job, or infra automation.",automation-score:50 | logic-score:45,4c17f66ced8ebb1b
13beff48d9694912f3216f50,mbarbine__Scripts,automation,"automation,logic",automation-config,ai,static-text.test,static-text,ansible/magento/magento2/repos/magento2/dev/tests/js/jasmine/tests/lib/mage/requirejs/static-text.test.js,.js,52,,,,unknown,unknown,75,70,shared-automation-candidate,False,none,primary,secondary,"Automation component for ai; review for reusable script, workflow, deployment job, or infra automation.",automation-score:50 | logic-score:45,cd794d16f8db7048
b86beaff8190ba9ceaf95fc5,mbarbine__Scripts,automation,"automation,process",automation-config,ai,jasmine,jasmine,ansible/magento/magento2/repos/magento2/dev/tests/js/jasmine/spec_runner/tasks/jasmine.js,.js,65,,"grunt,underscore","grunt,underscore",unknown,unknown,75,70,shared-automation-candidate,False,secondary,primary,none,"Automation component for ai; review for reusable script, workflow, deployment job, or infra automation.","imports:grunt, underscore | automation-score:50 | process-score:45",194b4123cba81ccc
3e4124b3146d1463887333ee,mbarbine__Scripts,automation,automation,automation-config,ai,tools,tools,ansible/magento/magento2/repos/magento2/dev/tests/js/jasmine/assets/tools.js,.js,74,,,,unknown,unknown,55,70,shared-automation-candidate,True,none,primary,none,"Automation component for ai; review for reusable script, workflow, deployment job, or infra automation.",automation-score:50,5bf6fbecec417347
e6450c574cf971c4819ea214,mbarbine__Scripts,automation,automation,automation-config,ai,config,config,ansible/magento/magento2/repos/magento2/dev/tests/js/jasmine/assets/apply/config.json,.json,15,,,,unknown,unknown,55,70,shared-automation-candidate,False,none,primary,none,"Automation component for ai; review for reusable script, workflow, deployment job, or infra automation.",automation-score:50,897e8a7a4c0f9efa
2674948c80a49b05b0d75e90,mbarbine__Scripts,automation,automation,automation-config,ai,index,index,ansible/magento/magento2/repos/magento2/dev/tests/js/jasmine/assets/apply/index.js,.js,22,,,,unknown,unknown,55,70,shared-automation-candidate,False,none,primary,none,"Automation component for ai; review for reusable script, workflow, deployment job, or infra automation.",automation-score:50,0825b64d14ba08c5
34800fdfeaf6cd03d99b1923,mbarbine__Scripts,automation,automation,automation-config,ai,fn,fn,ansible/magento/magento2/repos/magento2/dev/tests/js/jasmine/assets/apply/components/fn.js,.js,21,,,,unknown,unknown,65,70,shared-automation-candidate,False,none,primary,none,"Automation component for ai; review for reusable script, workflow, deployment job, or infra automation.",automation-score:50,73f44c384deff8c6
737d6d684d3fc7f681f0e9e9,mbarbine__Scripts,automation,automation,automation-config,ai,config,config,ansible/magento/magento2/repos/magento2/dev/tests/js/jasmine/assets/gallery/config.json,.json,81,,,,unknown,unknown,55,70,shared-automation-candidate,False,none,primary,none,"Automation component for ai; review for reusable script, workflow, deployment job, or infra automation.",automation-score:50,1e67b049c0eaef5e
12cb8ba6af0b57f5c4a4569c,mbarbine__Scripts,automation,automation,automation-config,ai,local,local,ansible/magento/magento2/repos/magento2/dev/tests/js/jasmine/assets/jsbuild/local.js,.js,9,,,,unknown,unknown,50,65,shared-automation-candidate,False,none,primary,none,"Automation component for ai; review for reusable script, workflow, deployment job, or infra automation.",automation-score:50,e26f2410562139cc
73af370b15a0a1d86e0965df,mbarbine__Scripts,automation,automation,automation-config,ai,config,config,ansible/magento/magento2/repos/magento2/dev/tests/js/jasmine/assets/jsbuild/config.js,.js,18,,,,unknown,unknown,55,70,shared-automation-candidate,False,none,primary,none,"Automation component for ai; review for reusable script, workflow, deployment job, or infra automation.",automation-score:50,eacc3130c8418eda
75fc24d283276460da4e854d,mbarbine__Scripts,automation,automation,automation-config,ai,external,external,ansible/magento/magento2/repos/magento2/dev/tests/js/jasmine/assets/jsbuild/external.js,.js,9,,,,unknown,unknown,50,65,shared-automation-candidate,False,none,primary,none,"Automation component for ai; review for reusable script, workflow, deployment job, or infra automation.",automation-score:50,ec0e66694353c9df
91c49d1850b7581da1dd33f2,mbarbine__Scripts,automation,automation,automation-config,ai,config,config,ansible/magento/magento2/repos/magento2/dev/tests/js/jasmine/assets/script/config.json,.json,51,,,,unknown,unknown,55,70,shared-automation-candidate,False,none,primary,none,"Automation component for ai; review for reusable script, workflow, deployment job, or infra automation.",automation-score:50,a1d7c058d4b6438b
ba6e2615b955371a7c02df66,mbarbine__Scripts,automation,automation,automation-config,ai,index,index,ansible/magento/magento2/repos/magento2/dev/tests/js/jasmine/assets/script/index.js,.js,17,,,,unknown,unknown,55,70,shared-automation-candidate,False,none,primary,none,"Automation component for ai; review for reusable script, workflow, deployment job, or infra automation.",automation-score:50,ff862aec5b05a0df
0ce85731b11816df316acdfd,mbarbine__Scripts,automation,"automation,security",automation-config,ai,composer,composer,ansible/magento/magento2/repos/magento2/dev/tests/integration/testsuite/Magento/Framework/Composer/_files/testFromCreateProject/composer.json,.json,49,,,,unknown,unknown,65,70,shared-automation-candidate,False,none,primary,none,"Automation component for ai; review for reusable script, workflow, deployment job, or infra automation.",automation-score:95 | security-score:55,ea2d2bb1a40a87ec
75ea4ec32038bdc206827237,mbarbine__Scripts,automation,automation,automation-config,ai,composer,composer,ansible/magento/magento2/repos/magento2/dev/tests/integration/testsuite/Magento/Framework/Composer/_files/testSkeleton/composer.json,.json,18,,,,unknown,unknown,55,70,shared-automation-candidate,True,none,primary,none,"Automation component for ai; review for reusable script, workflow, deployment job, or infra automation.",automation-score:50,d78b82a15b39cbef
5bb1dfe2e14584a0d6a193df,mbarbine__Scripts,automation,"automation,observability,security",automation-config,observability,composer,composer,ansible/magento/magento2/repos/magento2/dev/tests/integration/testsuite/Magento/Framework/Composer/_files/testFromClone/composer.json,.json,211,,,,unknown,unknown,65,65,shared-automation-candidate,True,none,primary,none,"Automation component for observability; review for reusable script, workflow, deployment job, or infra automation.",automation-score:95 | observability-score:55 | security-score:55 | cron-or-schedule,f78669e19fce3c4e
d30fa098fe6863452be0ea13,mbarbine__Scripts,automation,automation,automation-config,ai,fixture_script,fixture-script,ansible/magento/magento2/repos/magento2/dev/tests/integration/testsuite/Magento/Framework/View/_files/fallback/design/frontend/Vendor/default/web/fixture_script.js,.js,5,,,,unknown,unknown,50,65,shared-automation-candidate,False,none,primary,none,"Automation component for ai; review for reusable script, workflow, deployment job, or infra automation.",automation-score:50,0d76077ff0cad0f0
05638565174a8828d07e1806,mbarbine__Scripts,automation,automation,automation-config,ai,fixture_script,fixture-script,ansible/magento/magento2/repos/magento2/dev/tests/integration/testsuite/Magento/Framework/View/_files/fallback/design/frontend/Vendor/default/web/i18n/ru_RU/fixture_script.js,.js,5,,,,unknown,unknown,50,65,shared-automation-candidate,False,none,primary,none,"Automation component for ai; review for reusable script, workflow, deployment job, or infra automation.",automation-score:50,4a43324070814ccc
ddaa19c4f74f43555fbfcd4f,mbarbine__Scripts,automation,automation,automation-config,ai,fixture_script,fixture-script,ansible/magento/magento2/repos/magento2/dev/tests/integration/testsuite/Magento/Framework/View/_files/fallback/design/frontend/Vendor/default/ViewTest_Module/web/fixture_script.js,.js,5,,,,unknown,unknown,50,65,shared-automation-candidate,False,none,primary,none,"Automation component for ai; review for reusable script, workflow, deployment job, or infra automation.",automation-score:50,f65c5b5e6b6399df
3134b338c9a8d959b60ac79d,mbarbine__Scripts,automation,automation,automation-config,ai,fixture_script,fixture-script,ansible/magento/magento2/repos/magento2/dev/tests/integration/testsuite/Magento/Framework/View/_files/fallback/design/frontend/Vendor/default/ViewTest_Module/web/i18n/ru_RU/fixture_script.js,.js,5,,,,unknown,unknown,50,65,shared-automation-candidate,False,none,primary,none,"Automation component for ai; review for reusable script, workflow, deployment job, or infra automation.",automation-score:50,f5049b7bfbb0c3c0
b848bb5d85bfc4c46d407d77,mbarbine__Scripts,automation,automation,automation-config,ai,fixture_script_two,fixture-script-two,ansible/magento/magento2/repos/magento2/dev/tests/integration/testsuite/Magento/Framework/View/_files/fallback/design/frontend/Vendor/custom_theme/web/fixture_script_two.js,.js,5,,,,unknown,unknown,50,65,shared-automation-candidate,False,none,primary,none,"Automation component for ai; review for reusable script, workflow, deployment job, or infra automation.",automation-score:50,aa42caa01e1bfb1c
3978d4e561007dcf927a70fa,mbarbine__Scripts,automation,automation,automation-config,ai,script,script,ansible/magento/magento2/repos/magento2/dev/tests/integration/testsuite/Magento/Framework/View/_files/fallback/design/frontend/Vendor/custom_theme/web/mage/script.js,.js,5,,,,unknown,unknown,50,65,shared-automation-candidate,False,none,primary,none,"Automation component for ai; review for reusable script, workflow, deployment job, or infra automation.",automation-score:50,306ea38fbb8c1468
91b4f766a14ae266e5cdaa11,mbarbine__Scripts,automation,automation,automation-config,ai,fixture_script_two,fixture-script-two,ansible/magento/magento2/repos/magento2/dev/tests/integration/testsuite/Magento/Framework/View/_files/fallback/design/frontend/Vendor/custom_theme/ViewTest_Module/web/fixture_script_two.js,.js,5,,,,unknown,unknown,50,65,shared-automation-candidate,False,none,primary,none,"Automation component for ai; review for reusable script, workflow, deployment job, or infra automation.",automation-score:50,94625e4cb4b48046
5a491133d2d752c7b46fe938,mbarbine__Scripts,automation,"automation,logic",automation-config,ai,script,script,ansible/magento/magento2/repos/magento2/dev/tests/integration/testsuite/Magento/Framework/View/_files/fallback/lib/web/mage/script.js,.js,5,,,,unknown,unknown,70,65,shared-automation-candidate,False,none,primary,secondary,"Automation component for ai; review for reusable script, workflow, deployment job, or infra automation.",automation-score:50 | logic-score:45,40f10f327add18ff
73428d81680246bc6377842a,mbarbine__Scripts,automation,automation,automation-config,ai,composer4,composer4,ansible/magento/magento2/repos/magento2/dev/tests/integration/testsuite/Magento/Setup/Module/Dependency/_files/composer4.json,.json,10,,,,unknown,unknown,50,70,shared-automation-candidate,False,none,primary,none,"Automation component for ai; review for reusable script, workflow, deployment job, or infra automation.",automation-score:50,2618c82a42f7610d
c709f00f712c6c1c82ade74e,mbarbine__Scripts,automation,automation,automation-config,ai,composer5,composer5,ansible/magento/magento2/repos/magento2/dev/tests/integration/testsuite/Magento/Setup/Module/Dependency/_files/composer5.json,.json,10,,,,unknown,unknown,50,70,shared-automation-candidate,False,none,primary,none,"Automation component for ai; review for reusable script, workflow, deployment job, or infra automation.",automation-score:50,bc0e9e815cb826b5
cae5a39729fcb808d398acf6,mbarbine__Scripts,automation,automation,automation-config,ai,composer2,composer2,ansible/magento/magento2/repos/magento2/dev/tests/integration/testsuite/Magento/Setup/Module/Dependency/_files/composer2.json,.json,10,,,,unknown,unknown,50,70,shared-automation-candidate,False,none,primary,none,"Automation component for ai; review for reusable script, workflow, deployment job, or infra automation.",automation-score:50,8b30d46a2311e4a2
a820ed7e67367a9fdae7b831,mbarbine__Scripts,automation,automation,automation-config,ai,composer3,composer3,ansible/magento/magento2/repos/magento2/dev/tests/integration/testsuite/Magento/Setup/Module/Dependency/_files/composer3.json,.json,9,,,,unknown,unknown,50,65,shared-automation-candidate,False,none,primary,none,"Automation component for ai; review for reusable script, workflow, deployment job, or infra automation.",automation-score:50,777e3247fd012f52
477f3134ac5b5b94a2488553,mbarbine__Scripts,automation,automation,automation-config,ai,composer1,composer1,ansible/magento/magento2/repos/magento2/dev/tests/integration/testsuite/Magento/Setup/Module/Dependency/_files/composer1.json,.json,13,,,,unknown,unknown,55,70,shared-automation-candidate,False,none,primary,none,"Automation component for ai; review for reusable script, workflow, deployment job, or infra automation.",automation-score:50,d0d7906403d91924
98df0d9b8f26889705c74157,mbarbine__Scripts,automation,"automation,logic",automation-config,ai,jsPhrasesForTest,js-phrases-for-test,ansible/magento/magento2/repos/magento2/dev/tests/integration/testsuite/Magento/Setup/Module/I18n/Parser/Adapter/_files/jsPhrasesForTest.js,.js,3,,,,unknown,unknown,60,65,shared-automation-candidate,False,none,primary,secondary,"Automation component for ai; review for reusable script, workflow, deployment job, or infra automation.",automation-score:50 | logic-score:45,2d1c5e973a5b1dbf
d2a2579cd6cfc920afc9daec,mbarbine__Scripts,automation,automation,automation-config,ai,file,file,ansible/magento/magento2/repos/magento2/dev/tests/integration/testsuite/Magento/Setup/Module/I18n/Dictionary/_files/source/app/code/Magento/FirstModule/view/frontend/file.js,.js,8,,,,next-react,unknown,60,65,shared-automation-candidate,False,none,primary,none,"Automation component for ai; review for reusable script, workflow, deployment job, or infra automation.",automation-score:50,e7e64fc5d5848086
2cda3899bc48c7989f47ed01,mbarbine__Scripts,automation,automation,automation-config,ai,file,file,ansible/magento/magento2/repos/magento2/dev/tests/integration/testsuite/Magento/Setup/Module/I18n/Dictionary/_files/source/not_magento_dir/file.js,.js,8,,,,unknown,unknown,50,65,shared-automation-candidate,False,none,primary,none,"Automation component for ai; review for reusable script, workflow, deployment job, or infra automation.",automation-score:50,ec1a055c5feb4910
03b3f2845ff96374e3ea09c8,mbarbine__Scripts,automation,"automation,logic",automation-config,ai,file,file,ansible/magento/magento2/repos/magento2/dev/tests/integration/testsuite/Magento/Setup/Module/I18n/Dictionary/_files/source/lib/web/mage/file.js,.js,8,,,,unknown,unknown,70,65,shared-automation-candidate,False,none,primary,secondary,"Automation component for ai; review for reusable script, workflow, deployment job, or infra automation.",automation-score:50 | logic-score:45,977d97945b0160d2
406c4b90f66dfd313abf07fb,mbarbine__Scripts,automation,"automation,logic",automation-config,ai,file,file,ansible/magento/magento2/repos/magento2/dev/tests/integration/testsuite/Magento/Setup/Module/I18n/Dictionary/_files/source/lib/web/varien/file.js,.js,8,,,,unknown,unknown,70,65,shared-automation-candidate,False,none,primary,secondary,"Automation component for ai; review for reusable script, workflow, deployment job, or infra automation.",automation-score:50 | logic-score:45,977d97945b0160d2
959a541d9b211a57c35628b7,mbarbine__Scripts,automation,automation,automation-config,ai,composer,composer,ansible/magento/magento2/repos/magento2/dev/tests/integration/testsuite/Magento/Setup/Console/Command/_files/root/app/code/Magento/A/composer.json,.json,9,,,,next-react,unknown,60,65,shared-automation-candidate,False,none,primary,none,"Automation component for ai; review for reusable script, workflow, deployment job, or infra automation.",automation-score:50,ad4193899b7bf11b
a329bbdf6942798a45fbf5b7,mbarbine__Scripts,automation,automation,automation-config,ai,composer,composer,ansible/magento/magento2/repos/magento2/dev/tests/integration/testsuite/Magento/Setup/Console/Command/_files/root/app/code/Magento/B/composer.json,.json,9,,,,next-react,unknown,60,65,shared-automation-candidate,False,none,primary,none,"Automation component for ai; review for reusable script, workflow, deployment job, or infra automation.",automation-score:50,7befd6ff0a77f5e9
82449dec372bf4e73d2cbe9e,mbarbine__Scripts,automation,"automation,process,observability,security,ai",automation-config,observability,common,common,ansible/magento/magento2/repos/magento2/dev/tests/static/testsuite/Magento/Test/Php/_files/phpcpd/blacklist/common.txt,.txt,162,,,,unknown,unknown,65,70,shared-automation-candidate,True,secondary,primary,none,"Automation component for observability; review for reusable script, workflow, deployment job, or infra automation.",automation-score:95 | process-score:65 | observability-score:55 | security-score:55 | ai-score:45 | cron-or-schedule,72754a1ebdececcb
386cfa11f7c2d50c51f3b54e,mbarbine__Scripts,automation,automation,automation-config,ai,composer,composer,ansible/magento/magento2/repos/magento2/dev/tests/functional/composer.json,.json,18,,,,unknown,unknown,55,70,shared-automation-candidate,False,none,primary,none,"Automation component for ai; review for reusable script, workflow, deployment job, or infra automation.",automation-score:50,16784d1f2509fd95
a7bf9f491ae4840d2a597163,mbarbine__Scripts,automation,"automation,security",script,ai,before_install,before-install,ansible/magento/magento2/repos/magento2/dev/travis/before_install.sh,.sh,21,,,,unknown,unknown,65,95,shared-automation-candidate,False,none,primary,none,"Automation component for ai; review for reusable script, workflow, deployment job, or infra automation.",automation-score:175 | security-score:55,4ea2263c7bfc17af
33efb9cf4b6aecc0e49c2d37,mbarbine__Scripts,automation,automation,script,ai,before_script,before-script,ansible/magento/magento2/repos/magento2/dev/travis/before_script.sh,.sh,79,,,,unknown,unknown,55,95,shared-automation-candidate,False,none,primary,none,"Automation component for ai; review for reusable script, workflow, deployment job, or infra automation.",automation-score:130,f2a140854403b5ab
4bfcb0c8c31ba0b66aec8a5b,mbarbine__Scripts,automation,automation,automation-config,ai,.user,user,ansible/magento/magento2/repos/magento2/pub/.user.ini,.ini,4,,,,unknown,unknown,50,65,shared-automation-candidate,False,none,primary,none,"Automation component for ai; review for reusable script, workflow, deployment job, or infra automation.",automation-score:50,6169207e83ddbf63
41c0b9939268b93182f1daec,mbarbine__Scripts,automation,"automation,process",automation-config,ai,playbook,playbook,ansible/magento/magento2/ansible/playbook.yml,.yml,15,,,,unknown,unknown,65,70,shared-automation-candidate,False,secondary,primary,none,"Automation component for ai; review for reusable script, workflow, deployment job, or infra automation.",automation-score:50 | process-score:45,0d27940dccc3c9b0
eae31a5572e8772fa7d904c6,mbarbine__Scripts,automation,automation,automation-config,ai,conf,conf,ansible/magento/magento2/ansible/roles/magento2/tasks/conf.yml,.yml,3,,,,unknown,unknown,50,65,shared-automation-candidate,False,none,primary,none,"Automation component for ai; review for reusable script, workflow, deployment job, or infra automation.",automation-score:50,089c61ce050794c8
c7d729be022bdd1a94304367,mbarbine__Scripts,automation,automation,automation-config,ai,vendor,vendor,ansible/magento/magento2/ansible/roles/magento2/tasks/vendor.yml,.yml,3,,,,unknown,unknown,50,65,shared-automation-candidate,False,none,primary,none,"Automation component for ai; review for reusable script, workflow, deployment job, or infra automation.",automation-score:95,168699f7717ffb44
e688d63887e6a544622d9159,mbarbine__Scripts,automation,automation,automation-config,ai,create,create,ansible/magento/magento2/ansible/roles/magento2/tasks/create.yml,.yml,9,,,,unknown,unknown,50,65,shared-automation-candidate,False,none,primary,none,"Automation component for ai; review for reusable script, workflow, deployment job, or infra automation.",automation-score:95,cc539c4ce472dc9f
2b7fc8fb4b670e9a6cac796f,mbarbine__Scripts,automation,"automation,security",automation-config,ai,keys,keys,ansible/magento/magento2/ansible/roles/magento2/tasks/keys.yml,.yml,3,,,,unknown,unknown,60,65,shared-automation-candidate,False,none,primary,none,"Automation component for ai; review for reusable script, workflow, deployment job, or infra automation.",automation-score:95 | security-score:55,76b6239f66823c9e
c0dd63b5f8439a5626ac575d,mbarbine__Scripts,automation,automation,automation-config,ai,main,main,ansible/magento/magento2/ansible/roles/mariadb/tasks/main.yml,.yml,16,,,,unknown,unknown,55,70,shared-automation-candidate,False,none,primary,none,"Automation component for ai; review for reusable script, workflow, deployment job, or infra automation.",automation-score:50,1e311deccbcfa92e
d116b6e5414e87da533d8d15,mbarbine__Scripts,automation,automation,automation-config,ai,main,main,ansible/magento/magento2/ansible/roles/redis/tasks/main.yml,.yml,4,,,,unknown,unknown,50,65,shared-automation-candidate,False,none,primary,none,"Automation component for ai; review for reusable script, workflow, deployment job, or infra automation.",automation-score:50,2a12fc18e6dc6730
c20f0af8254444ab5dbf852a,mbarbine__Scripts,automation,automation,automation-config,ai,composer,composer,ansible/magento/magento2/ansible/roles/php/tasks/composer.yml,.yml,13,,,,unknown,unknown,55,70,shared-automation-candidate,False,none,primary,none,"Automation component for ai; review for reusable script, workflow, deployment job, or infra automation.",automation-score:95,1b74573e46ade64a
f4090c8e2617c26f75c6ac47,mbarbine__Scripts,automation,automation,automation-config,ai,xdebug,xdebug,ansible/magento/magento2/ansible/roles/php/tasks/xdebug.yml,.yml,9,,,,unknown,unknown,50,65,shared-automation-candidate,False,none,primary,none,"Automation component for ai; review for reusable script, workflow, deployment job, or infra automation.",automation-score:50,67ea3f1c5ee5cb11
7757b5feaf57918324f2cab7,mbarbine__Scripts,automation,automation,automation-config,ai,conf,conf,ansible/magento/magento2/ansible/roles/php/tasks/conf.yml,.yml,15,,,,unknown,unknown,55,70,shared-automation-candidate,False,none,primary,none,"Automation component for ai; review for reusable script, workflow, deployment job, or infra automation.",automation-score:50,b24cc48055813131
dabbbe20630e6f0a7ce04fab,mbarbine__Scripts,automation,automation,automation-config,ai,install,install,ansible/magento/magento2/ansible/roles/php/tasks/install.yml,.yml,20,,,,unknown,unknown,55,70,shared-automation-candidate,False,none,primary,none,"Automation component for ai; review for reusable script, workflow, deployment job, or infra automation.",automation-score:50,f76a86b89b1daee4
339d7f24e8182295e6334ac0,mbarbine__Scripts,automation,automation,automation-config,ai,main,main,ansible/magento/magento2/ansible/roles/php/tasks/main.yml,.yml,11,,,,unknown,unknown,55,70,shared-automation-candidate,False,none,primary,none,"Automation component for ai; review for reusable script, workflow, deployment job, or infra automation.",automation-score:95,dcab46f422b76b8b
2fedb7aa6cb67b528542fdaf,mbarbine__Scripts,automation,"automation,observability,security",automation-config,observability,php,php,ansible/magento/magento2/ansible/roles/php/files/php.ini,.ini,1872,,,,unknown,unknown,65,50,catalog-only,True,none,primary,none,"Automation component for observability; review for reusable script, workflow, deployment job, or infra automation.",automation-score:95 | observability-score:55 | security-score:55 | cron-or-schedule,b0bcb69f4bfc862a
6c0e2dfa5ca015b02c14d1ee,mbarbine__Scripts,automation,"automation,security",automation-config,ai,main,main,ansible/magento/magento2/ansible/roles/common/tasks/main.yml,.yml,67,,,,unknown,unknown,65,70,shared-automation-candidate,False,none,primary,none,"Automation component for ai; review for reusable script, workflow, deployment job, or infra automation.",automation-score:95 | security-score:55,4ab232c62830de9b
36562610be144a342647a10a,mbarbine__Scripts,automation,automation,automation-config,ai,main,main,ansible/magento/magento2/ansible/roles/cleanup/tasks/main.yml,.yml,21,,,,unknown,unknown,55,70,shared-automation-candidate,False,none,primary,none,"Automation component for ai; review for reusable script, workflow, deployment job, or infra automation.",automation-score:50,e4cbe1e4dd53d4cb
fa8752c9797ad59eb96a857f,mbarbine__Scripts,automation,automation,automation-config,ai,conf,conf,ansible/magento/magento2/ansible/roles/nginx/tasks/conf.yml,.yml,15,,,,unknown,unknown,55,70,shared-automation-candidate,False,none,primary,none,"Automation component for ai; review for reusable script, workflow, deployment job, or infra automation.",automation-score:50,d9f7556de059cb6a
06f04cd21df93b6a866bb70b,mbarbine__Scripts,automation,automation,automation-config,ai,install,install,ansible/magento/magento2/ansible/roles/nginx/tasks/install.yml,.yml,5,,,,unknown,unknown,50,65,shared-automation-candidate,False,none,primary,none,"Automation component for ai; review for reusable script, workflow, deployment job, or infra automation.",automation-score:50,992cb2c265c9c1a7
e800563ed6e5ef50fe002a71,mbarbine__Scripts,automation,automation,automation-config,ai,main,main,ansible/magento/magento2/ansible/roles/nginx/tasks/main.yml,.yml,3,,,,unknown,unknown,50,65,shared-automation-candidate,False,none,primary,none,"Automation component for ai; review for reusable script, workflow, deployment job, or infra automation.",automation-score:50,71a3a5ef12bf90f1
eb497b05320fac4cf5f9d92a,mbarbine__Scripts,automation,"automation,process",automation-config,ai,playbook,playbook,ansible/magento/magento2-2.0.15/playbook.yml,.yml,15,,,,unknown,unknown,65,70,shared-automation-candidate,False,secondary,primary,none,"Automation component for ai; review for reusable script, workflow, deployment job, or infra automation.",automation-score:50 | process-score:45,9da3d6e5fe0be8bd
16d3bb66477315c41873f997,mbarbine__Scripts,automation,automation,automation-config,ai,conf,conf,ansible/magento/magento2-2.0.15/roles/magento2/tasks/conf.yml,.yml,3,,,,unknown,unknown,50,65,shared-automation-candidate,False,none,primary,none,"Automation component for ai; review for reusable script, workflow, deployment job, or infra automation.",automation-score:50,089c61ce050794c8
c4e269121994423f1ae6b86f,mbarbine__Scripts,automation,automation,automation-config,ai,vendor,vendor,ansible/magento/magento2-2.0.15/roles/magento2/tasks/vendor.yml,.yml,3,,,,unknown,unknown,50,65,shared-automation-candidate,False,none,primary,none,"Automation component for ai; review for reusable script, workflow, deployment job, or infra automation.",automation-score:95,168699f7717ffb44
b12a5c6f334fb07516a09460,mbarbine__Scripts,automation,automation,automation-config,ai,create,create,ansible/magento/magento2-2.0.15/roles/magento2/tasks/create.yml,.yml,9,,,,unknown,unknown,50,65,shared-automation-candidate,False,none,primary,none,"Automation component for ai; review for reusable script, workflow, deployment job, or infra automation.",automation-score:95,cc539c4ce472dc9f
edecbe6292983b763b871bd6,mbarbine__Scripts,automation,"automation,security",automation-config,ai,keys,keys,ansible/magento/magento2-2.0.15/roles/magento2/tasks/keys.yml,.yml,3,,,,unknown,unknown,60,65,shared-automation-candidate,False,none,primary,none,"Automation component for ai; review for reusable script, workflow, deployment job, or infra automation.",automation-score:95 | security-score:55,76b6239f66823c9e
098478dcee077d255b8485cf,mbarbine__Scripts,automation,automation,automation-config,ai,main,main,ansible/magento/magento2-2.0.15/roles/mariadb/tasks/main.yml,.yml,16,,,,unknown,unknown,55,70,shared-automation-candidate,False,none,primary,none,"Automation component for ai; review for reusable script, workflow, deployment job, or infra automation.",automation-score:50,1e311deccbcfa92e
261391644aa572f325e45345,mbarbine__Scripts,automation,automation,automation-config,ai,conf,conf,ansible/magento/magento2-2.0.15/roles/magento2-2.0.15/tasks/conf.yml,.yml,3,,,,unknown,unknown,50,65,shared-automation-candidate,False,none,primary,none,"Automation component for ai; review for reusable script, workflow, deployment job, or infra automation.",automation-score:50,db1678e91ce754c0
4eb10ee076c8ba68cd473728,mbarbine__Scripts,automation,automation,automation-config,ai,vendor,vendor,ansible/magento/magento2-2.0.15/roles/magento2-2.0.15/tasks/vendor.yml,.yml,3,,,,unknown,unknown,50,65,shared-automation-candidate,False,none,primary,none,"Automation component for ai; review for reusable script, workflow, deployment job, or infra automation.",automation-score:95,7d0fd26833723167
e6b3c6d07233cd29998e8ae5,mbarbine__Scripts,automation,automation,automation-config,ai,create,create,ansible/magento/magento2-2.0.15/roles/magento2-2.0.15/tasks/create.yml,.yml,9,,,,unknown,unknown,50,65,shared-automation-candidate,False,none,primary,none,"Automation component for ai; review for reusable script, workflow, deployment job, or infra automation.",automation-score:95,409de62f8b3e3b5f
b778f5cbcac47e5ec549f525,mbarbine__Scripts,automation,"automation,security",automation-config,ai,keys,keys,ansible/magento/magento2-2.0.15/roles/magento2-2.0.15/tasks/keys.yml,.yml,3,,,,unknown,unknown,60,65,shared-automation-candidate,False,none,primary,none,"Automation component for ai; review for reusable script, workflow, deployment job, or infra automation.",automation-score:95 | security-score:55,246b4e6663aa7e3a
fcdc19d9f8f5775fc5cb40e6,mbarbine__Scripts,automation,automation,automation-config,ai,main,main,ansible/magento/magento2-2.0.15/roles/redis/tasks/main.yml,.yml,4,,,,unknown,unknown,50,65,shared-automation-candidate,False,none,primary,none,"Automation component for ai; review for reusable script, workflow, deployment job, or infra automation.",automation-score:50,2a12fc18e6dc6730
59bf351dd9b5a4fd94352297,mbarbine__Scripts,automation,automation,automation-config,ai,composer,composer,ansible/magento/magento2-2.0.15/roles/php56/tasks/composer.yml,.yml,13,,,,unknown,unknown,55,70,shared-automation-candidate,False,none,primary,none,"Automation component for ai; review for reusable script, workflow, deployment job, or infra automation.",automation-score:95,1b74573e46ade64a
1c3c97ab3da7f0714555fef5,mbarbine__Scripts,automation,automation,automation-config,ai,xdebug,xdebug,ansible/magento/magento2-2.0.15/roles/php56/tasks/xdebug.yml,.yml,13,,,,unknown,unknown,55,70,shared-automation-candidate,False,none,primary,none,"Automation component for ai; review for reusable script, workflow, deployment job, or infra automation.",automation-score:50,1544e7b5168aac49
0c039615385308216bbe4e95,mbarbine__Scripts,automation,automation,automation-config,ai,conf,conf,ansible/magento/magento2-2.0.15/roles/php56/tasks/conf.yml,.yml,15,,,,unknown,unknown,55,70,shared-automation-candidate,False,none,primary,none,"Automation component for ai; review for reusable script, workflow, deployment job, or infra automation.",automation-score:50,cd3b52ab35a7b448
742dc8452ca3bcb70528405d,mbarbine__Scripts,automation,automation,automation-config,ai,install,install,ansible/magento/magento2-2.0.15/roles/php56/tasks/install.yml,.yml,26,,,,unknown,unknown,55,70,shared-automation-candidate,False,none,primary,none,"Automation component for ai; review for reusable script, workflow, deployment job, or infra automation.",automation-score:50,b7759859c618753e
4c0927c3fb25742ae87ec0ca,mbarbine__Scripts,automation,automation,automation-config,ai,main,main,ansible/magento/magento2-2.0.15/roles/php56/tasks/main.yml,.yml,11,,,,unknown,unknown,55,70,shared-automation-candidate,False,none,primary,none,"Automation component for ai; review for reusable script, workflow, deployment job, or infra automation.",automation-score:95,dcab46f422b76b8b
d5e15cf32fb2ccc641188d8b,mbarbine__Scripts,automation,"automation,observability,security",automation-config,observability,php,php,ansible/magento/magento2-2.0.15/roles/php56/files/php.ini,.ini,1875,,,,unknown,unknown,65,50,catalog-only,True,none,primary,none,"Automation component for observability; review for reusable script, workflow, deployment job, or infra automation.",automation-score:95 | observability-score:55 | security-score:55 | cron-or-schedule,05dace6198ba01e8
7f48df7993809942e30488f2,mbarbine__Scripts,automation,automation,automation-config,ai,composer,composer,ansible/magento/magento2-2.0.15/roles/php7/tasks/composer.yml,.yml,13,,,,unknown,unknown,55,70,shared-automation-candidate,False,none,primary,none,"Automation component for ai; review for reusable script, workflow, deployment job, or infra automation.",automation-score:95,1b74573e46ade64a
6101b0d94a920a0017e24133,mbarbine__Scripts,automation,automation,automation-config,ai,xdebug,xdebug,ansible/magento/magento2-2.0.15/roles/php7/tasks/xdebug.yml,.yml,9,,,,unknown,unknown,50,65,shared-automation-candidate,False,none,primary,none,"Automation component for ai; review for reusable script, workflow, deployment job, or infra automation.",automation-score:50,67ea3f1c5ee5cb11
a2c82d05b32e6be1bcd32adf,mbarbine__Scripts,automation,automation,automation-config,ai,conf,conf,ansible/magento/magento2-2.0.15/roles/php7/tasks/conf.yml,.yml,15,,,,unknown,unknown,55,70,shared-automation-candidate,False,none,primary,none,"Automation component for ai; review for reusable script, workflow, deployment job, or infra automation.",automation-score:50,b24cc48055813131
7ada7985ad13a2e93ad9dab5,mbarbine__Scripts,automation,automation,automation-config,ai,install,install,ansible/magento/magento2-2.0.15/roles/php7/tasks/install.yml,.yml,20,,,,unknown,unknown,55,70,shared-automation-candidate,False,none,primary,none,"Automation component for ai; review for reusable script, workflow, deployment job, or infra automation.",automation-score:50,f76a86b89b1daee4
e60cea4bd886af4ca95bb910,mbarbine__Scripts,automation,automation,automation-config,ai,main,main,ansible/magento/magento2-2.0.15/roles/php7/tasks/main.yml,.yml,11,,,,unknown,unknown,55,70,shared-automation-candidate,False,none,primary,none,"Automation component for ai; review for reusable script, workflow, deployment job, or infra automation.",automation-score:95,dcab46f422b76b8b
dca67e4a79dd8ac32de5c624,mbarbine__Scripts,automation,"automation,observability,security",automation-config,observability,php,php,ansible/magento/magento2-2.0.15/roles/php7/files/php.ini,.ini,1872,,,,unknown,unknown,65,50,catalog-only,True,none,primary,none,"Automation component for observability; review for reusable script, workflow, deployment job, or infra automation.",automation-score:95 | observability-score:55 | security-score:55 | cron-or-schedule,b0bcb69f4bfc862a
1b54aa18b6077b0ec726fe0d,mbarbine__Scripts,automation,automation,automation-config,ai,composer,composer,ansible/magento/magento2-2.0.15/roles/php/tasks/composer.yml,.yml,13,,,,unknown,unknown,55,70,shared-automation-candidate,False,none,primary,none,"Automation component for ai; review for reusable script, workflow, deployment job, or infra automation.",automation-score:95,1b74573e46ade64a
aec0f379a68e9692564227c9,mbarbine__Scripts,automation,automation,automation-config,ai,xdebug,xdebug,ansible/magento/magento2-2.0.15/roles/php/tasks/xdebug.yml,.yml,9,,,,unknown,unknown,50,65,shared-automation-candidate,False,none,primary,none,"Automation component for ai; review for reusable script, workflow, deployment job, or infra automation.",automation-score:50,67ea3f1c5ee5cb11
3073249cef20f9ed29bf2d5c,mbarbine__Scripts,automation,automation,automation-config,ai,conf,conf,ansible/magento/magento2-2.0.15/roles/php/tasks/conf.yml,.yml,15,,,,unknown,unknown,55,70,shared-automation-candidate,False,none,primary,none,"Automation component for ai; review for reusable script, workflow, deployment job, or infra automation.",automation-score:50,b24cc48055813131
8660483b0a0513f7ca19d2e1,mbarbine__Scripts,automation,automation,automation-config,ai,install,install,ansible/magento/magento2-2.0.15/roles/php/tasks/install.yml,.yml,20,,,,unknown,unknown,55,70,shared-automation-candidate,False,none,primary,none,"Automation component for ai; review for reusable script, workflow, deployment job, or infra automation.",automation-score:50,f76a86b89b1daee4
82a86d08f6c360f119ff9c84,mbarbine__Scripts,automation,automation,automation-config,ai,main,main,ansible/magento/magento2-2.0.15/roles/php/tasks/main.yml,.yml,11,,,,unknown,unknown,55,70,shared-automation-candidate,False,none,primary,none,"Automation component for ai; review for reusable script, workflow, deployment job, or infra automation.",automation-score:95,dcab46f422b76b8b
8c632e7adeb91e6bcf75d0cf,mbarbine__Scripts,automation,"automation,observability,security",automation-config,observability,php,php,ansible/magento/magento2-2.0.15/roles/php/files/php.ini,.ini,1872,,,,unknown,unknown,65,50,catalog-only,True,none,primary,none,"Automation component for observability; review for reusable script, workflow, deployment job, or infra automation.",automation-score:95 | observability-score:55 | security-score:55 | cron-or-schedule,b0bcb69f4bfc862a
44f968d4809d14fe3ca61395,mbarbine__Scripts,automation,"automation,security",automation-config,ai,main,main,ansible/magento/magento2-2.0.15/roles/common/tasks/main.yml,.yml,52,,,,unknown,unknown,65,70,shared-automation-candidate,False,none,primary,none,"Automation component for ai; review for reusable script, workflow, deployment job, or infra automation.",automation-score:95 | security-score:55,68d45735f8cacc31
41bc9b4b53798cd673f87c11,mbarbine__Scripts,automation,automation,automation-config,ai,main,main,ansible/magento/magento2-2.0.15/roles/apache2/main.yml,.yml,0,,,,unknown,unknown,50,65,shared-automation-candidate,False,none,primary,none,"Automation component for ai; review for reusable script, workflow, deployment job, or infra automation.",automation-score:50,83ecf5844917111b
fec151c6bc9912a2fd8f3304,mbarbine__Scripts,automation,automation,automation-config,ai,main,main,ansible/magento/magento2-2.0.15/roles/cleanup/tasks/main.yml,.yml,28,,,,unknown,unknown,55,70,shared-automation-candidate,False,none,primary,none,"Automation component for ai; review for reusable script, workflow, deployment job, or infra automation.",automation-score:50,c0834bb00d70ce55
f4e3dd40d7a7a0a44b24813f,mbarbine__Scripts,automation,automation,automation-config,ai,conf,conf,ansible/magento/magento2-2.0.15/roles/nginx/tasks/conf.yml,.yml,15,,,,unknown,unknown,55,70,shared-automation-candidate,False,none,primary,none,"Automation component for ai; review for reusable script, workflow, deployment job, or infra automation.",automation-score:50,d9f7556de059cb6a
2c385f17441c4495080ab7b9,mbarbine__Scripts,automation,automation,automation-config,ai,install,install,ansible/magento/magento2-2.0.15/roles/nginx/tasks/install.yml,.yml,5,,,,unknown,unknown,50,65,shared-automation-candidate,False,none,primary,none,"Automation component for ai; review for reusable script, workflow, deployment job, or infra automation.",automation-score:50,992cb2c265c9c1a7
23967e31fa2720c9ff638ab1,mbarbine__Scripts,automation,automation,automation-config,ai,main,main,ansible/magento/magento2-2.0.15/roles/nginx/tasks/main.yml,.yml,3,,,,unknown,unknown,50,65,shared-automation-candidate,False,none,primary,none,"Automation component for ai; review for reusable script, workflow, deployment job, or infra automation.",automation-score:50,71a3a5ef12bf90f1
7332824ce1ed9351f8c83071,mbarbine__Scripts,automation,"automation,observability,security",script,observability,evil-ports1,evil-ports1,powershell/evil-ports1.ps1,.ps1,99,,,,unknown,unknown,65,95,shared-automation-candidate,True,none,primary,none,"Automation component for observability; review for reusable script, workflow, deployment job, or infra automation.",automation-score:80 | observability-score:55 | security-score:55,64f7544c6c27fa61
2fc21dfeb014a98f7606b5f7,mbarbine__Scripts,automation,"automation,logic,backend",script,logic,get-ad-schema-ver,get-ad-schema-ver,powershell/get-ad-schema-ver.ps1,.ps1,1,,,,unknown,unknown,60,90,shared-automation-candidate,True,none,primary,secondary,"Automation component for logic; review for reusable script, workflow, deployment job, or infra automation.",automation-score:80 | logic-score:70 | backend-score:55,2047400fadf44d03
0a839f1e0b70fff494486ef6,mbarbine__Scripts,automation,"automation,observability,security",script,observability,provision_log_buckets,provision-log-buckets,powershell/provision_log_buckets.ps1,.ps1,25,,,,unknown,unknown,65,95,shared-automation-candidate,True,none,primary,none,"Automation component for observability; review for reusable script, workflow, deployment job, or infra automation.",automation-score:80 | observability-score:55 | security-score:55,07a9c1875ec8d699
83d659ec5facae07d1467b6f,mbarbine__Scripts,automation,"automation,security",script,auth-and-keys,reverse-ssh-tunnel,reverse-ssh-tunnel,powershell/reverse-ssh-tunnel.ps1,.ps1,14,,,,unknown,unknown,65,95,shared-automation-candidate,True,none,primary,none,"Automation component for auth-and-keys; review for reusable script, workflow, deployment job, or infra automation.",automation-score:80 | security-score:55,43c3567a44dd8649
71a84a549610517d3ab89c3a,mbarbine__Scripts,automation,"automation,observability,security,ai",script,observability,smack_my_bitch_up,smack-my-bitch-up,powershell/smack_my_bitch_up.ps1,.ps1,38,,,,unknown,unknown,65,95,shared-automation-candidate,True,none,primary,none,"Automation component for observability; review for reusable script, workflow, deployment job, or infra automation.",automation-score:80 | observability-score:55 | security-score:55 | ai-score:45,5b22ebe1f635dc61
70b18c537153fed976d39423,mbarbine__Scripts,automation,"automation,observability,process",script,observability,deploy_lambda_role,deploy-lambda-role,powershell/deploy_lambda_role.ps1,.ps1,23,,,,unknown,unknown,65,95,shared-automation-candidate,True,secondary,primary,none,"Automation component for observability; review for reusable script, workflow, deployment job, or infra automation.",automation-score:130 | observability-score:55 | process-score:45,04fcaa5a4a9768bb
070b83c9633afbe545b087b0,mbarbine__Scripts,automation,"automation,observability",script,observability,create_lambda_code_s3_bucket,create-lambda-code-s3-bucket,powershell/create_lambda_code_s3_bucket.ps1,.ps1,17,,,,unknown,unknown,65,95,shared-automation-candidate,True,none,primary,none,"Automation component for observability; review for reusable script, workflow, deployment job, or infra automation.",automation-score:80 | observability-score:55,b55861752a8d9125
c8ea8221b306a88f34ede538,mbarbine__Scripts,automation,automation,script,shipping,multisheet-excel-to-multi-csv,multisheet-excel-to-multi-csv,powershell/multisheet-excel-to-multi-csv.ps1,.ps1,28,,,,unknown,unknown,55,80,shared-automation-candidate,True,none,primary,none,"Automation component for shipping; review for reusable script, workflow, deployment job, or infra automation.",automation-score:80,15742a0ae327b39a
14ac2d7976e6d2d9ca587725,mbarbine__Scripts,automation,"automation,observability",script,observability,create_event_source,create-event-source,powershell/create_event_source.ps1,.ps1,15,,,,unknown,unknown,65,95,shared-automation-candidate,True,none,primary,none,"Automation component for observability; review for reusable script, workflow, deployment job, or infra automation.",automation-score:125 | observability-score:55 | cron-or-schedule,e0b4e9ecb19f9090
e2756a0e85913276a6ea493c,mbarbine__Scripts,automation,"automation,observability,security",script,auth-and-keys,Powershell-Backup,powershell-backup,powershell/Powershell-Backup.ps1,.ps1,578,,,,unknown,unknown,65,80,shared-automation-candidate,True,none,primary,none,"Automation component for auth-and-keys; review for reusable script, workflow, deployment job, or infra automation.",automation-score:80 | observability-score:55 | security-score:55,30f965d97e967e8f
7f5e2e2a125b96ffcb0f18bd,mbarbine__Scripts,automation,"automation,observability,security,ai",script,observability,Monitor-ADGroupMemberShip,monitor-adgroup-member-ship,powershell/Monitor-ADGroupMemberShip.ps1,.ps1,944,,,,unknown,unknown,65,75,shared-automation-candidate,True,none,primary,none,"Automation component for observability; review for reusable script, workflow, deployment job, or infra automation.",automation-score:125 | observability-score:55 | security-score:55 | ai-score:45,d5590fda6930ffa6
1eb8f0f35241dde8a2c4bb3e,mbarbine__Scripts,automation,"automation,observability,ai",script,observability,ad-new-user,ad-new-user,powershell/ad-new-user.ps1,.ps1,57,,,,unknown,unknown,65,95,shared-automation-candidate,True,none,primary,none,"Automation component for observability; review for reusable script, workflow, deployment job, or infra automation.",automation-score:125 | observability-score:55 | ai-score:45,0c91ac1aef5778b2
511bbdf2bfc52a33020166ed,mbarbine__Scripts,automation,"automation,observability,security",script,observability,evil-port2,evil-port2,powershell/evil-port2.ps1,.ps1,98,,,,unknown,unknown,65,95,shared-automation-candidate,True,none,primary,none,"Automation component for observability; review for reusable script, workflow, deployment job, or infra automation.",automation-score:80 | observability-score:55 | security-score:55,577cfc804608c366
9c28355f535cd505e93d1a61,mbarbine__Scripts,automation,"automation,observability,security",script,auth-and-keys,VM-Resource-Interrogator,vm-resource-interrogator,powershell/VM-Resource-Interrogator.ps1,.ps1,42,,,,unknown,unknown,65,95,shared-automation-candidate,True,none,primary,none,"Automation component for auth-and-keys; review for reusable script, workflow, deployment job, or infra automation.",automation-score:80 | observability-score:55 | security-score:55,67ca803801ca87bd
19e9c1e0aebc1d2923085e96,mbarbine__Scripts,automation,"automation,observability,security,ai",script,observability,export-ntune-data,export-ntune-data,powershell/export-ntune-data.ps1,.ps1,1010,,,,unknown,unknown,65,75,shared-automation-candidate,True,none,primary,none,"Automation component for observability; review for reusable script, workflow, deployment job, or infra automation.",automation-score:80 | observability-score:55 | security-score:55 | ai-score:45,689c77b99bffb675
88da67d5b2142239b7ccdd60,mbarbine__Scripts,automation,automation,script,logic,windows-admin,windows-admin,powershell/windows-admin.ps1,.ps1,24,,,,unknown,unknown,55,95,shared-automation-candidate,True,none,primary,none,"Automation component for logic; review for reusable script, workflow, deployment job, or infra automation.",automation-score:80,c91ad0eb63af0d0e
b856c63173637d7ea3abe376,mbarbine__Scripts,automation,"automation,observability,security,process",script,observability,deploy_lambda_function,deploy-lambda-function,powershell/deploy_lambda_function.ps1,.ps1,29,,,,unknown,unknown,65,95,shared-automation-candidate,True,secondary,primary,none,"Automation component for observability; review for reusable script, workflow, deployment job, or infra automation.",automation-score:130 | observability-score:55 | security-score:55 | process-score:45,3c7e1752edc0f2a4
f69e8b75d8ac8ed9221de272,mbarbine__Scripts,automation,"automation,ai",script,ai,ad-bulk-add-new,ad-bulk-add-new,powershell/temp/ad-bulk-add-new.ps1,.ps1,154,,,,unknown,unknown,65,95,shared-automation-candidate,True,none,primary,none,"Automation component for ai; review for reusable script, workflow, deployment job, or infra automation.",automation-score:80 | ai-score:45,0042a3c385f28422
fc690fd43eb83fc57b28c4af,mbarbine__Scripts,automation,"automation,observability,ai",script,observability,ad-bulk-add,ad-bulk-add,powershell/temp/ad-bulk-add.ps1,.ps1,148,,,,unknown,unknown,65,95,shared-automation-candidate,True,none,primary,none,"Automation component for observability; review for reusable script, workflow, deployment job, or infra automation.",automation-score:80 | observability-score:55 | ai-score:45,3e072374576af300
bc21f464f1a9e71b81daf38b,mbarbine__Scripts,automation,automation,script,general,fileCompare,file-compare,powershell/facebook/fileCompare.ps1,.ps1,7,,,,unknown,unknown,50,75,shared-automation-candidate,True,none,primary,none,"Automation component for general; review for reusable script, workflow, deployment job, or infra automation.",automation-score:80,b27980379dfc7cf8
b1d8b99fbeb84693ee98b4fc,mbarbine__Scripts,automation,automation,script,general,newCompare,new-compare,powershell/facebook/newCompare.ps1,.ps1,25,,,,unknown,unknown,55,80,shared-automation-candidate,True,none,primary,none,"Automation component for general; review for reusable script, workflow, deployment job, or infra automation.",automation-score:80,9c2076d3acaeb363
07bee91a177c03b20f644422,mbarbine__Scripts,automation,automation,script,auth-and-keys,AD-Module,ad-module,powershell/scripts/AD-Module.ps1,.ps1,5,,,,unknown,unknown,60,90,shared-automation-candidate,False,none,primary,none,"Automation component for auth-and-keys; review for reusable script, workflow, deployment job, or infra automation.",automation-score:130,e4f3927597b0d17c
0fd3d4989c882e916fed7221,mbarbine__Scripts,automation,"automation,ai",script,ai,ad-bulk-add,ad-bulk-add,powershell/scripts/import-users/ad-bulk-add.ps1,.ps1,155,,,,unknown,unknown,75,95,shared-automation-candidate,True,none,primary,none,"Automation component for ai; review for reusable script, workflow, deployment job, or infra automation.",automation-score:130 | ai-score:45,0d73d52410d56095
8625380c89271fa0990f8e2a,mbarbine__Scripts,automation,"automation,observability",script,observability,test-ou-add,test-ou-add,powershell/scripts/import-ou/test-ou-add.ps1,.ps1,10,,,,unknown,unknown,70,95,shared-automation-candidate,True,none,primary,none,"Automation component for observability; review for reusable script, workflow, deployment job, or infra automation.",automation-score:130 | observability-score:55,770f403d492ca141
95dfd66379003db30ab760e3,mbarbine__Scripts,automation,"automation,observability,ai",script,observability,ad-add-delim,ad-add-delim,powershell/Functional/ad-add-delim.ps1,.ps1,53,,,,unknown,unknown,65,95,shared-automation-candidate,True,none,primary,none,"Automation component for observability; review for reusable script, workflow, deployment job, or infra automation.",automation-score:125 | observability-score:55 | ai-score:45,a968d6ef42e35fc5
40f1ba40ba7b2a1701ce4345,mbarbine__Scripts,automation,"automation,observability",script,observability,grep_ami_id,grep-ami-id,aws_automation/grep_ami_id.sh,.sh,12,,,,unknown,unknown,65,95,shared-automation-candidate,True,none,primary,none,"Automation component for observability; review for reusable script, workflow, deployment job, or infra automation.",automation-score:130 | observability-score:55,29141db74af669f3
bf6f1f7bad9161814cb6c9e4,mbarbine__Scripts,automation,"automation,security",script,auth-and-keys,aws_post,aws-post,aws_automation/aws_post.sh,.sh,61,,,,unknown,unknown,65,95,shared-automation-candidate,True,none,primary,none,"Automation component for auth-and-keys; review for reusable script, workflow, deployment job, or infra automation.",automation-score:175 | security-score:55,27e589ae43baea72
bff2216c7cd49c9e3df93bdd,mbarbine__Scripts,automation,"automation,observability,security",script,auth-and-keys,test2,test2,graphql/test2.sh,.sh,73,,,,unknown,unknown,65,95,shared-automation-candidate,True,none,primary,none,"Automation component for auth-and-keys; review for reusable script, workflow, deployment job, or infra automation.",automation-score:125 | observability-score:55 | security-score:55,372ad28f98e9d623
88b7ef61d9718c22fc3fd2f3,mbarbine__Scripts,automation,"automation,security",script,auth-and-keys,test3,test3,graphql/test3.sh,.sh,35,,,,unknown,unknown,65,95,shared-automation-candidate,True,none,primary,none,"Automation component for auth-and-keys; review for reusable script, workflow, deployment job, or infra automation.",automation-score:80 | security-score:55,32a1848974625784
ac9ce807cc55b1b910e8f995,mbarbine__Scripts,automation,"automation,observability,security,ai",script,discovery,testql,testql,graphql/testql.sh,.sh,129,,,,unknown,unknown,65,95,shared-automation-candidate,True,none,primary,none,"Automation component for discovery; review for reusable script, workflow, deployment job, or infra automation.",automation-score:80 | observability-score:55 | security-score:55 | ai-score:45,61a464cd7a633914
677dada49a49ade147a9178e,mbarbine__Scripts,automation,"automation,backend",script,general,backup_db_all,backup-db-all,graphql/backup_db_all.sh,.sh,2,,,,unknown,unknown,60,75,shared-automation-candidate,False,none,primary,none,"Automation component for general; review for reusable script, workflow, deployment job, or infra automation.",automation-score:80 | backend-score:55,888ce4fdc2efbfce
b0fd18d76f73314d4edb843b,mbarbine__Scripts,automation,"automation,observability,security",script,auth-and-keys,test4,test4,graphql/test4.sh,.sh,49,,,,unknown,unknown,65,95,shared-automation-candidate,True,none,primary,none,"Automation component for auth-and-keys; review for reusable script, workflow, deployment job, or infra automation.",automation-score:125 | observability-score:55 | security-score:55,d4026f2d74548c1b
d428e507c1bdb7703bf7bc68,mbarbine__Scripts,automation,"automation,observability,security",script,observability,test5,test5,graphql/test5.sh,.sh,106,,,,unknown,unknown,65,95,shared-automation-candidate,True,none,primary,none,"Automation component for observability; review for reusable script, workflow, deployment job, or infra automation.",automation-score:125 | observability-score:55 | security-score:55,37d96d0180690abc
1459fa1deca2a1dc513bd6e4,mbarbine__Scripts,automation,"automation,observability,ai",script,observability,cleanup,cleanup,graphql/cleanup.sh,.sh,239,,,,unknown,unknown,65,90,shared-automation-candidate,True,none,primary,none,"Automation component for observability; review for reusable script, workflow, deployment job, or infra automation.",automation-score:125 | observability-score:55 | ai-score:45,117413f6a5124c08
3e94565ea36076cd294d9f2f,mbarbine__Scripts,automation,"automation,observability,security",script,auth-and-keys,test1,test1,graphql/test1.sh,.sh,61,,,,unknown,unknown,65,95,shared-automation-candidate,True,none,primary,none,"Automation component for auth-and-keys; review for reusable script, workflow, deployment job, or infra automation.",automation-score:125 | observability-score:55 | security-score:55,cf829b6f5cef1ab5
9052eeb380a644ce898ceaa8,mbarbine__Scripts,automation,"automation,security",script,auth-and-keys,InstallChoco,install-choco,PSexec Scripts/InstallChoco.bat,.bat,1,,,,unknown,unknown,70,90,shared-automation-candidate,False,none,primary,none,"Automation component for auth-and-keys; review for reusable script, workflow, deployment job, or infra automation.",automation-score:130 | security-score:55,69d26d324cbb8c7c
0c1c808e1dd2fb84c456a3fc,mbarbine__Scripts,automation,automation,script,general,install_puppet_win,install-puppet-win,PSexec Scripts/install_puppet_win.bat,.bat,1,,,,unknown,unknown,60,75,shared-automation-candidate,False,none,primary,none,"Automation component for general; review for reusable script, workflow, deployment job, or infra automation.",automation-score:130,9306a39a886e04ad
8f9eb240cc6d4e07f66f3132,mbarbine__Scripts,automation,"automation,security",script,commerce,ConvertEvalToStandard,convert-eval-to-standard,PSexec Scripts/ConvertEvalToStandard.bat,.bat,3,,,,unknown,unknown,70,75,shared-automation-candidate,True,none,primary,none,"Automation component for commerce; review for reusable script, workflow, deployment job, or infra automation.",automation-score:130 | security-score:55,848e1aaffe19185b
8110d55c903e733e8e64f1c5,mbarbine__Scripts,automation,"automation,security",script,ai,EnableWinRM,enable-win-rm,PSexec Scripts/EnableWinRM.bat,.bat,2,,,,unknown,unknown,70,90,shared-automation-candidate,False,none,primary,none,"Automation component for ai; review for reusable script, workflow, deployment job, or infra automation.",automation-score:130 | security-score:55,5d7438b742df2cf0
2d6000c1bb38beb665e18620,mbarbine__Scripts,automation,"automation,security",script,auth-and-keys,EnablePSRemoting,enable-psremoting,PSexec Scripts/EnablePSRemoting.bat,.bat,1,,,,unknown,unknown,70,90,shared-automation-candidate,False,none,primary,none,"Automation component for auth-and-keys; review for reusable script, workflow, deployment job, or infra automation.",automation-score:130 | security-score:55,19237498cf5d5794
ab91fae11ffc9e3badc2b73e,mbarbine__Scripts,automation,"automation,security",script,auth-and-keys,CreateVagrantUser,create-vagrant-user,PSexec Scripts/CreateVagrantUser.bat,.bat,1,,,,unknown,unknown,70,90,shared-automation-candidate,False,none,primary,none,"Automation component for auth-and-keys; review for reusable script, workflow, deployment job, or infra automation.",automation-score:130 | security-score:55,e6fec4927bce13f7
a1e923225150604cf4893441,mbarbine__Scripts,automation,"automation,security",script,auth-and-keys,DisableUAC,disable-uac,PSexec Scripts/DisableUAC.bat,.bat,3,,,,unknown,unknown,70,90,shared-automation-candidate,False,none,primary,none,"Automation component for auth-and-keys; review for reusable script, workflow, deployment job, or infra automation.",automation-score:130 | security-score:55,af5156358df286c2
be236fc7cff344983fd75c1a,mbarbine__Scripts,automation,"automation,security",script,commerce,push2cd,push2cd,aws/codeDeploy/push2cd.sh,.sh,39,,,,unknown,unknown,65,80,shared-automation-candidate,False,none,primary,none,"Automation component for commerce; review for reusable script, workflow, deployment job, or infra automation.",automation-score:80 | security-score:55,4ec66f3a29e38e3c
fb8495b6214c656666f16efc,mbarbine__Scripts,automation,automation,script,deployment,validateSite,validate-site,aws/codeDeploy/validateSite.sh,.sh,29,,,,unknown,unknown,55,95,shared-automation-candidate,True,none,primary,none,"Automation component for deployment; review for reusable script, workflow, deployment job, or infra automation.",automation-score:125,753e746fd26c81b2
cd83eb844abef24fbf835d9f,mbarbine__Scripts,automation,"automation,security",script,testing,example-config,example-config,aws/codeDeploy/example-config.sh,.sh,18,,,,unknown,unknown,65,80,shared-automation-candidate,False,none,primary,none,"Automation component for testing; review for reusable script, workflow, deployment job, or infra automation.",automation-score:80 | security-score:55,32537d0be0370a2c
933007ba3d16b91b557cf62e,mbarbine__Scripts,automation,automation,script,deployment,install,install,aws/codeDeploy/install.sh,.sh,4,,,,unknown,unknown,50,90,shared-automation-candidate,False,none,primary,none,"Automation component for deployment; review for reusable script, workflow, deployment job, or infra automation.",automation-score:80,b1a5f5457a2c2aca
b87ac8636d389a480fa876e5,mbarbine__Scripts,automation,automation,script,deployment,stopSite,stop-site,aws/codeDeploy/stopSite.sh,.sh,15,,,,unknown,unknown,55,95,shared-automation-candidate,False,none,primary,none,"Automation component for deployment; review for reusable script, workflow, deployment job, or infra automation.",automation-score:80,598624f9b37bfe52
b0b6e0411184f03172d85983,mbarbine__Scripts,automation,automation,script,deployment,startSite,start-site,aws/codeDeploy/startSite.sh,.sh,9,,,,unknown,unknown,50,90,shared-automation-candidate,False,none,primary,none,"Automation component for deployment; review for reusable script, workflow, deployment job, or infra automation.",automation-score:80,97c6e11690b47e58
f393e34601c84e2d3c8a963b,mbarbine__Scripts,automation,"automation,observability",script,observability,grep_ami_id,grep-ami-id,aws/scripts/grep_ami_id.sh,.sh,15,,,,unknown,unknown,75,95,shared-automation-candidate,True,none,primary,none,"Automation component for observability; review for reusable script, workflow, deployment job, or infra automation.",automation-score:130 | observability-score:55,d3b64761be5913cb
0427ebf6379a89eb98f98e9c,mbarbine__Scripts,automation,"automation,security",script,auth-and-keys,update_elb_ssl_neg_policies,update-elb-ssl-neg-policies,aws/scripts/update_elb_ssl_neg_policies.sh,.sh,73,,,,unknown,unknown,75,95,shared-automation-candidate,True,none,primary,none,"Automation component for auth-and-keys; review for reusable script, workflow, deployment job, or infra automation.",automation-score:130 | security-score:55,fcbc9d74d7ebbfc0
c43733cba135ffcb218328d5,mbarbine__Scripts,automation,automation,script,testing,vagrant_setup,vagrant-setup,aws/scripts/vagrant_setup.sh,.sh,12,,,,unknown,unknown,65,80,shared-automation-candidate,False,none,primary,none,"Automation component for testing; review for reusable script, workflow, deployment job, or infra automation.",automation-score:130,8edd3ba8b2220dc0
b3ab39ad2933b6eac971784d,mbarbine__Scripts,automation,"automation,observability,security",automation-config,observability,backup_ami,backup-ami,aws/scripts/backup_ami.py,.py,85,,"ami_backup_config,boto.ec2,datetime,logging,sys,time","ami_backup_config,boto.ec2,datetime,logging,sys,time",python,unknown,85,70,shared-automation-candidate,True,none,primary,none,"Automation component for observability; review for reusable script, workflow, deployment job, or infra automation.","imports:ami_backup_config, boto.ec2, datetime, logging, sys, time | automation-score:95 | observability-score:55 | security-score:55",ef9bb48182d08fdf
90e5f9df765215e893182088,mbarbine__Scripts,automation,"automation,security",script,auth-and-keys,aws_security_group_details,aws-security-group-details,aws/scripts/aws_security_group_details.sh,.sh,101,,,,unknown,unknown,75,95,shared-automation-candidate,True,none,primary,none,"Automation component for auth-and-keys; review for reusable script, workflow, deployment job, or infra automation.",automation-score:130 | security-score:55,1c3ca7d74fc5ceaf
fb91b48b6e037bcfdce86953,mbarbine__Scripts,automation,automation,script,general,start_httpd,start-httpd,aws/scripts/elb-v2/start_httpd.sh,.sh,8,,,,unknown,unknown,60,75,shared-automation-candidate,False,none,primary,none,"Automation component for general; review for reusable script, workflow, deployment job, or infra automation.",automation-score:130,5a84dcd177c40c16
dc54ad84e05f9f4677a53ef7,mbarbine__Scripts,automation,automation,automation-config,testing,appspec,appspec,aws/scripts/elb-v2/appspec.yml,.yml,12,,,,unknown,unknown,65,55,catalog-only,False,none,primary,none,"Automation component for testing; review for reusable script, workflow, deployment job, or infra automation.",automation-score:50,436f40784abef340
4ea83639ba154b21aa260b9d,mbarbine__Scripts,automation,"automation,observability,security,ai",script,observability,common_functions,common-functions,aws/scripts/elb-v2/common_functions.sh,.sh,600,,,,unknown,unknown,75,80,shared-automation-candidate,True,none,primary,none,"Automation component for observability; review for reusable script, workflow, deployment job, or infra automation.",automation-score:130 | observability-score:55 | security-score:55 | ai-score:45,f9e69cce3ff49116
a2ee43ac9428c844aca9759f,mbarbine__Scripts,automation,"automation,observability",script,observability,deregister_from_elb,deregister-from-elb,aws/scripts/elb-v2/deregister_from_elb.sh,.sh,92,,,,unknown,unknown,75,95,shared-automation-candidate,False,none,primary,none,"Automation component for observability; review for reusable script, workflow, deployment job, or infra automation.",automation-score:175 | observability-score:55,43d99ff14f560b0b
bdc4cfd7289f9a702aa66611,mbarbine__Scripts,automation,automation,script,general,stop_httpd,stop-httpd,aws/scripts/elb-v2/stop_httpd.sh,.sh,8,,,,unknown,unknown,60,75,shared-automation-candidate,False,none,primary,none,"Automation component for general; review for reusable script, workflow, deployment job, or infra automation.",automation-score:130,655b0c55650953e2
408de5cb7c8c0202915aba5a,mbarbine__Scripts,automation,"automation,observability",script,observability,register_with_elb,register-with-elb,aws/scripts/elb-v2/register_with_elb.sh,.sh,92,,,,unknown,unknown,75,95,shared-automation-candidate,False,none,primary,none,"Automation component for observability; review for reusable script, workflow, deployment job, or infra automation.",automation-score:175 | observability-score:55,774cf4343832f57f
3eef6faf1c15c5af587e9462,mbarbine__Scripts,automation,automation,script,general,jenkins-ec2-up,jenkins-ec2-up,jenkins/ansible/jenkins-auto/jenkins-ec2-up.sh,.sh,7,,,,unknown,unknown,50,75,shared-automation-candidate,False,none,primary,none,"Automation component for general; review for reusable script, workflow, deployment job, or infra automation.",automation-score:175,a17b1db9238068a9
b8d47676c59cff4ae833b2aa,mbarbine__Scripts,automation,"automation,security",script,process,jenkins-provision,jenkins-provision,jenkins/ansible/jenkins-auto/jenkins-provision.sh,.sh,11,,,,unknown,unknown,65,95,shared-automation-candidate,True,none,primary,none,"Automation component for process; review for reusable script, workflow, deployment job, or infra automation.",automation-score:175 | security-score:55,335a26350eda22b3
d20d8128054b59ea04b344e1,mbarbine__Scripts,automation,automation,script,game,gradlew,gradlew,jenkins/ansible/jenkins-auto/gradlew.bat,.bat,90,,,,unknown,unknown,55,80,shared-automation-candidate,True,none,primary,none,"Automation component for game; review for reusable script, workflow, deployment job, or infra automation.",automation-score:130,f4f428c5626b3d90
7cbfa7681b33afac5e1cabfb,mbarbine__Scripts,automation,"automation,process",automation-config,process,playbook,playbook,jenkins/ansible/jenkins-auto/jenkins/provisioning/playbook.yml,.yml,14,,,,unknown,unknown,65,70,shared-automation-candidate,True,secondary,primary,none,"Automation component for process; review for reusable script, workflow, deployment job, or infra automation.",automation-score:50 | process-score:45,4ff99ffb2f98a318
79ea35ed39835965c7c9fdb9,mbarbine__Scripts,automation,automation,automation-config,deployment,all,all,jenkins/ansible/jenkins-auto/jenkins/provisioning/vars/all.yml,.yml,23,,,,unknown,unknown,55,70,shared-automation-candidate,False,none,primary,none,"Automation component for deployment; review for reusable script, workflow, deployment job, or infra automation.",automation-score:50,c53289dd9d9d52ea
ef7b00cdf3c60664995d6bcf,mbarbine__Scripts,automation,automation,automation-config,deployment,main,main,jenkins/ansible/jenkins-auto/jenkins/provisioning/vars/main.yml,.yml,23,,,,unknown,unknown,55,70,shared-automation-candidate,False,none,primary,none,"Automation component for deployment; review for reusable script, workflow, deployment job, or infra automation.",automation-score:50,bed6246589b19562
1c77a0489aef675d9b5c1f1d,mbarbine__Scripts,automation,automation,automation-config,workflow,main,main,jenkins/ansible/jenkins-auto/jenkins/provisioning/roles/app/tasks/main.yml,.yml,2,,,,next-react,unknown,60,50,catalog-only,True,none,primary,none,"Automation component for workflow; review for reusable script, workflow, deployment job, or infra automation.",automation-score:50,1d7b433a9103d77e
0c7635e7be1393b87b6546ea,mbarbine__Scripts,automation,automation,automation-config,workflow,main,main,jenkins/ansible/jenkins-auto/jenkins/provisioning/roles/java/tasks/main.yml,.yml,23,,,,unknown,unknown,55,55,catalog-only,True,none,primary,none,"Automation component for workflow; review for reusable script, workflow, deployment job, or infra automation.",automation-score:50,2b3b2eaeeb2715a7
62f522f255d4de8959bbf4c0,mbarbine__Scripts,automation,"automation,backend",automation-config,workflow,main,main,jenkins/ansible/jenkins-auto/jenkins/provisioning/roles/server/tasks/main.yml,.yml,80,,,,unknown,unknown,65,55,catalog-only,True,none,primary,none,"Automation component for workflow; review for reusable script, workflow, deployment job, or infra automation.",automation-score:95 | backend-score:55,8bbf186909615a2c
ca92566f92e9c43f388512ae,mbarbine__Scripts,automation,"automation,backend",script,workflow,copyConfigs,copy-configs,jenkins/ansible/jenkins-auto/jenkins/provisioning/roles/server/files/copyConfigs.sh,.sh,10,,,,unknown,unknown,60,80,shared-automation-candidate,True,none,primary,none,"Automation component for workflow; review for reusable script, workflow, deployment job, or infra automation.",automation-score:130 | backend-score:55,d177b484a1f3ae6e
6731000d13cb2762cd65fce4,mbarbine__Scripts,automation,"automation,process,backend,security",automation-config,ai,jobs,jobs,jenkins/ansible/jenkins-auto/jenkins/provisioning/roles/server/files/jobs.txt,.txt,50,,,,unknown,unknown,65,70,shared-automation-candidate,True,secondary,primary,none,"Automation component for ai; review for reusable script, workflow, deployment job, or infra automation.",automation-score:95 | process-score:65 | backend-score:55 | security-score:55,16685df7a19bb3e5
6152d26ab5a1292ca528dcb4,mbarbine__Scripts,automation,automation,automation-config,workflow,main,main,jenkins/ansible/jenkins-auto/jenkins/provisioning/roles/nginx/tasks/main.yml,.yml,9,,,,unknown,unknown,50,50,catalog-only,True,none,primary,none,"Automation component for workflow; review for reusable script, workflow, deployment job, or infra automation.",automation-score:50,8799a7dba2957616
b36cc8b715d057f82c87b682,mbarbine__Scripts,automation,automation,automation-config,workflow,main,main,jenkins/ansible/jenkins-auto/jenkins/provisioning/roles/vagrant_local/tasks/main.yml,.yml,11,,,,unknown,unknown,55,55,catalog-only,True,none,primary,none,"Automation component for workflow; review for reusable script, workflow, deployment job, or infra automation.",automation-score:50,5f3f4a49d76b110d
b8c4ec0426d3bbc9269a5fb4,mbarbine__Scripts,automation,"automation,observability,security",automation-config,auth-and-keys,ec2,ec2,jenkins/ansible/jenkins-auto/jenkins/provisioning/inventory/ec2.py,.py,719,Ec2Inventory,"ConfigParser,argparse,boto,collections,json,os,re,simplejson,sys,time","ConfigParser,argparse,boto,collections,json,os,re,simplejson,sys,time",python,unknown,90,55,catalog-only,True,none,primary,none,"Automation component for auth-and-keys; review for reusable script, workflow, deployment job, or infra automation.","exports:Ec2Inventory | imports:ConfigParser, argparse, boto, collections, json, os, re, simplejson | automation-score:95 | observability-score:55 | security-score:55",33d905e0390af802
049134f35e30f8fa4cee832b,mbarbine__Scripts,automation,"automation,security",automation-config,shipping,ec2,ec2,jenkins/ansible/jenkins-auto/jenkins/provisioning/inventory/ec2.ini,.ini,97,,,,unknown,unknown,65,55,catalog-only,True,none,primary,none,"Automation component for shipping; review for reusable script, workflow, deployment job, or infra automation.",automation-score:95 | security-score:55,a0f89ce6a7027221
2bcb512cdea257e1db60edef,mbarbine__Scripts,automation,automation,automation-config,deployment,settings,settings,.vscode/settings.json,.json,3,,,,unknown,unknown,50,65,shared-automation-candidate,False,none,primary,none,"Automation component for deployment; review for reusable script, workflow, deployment job, or infra automation.",automation-score:45,0b970e8c7e680db9
30c50dfdf8dd91a381d12707,mbarbine__Scripts,automation,automation,script,general,InstallChoco,install-choco,Batch Scripts/InstallChoco.bat,.bat,4,,,,unknown,unknown,60,75,shared-automation-candidate,False,none,primary,none,"Automation component for general; review for reusable script, workflow, deployment job, or infra automation.",automation-score:130,f9b32f13eb9000a9
ddc760d636a0b4525b6729d3,mbarbine__Scripts,automation,automation,script,general,install_puppet_win,install-puppet-win,Batch Scripts/install_puppet_win.bat,.bat,1,,,,unknown,unknown,60,75,shared-automation-candidate,False,none,primary,none,"Automation component for general; review for reusable script, workflow, deployment job, or infra automation.",automation-score:130,9306a39a886e04ad
be44677e863cbcde6011b170,mbarbine__Scripts,automation,automation,script,general,Enable Advanced Firewall,enable-advanced-firewall,Batch Scripts/Enable Advanced Firewall.bat,.bat,4,,,,unknown,unknown,60,75,shared-automation-candidate,False,none,primary,none,"Automation component for general; review for reusable script, workflow, deployment job, or infra automation.",automation-score:130,c1dd069e72952702
c846f86c7e8c5f94d908ae67,mbarbine__Scripts,automation,automation,script,general,centos_7,centos-7,Batch Scripts/centos_7.sh,.sh,28,,,,unknown,unknown,65,80,shared-automation-candidate,False,none,primary,none,"Automation component for general; review for reusable script, workflow, deployment job, or infra automation.",automation-score:130,5d4d30414cde6d6c
8a75a1c39770716e02f3a8fa,mbarbine__Scripts,automation,automation,script,general,Disable Advanced Firewall,disable-advanced-firewall,Batch Scripts/Disable Advanced Firewall.bat,.bat,4,,,,unknown,unknown,60,75,shared-automation-candidate,False,none,primary,none,"Automation component for general; review for reusable script, workflow, deployment job, or infra automation.",automation-score:130,3d4f6dd1a4261a94
b0c715d1a5c2ff5d40af492e,mbarbine__Scripts,automation,"automation,security",script,auth-and-keys,Configure_SecureAuth_Packet_Firewall,configure-secure-auth-packet-firewall,Batch Scripts/Configure_SecureAuth_Packet_Firewall.bat,.bat,144,,,,unknown,unknown,75,95,shared-automation-candidate,True,none,primary,none,"Automation component for auth-and-keys; review for reusable script, workflow, deployment job, or infra automation.",automation-score:130 | security-score:55,b42a8251570b6857
5d765496f3171ad0b4c7bd1d,mbarbine__Scripts,automation,"automation,security",script,commerce,ConvertEvalToStandard,convert-eval-to-standard,Batch Scripts/ConvertEvalToStandard.bat,.bat,3,,,,unknown,unknown,70,75,shared-automation-candidate,True,none,primary,none,"Automation component for commerce; review for reusable script, workflow, deployment job, or infra automation.",automation-score:130 | security-score:55,848e1aaffe19185b
e5f284ff155f9119200b0426,mbarbine__Scripts,automation,"automation,security",script,ai,EnableWinRM,enable-win-rm,Batch Scripts/EnableWinRM.bat,.bat,7,,,,unknown,unknown,70,90,shared-automation-candidate,False,none,primary,none,"Automation component for ai; review for reusable script, workflow, deployment job, or infra automation.",automation-score:130 | security-score:55,3e528a9f1e913bd3
6b22f759b0608e3beb95baaa,mbarbine__Scripts,automation,automation,script,general,Disable DHCP Traffic,disable-dhcp-traffic,Batch Scripts/Disable DHCP Traffic.bat,.bat,5,,,,unknown,unknown,60,75,shared-automation-candidate,False,none,primary,none,"Automation component for general; review for reusable script, workflow, deployment job, or infra automation.",automation-score:130,e8052144c7ddf5e7
6c8e462e8b6d7d4db5898465,mbarbine__Scripts,automation,"automation,security",script,auth-and-keys,Enable SecureAuth FTP,enable-secure-auth-ftp,Batch Scripts/Enable SecureAuth FTP.bat,.bat,4,,,,unknown,unknown,70,90,shared-automation-candidate,False,none,primary,none,"Automation component for auth-and-keys; review for reusable script, workflow, deployment job, or infra automation.",automation-score:130 | security-score:55,ab3756d9290f5618
738847c29f660fb848b775c3,mbarbine__Scripts,automation,automation,script,general,EnablePSRemoting,enable-psremoting,Batch Scripts/EnablePSRemoting.bat,.bat,3,,,,unknown,unknown,60,75,shared-automation-candidate,False,none,primary,none,"Automation component for general; review for reusable script, workflow, deployment job, or infra automation.",automation-score:130,51ff6f211d081f71
a87ff70c866845bed63d5e55,mbarbine__Scripts,automation,"automation,security",script,auth-and-keys,Disable SecureAuth FTP,disable-secure-auth-ftp,Batch Scripts/Disable SecureAuth FTP.bat,.bat,4,,,,unknown,unknown,70,90,shared-automation-candidate,False,none,primary,none,"Automation component for auth-and-keys; review for reusable script, workflow, deployment job, or infra automation.",automation-score:130 | security-score:55,c6953134c8da6c42
ffcc61180d24fd23e52cf72f,mbarbine__Scripts,automation,"automation,observability,security",script,observability,buildmodsecnginx,buildmodsecnginx,Batch Scripts/buildmodsecnginx.sh,.sh,37,,,,unknown,unknown,75,95,shared-automation-candidate,True,none,primary,none,"Automation component for observability; review for reusable script, workflow, deployment job, or infra automation.",automation-score:130 | observability-score:55 | security-score:55,4b106cdc851f290b
cc7bf23df444356198d3315b,mbarbine__Scripts,automation,"automation,security",script,auth-and-keys,SecureAuth_Packet_Firewall,secure-auth-packet-firewall,Batch Scripts/SecureAuth_Packet_Firewall.bat,.bat,346,,,,unknown,unknown,75,90,shared-automation-candidate,True,none,primary,none,"Automation component for auth-and-keys; review for reusable script, workflow, deployment job, or infra automation.",automation-score:130 | security-score:55,53a512a6d888a883
e485cc6a46410e28aaa593f4,mbarbine__Scripts,automation,"automation,observability,security,logic",script,observability,Prepare_SecureAuth_Default_rules,prepare-secure-auth-default-rules,Batch Scripts/Prepare_SecureAuth_Default_rules.bat,.bat,193,,,,unknown,unknown,75,95,shared-automation-candidate,True,none,primary,secondary,"Automation component for observability; review for reusable script, workflow, deployment job, or infra automation.",automation-score:130 | observability-score:55 | security-score:55 | logic-score:45,3e1c80bb23ffd4fb
f447fa77c6f66881cf990173,mbarbine__Scripts,automation,automation,script,general,Enable DHCP Traffic,enable-dhcp-traffic,Batch Scripts/Enable DHCP Traffic.bat,.bat,5,,,,unknown,unknown,60,75,shared-automation-candidate,False,none,primary,none,"Automation component for general; review for reusable script, workflow, deployment job, or infra automation.",automation-score:130,ad0b1c2eebd5a223
5e0d2e27971ef051450e55f9,mbarbine__Scripts,automation,automation,script,ai,msiexec,msiexec,Batch Scripts/msiexec.bat,.bat,91,,,,unknown,unknown,65,95,shared-automation-candidate,True,none,primary,none,"Automation component for ai; review for reusable script, workflow, deployment job, or infra automation.",automation-score:130,33a20a7357b2810a
bf0d715a2adf5a9bf5cda461,mbarbine__Scripts,automation,automation,script,general,CreateWinService,create-win-service,Batch Scripts/CreateWinService.bat,.bat,6,,,,unknown,unknown,60,75,shared-automation-candidate,False,none,primary,none,"Automation component for general; review for reusable script, workflow, deployment job, or infra automation.",automation-score:130,b9d2d28d7c0e21c8
a2814067d1161bcb24e8db34,mbarbine__Scripts,automation,automation,script,general,CreateVagrantUser,create-vagrant-user,Batch Scripts/CreateVagrantUser.bat,.bat,4,,,,unknown,unknown,60,75,shared-automation-candidate,False,none,primary,none,"Automation component for general; review for reusable script, workflow, deployment job, or infra automation.",automation-score:130,c78835e33dced106
bd0f2288f75a9286eaceccf5,mbarbine__Scripts,automation,"automation,security",script,ai,ssh_auth,ssh-auth,Batch Scripts/ssh_auth.sh,.sh,27,,,,unknown,unknown,75,95,shared-automation-candidate,True,none,primary,none,"Automation component for ai; review for reusable script, workflow, deployment job, or infra automation.",automation-score:130 | security-score:55,53be178f92e43ebf
9a9667e72527da6b1dccb366,mbarbine__Scripts,automation,"automation,observability,security",script,observability,installopenssh,installopenssh,Batch Scripts/installopenssh.bat,.bat,70,,,,unknown,unknown,75,95,shared-automation-candidate,True,none,primary,none,"Automation component for observability; review for reusable script, workflow, deployment job, or infra automation.",automation-score:130 | observability-score:55 | security-score:55,5a7a0d408960d5e5
a00df833518ee7815faf8e50,mbarbine__Scripts,automation,"automation,security",script,general,DisableUAC,disable-uac,Batch Scripts/DisableUAC.bat,.bat,3,,,,unknown,unknown,70,75,shared-automation-candidate,False,none,primary,none,"Automation component for general; review for reusable script, workflow, deployment job, or infra automation.",automation-score:130 | security-score:55,1ec1207e8e6246a8
b49a0f2dfa5a4a82b00ebe5e,mbarbine__Scripts,automation,"automation,observability,security",script,observability,Chrome,chrome,Batch Scripts/psexec/Chrome.bat,.bat,46,,,,unknown,unknown,75,95,shared-automation-candidate,True,none,primary,none,"Automation component for observability; review for reusable script, workflow, deployment job, or infra automation.",automation-score:130 | observability-score:55 | security-score:55,639ea686f3017b87
8ecd138289e6cab7cc8a03be,mbarbine__Scripts,automation,"automation,observability,security",script,observability,uninstall,uninstall,Batch Scripts/psexec/uninstall.bat,.bat,46,,,,unknown,unknown,75,95,shared-automation-candidate,True,none,primary,none,"Automation component for observability; review for reusable script, workflow, deployment job, or infra automation.",automation-score:130 | observability-score:55 | security-score:55,899d604b4342ff37
14f13a7c03ccdf50c9999100,mbarbine__Scripts,automation,"automation,observability,security",script,observability,FirefoxV2,firefox-v2,Batch Scripts/psexec/FirefoxV2.bat,.bat,74,,,,unknown,unknown,75,95,shared-automation-candidate,True,none,primary,none,"Automation component for observability; review for reusable script, workflow, deployment job, or infra automation.",automation-score:130 | observability-score:55 | security-score:55,f378ca436cc384b4
0ee8b5dfed2088902fa1ba08,mbarbine__Scripts,automation,"automation,observability,security",script,observability,Firefox,firefox,Batch Scripts/psexec/Firefox.bat,.bat,46,,,,unknown,unknown,75,95,shared-automation-candidate,True,none,primary,none,"Automation component for observability; review for reusable script, workflow, deployment job, or infra automation.",automation-score:130 | observability-score:55 | security-score:55,bac90e164d9ab138
bd668ac31eac8bfe9577a926,mbarbine__Scripts,automation,"automation,observability,security",script,observability,FlashPlayer,flash-player,Batch Scripts/psexec/FlashPlayer.bat,.bat,46,,,,unknown,unknown,75,95,shared-automation-candidate,True,none,primary,none,"Automation component for observability; review for reusable script, workflow, deployment job, or infra automation.",automation-score:130 | observability-score:55 | security-score:55,77b3c9d7c9848d6f
bfff432683059cfe751c8f8f,mbarbine__Scripts,automation,"automation,observability,security",script,observability,AdobeV2,adobe-v2,Batch Scripts/psexec/AdobeV2.bat,.bat,72,,,,unknown,unknown,75,95,shared-automation-candidate,True,none,primary,none,"Automation component for observability; review for reusable script, workflow, deployment job, or infra automation.",automation-score:130 | observability-score:55 | security-score:55,15daa9f313dfa5f0
c22da901df23ffc741e2ecfc,mbarbine__Scripts,automation,"automation,observability,security",script,observability,FlashPlayerV2,flash-player-v2,Batch Scripts/psexec/FlashPlayerV2.bat,.bat,72,,,,unknown,unknown,75,95,shared-automation-candidate,True,none,primary,none,"Automation component for observability; review for reusable script, workflow, deployment job, or infra automation.",automation-score:130 | observability-score:55 | security-score:55,1dbbecb62b421e9d
21cde59e53b4afb3d5136cae,mbarbine__Scripts,automation,"automation,observability,security",script,observability,InternetExplorerVersion,internet-explorer-version,Batch Scripts/psexec/InternetExplorerVersion.bat,.bat,33,,,,unknown,unknown,75,95,shared-automation-candidate,True,none,primary,none,"Automation component for observability; review for reusable script, workflow, deployment job, or infra automation.",automation-score:130 | observability-score:55 | security-score:55,30c0c3e72a559f4e
0093b32a1cd329dc751b4234,mbarbine__Scripts,automation,"automation,observability,security",script,observability,ScriptVBS,script-vbs,Batch Scripts/psexec/ScriptVBS.bat,.bat,63,,,,unknown,unknown,75,95,shared-automation-candidate,True,none,primary,none,"Automation component for observability; review for reusable script, workflow, deployment job, or infra automation.",automation-score:130 | observability-score:55 | security-score:55,d1aae0e060364eeb
ed2128ccd53a7470c4624c94,mbarbine__Scripts,automation,"automation,observability,security",script,observability,CheckingHF,checking-hf,Batch Scripts/psexec/CheckingHF.bat,.bat,48,,,,unknown,unknown,75,95,shared-automation-candidate,True,none,primary,none,"Automation component for observability; review for reusable script, workflow, deployment job, or infra automation.",automation-score:130 | observability-score:55 | security-score:55,9d7ac684d86f808a
c5dfda145ce38999f7917a63,mbarbine__Scripts,automation,"automation,observability,security",script,observability,ComputersOnline,computers-online,Batch Scripts/psexec/ComputersOnline.bat,.bat,44,,,,unknown,unknown,75,95,shared-automation-candidate,True,none,primary,none,"Automation component for observability; review for reusable script, workflow, deployment job, or infra automation.",automation-score:130 | observability-score:55 | security-score:55,b8de94b26d11a49f
cfd140550c7310067b573d80,mbarbine__Scripts,automation,"automation,observability,security",script,observability,InstallingWannacryHotfix,installing-wannacry-hotfix,Batch Scripts/psexec/InstallingWannacryHotfix.bat,.bat,54,,,,unknown,unknown,75,95,shared-automation-candidate,True,none,primary,none,"Automation component for observability; review for reusable script, workflow, deployment job, or infra automation.",automation-score:130 | observability-score:55 | security-score:55,8f01a9d9a8ad9ee7
ca34ca946633343704e40c1e,mbarbine__Scripts,automation,"automation,observability,security",script,observability,JavaV2,java-v2,Batch Scripts/psexec/JavaV2.bat,.bat,77,,,,unknown,unknown,75,95,shared-automation-candidate,True,none,primary,none,"Automation component for observability; review for reusable script, workflow, deployment job, or infra automation.",automation-score:130 | observability-score:55 | security-score:55,87fe8fb08f5f23d5
771f721a50abd3eb7c94df00,mbarbine__Scripts,automation,"automation,observability,security",script,observability,architecture-x64,architecture-x64,Batch Scripts/psexec/architecture-x64.bat,.bat,28,,,,unknown,unknown,75,95,shared-automation-candidate,True,none,primary,none,"Automation component for observability; review for reusable script, workflow, deployment job, or infra automation.",automation-score:130 | observability-score:55 | security-score:55,37e0a4b00eaf7ecc
242e1ffc51e865d9f8b5dbc6,mbarbine__Scripts,automation,"automation,observability,security",script,observability,Adobe,adobe,Batch Scripts/psexec/Adobe.bat,.bat,46,,,,unknown,unknown,75,95,shared-automation-candidate,True,none,primary,none,"Automation component for observability; review for reusable script, workflow, deployment job, or infra automation.",automation-score:130 | observability-score:55 | security-score:55,9817113458db6294
d149153e47384718f0cb3aee,mbarbine__Scripts,automation,"automation,observability,security",script,observability,Java,java,Batch Scripts/psexec/Java.bat,.bat,45,,,,unknown,unknown,75,95,shared-automation-candidate,True,none,primary,none,"Automation component for observability; review for reusable script, workflow, deployment job, or infra automation.",automation-score:130 | observability-score:55 | security-score:55,e788e940f9bd9edd
31aa72262190fb31627977b3,mbarbine__Scripts,automation,"automation,observability,security",script,observability,ChromeV2,chrome-v2,Batch Scripts/psexec/ChromeV2.bat,.bat,72,,,,unknown,unknown,75,95,shared-automation-candidate,True,none,primary,none,"Automation component for observability; review for reusable script, workflow, deployment job, or infra automation.",automation-score:130 | observability-score:55 | security-score:55,f9ee70e4a6cd6851
9fb6dc589fb0e68a02d087bf,mbarbine__Scripts,automation,"automation,observability,security,ai",script,observability,system_recovery_script (1),system-recovery-script-1,Batch Scripts/windows-recovery/system_recovery_script (1).bat,.bat,288,,,,unknown,unknown,75,90,shared-automation-candidate,True,none,primary,none,"Automation component for observability; review for reusable script, workflow, deployment job, or infra automation.",automation-score:175 | observability-score:55 | security-score:55 | ai-score:45,30a624fbdb7e5147
5868c08797f1f3048de94c60,mbarbine__Scripts,automation,"automation,security",script,security,setup,setup,Batch Scripts/batch-scraper/setup.bat,.bat,10,,,,unknown,unknown,70,80,shared-automation-candidate,True,none,primary,none,"Automation component for security; review for reusable script, workflow, deployment job, or infra automation.",automation-score:130 | security-score:55,9b80cff44b57f333
f90b774dd0e8a3b047ec0051,mbarbine__Scripts,automation,"automation,security",script,auth-and-keys,thread,thread,Batch Scripts/batch-scraper/thread.bat,.bat,1,,,,unknown,unknown,70,90,shared-automation-candidate,False,none,primary,none,"Automation component for auth-and-keys; review for reusable script, workflow, deployment job, or infra automation.",automation-score:175 | security-score:55,60f660f769b87126
4cc2bc57ff93e19613a30abc,mbarbine__Scripts,automation,"automation,observability",script,observability,download-1window,download-1window,Batch Scripts/batch-scraper/download-1window.bat,.bat,86,,,,unknown,unknown,75,95,shared-automation-candidate,False,none,primary,none,"Automation component for observability; review for reusable script, workflow, deployment job, or infra automation.",automation-score:130 | observability-score:55,05d188c0eb3b2fbf
64db651f7cec1775b587d7f1,mbarbine__Scripts,automation,"automation,security",script,auth-and-keys,extract,extract,Batch Scripts/batch-scraper/extract.bat,.bat,1,,,,unknown,unknown,70,90,shared-automation-candidate,False,none,primary,none,"Automation component for auth-and-keys; review for reusable script, workflow, deployment job, or infra automation.",automation-score:130 | security-score:55,78774e8ed370db44
25372667feae15600c5ac28b,mbarbine__Scripts,automation,"automation,observability",script,observability,download,download,Batch Scripts/batch-scraper/download.bat,.bat,83,,,,unknown,unknown,75,95,shared-automation-candidate,False,none,primary,none,"Automation component for observability; review for reusable script, workflow, deployment job, or infra automation.",automation-score:175 | observability-score:55,c72341741d45c9ed
4089c130fbce70e87eee48f3,mbarbine__Scripts,automation,automation,script,general,ecr,ecr,helm/HHLP-DEV/HelmCharts/ecr.sh,.sh,6,,,,unknown,unknown,50,75,shared-automation-candidate,False,none,primary,none,"Automation component for general; review for reusable script, workflow, deployment job, or infra automation.",automation-score:80,5c736bd1adcba031
d562bf339172b34d9c11fe96,mbarbine__Scripts,automation,"automation,process,observability,security",script,observability,docker-stack-deploy,docker-stack-deploy,helm/HHLP-DEV/HelmCharts/docker-stack-deploy.sh,.sh,157,,,,unknown,unknown,65,95,shared-automation-candidate,True,secondary,primary,none,"Automation component for observability; review for reusable script, workflow, deployment job, or infra automation.",automation-score:175 | process-score:80 | observability-score:55 | security-score:55,3a86d984d07d14d2
1613bc76ef63ba3e4e42cbdd,mbarbine__Scripts,automation,automation,automation-config,shipping,stack-backoffice,stack-backoffice,helm/HHLP-DEV/HelmCharts/devOps/stack-backoffice.yml,.yml,28,,,,unknown,unknown,55,55,catalog-only,True,none,primary,none,"Automation component for shipping; review for reusable script, workflow, deployment job, or infra automation.",automation-score:45,d82166d1f7e5eee8
705acb7219c18547f635cf33,mbarbine__Scripts,automation,automation,automation-config,workflow,azure-pipelines,azure-pipelines,helm/HHLP-DEV/HelmCharts/devOps/azure-pipelines.yml,.yml,17,,,,unknown,unknown,55,55,catalog-only,True,none,primary,none,"Automation component for workflow; review for reusable script, workflow, deployment job, or infra automation.",automation-score:45,df89d723f6e9167c
2b95d3f676c6e2b75e098bc5,mbarbine__Scripts,automation,"automation,security",infrastructure-automation,auth-and-keys,stack-infrastructure,stack-infrastructure,helm/HHLP-DEV/HelmCharts/devOps/stack-infrastructure.yml,.yml,103,,,,unknown,unknown,65,70,shared-automation-candidate,True,none,primary,none,"Automation component for auth-and-keys; review for reusable script, workflow, deployment job, or infra automation.",automation-score:95 | security-score:55,f244384060c7c824
7e103bf616108f8b42e54541,mbarbine__Scripts,automation,automation,script,deployment,nexus,nexus,helm/HHLP-DEV/HelmCharts/helm/nexus.sh,.sh,16,,,,unknown,unknown,55,95,shared-automation-candidate,False,none,primary,none,"Automation component for deployment; review for reusable script, workflow, deployment job, or infra automation.",automation-score:125,2d2c6142d442141d
e534eb011c6d7de3925ccc11,mbarbine__Scripts,automation,"automation,security",script,discovery,rollout,rollout,helm/HHLP-DEV/HelmCharts/helm/rollout.sh,.sh,32,,,,unknown,unknown,65,95,shared-automation-candidate,True,none,primary,none,"Automation component for discovery; review for reusable script, workflow, deployment job, or infra automation.",automation-score:125 | security-score:55,040a1b039d511177
4e9b9950db9212a9ba9931cd,mbarbine__Scripts,automation,"automation,observability,security",script,observability,infra,infra,helm/HHLP-DEV/HelmCharts/helm/infra.sh,.sh,22,,,,unknown,unknown,65,95,shared-automation-candidate,True,none,primary,none,"Automation component for observability; review for reusable script, workflow, deployment job, or infra automation.",automation-score:130 | observability-score:55 | security-score:55,3f67fa1a593bb98d
600221b990f02caf64035e60,mbarbine__Scripts,automation,"automation,security",script,discovery,destroy,destroy,helm/HHLP-DEV/HelmCharts/helm/destroy.sh,.sh,31,,,,unknown,unknown,65,95,shared-automation-candidate,True,none,primary,none,"Automation component for discovery; review for reusable script, workflow, deployment job, or infra automation.",automation-score:125 | security-score:55,56829387bea04b61
7df775412f77767016346f60,mbarbine__Scripts,automation,"automation,observability",script,general,helmInit,helm-init,helm/HHLP-DEV/HelmCharts/helm/helmInit.sh,.sh,12,,,,unknown,unknown,65,80,shared-automation-candidate,False,none,primary,none,"Automation component for general; review for reusable script, workflow, deployment job, or infra automation.",automation-score:125 | observability-score:55,1e8b26b530851bdd
aedadaa0f993c8c6b631191d,mbarbine__Scripts,automation,"automation,process",automation-config,seo-and-metadata,deployment,deployment,helm/HHLP-DEV/HelmCharts/helm/document-uploader/templates/deployment.yaml,.yaml,46,,,,unknown,unknown,65,70,shared-automation-candidate,False,secondary,primary,none,"Automation component for seo-and-metadata; review for reusable script, workflow, deployment job, or infra automation.",automation-score:50 | process-score:45,ea6c298b1cb31ca7
33d9462ef3a612e2fed0125a,mbarbine__Scripts,automation,"automation,process",automation-config,seo-and-metadata,deployment,deployment,helm/HHLP-DEV/HelmCharts/helm/forms/templates/deployment.yaml,.yaml,45,,,,unknown,unknown,65,70,shared-automation-candidate,False,secondary,primary,none,"Automation component for seo-and-metadata; review for reusable script, workflow, deployment job, or infra automation.",automation-score:50 | process-score:45,6c801b0723668acb
a84bf9aa376f7741db6cd096,mbarbine__Scripts,automation,"automation,process",automation-config,seo-and-metadata,deployment,deployment,helm/HHLP-DEV/HelmCharts/helm/template-storage/templates/deployment.yaml,.yaml,46,,,,unknown,unknown,65,70,shared-automation-candidate,False,secondary,primary,none,"Automation component for seo-and-metadata; review for reusable script, workflow, deployment job, or infra automation.",automation-score:50 | process-score:45,7bcda66242cd3a2f
2e2897e350315f3b561af6d7,mbarbine__Scripts,automation,"automation,process",automation-config,seo-and-metadata,deployment,deployment,helm/HHLP-DEV/HelmCharts/helm/config/templates/deployment.yaml,.yaml,46,,,,unknown,unknown,65,70,shared-automation-candidate,False,secondary,primary,none,"Automation component for seo-and-metadata; review for reusable script, workflow, deployment job, or infra automation.",automation-score:50 | process-score:45,2a2dcee42d953a74
2a7c4cb16cd1d07360cb87f0,mbarbine__Scripts,automation,"automation,process",automation-config,seo-and-metadata,deployment,deployment,helm/HHLP-DEV/HelmCharts/helm/dispatcher/templates/deployment.yaml,.yaml,46,,,,unknown,unknown,65,70,shared-automation-candidate,False,secondary,primary,none,"Automation component for seo-and-metadata; review for reusable script, workflow, deployment job, or infra automation.",automation-score:50 | process-score:45,45a233b2ac64538e
30e3799126c6f525ab351452,mbarbine__Scripts,automation,"automation,process",automation-config,seo-and-metadata,deployment,deployment,helm/HHLP-DEV/HelmCharts/helm/pdf-image-generation/templates/deployment.yaml,.yaml,46,,,,unknown,unknown,65,70,shared-automation-candidate,False,secondary,primary,none,"Automation component for seo-and-metadata; review for reusable script, workflow, deployment job, or infra automation.",automation-score:50 | process-score:45,4c704f0a7d5c1b6e
d7025d62b6fa5c333826d83e,mbarbine__Scripts,automation,"automation,process",automation-config,seo-and-metadata,deployment,deployment,helm/HHLP-DEV/HelmCharts/helm/backoffice/templates/deployment.yaml,.yaml,64,,,,unknown,unknown,65,70,shared-automation-candidate,False,secondary,primary,none,"Automation component for seo-and-metadata; review for reusable script, workflow, deployment job, or infra automation.",automation-score:50 | process-score:45,751c5385896b951f
cc88f9687e5cd9482edb320f,mbarbine__Scripts,automation,automation,script,testing,helmenv,helmenv,helm/HHLP-DEV/HelmCharts/helm/elk/elasticsearch/helmenv.sh,.sh,300,,,,unknown,unknown,55,75,shared-automation-candidate,True,none,primary,none,"Automation component for testing; review for reusable script, workflow, deployment job, or infra automation.",automation-score:80,90d9099a31f3546a
fa35c582890104cd95eb804e,mbarbine__Scripts,automation,"automation,process",automation-config,seo-and-metadata,deployment,deployment,helm/HHLP-DEV/HelmCharts/helm/application-storage/templates/deployment.yaml,.yaml,46,,,,unknown,unknown,65,70,shared-automation-candidate,False,secondary,primary,none,"Automation component for seo-and-metadata; review for reusable script, workflow, deployment job, or infra automation.",automation-score:50 | process-score:45,a68603c6e841aaca
ad645d7467b308758b99910c,mbarbine__Scripts,automation,"automation,process",automation-config,seo-and-metadata,deployment,deployment,helm/HHLP-DEV/HelmCharts/helm/forms-generation/templates/deployment.yaml,.yaml,45,,,,unknown,unknown,65,70,shared-automation-candidate,False,secondary,primary,none,"Automation component for seo-and-metadata; review for reusable script, workflow, deployment job, or infra automation.",automation-score:50 | process-score:45,57d8dad08157e719
1c2749b807de064c5934e10c,mbarbine__Scripts,automation,"automation,process",automation-config,seo-and-metadata,deployment,deployment,helm/HHLP-DEV/HelmCharts/helm/nlp/templates/deployment.yaml,.yaml,46,,,,unknown,unknown,65,70,shared-automation-candidate,False,secondary,primary,none,"Automation component for seo-and-metadata; review for reusable script, workflow, deployment job, or infra automation.",automation-score:50 | process-score:45,08a1e2e75a03610b
c0ecb1404d807cec36f7b874,mbarbine__Scripts,automation,"automation,process",automation-config,seo-and-metadata,deployment,deployment,helm/HHLP-DEV/HelmCharts/helm/patent-search-web/templates/deployment.yaml,.yaml,53,,,,unknown,unknown,65,70,shared-automation-candidate,True,secondary,primary,none,"Automation component for seo-and-metadata; review for reusable script, workflow, deployment job, or infra automation.",automation-score:50 | process-score:45,3db08ecbb22650d9
a52027064aaba7c3a2e136c8,mbarbine__Scripts,automation,"automation,process",automation-config,seo-and-metadata,deployment,deployment,helm/HHLP-DEV/HelmCharts/helm/portfolio/templates/deployment.yaml,.yaml,46,,,,unknown,unknown,65,70,shared-automation-candidate,False,secondary,primary,none,"Automation component for seo-and-metadata; review for reusable script, workflow, deployment job, or infra automation.",automation-score:50 | process-score:45,d71a35f58818b5ba
b94f07737d36eef7133dbb77,mbarbine__Scripts,automation,"automation,process",automation-config,seo-and-metadata,deployment,deployment,helm/HHLP-DEV/HelmCharts/helm/redis-ui/templates/deployment.yaml,.yaml,53,,,,unknown,unknown,65,70,shared-automation-candidate,False,secondary,primary,none,"Automation component for seo-and-metadata; review for reusable script, workflow, deployment job, or infra automation.",automation-score:50 | process-score:45,cf08ef16790271f8
dd7b62b4d649fa753be528e4,mbarbine__Scripts,automation,"automation,process",automation-config,seo-and-metadata,deployment,deployment,helm/HHLP-DEV/HelmCharts/helm/devops-supplement/templates/deployment.yaml,.yaml,46,,,,unknown,unknown,65,70,shared-automation-candidate,False,secondary,primary,none,"Automation component for seo-and-metadata; review for reusable script, workflow, deployment job, or infra automation.",automation-score:50 | process-score:45,20014273d1c28ea9
c57d9ee3231b029ed905f92d,mbarbine__Scripts,automation,"automation,process",automation-config,seo-and-metadata,deployment,deployment,helm/HHLP-DEV/HelmCharts/helm/fs/templates/deployment.yaml,.yaml,46,,,,unknown,unknown,65,70,shared-automation-candidate,False,secondary,primary,none,"Automation component for seo-and-metadata; review for reusable script, workflow, deployment job, or infra automation.",automation-score:50 | process-score:45,765fca89fd58a60b
bbc9b79e65726d2fc3d8bc88,mbarbine__Scripts,automation,"automation,ui,security",ui-primitive,general,Chart,chart,helm/HHLP-DEV/HelmCharts/helm/outlook-compose/Chart.yaml,.yaml,7,,,,unknown,unknown,60,75,shared-automation-candidate,False,none,primary,none,"Automation component for general; review for reusable script, workflow, deployment job, or infra automation.",automation-score:95 | ui-score:70 | security-score:55,eccf3f362f383486
21cf8bf057f47c052a286b52,mbarbine__Scripts,automation,"automation,security",automation-config,discovery,values,values,helm/HHLP-DEV/HelmCharts/helm/outlook-compose/values.yaml,.yaml,86,,,,unknown,unknown,65,70,shared-automation-candidate,True,none,primary,none,"Automation component for discovery; review for reusable script, workflow, deployment job, or infra automation.",automation-score:95 | security-score:55,fe9d651f9c654461
4c2b2566fb6cad6fb5737138,mbarbine__Scripts,automation,"automation,security,process",automation-config,auth-and-keys,deployment,deployment,helm/HHLP-DEV/HelmCharts/helm/outlook-compose/templates/deployment.yaml,.yaml,51,,,,unknown,unknown,65,70,shared-automation-candidate,True,secondary,primary,none,"Automation component for auth-and-keys; review for reusable script, workflow, deployment job, or infra automation.",automation-score:95 | security-score:55 | process-score:45,ee449d2aeca20a5b
2f97acd0d7e5ab1989404603,mbarbine__Scripts,automation,"automation,process,observability",automation-config,seo-and-metadata,NOTES,notes,helm/HHLP-DEV/HelmCharts/helm/outlook-compose/templates/NOTES.txt,.txt,21,,,,unknown,unknown,65,70,shared-automation-candidate,False,secondary,primary,none,"Automation component for seo-and-metadata; review for reusable script, workflow, deployment job, or infra automation.",automation-score:95 | process-score:65 | observability-score:55,01cf888cdd236285
8534d34e8ed2c4e6f9339a3e,mbarbine__Scripts,automation,"automation,security",automation-config,auth-and-keys,ingress,ingress,helm/HHLP-DEV/HelmCharts/helm/outlook-compose/templates/ingress.yaml,.yaml,41,,,,unknown,unknown,65,70,shared-automation-candidate,False,none,primary,none,"Automation component for auth-and-keys; review for reusable script, workflow, deployment job, or infra automation.",automation-score:95 | security-score:55,6f7bed287d969491
7b27f2055ae928986f10d33d,mbarbine__Scripts,automation,"automation,backend",automation-config,seo-and-metadata,service,service,helm/HHLP-DEV/HelmCharts/helm/outlook-compose/templates/service.yaml,.yaml,16,,,,unknown,unknown,65,70,shared-automation-candidate,False,none,primary,none,"Automation component for seo-and-metadata; review for reusable script, workflow, deployment job, or infra automation.",automation-score:95 | backend-score:55,c82b67d4482ce545
32ebf9a977c97d508c3cdcbc,mbarbine__Scripts,automation,automation,automation-config,seo-and-metadata,serviceaccount,serviceaccount,helm/HHLP-DEV/HelmCharts/helm/outlook-compose/templates/serviceaccount.yaml,.yaml,8,,,,unknown,unknown,50,65,shared-automation-candidate,False,none,primary,none,"Automation component for seo-and-metadata; review for reusable script, workflow, deployment job, or infra automation.",automation-score:95,d656a4397d3ebde0
bc7512a4fe32007df2d68f98,mbarbine__Scripts,automation,automation,automation-config,seo-and-metadata,test-connection,test-connection,helm/HHLP-DEV/HelmCharts/helm/outlook-compose/templates/tests/test-connection.yaml,.yaml,15,,,,unknown,unknown,55,70,shared-automation-candidate,False,none,primary,none,"Automation component for seo-and-metadata; review for reusable script, workflow, deployment job, or infra automation.",automation-score:95,42563e603e1b9b3e
08325f8359ea4b658f57b832,mbarbine__Scripts,automation,automation,automation-config,testing,ci-values,ci-values,helm/HHLP-DEV/HelmCharts/helm/traefik/ci/ci-values.yaml,.yaml,3,,,,unknown,unknown,50,50,catalog-only,False,none,primary,none,"Automation component for testing; review for reusable script, workflow, deployment job, or infra automation.",automation-score:50,abd1fa973067a3c0
d75188d6e6768ced2bf24174,mbarbine__Scripts,automation,"automation,observability,security,process",automation-config,observability,deployment,deployment,helm/HHLP-DEV/HelmCharts/helm/traefik/templates/deployment.yaml,.yaml,234,,,,unknown,unknown,65,65,shared-automation-candidate,True,secondary,primary,none,"Automation component for observability; review for reusable script, workflow, deployment job, or infra automation.",automation-score:95 | observability-score:55 | security-score:55 | process-score:45,f7663594e2e1c676
f9713b2ee16ff4abdee722a2,mbarbine__Scripts,automation,automation,automation-config,seo-and-metadata,storeconfig-job,storeconfig-job,helm/HHLP-DEV/HelmCharts/helm/traefik/templates/storeconfig-job.yaml,.yaml,51,,,,unknown,unknown,55,70,shared-automation-candidate,True,none,primary,none,"Automation component for seo-and-metadata; review for reusable script, workflow, deployment job, or infra automation.",automation-score:50,7a75f13d93d3c12d
d1f037756812f4247f8da98d,mbarbine__Scripts,automation,automation,script,general,ecr,ecr,helm/HHLP/bandwidth/HelmCharts/ecr.sh,.sh,6,,,,unknown,unknown,50,75,shared-automation-candidate,False,none,primary,none,"Automation component for general; review for reusable script, workflow, deployment job, or infra automation.",automation-score:80,5c736bd1adcba031
2c0d3107072e050f8de3aa23,mbarbine__Scripts,automation,"automation,process,observability,security",script,observability,docker-stack-deploy,docker-stack-deploy,helm/HHLP/bandwidth/HelmCharts/docker-stack-deploy.sh,.sh,157,,,,unknown,unknown,65,95,shared-automation-candidate,True,secondary,primary,none,"Automation component for observability; review for reusable script, workflow, deployment job, or infra automation.",automation-score:175 | process-score:80 | observability-score:55 | security-score:55,3a86d984d07d14d2
3a9616ebe87e8fdb1a0f1f3e,mbarbine__Scripts,automation,automation,infrastructure-automation,general,lock,lock,helm/HHLP/bandwidth/HelmCharts/terraform/.terraform/plugins/darwin_amd64/lock.json,.json,8,,,,unknown,unknown,50,50,catalog-only,False,none,primary,none,"Automation component for general; review for reusable script, workflow, deployment job, or infra automation.",automation-score:50,09da6608f511c784
ae1e3f1de8de2a01cf59bdc6,mbarbine__Scripts,automation,"automation,security",infrastructure-automation,shipping,modules,modules,helm/HHLP/bandwidth/HelmCharts/terraform/.terraform/modules/modules.json,.json,1,,,,unknown,unknown,60,50,catalog-only,True,none,primary,none,"Automation component for shipping; review for reusable script, workflow, deployment job, or infra automation.",automation-score:95 | security-score:55,f9d68eae4a5688a1
3846347d3db60e5917d0312e,mbarbine__Scripts,automation,automation,infrastructure-automation,testing,.kitchen,kitchen,helm/HHLP/bandwidth/HelmCharts/terraform/.terraform/modules/eks-cluster/terraform-aws-eks-10.0.0/.kitchen.yml,.yml,20,,,,unknown,unknown,55,55,catalog-only,False,none,primary,none,"Automation component for testing; review for reusable script, workflow, deployment job, or infra automation.",automation-score:95,4d0c325d93aba450
43ac66546d31af3eb698e488,mbarbine__Scripts,automation,automation,infrastructure-automation,logic,.pre-commit-config,pre-commit-config,helm/HHLP/bandwidth/HelmCharts/terraform/.terraform/modules/eks-cluster/terraform-aws-eks-10.0.0/.pre-commit-config.yaml,.yaml,8,,,,unknown,unknown,50,65,shared-automation-candidate,True,none,primary,none,"Automation component for logic; review for reusable script, workflow, deployment job, or infra automation.",automation-score:95,0e8679c34a769f09
3c7b35bcf820e7efbf9c1d67,mbarbine__Scripts,automation,automation,infrastructure-automation,testing,cluster-autoscaler-chart-values,cluster-autoscaler-chart-values,helm/HHLP/bandwidth/HelmCharts/terraform/.terraform/modules/eks-cluster/terraform-aws-eks-10.0.0/examples/irsa/cluster-autoscaler-chart-values.yaml,.yaml,10,,,,unknown,unknown,50,55,catalog-only,False,none,primary,none,"Automation component for testing; review for reusable script, workflow, deployment job, or infra automation.",automation-score:50,dd893fc2bf0cd9fb
eb9be2385c3bc635e2883b11,mbarbine__Scripts,automation,automation,script,general,pre_userdata,pre-userdata,helm/HHLP/bandwidth/HelmCharts/terraform/.terraform/modules/eks-cluster/terraform-aws-eks-10.0.0/examples/launch_templates/pre_userdata.sh,.sh,1,,,,unknown,unknown,50,75,shared-automation-candidate,False,none,primary,none,"Automation component for general; review for reusable script, workflow, deployment job, or infra automation.",automation-score:130,858e50558b21398c
6c29e24282564c8862fe616c,mbarbine__Scripts,automation,automation,infrastructure-automation,testing,.kitchen,kitchen,helm/HHLP/bandwidth/HelmCharts/terraform/.terraform/modules/eks-vpc/terraform-aws-vpc-2.25.0/.kitchen.yml,.yml,20,,,,unknown,unknown,55,55,catalog-only,False,none,primary,none,"Automation component for testing; review for reusable script, workflow, deployment job, or infra automation.",automation-score:95,7d33c1b3db63f8b6
c2d5280169a0fb4e4c4cca53,mbarbine__Scripts,automation,"automation,process,observability,security",infrastructure-automation,observability,CHANGELOG,changelog,helm/HHLP/bandwidth/HelmCharts/terraform/.terraform/modules/eks-vpc/terraform-aws-vpc-2.25.0/CHANGELOG.md,.md,1036,,,,unknown,unknown,65,50,catalog-only,True,secondary,primary,none,"Automation component for observability; review for reusable script, workflow, deployment job, or infra automation.",automation-score:95 | process-score:65 | observability-score:55 | security-score:55,3e81e240061d0766
4924ea6fe67367ed2698795e,mbarbine__Scripts,automation,automation,infrastructure-automation,general,.pre-commit-config,pre-commit-config,helm/HHLP/bandwidth/HelmCharts/terraform/.terraform/modules/eks-vpc/terraform-aws-vpc-2.25.0/.pre-commit-config.yaml,.yaml,10,,,,unknown,unknown,50,55,catalog-only,True,none,primary,none,"Automation component for general; review for reusable script, workflow, deployment job, or infra automation.",automation-score:95,2129301db0338650
d422bd000e71b88e0d0c52ad,mbarbine__Scripts,automation,"automation,observability",infrastructure-automation,observability,Makefile,makefile,helm/HHLP/bandwidth/HelmCharts/terraform/.terraform/modules/eks-vpc/terraform-aws-vpc-2.25.0/Makefile,Makefile,7,,,,unknown,unknown,60,65,shared-automation-candidate,True,none,primary,none,"Automation component for observability; review for reusable script, workflow, deployment job, or infra automation.",automation-score:135 | observability-score:55,518713367552ae0b
d2004007d77be6d112621763,mbarbine__Scripts,automation,"automation,observability",infrastructure-automation,observability,config,config,helm/HHLP/bandwidth/HelmCharts/terraform/.terraform/modules/eks-vpc/terraform-aws-vpc-2.25.0/.chglog/config.yml,.yml,10,,,,unknown,unknown,60,70,shared-automation-candidate,True,none,primary,none,"Automation component for observability; review for reusable script, workflow, deployment job, or infra automation.",automation-score:95 | observability-score:55,34cbd6708353b282
f30afec5334ea3419eda7300,mbarbine__Scripts,automation,"automation,security",infrastructure-automation,workflow,config,config,helm/HHLP/bandwidth/HelmCharts/terraform/.terraform/modules/eks-vpc/terraform-aws-vpc-2.25.0/.circleci/config.yml,.yml,44,,,,unknown,unknown,65,55,catalog-only,True,none,primary,none,"Automation component for workflow; review for reusable script, workflow, deployment job, or infra automation.",automation-score:95 | security-score:55,4f1fb496110ecd8e
ce2229a2bcea7a6d39ba42c6,mbarbine__Scripts,automation,automation,automation-config,shipping,stack-backoffice,stack-backoffice,helm/HHLP/bandwidth/HelmCharts/devOps/stack-backoffice.yml,.yml,28,,,,unknown,unknown,55,55,catalog-only,True,none,primary,none,"Automation component for shipping; review for reusable script, workflow, deployment job, or infra automation.",automation-score:45,d82166d1f7e5eee8
86ee90ec7f6c9b6f49ff56f6,mbarbine__Scripts,automation,automation,automation-config,workflow,azure-pipelines,azure-pipelines,helm/HHLP/bandwidth/HelmCharts/devOps/azure-pipelines.yml,.yml,17,,,,unknown,unknown,55,55,catalog-only,True,none,primary,none,"Automation component for workflow; review for reusable script, workflow, deployment job, or infra automation.",automation-score:45,df89d723f6e9167c
f2228d985d2fe6bed333339e,mbarbine__Scripts,automation,"automation,security",infrastructure-automation,auth-and-keys,stack-infrastructure,stack-infrastructure,helm/HHLP/bandwidth/HelmCharts/devOps/stack-infrastructure.yml,.yml,103,,,,unknown,unknown,65,70,shared-automation-candidate,True,none,primary,none,"Automation component for auth-and-keys; review for reusable script, workflow, deployment job, or infra automation.",automation-score:95 | security-score:55,f244384060c7c824
8c7d2f198883a4ca3439784c,mbarbine__Scripts,automation,automation,script,deployment,nexus,nexus,helm/HHLP/bandwidth/HelmCharts/helm/nexus.sh,.sh,16,,,,unknown,unknown,55,95,shared-automation-candidate,False,none,primary,none,"Automation component for deployment; review for reusable script, workflow, deployment job, or infra automation.",automation-score:125,2d2c6142d442141d
bcd09c2c9506a0c2bf3f63be,mbarbine__Scripts,automation,"automation,security",script,discovery,rollout,rollout,helm/HHLP/bandwidth/HelmCharts/helm/rollout.sh,.sh,32,,,,unknown,unknown,65,95,shared-automation-candidate,True,none,primary,none,"Automation component for discovery; review for reusable script, workflow, deployment job, or infra automation.",automation-score:125 | security-score:55,040a1b039d511177
6498e70461a579bcea3dd93b,mbarbine__Scripts,automation,"automation,observability,security",script,observability,infra,infra,helm/HHLP/bandwidth/HelmCharts/helm/infra.sh,.sh,22,,,,unknown,unknown,65,95,shared-automation-candidate,True,none,primary,none,"Automation component for observability; review for reusable script, workflow, deployment job, or infra automation.",automation-score:130 | observability-score:55 | security-score:55,87e42734e9fdda25
18a4f9bbdfb6dc3e6fe20f3b,mbarbine__Scripts,automation,"automation,security",script,discovery,destroy,destroy,helm/HHLP/bandwidth/HelmCharts/helm/destroy.sh,.sh,31,,,,unknown,unknown,65,95,shared-automation-candidate,True,none,primary,none,"Automation component for discovery; review for reusable script, workflow, deployment job, or infra automation.",automation-score:125 | security-score:55,56829387bea04b61
532fb008269cb6a9ad3508e3,mbarbine__Scripts,automation,"automation,observability",script,general,helmInit,helm-init,helm/HHLP/bandwidth/HelmCharts/helm/helmInit.sh,.sh,12,,,,unknown,unknown,65,80,shared-automation-candidate,False,none,primary,none,"Automation component for general; review for reusable script, workflow, deployment job, or infra automation.",automation-score:125 | observability-score:55,e337978411e156ed
d927f810b6a2236b38d37652,mbarbine__Scripts,automation,"automation,process",automation-config,seo-and-metadata,deployment,deployment,helm/HHLP/bandwidth/HelmCharts/helm/document-uploader/templates/deployment.yaml,.yaml,46,,,,unknown,unknown,65,70,shared-automation-candidate,False,secondary,primary,none,"Automation component for seo-and-metadata; review for reusable script, workflow, deployment job, or infra automation.",automation-score:50 | process-score:45,ea6c298b1cb31ca7
2b49c479960cfb5a3b601edc,mbarbine__Scripts,automation,"automation,process",automation-config,seo-and-metadata,deployment,deployment,helm/HHLP/bandwidth/HelmCharts/helm/forms/templates/deployment.yaml,.yaml,45,,,,unknown,unknown,65,70,shared-automation-candidate,False,secondary,primary,none,"Automation component for seo-and-metadata; review for reusable script, workflow, deployment job, or infra automation.",automation-score:50 | process-score:45,6c801b0723668acb
a4426c203d2b3796b459539d,mbarbine__Scripts,automation,"automation,process",automation-config,seo-and-metadata,deployment,deployment,helm/HHLP/bandwidth/HelmCharts/helm/template-storage/templates/deployment.yaml,.yaml,46,,,,unknown,unknown,65,70,shared-automation-candidate,False,secondary,primary,none,"Automation component for seo-and-metadata; review for reusable script, workflow, deployment job, or infra automation.",automation-score:50 | process-score:45,7bcda66242cd3a2f
7f183c3a9baba2275d50989c,mbarbine__Scripts,automation,"automation,process",automation-config,seo-and-metadata,deployment,deployment,helm/HHLP/bandwidth/HelmCharts/helm/config/templates/deployment.yaml,.yaml,46,,,,unknown,unknown,65,70,shared-automation-candidate,False,secondary,primary,none,"Automation component for seo-and-metadata; review for reusable script, workflow, deployment job, or infra automation.",automation-score:50 | process-score:45,2a2dcee42d953a74
8e348508dfa0162ead315f1d,mbarbine__Scripts,automation,"automation,process",automation-config,seo-and-metadata,deployment,deployment,helm/HHLP/bandwidth/HelmCharts/helm/dispatcher/templates/deployment.yaml,.yaml,46,,,,unknown,unknown,65,70,shared-automation-candidate,False,secondary,primary,none,"Automation component for seo-and-metadata; review for reusable script, workflow, deployment job, or infra automation.",automation-score:50 | process-score:45,45a233b2ac64538e
690f71d4cd16751765c3a568,mbarbine__Scripts,automation,"automation,process",automation-config,seo-and-metadata,deployment,deployment,helm/HHLP/bandwidth/HelmCharts/helm/pdf-image-generation/templates/deployment.yaml,.yaml,46,,,,unknown,unknown,65,70,shared-automation-candidate,False,secondary,primary,none,"Automation component for seo-and-metadata; review for reusable script, workflow, deployment job, or infra automation.",automation-score:50 | process-score:45,4c704f0a7d5c1b6e
e61e3d76f9f8290a27cdf73e,mbarbine__Scripts,automation,"automation,process",automation-config,seo-and-metadata,deployment,deployment,helm/HHLP/bandwidth/HelmCharts/helm/backoffice/templates/deployment.yaml,.yaml,64,,,,unknown,unknown,65,70,shared-automation-candidate,False,secondary,primary,none,"Automation component for seo-and-metadata; review for reusable script, workflow, deployment job, or infra automation.",automation-score:50 | process-score:45,751c5385896b951f
d6dcfbe17e10b8bac1d385d0,mbarbine__Scripts,automation,"automation,process",automation-config,seo-and-metadata,deployment,deployment,helm/HHLP/bandwidth/HelmCharts/helm/application-storage/templates/deployment.yaml,.yaml,46,,,,unknown,unknown,65,70,shared-automation-candidate,False,secondary,primary,none,"Automation component for seo-and-metadata; review for reusable script, workflow, deployment job, or infra automation.",automation-score:50 | process-score:45,a68603c6e841aaca
704551069e2c902ade6a2ba6,mbarbine__Scripts,automation,"automation,process",automation-config,seo-and-metadata,deployment,deployment,helm/HHLP/bandwidth/HelmCharts/helm/forms-generation/templates/deployment.yaml,.yaml,45,,,,unknown,unknown,65,70,shared-automation-candidate,False,secondary,primary,none,"Automation component for seo-and-metadata; review for reusable script, workflow, deployment job, or infra automation.",automation-score:50 | process-score:45,57d8dad08157e719
7c9168de0d98ea075d8d53c8,mbarbine__Scripts,automation,"automation,process",automation-config,seo-and-metadata,deployment,deployment,helm/HHLP/bandwidth/HelmCharts/helm/nlp/templates/deployment.yaml,.yaml,46,,,,unknown,unknown,65,70,shared-automation-candidate,False,secondary,primary,none,"Automation component for seo-and-metadata; review for reusable script, workflow, deployment job, or infra automation.",automation-score:50 | process-score:45,08a1e2e75a03610b
5af1612d1fc7943c1beab64e,mbarbine__Scripts,automation,"automation,process",automation-config,seo-and-metadata,deployment,deployment,helm/HHLP/bandwidth/HelmCharts/helm/patent-search-web/templates/deployment.yaml,.yaml,53,,,,unknown,unknown,65,70,shared-automation-candidate,True,secondary,primary,none,"Automation component for seo-and-metadata; review for reusable script, workflow, deployment job, or infra automation.",automation-score:50 | process-score:45,3db08ecbb22650d9
3e0d05c19d647b61e9bfa768,mbarbine__Scripts,automation,"automation,process",automation-config,seo-and-metadata,deployment,deployment,helm/HHLP/bandwidth/HelmCharts/helm/portfolio/templates/deployment.yaml,.yaml,46,,,,unknown,unknown,65,70,shared-automation-candidate,False,secondary,primary,none,"Automation component for seo-and-metadata; review for reusable script, workflow, deployment job, or infra automation.",automation-score:50 | process-score:45,d71a35f58818b5ba
24a08c7de084134c99532496,mbarbine__Scripts,automation,"automation,process",automation-config,seo-and-metadata,deployment,deployment,helm/HHLP/bandwidth/HelmCharts/helm/redis-ui/templates/deployment.yaml,.yaml,53,,,,unknown,unknown,65,70,shared-automation-candidate,False,secondary,primary,none,"Automation component for seo-and-metadata; review for reusable script, workflow, deployment job, or infra automation.",automation-score:50 | process-score:45,cf08ef16790271f8
17262d32802d32354ab2f232,mbarbine__Scripts,automation,"automation,process",automation-config,seo-and-metadata,deployment,deployment,helm/HHLP/bandwidth/HelmCharts/helm/devops-supplement/templates/deployment.yaml,.yaml,46,,,,unknown,unknown,65,70,shared-automation-candidate,False,secondary,primary,none,"Automation component for seo-and-metadata; review for reusable script, workflow, deployment job, or infra automation.",automation-score:50 | process-score:45,20014273d1c28ea9
25f5de47d5b4a0bfdd0bf2ac,mbarbine__Scripts,automation,"automation,process",automation-config,seo-and-metadata,deployment,deployment,helm/HHLP/bandwidth/HelmCharts/helm/fs/templates/deployment.yaml,.yaml,46,,,,unknown,unknown,65,70,shared-automation-candidate,False,secondary,primary,none,"Automation component for seo-and-metadata; review for reusable script, workflow, deployment job, or infra automation.",automation-score:50 | process-score:45,765fca89fd58a60b
47bbe74cb970fb9124de0f2b,mbarbine__Scripts,automation,"automation,ui,security",ui-primitive,general,Chart,chart,helm/HHLP/bandwidth/HelmCharts/helm/outlook-compose/Chart.yaml,.yaml,7,,,,unknown,unknown,60,75,shared-automation-candidate,False,none,primary,none,"Automation component for general; review for reusable script, workflow, deployment job, or infra automation.",automation-score:95 | ui-score:70 | security-score:55,eccf3f362f383486
46ed440c304f574694df8fd7,mbarbine__Scripts,automation,"automation,security",automation-config,discovery,values,values,helm/HHLP/bandwidth/HelmCharts/helm/outlook-compose/values.yaml,.yaml,86,,,,unknown,unknown,65,70,shared-automation-candidate,True,none,primary,none,"Automation component for discovery; review for reusable script, workflow, deployment job, or infra automation.",automation-score:95 | security-score:55,fe9d651f9c654461
64513f0859e537009fa70419,mbarbine__Scripts,automation,"automation,security,process",automation-config,auth-and-keys,deployment,deployment,helm/HHLP/bandwidth/HelmCharts/helm/outlook-compose/templates/deployment.yaml,.yaml,51,,,,unknown,unknown,65,70,shared-automation-candidate,True,secondary,primary,none,"Automation component for auth-and-keys; review for reusable script, workflow, deployment job, or infra automation.",automation-score:95 | security-score:55 | process-score:45,ee449d2aeca20a5b
4c1a4c441ef14bb1bf50db9a,mbarbine__Scripts,automation,"automation,process,observability",automation-config,seo-and-metadata,NOTES,notes,helm/HHLP/bandwidth/HelmCharts/helm/outlook-compose/templates/NOTES.txt,.txt,21,,,,unknown,unknown,65,70,shared-automation-candidate,False,secondary,primary,none,"Automation component for seo-and-metadata; review for reusable script, workflow, deployment job, or infra automation.",automation-score:95 | process-score:65 | observability-score:55,01cf888cdd236285
5625b1f927d9d4b0e9b0c207,mbarbine__Scripts,automation,"automation,security",automation-config,auth-and-keys,ingress,ingress,helm/HHLP/bandwidth/HelmCharts/helm/outlook-compose/templates/ingress.yaml,.yaml,41,,,,unknown,unknown,65,70,shared-automation-candidate,False,none,primary,none,"Automation component for auth-and-keys; review for reusable script, workflow, deployment job, or infra automation.",automation-score:95 | security-score:55,6f7bed287d969491
0ed452dab12dce32961e9c92,mbarbine__Scripts,automation,"automation,backend",automation-config,seo-and-metadata,service,service,helm/HHLP/bandwidth/HelmCharts/helm/outlook-compose/templates/service.yaml,.yaml,16,,,,unknown,unknown,65,70,shared-automation-candidate,False,none,primary,none,"Automation component for seo-and-metadata; review for reusable script, workflow, deployment job, or infra automation.",automation-score:95 | backend-score:55,c82b67d4482ce545
77519242ff807946ef7a31d2,mbarbine__Scripts,automation,automation,automation-config,seo-and-metadata,serviceaccount,serviceaccount,helm/HHLP/bandwidth/HelmCharts/helm/outlook-compose/templates/serviceaccount.yaml,.yaml,8,,,,unknown,unknown,50,65,shared-automation-candidate,False,none,primary,none,"Automation component for seo-and-metadata; review for reusable script, workflow, deployment job, or infra automation.",automation-score:95,d656a4397d3ebde0
47cb87e66ab1c10f7580aadc,mbarbine__Scripts,automation,automation,automation-config,seo-and-metadata,test-connection,test-connection,helm/HHLP/bandwidth/HelmCharts/helm/outlook-compose/templates/tests/test-connection.yaml,.yaml,15,,,,unknown,unknown,55,70,shared-automation-candidate,False,none,primary,none,"Automation component for seo-and-metadata; review for reusable script, workflow, deployment job, or infra automation.",automation-score:95,42563e603e1b9b3e
7dc7629d207d8c1cdc0e0f97,mbarbine__Scripts,automation,automation,automation-config,testing,ci-values,ci-values,helm/HHLP/bandwidth/HelmCharts/helm/traefik/ci/ci-values.yaml,.yaml,3,,,,unknown,unknown,50,50,catalog-only,False,none,primary,none,"Automation component for testing; review for reusable script, workflow, deployment job, or infra automation.",automation-score:50,abd1fa973067a3c0
f5c88032cd5356940559b79a,mbarbine__Scripts,automation,"automation,observability,security,process",automation-config,observability,deployment,deployment,helm/HHLP/bandwidth/HelmCharts/helm/traefik/templates/deployment.yaml,.yaml,234,,,,unknown,unknown,65,65,shared-automation-candidate,True,secondary,primary,none,"Automation component for observability; review for reusable script, workflow, deployment job, or infra automation.",automation-score:95 | observability-score:55 | security-score:55 | process-score:45,f7663594e2e1c676
01cd37ae66e3a6fd1fbe0e1d,mbarbine__Scripts,automation,automation,automation-config,seo-and-metadata,storeconfig-job,storeconfig-job,helm/HHLP/bandwidth/HelmCharts/helm/traefik/templates/storeconfig-job.yaml,.yaml,51,,,,unknown,unknown,55,70,shared-automation-candidate,True,none,primary,none,"Automation component for seo-and-metadata; review for reusable script, workflow, deployment job, or infra automation.",automation-score:50,7a75f13d93d3c12d
2b3bafa92fee4fab84030714,mbarbine__Scripts,automation,automation,script,general,ecr,ecr,helm/HHLP/HelmCharts/ecr.sh,.sh,6,,,,unknown,unknown,50,75,shared-automation-candidate,False,none,primary,none,"Automation component for general; review for reusable script, workflow, deployment job, or infra automation.",automation-score:80,5c736bd1adcba031
35dd2ec2d93530a2177ede89,mbarbine__Scripts,automation,"automation,process,observability,security",script,observability,docker-stack-deploy,docker-stack-deploy,helm/HHLP/HelmCharts/docker-stack-deploy.sh,.sh,157,,,,unknown,unknown,65,95,shared-automation-candidate,True,secondary,primary,none,"Automation component for observability; review for reusable script, workflow, deployment job, or infra automation.",automation-score:175 | process-score:80 | observability-score:55 | security-score:55,af8b34a415926b4d
66aec83459ea25ffd5403c88,mbarbine__Scripts,automation,automation,infrastructure-automation,general,lock,lock,helm/HHLP/HelmCharts/terraform/.terraform/plugins/darwin_amd64/lock.json,.json,8,,,,unknown,unknown,50,50,catalog-only,False,none,primary,none,"Automation component for general; review for reusable script, workflow, deployment job, or infra automation.",automation-score:50,09da6608f511c784
19a532b017a8038e0ad6c84f,mbarbine__Scripts,automation,"automation,security",infrastructure-automation,shipping,modules,modules,helm/HHLP/HelmCharts/terraform/.terraform/modules/modules.json,.json,1,,,,unknown,unknown,60,50,catalog-only,True,none,primary,none,"Automation component for shipping; review for reusable script, workflow, deployment job, or infra automation.",automation-score:95 | security-score:55,020c1b0cdac4a350
bf22ccc5ec048dcc442f0f68,mbarbine__Scripts,automation,automation,infrastructure-automation,testing,.kitchen,kitchen,helm/HHLP/HelmCharts/terraform/.terraform/modules/eks-cluster/terraform-aws-eks-10.0.0/.kitchen.yml,.yml,20,,,,unknown,unknown,55,55,catalog-only,False,none,primary,none,"Automation component for testing; review for reusable script, workflow, deployment job, or infra automation.",automation-score:95,4d0c325d93aba450
1b560363e942787702c3b8a6,mbarbine__Scripts,automation,automation,infrastructure-automation,logic,.pre-commit-config,pre-commit-config,helm/HHLP/HelmCharts/terraform/.terraform/modules/eks-cluster/terraform-aws-eks-10.0.0/.pre-commit-config.yaml,.yaml,8,,,,unknown,unknown,50,65,shared-automation-candidate,True,none,primary,none,"Automation component for logic; review for reusable script, workflow, deployment job, or infra automation.",automation-score:95,0e8679c34a769f09
bb4cbd7c4d920180d4c89299,mbarbine__Scripts,automation,automation,infrastructure-automation,testing,cluster-autoscaler-chart-values,cluster-autoscaler-chart-values,helm/HHLP/HelmCharts/terraform/.terraform/modules/eks-cluster/terraform-aws-eks-10.0.0/examples/irsa/cluster-autoscaler-chart-values.yaml,.yaml,10,,,,unknown,unknown,50,55,catalog-only,False,none,primary,none,"Automation component for testing; review for reusable script, workflow, deployment job, or infra automation.",automation-score:50,dd893fc2bf0cd9fb
a83c4ee3f0d02c9f327f3651,mbarbine__Scripts,automation,automation,script,general,pre_userdata,pre-userdata,helm/HHLP/HelmCharts/terraform/.terraform/modules/eks-cluster/terraform-aws-eks-10.0.0/examples/launch_templates/pre_userdata.sh,.sh,1,,,,unknown,unknown,50,75,shared-automation-candidate,False,none,primary,none,"Automation component for general; review for reusable script, workflow, deployment job, or infra automation.",automation-score:130,858e50558b21398c
7f79c3ff39aaf53c23117447,mbarbine__Scripts,automation,automation,infrastructure-automation,testing,.kitchen,kitchen,helm/HHLP/HelmCharts/terraform/.terraform/modules/eks-vpc/terraform-aws-vpc-2.25.0/.kitchen.yml,.yml,20,,,,unknown,unknown,55,55,catalog-only,False,none,primary,none,"Automation component for testing; review for reusable script, workflow, deployment job, or infra automation.",automation-score:95,7d33c1b3db63f8b6
3cd5d63a72310bc182937337,mbarbine__Scripts,automation,"automation,process,observability,security",infrastructure-automation,observability,CHANGELOG,changelog,helm/HHLP/HelmCharts/terraform/.terraform/modules/eks-vpc/terraform-aws-vpc-2.25.0/CHANGELOG.md,.md,1036,,,,unknown,unknown,65,50,catalog-only,True,secondary,primary,none,"Automation component for observability; review for reusable script, workflow, deployment job, or infra automation.",automation-score:95 | process-score:65 | observability-score:55 | security-score:55,3e81e240061d0766
a6fc1281d23453276783595b,mbarbine__Scripts,automation,automation,infrastructure-automation,general,.pre-commit-config,pre-commit-config,helm/HHLP/HelmCharts/terraform/.terraform/modules/eks-vpc/terraform-aws-vpc-2.25.0/.pre-commit-config.yaml,.yaml,10,,,,unknown,unknown,50,55,catalog-only,True,none,primary,none,"Automation component for general; review for reusable script, workflow, deployment job, or infra automation.",automation-score:95,2129301db0338650
bf30835868faa4c8f956e590,mbarbine__Scripts,automation,"automation,observability",infrastructure-automation,observability,Makefile,makefile,helm/HHLP/HelmCharts/terraform/.terraform/modules/eks-vpc/terraform-aws-vpc-2.25.0/Makefile,Makefile,7,,,,unknown,unknown,60,65,shared-automation-candidate,True,none,primary,none,"Automation component for observability; review for reusable script, workflow, deployment job, or infra automation.",automation-score:135 | observability-score:55,518713367552ae0b
d0a90d883e1bb0a3de4d5576,mbarbine__Scripts,automation,"automation,observability",infrastructure-automation,observability,config,config,helm/HHLP/HelmCharts/terraform/.terraform/modules/eks-vpc/terraform-aws-vpc-2.25.0/.chglog/config.yml,.yml,10,,,,unknown,unknown,60,70,shared-automation-candidate,True,none,primary,none,"Automation component for observability; review for reusable script, workflow, deployment job, or infra automation.",automation-score:95 | observability-score:55,34cbd6708353b282
01b53cb28e926f87a748adb5,mbarbine__Scripts,automation,"automation,security",infrastructure-automation,workflow,config,config,helm/HHLP/HelmCharts/terraform/.terraform/modules/eks-vpc/terraform-aws-vpc-2.25.0/.circleci/config.yml,.yml,44,,,,unknown,unknown,65,55,catalog-only,True,none,primary,none,"Automation component for workflow; review for reusable script, workflow, deployment job, or infra automation.",automation-score:95 | security-score:55,4f1fb496110ecd8e
a65ea614606096d937b14281,mbarbine__Scripts,automation,automation,automation-config,shipping,stack-backoffice,stack-backoffice,helm/HHLP/HelmCharts/devOps/stack-backoffice.yml,.yml,28,,,,unknown,unknown,55,55,catalog-only,True,none,primary,none,"Automation component for shipping; review for reusable script, workflow, deployment job, or infra automation.",automation-score:45,69c24fe29ce5d3b6
7c42f330efc6a19796867141,mbarbine__Scripts,automation,automation,automation-config,workflow,azure-pipelines,azure-pipelines,helm/HHLP/HelmCharts/devOps/azure-pipelines.yml,.yml,17,,,,unknown,unknown,55,55,catalog-only,True,none,primary,none,"Automation component for workflow; review for reusable script, workflow, deployment job, or infra automation.",automation-score:45,df89d723f6e9167c
87a43958e46ba6441f3af05c,mbarbine__Scripts,automation,"automation,security",infrastructure-automation,auth-and-keys,stack-infrastructure,stack-infrastructure,helm/HHLP/HelmCharts/devOps/stack-infrastructure.yml,.yml,103,,,,unknown,unknown,65,70,shared-automation-candidate,True,none,primary,none,"Automation component for auth-and-keys; review for reusable script, workflow, deployment job, or infra automation.",automation-score:95 | security-score:55,f244384060c7c824
4a0ef37f7aacd6f1da9aac0e,mbarbine__Scripts,automation,automation,script,deployment,nexus,nexus,helm/HHLP/HelmCharts/helm/nexus.sh,.sh,16,,,,unknown,unknown,55,95,shared-automation-candidate,False,none,primary,none,"Automation component for deployment; review for reusable script, workflow, deployment job, or infra automation.",automation-score:125,348b3f447c2fbbd7
8db38e546a4946ab049deec6,mbarbine__Scripts,automation,"automation,security",script,discovery,rollout,rollout,helm/HHLP/HelmCharts/helm/rollout.sh,.sh,32,,,,unknown,unknown,65,95,shared-automation-candidate,True,none,primary,none,"Automation component for discovery; review for reusable script, workflow, deployment job, or infra automation.",automation-score:125 | security-score:55,9d20bb60b5f1cb2d
a412a2d4dcd9dd6783f3c0bf,mbarbine__Scripts,automation,"automation,observability,security",script,observability,infra,infra,helm/HHLP/HelmCharts/helm/infra.sh,.sh,22,,,,unknown,unknown,65,95,shared-automation-candidate,True,none,primary,none,"Automation component for observability; review for reusable script, workflow, deployment job, or infra automation.",automation-score:130 | observability-score:55 | security-score:55,5879b8b3b333575b
3f5721e992c0721863598313,mbarbine__Scripts,automation,"automation,security",script,auth-and-keys,k8s-dashboard,k8s-dashboard,helm/HHLP/HelmCharts/helm/k8s-dashboard.sh,.sh,7,,,,unknown,unknown,60,90,shared-automation-candidate,True,none,primary,none,"Automation component for auth-and-keys; review for reusable script, workflow, deployment job, or infra automation.",automation-score:125 | security-score:55,559e231060736ba8
3d0dd4cf8275fa63a2d52bab,mbarbine__Scripts,automation,"automation,security",script,discovery,destroy,destroy,helm/HHLP/HelmCharts/helm/destroy.sh,.sh,31,,,,unknown,unknown,65,95,shared-automation-candidate,True,none,primary,none,"Automation component for discovery; review for reusable script, workflow, deployment job, or infra automation.",automation-score:125 | security-score:55,2978c1a37da1e067
7d3180147691eb92df49334d,mbarbine__Scripts,automation,"automation,observability",script,general,helmInit,helm-init,helm/HHLP/HelmCharts/helm/helmInit.sh,.sh,12,,,,unknown,unknown,65,80,shared-automation-candidate,False,none,primary,none,"Automation component for general; review for reusable script, workflow, deployment job, or infra automation.",automation-score:125 | observability-score:55,e337978411e156ed
d7398ee41e14ec62e4cd338e,mbarbine__Scripts,automation,"automation,security",script,discovery,set_secrets,set-secrets,helm/HHLP/HelmCharts/helm/set_secrets.sh,.sh,32,,,,unknown,unknown,65,95,shared-automation-candidate,True,none,primary,none,"Automation component for discovery; review for reusable script, workflow, deployment job, or infra automation.",automation-score:125 | security-score:55,309f553626038d09
b127ac9973c807c8a0f83a08,mbarbine__Scripts,automation,"automation,process",automation-config,seo-and-metadata,deployment,deployment,helm/HHLP/HelmCharts/helm/redis-ui/templates/deployment.yaml,.yaml,53,,,,unknown,unknown,65,70,shared-automation-candidate,False,secondary,primary,none,"Automation component for seo-and-metadata; review for reusable script, workflow, deployment job, or infra automation.",automation-score:50 | process-score:45,cf08ef16790271f8
96c0633e185f133002a6d9f5,mbarbine__Scripts,automation,"automation,ui,security",ui-primitive,general,Chart,chart,helm/HHLP/HelmCharts/helm/outlook-compose/Chart.yaml,.yaml,7,,,,unknown,unknown,60,75,shared-automation-candidate,False,none,primary,none,"Automation component for general; review for reusable script, workflow, deployment job, or infra automation.",automation-score:95 | ui-score:70 | security-score:55,abb4c754da4fafee
6dbe566a3583c3b6abb5681a,mbarbine__Scripts,automation,"automation,security",automation-config,discovery,values,values,helm/HHLP/HelmCharts/helm/outlook-compose/values.yaml,.yaml,81,,,,unknown,unknown,65,70,shared-automation-candidate,True,none,primary,none,"Automation component for discovery; review for reusable script, workflow, deployment job, or infra automation.",automation-score:95 | security-score:55,dbbfd07d82e586e7
574f9a45baef35580c6b891e,mbarbine__Scripts,automation,"automation,security,process",automation-config,auth-and-keys,deployment,deployment,helm/HHLP/HelmCharts/helm/outlook-compose/templates/deployment.yaml,.yaml,59,,,,unknown,unknown,65,70,shared-automation-candidate,True,secondary,primary,none,"Automation component for auth-and-keys; review for reusable script, workflow, deployment job, or infra automation.",automation-score:95 | security-score:55 | process-score:45,29b7b227d2d45177
05ba71841b4f358df7ebab45,mbarbine__Scripts,automation,"automation,process,observability",automation-config,seo-and-metadata,NOTES,notes,helm/HHLP/HelmCharts/helm/outlook-compose/templates/NOTES.txt,.txt,21,,,,unknown,unknown,65,70,shared-automation-candidate,False,secondary,primary,none,"Automation component for seo-and-metadata; review for reusable script, workflow, deployment job, or infra automation.",automation-score:95 | process-score:65 | observability-score:55,01cf888cdd236285
3115fb3edead1cd60d9708a1,mbarbine__Scripts,automation,"automation,security",automation-config,auth-and-keys,ingress,ingress,helm/HHLP/HelmCharts/helm/outlook-compose/templates/ingress.yaml,.yaml,41,,,,unknown,unknown,65,70,shared-automation-candidate,False,none,primary,none,"Automation component for auth-and-keys; review for reusable script, workflow, deployment job, or infra automation.",automation-score:95 | security-score:55,cf2084d92b094e49
7cb6dec4959a65f6393d8750,mbarbine__Scripts,automation,"automation,backend",automation-config,seo-and-metadata,service,service,helm/HHLP/HelmCharts/helm/outlook-compose/templates/service.yaml,.yaml,16,,,,unknown,unknown,65,70,shared-automation-candidate,False,none,primary,none,"Automation component for seo-and-metadata; review for reusable script, workflow, deployment job, or infra automation.",automation-score:95 | backend-score:55,28ec9c299db9e71b
174dfb1ad6093f8a0566951f,mbarbine__Scripts,automation,automation,automation-config,seo-and-metadata,serviceaccount,serviceaccount,helm/HHLP/HelmCharts/helm/outlook-compose/templates/serviceaccount.yaml,.yaml,8,,,,unknown,unknown,50,65,shared-automation-candidate,False,none,primary,none,"Automation component for seo-and-metadata; review for reusable script, workflow, deployment job, or infra automation.",automation-score:95,d656a4397d3ebde0
7845604a233e883bed2c4e49,mbarbine__Scripts,automation,automation,automation-config,seo-and-metadata,test-connection,test-connection,helm/HHLP/HelmCharts/helm/outlook-compose/templates/tests/test-connection.yaml,.yaml,15,,,,unknown,unknown,55,70,shared-automation-candidate,False,none,primary,none,"Automation component for seo-and-metadata; review for reusable script, workflow, deployment job, or infra automation.",automation-score:95,42563e603e1b9b3e
78002f9cba4fdc8db606462d,mbarbine__Scripts,automation,automation,automation-config,testing,ci-values,ci-values,helm/HHLP/HelmCharts/helm/traefik/ci/ci-values.yaml,.yaml,3,,,,unknown,unknown,50,50,catalog-only,False,none,primary,none,"Automation component for testing; review for reusable script, workflow, deployment job, or infra automation.",automation-score:50,abd1fa973067a3c0
a218c3cac308938f17df1ef3,mbarbine__Scripts,automation,"automation,observability,security,process",automation-config,observability,deployment,deployment,helm/HHLP/HelmCharts/helm/traefik/templates/deployment.yaml,.yaml,234,,,,unknown,unknown,65,65,shared-automation-candidate,True,secondary,primary,none,"Automation component for observability; review for reusable script, workflow, deployment job, or infra automation.",automation-score:95 | observability-score:55 | security-score:55 | process-score:45,f7663594e2e1c676
f8513450f152ca870ef677cc,mbarbine__Scripts,automation,automation,automation-config,seo-and-metadata,storeconfig-job,storeconfig-job,helm/HHLP/HelmCharts/helm/traefik/templates/storeconfig-job.yaml,.yaml,51,,,,unknown,unknown,55,70,shared-automation-candidate,True,none,primary,none,"Automation component for seo-and-metadata; review for reusable script, workflow, deployment job, or infra automation.",automation-score:50,7a75f13d93d3c12d
1354a5373b1fa145f0384d3a,mbarbine__autographed-bibles-webby,automation,"automation,observability,security",automation-config,observability,seed-bibles,seed-bibles,scripts/seed-bibles.ts,.ts,137,"API_KEY,BASE_URL",,,next-react,pnpm,90,70,shared-automation-candidate,True,none,primary,none,"Automation component for observability; review for reusable script, workflow, deployment job, or infra automation.","exports:API_KEY, BASE_URL | automation-score:95 | observability-score:55 | security-score:55 | uses-env",485bd966e494ead9
fe768358db88934105d8441b,mbarbine__autographed-bibles-webby,automation,"automation,integration,observability,security",automation-config,observability,test-mcp,test-mcp,scripts/test-mcp.ts,.ts,148,"API_KEY,BASE_URL",,,next-react,pnpm,90,70,shared-automation-candidate,True,none,primary,none,"Automation component for observability; review for reusable script, workflow, deployment job, or infra automation.","exports:API_KEY, BASE_URL | automation-score:95 | integration-score:55 | observability-score:55 | security-score:55 | uses-env",8036217196879d3c
45bb0c3189f82a88cd38583e,mbarbine__automotive-flamethrower-webby,automation,"automation,frontend,ui,observability,ai",page,observability,page,page,app/jobs/page.tsx,.tsx,58,JobsPage,@/components/breadcrumbs,@/components,next-react,pnpm,100,60,shared-automation-candidate,True,none,primary,none,"Automation component for observability; review for reusable script, workflow, deployment job, or infra automation.",exports:JobsPage | imports:@/components/breadcrumbs | automation-score:95 | frontend-score:85 | ui-score:55 | observability-score:55 | ai-score:45,f3a7d443b2507e69
ddec1dc084634d699bddaa0d,mbarbine__aws-lab,automation,"automation,security",automation-config,shipping,traefik-compose,traefik-compose,traefik-compose.yml,.yml,172,,,,unknown,unknown,65,55,catalog-only,True,none,primary,none,"Automation component for shipping; review for reusable script, workflow, deployment job, or infra automation.",automation-score:95 | security-score:55,2eb7c63481e3d980
a96fc855cc0fc63b9d70e1f6,mbarbine__aws-lab,automation,"automation,observability,security",script,observability,run_all,run-all,run_all.sh,.sh,194,,,,unknown,unknown,65,95,shared-automation-candidate,True,none,primary,none,"Automation component for observability; review for reusable script, workflow, deployment job, or infra automation.",automation-score:125 | observability-score:55 | security-score:55,36baa92eca7c8339
81612cd9af482e53fab269e7,mbarbine__aws-lab,automation,"automation,observability,security",container-automation,auth-and-keys,docker-compose,docker-compose,docker-compose.yml,.yml,127,,,,unknown,unknown,65,95,shared-automation-candidate,False,none,primary,none,"Automation component for auth-and-keys; review for reusable script, workflow, deployment job, or infra automation.",automation-score:95 | observability-score:55 | security-score:55,24ceab75ee850a85
33aa1aa3b233b5f80eb58a7e,mbarbine__aws-lab,automation,automation,script,deployment,bootstrap,bootstrap,provision/bootstrap.sh,.sh,13,,,,unknown,unknown,55,95,shared-automation-candidate,False,none,primary,none,"Automation component for deployment; review for reusable script, workflow, deployment job, or infra automation.",automation-score:125,1b70d399bcb6847d
2a9753ff600c7f33d80157db,mbarbine__aws-lab,automation,"automation,observability",script,observability,k8s-provision,k8s-provision,provision/k8s/k8s-provision.sh,.sh,271,,,,unknown,unknown,65,90,shared-automation-candidate,True,none,primary,none,"Automation component for observability; review for reusable script, workflow, deployment job, or infra automation.",automation-score:125 | observability-score:55,91ccd68ec1eaabd0
03881570b507b109eb2e12f9,mbarbine__aws-lab,automation,automation,script,deployment,k3s-provision,k3s-provision,provision/k3s/k3s-provision.sh,.sh,40,,,,unknown,unknown,55,95,shared-automation-candidate,False,none,primary,none,"Automation component for deployment; review for reusable script, workflow, deployment job, or infra automation.",automation-score:125,5365664e13958a5e
719e3062ba6ed7f3a71c7b50,mbarbine__aws-lab,automation,automation,script,deployment,package,package,terraform/lambda/package.sh,.sh,7,,,,unknown,unknown,50,90,shared-automation-candidate,False,none,primary,none,"Automation component for deployment; review for reusable script, workflow, deployment job, or infra automation.",automation-score:130,66cf7c97d85559ca
b6a0505def0b8f96ad1a78db,mbarbine__aws-lab,automation,automation,infrastructure-automation,mcp,package-lock,package-lock,terraform/lambda/package-lock.json,.json,583,,,,unknown,unknown,55,55,catalog-only,True,none,primary,none,"Automation component for mcp; review for reusable script, workflow, deployment job, or infra automation.",automation-score:50,ae0857677d62ad2d
f1cba282d0fd10596aa45740,mbarbine__aws-lab,automation,automation,infrastructure-automation,general,package,package,terraform/lambda/package.json,.json,10,,,,unknown,unknown,50,55,catalog-only,True,none,primary,none,"Automation component for general; review for reusable script, workflow, deployment job, or infra automation.",automation-score:50,072e06d1565e1fc9
044711dbb51a8830b35d5ca3,mbarbine__aws-lab,automation,"automation,observability,security",script,observability,build,build,docker/build.sh,.sh,231,,,,unknown,unknown,65,90,shared-automation-candidate,True,none,primary,none,"Automation component for observability; review for reusable script, workflow, deployment job, or infra automation.",automation-score:175 | observability-score:55 | security-score:55,ef0249f6720b7039
a8434cf5b39f16bb22dbd292,mbarbine__aws-lab,automation,"automation,observability",container-automation,observability,Dockerfile,dockerfile,docker/uptime-kuma/Dockerfile,Dockerfile,33,,,,unknown,unknown,65,95,shared-automation-candidate,True,none,primary,none,"Automation component for observability; review for reusable script, workflow, deployment job, or infra automation.",automation-score:180 | observability-score:55,e985451d932a710b
f6b42bf424c763449cbd9a5a,mbarbine__aws-lab,automation,"automation,observability",container-automation,observability,Dockerfile,dockerfile,docker/portainer/Dockerfile,Dockerfile,30,,,,unknown,unknown,65,95,shared-automation-candidate,True,none,primary,none,"Automation component for observability; review for reusable script, workflow, deployment job, or infra automation.",automation-score:180 | observability-score:55,b5fa3ad5391b5c27
fda8a29b89debb4f14401bf4,mbarbine__aws-lab,automation,"automation,observability",container-automation,observability,Dockerfile,dockerfile,docker/deepstack/Dockerfile,Dockerfile,56,,,,unknown,unknown,65,95,shared-automation-candidate,True,none,primary,none,"Automation component for observability; review for reusable script, workflow, deployment job, or infra automation.",automation-score:180 | observability-score:55,ec4bd028e5fc0536
16ef089cc48f66e02f006c66,mbarbine__aws-lab,automation,"automation,observability",container-automation,observability,Dockerfile,dockerfile,docker/privatebin/Dockerfile,Dockerfile,37,,,,unknown,unknown,65,95,shared-automation-candidate,True,none,primary,none,"Automation component for observability; review for reusable script, workflow, deployment job, or infra automation.",automation-score:180 | observability-score:55,91b0ca2f7a0d4f76
2726fd2b281c21615231d4e8,mbarbine__aws-lab,automation,automation,container-automation,deployment,php,php,docker/privatebin/conf/php.ini,.ini,6,,,,unknown,unknown,50,90,shared-automation-candidate,False,none,primary,none,"Automation component for deployment; review for reusable script, workflow, deployment job, or infra automation.",automation-score:50,ca2d73f74dd63282
47c95f550c4f11f357cb51e6,mbarbine__aws-lab,automation,automation,container-automation,deployment,Dockerfile,dockerfile,docker/haproxy/Dockerfile,Dockerfile,9,,,,unknown,unknown,50,90,shared-automation-candidate,False,none,primary,none,"Automation component for deployment; review for reusable script, workflow, deployment job, or infra automation.",automation-score:180,9ef23d605261c2c8
fb7c722a9ba852b8d084ee8f,mbarbine__aws-lab,automation,"automation,process",script,deployment,run_once_post_deploy,run-once-post-deploy,scripts/run_once_post_deploy.sh,.sh,17,,,,unknown,unknown,75,95,shared-automation-candidate,False,secondary,primary,none,"Automation component for deployment; review for reusable script, workflow, deployment job, or infra automation.",automation-score:175 | process-score:45,a540423cc469701b
4e2881dad1333b0b0164d27a,mbarbine__aws-lab,automation,"automation,observability",script,observability,s3_backup,s3-backup,backup/s3_backup.sh,.sh,82,,,,unknown,unknown,65,95,shared-automation-candidate,True,none,primary,none,"Automation component for observability; review for reusable script, workflow, deployment job, or infra automation.",automation-score:125 | observability-score:55,9e1ad9ca4357feb2
d08fe099ab86501497736eb3,mbarbine__aws-next-k8-cluster-deploy,automation,"automation,observability,security",script,observability,populate-vars,populate-vars,populate-vars.sh,.sh,239,,,,unknown,unknown,65,90,shared-automation-candidate,True,none,primary,none,"Automation component for observability; review for reusable script, workflow, deployment job, or infra automation.",automation-score:125 | observability-score:55 | security-score:55 | cron-or-schedule,7bdfe16e10ca92d5
0ff5971d35aa3ad3a7d8a868,mbarbine__aws-next-k8-cluster-deploy,automation,automation,container-automation,commerce,Dockerfile,dockerfile,Dockerfile,Dockerfile,33,,,,unknown,unknown,55,80,shared-automation-candidate,False,none,primary,none,"Automation component for commerce; review for reusable script, workflow, deployment job, or infra automation.",automation-score:85,cd595a076830c3bd
d92183597f88627e9ef0addb,mbarbine__aws-next-k8-cluster-deploy,automation,automation,script,general,exec,exec,exec.sh,.sh,1,,,,unknown,unknown,50,75,shared-automation-candidate,False,none,primary,none,"Automation component for general; review for reusable script, workflow, deployment job, or infra automation.",automation-score:125,bc0934381c6c5bd9
caafb3efab15d7b69d793d6b,mbarbine__aws-next-k8-cluster-deploy,automation,"automation,observability,security",script,ai,create-tree,create-tree,create-tree.sh,.sh,104,,,,unknown,unknown,65,95,shared-automation-candidate,True,none,primary,none,"Automation component for ai; review for reusable script, workflow, deployment job, or infra automation.",automation-score:125 | observability-score:55 | security-score:55,d787d9ae6aa602bc
fe40ed3dc0dfe555de7b51c2,mbarbine__aws-next-k8-cluster-deploy,automation,"automation,observability,security",infrastructure-automation,observability,modules,modules,terraform/us-east-2/.terraform/modules/modules.json,.json,1,,,,unknown,unknown,60,65,shared-automation-candidate,True,none,primary,none,"Automation component for observability; review for reusable script, workflow, deployment job, or infra automation.",automation-score:95 | observability-score:55 | security-score:55,48709f11e715cd70
d6ea465d486c9af7a289b6ae,mbarbine__aws-next-k8-cluster-deploy,automation,"automation,observability",infrastructure-automation,observability,fluent-bit-configmap,fluent-bit-configmap,terraform/us-east-2/modules/logging/fluent-bit-configmap.yaml,.yaml,32,,,,unknown,unknown,65,70,shared-automation-candidate,True,none,primary,none,"Automation component for observability; review for reusable script, workflow, deployment job, or infra automation.",automation-score:95 | observability-score:55,1b828874fd52dac7
789ed8354b044dbda19f5d72,mbarbine__aws-next-k8-cluster-deploy,automation,"automation,observability,security",infrastructure-automation,observability,jenkins-casc,jenkins-casc,terraform/us-east-2/modules/ec2/jenkins/jenkins-casc.yaml,.yaml,52,,,,unknown,unknown,65,70,shared-automation-candidate,True,none,primary,none,"Automation component for observability; review for reusable script, workflow, deployment job, or infra automation.",automation-score:95 | observability-score:55 | security-score:55,c4125b445d7df4b2
5286d1171ae315b3479f1797,mbarbine__aws-next-k8-cluster-deploy,automation,"automation,process",infrastructure-automation,seo-and-metadata,nextjs-deployment,nextjs-deployment,infra/us-east-2/eks/nextjs-deployment.yaml,.yaml,49,,,,unknown,unknown,65,70,shared-automation-candidate,False,secondary,primary,none,"Automation component for seo-and-metadata; review for reusable script, workflow, deployment job, or infra automation.",automation-score:50 | process-score:45,a59ef1e2c59d2008
91d59816d09d10c3893f7c9f,mbarbine__aws-next-k8-cluster-deploy,automation,automation,infrastructure-automation,seo-and-metadata,cluster-autoscaler,cluster-autoscaler,infra/us-east-2/eks/cluster-autoscaler.yaml,.yaml,38,,,,unknown,unknown,55,70,shared-automation-candidate,False,none,primary,none,"Automation component for seo-and-metadata; review for reusable script, workflow, deployment job, or infra automation.",automation-score:50,a71c439531dda88a
30dcac22793b794774066409,mbarbine__aws-next-k8-cluster-deploy,automation,automation,infrastructure-automation,commerce,nextjs-values,nextjs-values,infra/us-east-2/eks/nextjs-values.yaml,.yaml,42,,,,unknown,unknown,55,55,catalog-only,False,none,primary,none,"Automation component for commerce; review for reusable script, workflow, deployment job, or infra automation.",automation-score:50,d5d990e81294a165
726766054af119ed12708632,mbarbine__aws-next-k8-cluster-deploy,automation,"automation,observability",script,observability,setup-dns,setup-dns,scripts/setup-dns.sh,.sh,62,,,,unknown,unknown,75,95,shared-automation-candidate,True,none,primary,none,"Automation component for observability; review for reusable script, workflow, deployment job, or infra automation.",automation-score:130 | observability-score:55,03ef5a350adfc250
3d70c0d316fa00d7285b1dd9,mbarbine__aws-next-k8-cluster-deploy,automation,"automation,backend,process",script,deployment,deploy-alb-ingress-controller,deploy-alb-ingress-controller,scripts/deploy-alb-ingress-controller.sh,.sh,20,,,,unknown,unknown,75,95,shared-automation-candidate,False,secondary,primary,none,"Automation component for deployment; review for reusable script, workflow, deployment job, or infra automation.",automation-score:130 | backend-score:55 | process-score:45,fb63b894f8e3a3aa
061daed4b049208be47e8d35,mbarbine__aws-next-k8-cluster-deploy,automation,"automation,observability,security",script,observability,validate-eks-cluster,validate-eks-cluster,scripts/validate-eks-cluster.sh,.sh,222,,,,unknown,unknown,75,90,shared-automation-candidate,True,none,primary,none,"Automation component for observability; review for reusable script, workflow, deployment job, or infra automation.",automation-score:175 | observability-score:55 | security-score:55,1fdf5d3ef4663bf5
9bf1d05758fb3bb867480045,mbarbine__aws-next-k8-cluster-deploy,automation,"automation,process",script,ai,deploy-nextjs,deploy-nextjs,scripts/deploy-nextjs.sh,.sh,27,,,,unknown,unknown,75,95,shared-automation-candidate,False,secondary,primary,none,"Automation component for ai; review for reusable script, workflow, deployment job, or infra automation.",automation-score:175 | process-score:80,5611161580faf195
d237404ac2d202558da781be,mbarbine__aws-next-k8-cluster-deploy,automation,automation,script,shipping,configure-acm,configure-acm,scripts/configure-acm.sh,.sh,96,,,,unknown,unknown,65,80,shared-automation-candidate,True,none,primary,none,"Automation component for shipping; review for reusable script, workflow, deployment job, or infra automation.",automation-score:175,7437b5857d5c2685
99040e15153369d260312c56,mbarbine__aws-next-k8-cluster-deploy,automation,automation,script,general,install-cli-brew,install-cli-brew,scripts/install-cli-brew.sh,.sh,40,,,,unknown,unknown,65,80,shared-automation-candidate,True,none,primary,none,"Automation component for general; review for reusable script, workflow, deployment job, or infra automation.",automation-score:175,37e9eb2f5afc71fc
4c834a36009fbf1f994751fd,mbarbine__aws-next-k8-cluster-deploy,automation,automation,script,general,aws-eks,aws-eks,scripts/aws-eks.sh,.sh,25,,,,unknown,unknown,65,80,shared-automation-candidate,False,none,primary,none,"Automation component for general; review for reusable script, workflow, deployment job, or infra automation.",automation-score:175,50af671c49750b31
0fd3c015a249a77fe64786e6,mbarbine__aws-next-k8-cluster-deploy,automation,automation,script,testing,jenkins-restore,jenkins-restore,scripts/jenkins-restore.sh,.sh,19,,,,unknown,unknown,65,80,shared-automation-candidate,False,none,primary,none,"Automation component for testing; review for reusable script, workflow, deployment job, or infra automation.",automation-score:130,a8e612a1dfd19940
a6893b0f605ec383552fcaa9,mbarbine__aws-next-k8-cluster-deploy,automation,"automation,security,ai",script,auth-and-keys,configure-jenkins,configure-jenkins,scripts/configure-jenkins.sh,.sh,40,,,,unknown,unknown,75,95,shared-automation-candidate,True,none,primary,none,"Automation component for auth-and-keys; review for reusable script, workflow, deployment job, or infra automation.",automation-score:130 | security-score:55 | ai-score:45,7e5a6f960b3e4390
6d917943c143e0ad2565cfe9,mbarbine__aws-next-k8-cluster-deploy,automation,"automation,ai,observability",script,observability,install-cloudwatch-agent,install-cloudwatch-agent,scripts/install-cloudwatch-agent.sh,.sh,43,,,,unknown,unknown,75,95,shared-automation-candidate,True,none,primary,none,"Automation component for observability; review for reusable script, workflow, deployment job, or infra automation.",automation-score:130 | ai-score:75 | observability-score:55,20f3227bcc88252d
6cbb7edd999b286265d15075,mbarbine__aws-next-k8-cluster-deploy,automation,"automation,security",script,shipping,backup_etcd,backup-etcd,scripts/backup_etcd.sh,.sh,11,,,,unknown,unknown,75,80,shared-automation-candidate,True,none,primary,none,"Automation component for shipping; review for reusable script, workflow, deployment job, or infra automation.",automation-score:175 | security-score:55,ee42c89257b9ca6d
5c9f7705c3e8435e454359ce,mbarbine__aws-next-k8-cluster-deploy,automation,automation,script,general,create-eks,create-eks,scripts/create-eks.sh,.sh,11,,,,unknown,unknown,65,80,shared-automation-candidate,False,none,primary,none,"Automation component for general; review for reusable script, workflow, deployment job, or infra automation.",automation-score:175,b6562f8bb2fb15fb
d7df032a8361b5eccc8c9cc5,mbarbine__aws-next-k8-cluster-deploy,automation,automation,script,shipping,populate-vars_DEV,populate-vars-dev,scripts/populate-vars_DEV.sh,.sh,240,,,,unknown,unknown,65,75,shared-automation-candidate,True,none,primary,none,"Automation component for shipping; review for reusable script, workflow, deployment job, or infra automation.",automation-score:175 | cron-or-schedule,8d0f2410c7f498ef
c547f1a98ff16a8b1de219b3,mbarbine__aws-next-k8-cluster-deploy,automation,"automation,security",script,general,rotate-keys,rotate-keys,scripts/rotate-keys.sh,.sh,15,,,,unknown,unknown,75,80,shared-automation-candidate,False,none,primary,none,"Automation component for general; review for reusable script, workflow, deployment job, or infra automation.",automation-score:130 | security-score:55,8f36fe32732a44e8
6d207f4df5bffb6b2c807706,mbarbine__aws-next-k8-cluster-deploy,automation,"automation,process,observability",script,ai,deploy,deploy,scripts/deploy.sh,.sh,38,,,,unknown,unknown,75,95,shared-automation-candidate,False,secondary,primary,none,"Automation component for ai; review for reusable script, workflow, deployment job, or infra automation.",automation-score:175 | process-score:80 | observability-score:55,ab78126726100c92
31174051adb517fcba453e58,mbarbine__aws-next-k8-cluster-deploy,automation,automation,script,shipping,jenkins-backup,jenkins-backup,scripts/jenkins-backup.sh,.sh,19,,,,unknown,unknown,65,80,shared-automation-candidate,True,none,primary,none,"Automation component for shipping; review for reusable script, workflow, deployment job, or infra automation.",automation-score:130,f9d4f6bc6e0c68e7
00a12240f2c1233c7b228da2,mbarbine__aws-next-k8-cluster-deploy,automation,automation,script,general,start-jenkins,start-jenkins,scripts/start-jenkins.sh,.sh,9,,,,unknown,unknown,60,75,shared-automation-candidate,False,none,primary,none,"Automation component for general; review for reusable script, workflow, deployment job, or infra automation.",automation-score:130,65e6c6659cdb02cb
b1ab726698e21a25c3b08f4b,mbarbine__aws-next-k8-cluster-deploy,automation,automation,script,logic,validate-vars,validate-vars,scripts/validate-vars.sh,.sh,12,,,,unknown,unknown,65,95,shared-automation-candidate,True,none,primary,none,"Automation component for logic; review for reusable script, workflow, deployment job, or infra automation.",automation-score:130,a1bd96b6fef87f77
df1c3b02c6f1c9ac0002847f,mbarbine__aws-next-k8-cluster-deploy,automation,"automation,observability,process",script,observability,deploy-eks-monitoring,deploy-eks-monitoring,scripts/deploy-eks-monitoring.sh,.sh,24,,,,unknown,unknown,75,95,shared-automation-candidate,True,secondary,primary,none,"Automation component for observability; review for reusable script, workflow, deployment job, or infra automation.",automation-score:175 | observability-score:55 | process-score:45,70bc77614ea1a802
dee1d703f99c0755e678fd91,mbarbine__barbineworldwide-2026-metahack,automation,automation,automation-config,analytics,use-advisory-analytics,use-advisory-analytics,hooks/use-advisory-analytics.ts,.ts,48,useAdvisoryAnalytics,react,react,next-react,pnpm,80,55,catalog-only,True,none,primary,none,"Automation component for analytics; review for reusable script, workflow, deployment job, or infra automation.",exports:useAdvisoryAnalytics | imports:react | automation-score:45,485db9af11001874
76768002a2d593c50f1054f0,mbarbine__beer-museum-manager-www,automation,"automation,logic,observability,security",automation-config,ai,n8n,n8n,lib/integrations/n8n.ts,.ts,96,n8nIntegration,,,next-react,pnpm,90,70,shared-automation-candidate,True,none,primary,secondary,"Automation component for ai; review for reusable script, workflow, deployment job, or infra automation.",exports:n8nIntegration | automation-score:95 | logic-score:85 | observability-score:55 | security-score:55 | uses-env,8d453a55bb4fb72d
a2ebe1bdb3d73f0dedbca909,mbarbine__burrito-dealer-www,automation,"automation,backend,observability",script,observability,setup-database,setup-database,setup-database.sh,.sh,38,,,,next-react,pnpm,65,95,shared-automation-candidate,True,none,primary,none,"Automation component for observability; review for reusable script, workflow, deployment job, or infra automation.",automation-score:80 | backend-score:55 | observability-score:55,f416a47366d76e31
79fdbabec24af58545b72129,mbarbine__burrito-dealer-www,automation,"automation,observability,security",automation-config,observability,seed-basic-data,seed-basic-data,scripts/seed-basic-data.js,.js,178,,"@supabase/supabase-js,dotenv","@supabase/supabase-js,dotenv",next-react,pnpm,85,70,shared-automation-candidate,True,none,primary,none,"Automation component for observability; review for reusable script, workflow, deployment job, or infra automation.","imports:@supabase/supabase-js, dotenv | automation-score:95 | observability-score:55 | security-score:55 | uses-env",8aecea0f7907c791
4727a484abdcbead1d2f5926,mbarbine__burrito-dealer-www,automation,"automation,observability,security",automation-config,observability,setup-dealers,setup-dealers,scripts/setup-dealers.js,.js,90,,@supabase/supabase-js,@supabase/supabase-js,next-react,pnpm,85,70,shared-automation-candidate,True,none,primary,none,"Automation component for observability; review for reusable script, workflow, deployment job, or infra automation.",imports:@supabase/supabase-js | automation-score:95 | observability-score:55 | security-score:55,c9cb674b1504d89f
f5cf52e61373308fe7d08597,mbarbine__burrito-dealer-www,automation,"automation,observability,security",automation-config,observability,create-test-users,create-test-users,scripts/create-test-users.js,.js,99,,@supabase/supabase-js,@supabase/supabase-js,next-react,pnpm,85,70,shared-automation-candidate,True,none,primary,none,"Automation component for observability; review for reusable script, workflow, deployment job, or infra automation.",imports:@supabase/supabase-js | automation-score:95 | observability-score:55 | security-score:55 | uses-env,ecca75b134447f01
decd6ddcb73b79aea3ce83cd,mbarbine__burrito-dealer-www,automation,"automation,observability,security",automation-config,observability,check-and-seed,check-and-seed,scripts/check-and-seed.js,.js,129,,@supabase/supabase-js,@supabase/supabase-js,next-react,pnpm,85,70,shared-automation-candidate,True,none,primary,none,"Automation component for observability; review for reusable script, workflow, deployment job, or infra automation.",imports:@supabase/supabase-js | automation-score:95 | observability-score:55 | security-score:55,32fc659d50cdc247
3d29fdbc32641d7a370fdd75,mbarbine__burrito-dealer-www,automation,"automation,backend,observability,security",automation-config,observability,seed-complete-database,seed-complete-database,scripts/seed-complete-database.js,.js,463,,@supabase/supabase-js,@supabase/supabase-js,next-react,pnpm,85,65,shared-automation-candidate,True,none,primary,none,"Automation component for observability; review for reusable script, workflow, deployment job, or infra automation.",imports:@supabase/supabase-js | automation-score:95 | backend-score:55 | observability-score:55 | security-score:55,f716abf8ff20cb1b
a28737c9c5cbc06a54b9c4d0,mbarbine__calendar-app-webby,automation,automation,script,testing,pre-commit-check,pre-commit-check,pre-commit-check.sh,.sh,8,,,,next-react,pnpm,50,75,shared-automation-candidate,False,none,primary,none,"Automation component for testing; review for reusable script, workflow, deployment job, or infra automation.",automation-score:80,6318b09c330c3959
91b5f77d9d5141b9848230b1,mbarbine__calendar-app-webby,automation,automation,container-automation,commerce,Dockerfile,dockerfile,Dockerfile,Dockerfile,26,,,,next-react,pnpm,55,80,shared-automation-candidate,False,none,primary,none,"Automation component for commerce; review for reusable script, workflow, deployment job, or infra automation.",automation-score:130,54fb5c94f5fbcc19
e067d4f6361088d046c97ab1,mbarbine__calendar-app-webby,automation,automation,automation-config,deployment,eslint.config,eslint-config,eslint.config.mjs,.mjs,10,,eslint-config-next,eslint-config-next,next-react,pnpm,60,70,shared-automation-candidate,False,none,primary,none,"Automation component for deployment; review for reusable script, workflow, deployment job, or infra automation.",imports:eslint-config-next | automation-score:45,bd93642100cb2901
0f542d7237d29f9a49d67946,mbarbine__car-service-records,automation,automation,automation-config,analytics,setup,setup,tests/setup.ts,.ts,66,,vitest,vitest,next-react,pnpm,65,55,catalog-only,True,none,primary,none,"Automation component for analytics; review for reusable script, workflow, deployment job, or infra automation.",imports:vitest | automation-score:45,978af5c4d1210b9c
5df65c1bf40d4388e3a01547,mbarbine__cdf-sanitize,automation,"automation,ai",container-automation,ai,Dockerfile,dockerfile,Dockerfile,Dockerfile,28,,,,unknown,python,65,95,shared-automation-candidate,True,none,primary,none,"Automation component for ai; review for reusable script, workflow, deployment job, or infra automation.",automation-score:85 | ai-score:45,20e15376b99449eb
810dd535b7192130940ffefd,mbarbine__cdf-sanitize,automation,automation,automation-config,shipping,Makefile,makefile,Makefile,Makefile,64,,,,unknown,python,55,55,catalog-only,True,none,primary,none,"Automation component for shipping; review for reusable script, workflow, deployment job, or infra automation.",automation-score:130,a4afef200990fc09
f66b34f429fe3ad9cfd1c342,mbarbine__cdf-sanitize,automation,"automation,observability",container-automation,observability,docker-compose,docker-compose,docker-compose.yml,.yml,27,,,,unknown,python,65,95,shared-automation-candidate,True,none,primary,none,"Automation component for observability; review for reusable script, workflow, deployment job, or infra automation.",automation-score:95 | observability-score:55,aea18ff4f7bdcbc9
103a8ae6957aa21bf86098d4,mbarbine__desert-bus,automation,"automation,integration",deployment-automation,deployment,vercel,vercel,vercel.json,.json,8,,,,next-react,pnpm,60,90,shared-automation-candidate,False,none,primary,none,"Automation component for deployment; review for reusable script, workflow, deployment job, or infra automation.",automation-score:95 | integration-score:55 | cron-or-schedule,a93cc47b6fc42512
05a1173731eb27a4230a2787,mbarbine__desert-bus,automation,"automation,observability",container-automation,observability,Dockerfile,dockerfile,Dockerfile,Dockerfile,25,,,,next-react,pnpm,65,95,shared-automation-candidate,False,none,primary,none,"Automation component for observability; review for reusable script, workflow, deployment job, or infra automation.",automation-score:85 | observability-score:55,f2566aa6c220be74
b3591f7104908dca8cd5b40f,mbarbine__docker-terraform-aws-demo,automation,automation,container-automation,testing,docker-compose,docker-compose,docker-compose.yaml,.yaml,29,,,,unknown,unknown,55,80,shared-automation-candidate,False,none,primary,none,"Automation component for testing; review for reusable script, workflow, deployment job, or infra automation.",automation-score:95,7c591cf82d882b79
8b2c1e61c1163faf4f9ce9fa,mbarbine__docker-terraform-aws-demo,automation,automation,script,process,installAnsibleUbuntu,install-ansible-ubuntu,installAnsibleUbuntu.sh,.sh,9,,,,unknown,unknown,50,90,shared-automation-candidate,True,none,primary,none,"Automation component for process; review for reusable script, workflow, deployment job, or infra automation.",automation-score:125,099a31213ee9e233
5d50238e92353f3bca65df6d,mbarbine__docker-terraform-aws-demo,automation,automation,container-automation,deployment,Dockerfile,dockerfile,Dockerfile,Dockerfile,12,,,,unknown,unknown,55,95,shared-automation-candidate,False,none,primary,none,"Automation component for deployment; review for reusable script, workflow, deployment job, or infra automation.",automation-score:130,9ac1f34bafb33b9e
3247bac0177065a38fb797cb,mbarbine__docker-terraform-aws-demo,automation,automation,automation-config,workflow,lamp-setup,lamp-setup,ansible/lamp-setup.yml,.yml,38,,,,unknown,unknown,55,55,catalog-only,True,none,primary,none,"Automation component for workflow; review for reusable script, workflow, deployment job, or infra automation.",automation-score:50,66aadbb234b646d6
114ad8e099418fe0507d6f57,mbarbine__drone-reel-webby,automation,"automation,integration,observability",deployment-automation,observability,vercel,vercel,vercel.json,.json,6,,fs,fs,next-react,pnpm,70,90,shared-automation-candidate,True,none,primary,none,"Automation component for observability; review for reusable script, workflow, deployment job, or infra automation.",imports:fs | automation-score:95 | integration-score:55 | observability-score:55,b3e0f1de33ca7a3a
992d098e367d289d10eb7d31,mbarbine__fortune-cookie-webby-yj,automation,"automation,integration",deployment-automation,deployment,vercel,vercel,vercel.json,.json,8,,,,next-react,pnpm,60,90,shared-automation-candidate,False,none,primary,none,"Automation component for deployment; review for reusable script, workflow, deployment job, or infra automation.",automation-score:95 | integration-score:55 | cron-or-schedule,05c2dbd562b39bbf
54cb106ce92e481a4186d988,mbarbine__fortune-cookie-webby-yj,automation,"automation,observability",container-automation,observability,Dockerfile,dockerfile,Dockerfile,Dockerfile,28,,,,next-react,pnpm,65,95,shared-automation-candidate,False,none,primary,none,"Automation component for observability; review for reusable script, workflow, deployment job, or infra automation.",automation-score:85 | observability-score:55,2752f6dc10b676e9
936c026ec610fc114b44a6fe,mbarbine__fortune-cookie-webby-yj,automation,automation,automation-config,deployment,eslint.config,eslint-config,eslint.config.mjs,.mjs,10,,eslint-config-next,eslint-config-next,next-react,pnpm,60,70,shared-automation-candidate,False,none,primary,none,"Automation component for deployment; review for reusable script, workflow, deployment job, or infra automation.",imports:eslint-config-next | automation-score:45,40f95cc11e34f9a5
06bdc53b72b6b277180b0d83,mbarbine__fortune-cookie-webby-yj,automation,automation,automation-config,design-system,fortune-uuid.test,fortune-uuid,tests/fortune-uuid.test.ts,.ts,137,"SAMPLE,SAMPLE_2","@/lib/fortune-uuid,@/lib/life-goals,vitest","@/lib,vitest",next-react,pnpm,80,60,shared-automation-candidate,False,none,primary,none,"Automation component for design-system; review for reusable script, workflow, deployment job, or infra automation.","exports:SAMPLE, SAMPLE_2 | imports:@/lib/fortune-uuid, @/lib/life-goals, vitest | automation-score:45",725505de436a14fc
16a800205408639da8f260fc,mbarbine__fortune-cookie-webby-yj,automation,automation,automation-config,shipping,environment,environment,.codex/environments/environment.toml,.toml,19,,,,next-react,pnpm,55,55,catalog-only,True,none,primary,none,"Automation component for shipping; review for reusable script, workflow, deployment job, or infra automation.",automation-score:45,dbfb9919a54e84f2
b63c35a2d57e9679609c3454,mbarbine__fortune-cookie-webby-yj,automation,automation,automation-config,media,use-sound-effects,use-sound-effects,hooks/use-sound-effects.ts,.ts,486,useSoundEffects,react,react,next-react,pnpm,80,50,catalog-only,False,none,primary,none,"Automation component for media; review for reusable script, workflow, deployment job, or infra automation.",exports:useSoundEffects | imports:react | automation-score:45,2a233270e5794310
7d30d0042b1156fc215efaaf,mbarbine__fortune-cookie-webby-yj,automation,"automation,observability,security",automation-config,observability,add-carlin-quote,add-carlin-quote,scripts/add-carlin-quote.ts,.ts,153,secretFortune,"fs,path","fs,path",next-react,pnpm,100,70,shared-automation-candidate,True,none,primary,none,"Automation component for observability; review for reusable script, workflow, deployment job, or infra automation.","exports:secretFortune | imports:fs, path | automation-score:95 | observability-score:55 | security-score:55",94188753e04c98b2
25d2ba050064c720c1269b36,mbarbine__fortune-cookie-webby-yj,automation,"automation,logic,integration,security",deployment-automation,ai,vercel,vercel,lib/platform/vercel.ts,.ts,36,"captureVercelRequestMetadata,responseMetadata",,,next-react,pnpm,90,95,shared-automation-candidate,True,none,primary,secondary,"Automation component for ai; review for reusable script, workflow, deployment job, or infra automation.","exports:captureVercelRequestMetadata, responseMetadata | automation-score:95 | logic-score:60 | integration-score:55 | security-score:55",3a800070f7e982d1
55cf5615fcc6de66181b33ed,mbarbine__front-runners-webby,automation,automation,automation-config,media,test_frontend,test-frontend,test_frontend.py,.py,23,run,playwright.sync_api,playwright.sync_api,next-react,pnpm,80,55,catalog-only,False,none,primary,none,"Automation component for media; review for reusable script, workflow, deployment job, or infra automation.",exports:run | imports:playwright.sync_api | automation-score:45,d06b011a355ec95d
8861b425db56f393ee5d3655,mbarbine__front-runners-webby,automation,"automation,integration",deployment-automation,deployment,vercel,vercel,vercel.json,.json,8,,,,next-react,pnpm,60,90,shared-automation-candidate,False,none,primary,none,"Automation component for deployment; review for reusable script, workflow, deployment job, or infra automation.",automation-score:95 | integration-score:55 | cron-or-schedule,1abc24c86cdc1f7e
9aa8e195a35e9c4e16cd6ddb,mbarbine__ja4-sidecar,automation,"automation,observability,security",script,observability,setup,setup,setup.sh,.sh,132,,,,unknown,unknown,65,95,shared-automation-candidate,True,none,primary,none,"Automation component for observability; review for reusable script, workflow, deployment job, or infra automation.",automation-score:125 | observability-score:55 | security-score:55,de69d587014b1fd8
0e7f60a078bcc20c884efd47,mbarbine__ja4-sidecar,automation,"automation,observability,security",script,observability,manage,manage,manage.sh,.sh,628,,,,unknown,unknown,65,80,shared-automation-candidate,True,none,primary,none,"Automation component for observability; review for reusable script, workflow, deployment job, or infra automation.",automation-score:125 | observability-score:55 | security-score:55,837d3ab71b824fa7
811b4923c69621b65c3d2bc2,mbarbine__ja4-sidecar,automation,"automation,observability,security",container-automation,observability,docker-compose.production,docker-compose-production,docker-compose.production.yml,.yml,370,,,,unknown,unknown,65,90,shared-automation-candidate,True,none,primary,none,"Automation component for observability; review for reusable script, workflow, deployment job, or infra automation.",automation-score:95 | observability-score:55 | security-score:55,1da27a698b7d77f4
660797c28bcdb6c999ced3c1,mbarbine__ja4-sidecar,automation,"automation,observability,security",container-automation,observability,docker-compose,docker-compose,docker-compose.yml,.yml,253,,,,unknown,unknown,65,90,shared-automation-candidate,True,none,primary,none,"Automation component for observability; review for reusable script, workflow, deployment job, or infra automation.",automation-score:95 | observability-score:55 | security-score:55,b29d993bbecc3576
02353f3f26dad1532530cc76,mbarbine__ja4-sidecar,automation,"automation,observability,security",script,observability,manage,manage,archive/manage.sh,.sh,506,,,,unknown,unknown,65,80,shared-automation-candidate,True,none,primary,none,"Automation component for observability; review for reusable script, workflow, deployment job, or infra automation.",automation-score:125 | observability-score:55 | security-score:55,e2dbad2bbb2af9f5
0c619f6f721d51ad5d01adba,mbarbine__ja4-sidecar,automation,"automation,observability,security",script,observability,manage-new,manage-new,archive/manage-new.sh,.sh,311,,,,unknown,unknown,65,90,shared-automation-candidate,True,none,primary,none,"Automation component for observability; review for reusable script, workflow, deployment job, or infra automation.",automation-score:125 | observability-score:55 | security-score:55,74c4e93439229a98
e703127aa2ddf5d4de541f23,mbarbine__ja4-sidecar,automation,"automation,observability,security",script,observability,dev-manage,dev-manage,archive/dev-manage.sh,.sh,265,,,,unknown,unknown,65,90,shared-automation-candidate,True,none,primary,none,"Automation component for observability; review for reusable script, workflow, deployment job, or infra automation.",automation-score:125 | observability-score:55 | security-score:55,7dce23dca2712fe2
ad3ad33d10d4fed6cc7013fc,mbarbine__ja4-sidecar,automation,"automation,observability,security",script,observability,manage-production,manage-production,archive/manage-production.sh,.sh,693,,,,unknown,unknown,65,80,shared-automation-candidate,True,none,primary,none,"Automation component for observability; review for reusable script, workflow, deployment job, or infra automation.",automation-score:125 | observability-score:55 | security-score:55,ee9d2eebfd70a6d2
48b404438694126d63c76ddf,mbarbine__ja4-sidecar,automation,"automation,observability,security",script,observability,manage-legacy,manage-legacy,archive/manage-legacy.sh,.sh,1343,,,,unknown,unknown,65,75,shared-automation-candidate,True,none,primary,none,"Automation component for observability; review for reusable script, workflow, deployment job, or infra automation.",automation-score:125 | observability-score:55 | security-score:55,d80d82ffe733fb60
33e72e0c1ee419ea734fa8f3,mbarbine__ja4-sidecar,automation,automation,script,testing,startup-with-proxy,startup-with-proxy,config/webmail/startup-with-proxy.sh,.sh,40,,,,unknown,unknown,55,80,shared-automation-candidate,True,none,primary,none,"Automation component for testing; review for reusable script, workflow, deployment job, or infra automation.",automation-score:80,3057035f9bc8cf8e
43ffea475e09a61370d0a756,mbarbine__ja4-sidecar,automation,automation,script,general,localhost-proxy-entrypoint,localhost-proxy-entrypoint,config/wildduck/localhost-proxy-entrypoint.sh,.sh,13,,,,unknown,unknown,55,80,shared-automation-candidate,False,none,primary,none,"Automation component for general; review for reusable script, workflow, deployment job, or infra automation.",automation-score:80,2176003d5c17750f
398331c403e499f0a8d5e33a,mbarbine__ja4-sidecar,automation,automation,script,testing,startup-with-proxy,startup-with-proxy,config/wildduck/startup-with-proxy.sh,.sh,45,,,,unknown,unknown,55,80,shared-automation-candidate,True,none,primary,none,"Automation component for testing; review for reusable script, workflow, deployment job, or infra automation.",automation-score:80,965dd51a63fdfb3d
cdc160f23d26fd588f56332a,mbarbine__ja4-sidecar,automation,"automation,observability,security",container-automation,observability,Dockerfile,dockerfile,ja4-alerts/Dockerfile,Dockerfile,52,,,,unknown,unknown,65,95,shared-automation-candidate,True,none,primary,none,"Automation component for observability; review for reusable script, workflow, deployment job, or infra automation.",automation-score:85 | observability-score:55 | security-score:55,15c46bb24aec2826
f667272f10f48f890e8c080b,mbarbine__ja4-sidecar,automation,"automation,observability",script,observability,install-wildduck,install-wildduck,scripts/install-wildduck.sh,.sh,65,,,,unknown,unknown,75,95,shared-automation-candidate,True,none,primary,none,"Automation component for observability; review for reusable script, workflow, deployment job, or infra automation.",automation-score:175 | observability-score:55,2153e2dea3df4440
9a2ff1b56a4c5ea96cdce15e,mbarbine__ja4-sidecar,automation,"automation,observability,security",automation-config,auth-and-keys,package,package,scripts/tests/package.json,.json,74,,,,unknown,unknown,75,70,shared-automation-candidate,True,none,primary,none,"Automation component for auth-and-keys; review for reusable script, workflow, deployment job, or infra automation.",automation-score:95 | observability-score:55 | security-score:55,af6a172cf4ec556f
5f6ee483b5dd0c241c7f400e,mbarbine__ja4-sidecar,automation,"automation,logic,observability,security",script,observability,common,common,scripts/lib/common.sh,.sh,584,,,,unknown,unknown,75,80,shared-automation-candidate,True,none,primary,secondary,"Automation component for observability; review for reusable script, workflow, deployment job, or infra automation.",automation-score:175 | logic-score:70 | observability-score:55 | security-score:55,b416e99f8e15cddf
2ca1ad0db5f47b279dcab427,mbarbine__ja4-sidecar,automation,"automation,logic,observability,security",script,observability,help,help,scripts/lib/help.sh,.sh,689,,,,unknown,unknown,75,80,shared-automation-candidate,True,none,primary,secondary,"Automation component for observability; review for reusable script, workflow, deployment job, or infra automation.",automation-score:175 | logic-score:70 | observability-score:55 | security-score:55,f865ff876e707824
2bdbd69aed8e1481f838f4cf,mbarbine__ja4-sidecar,automation,"automation,backend,observability,security,logic",script,observability,services,services,scripts/lib/services.sh,.sh,263,,,,unknown,unknown,75,90,shared-automation-candidate,True,none,primary,secondary,"Automation component for observability; review for reusable script, workflow, deployment job, or infra automation.",automation-score:175 | backend-score:55 | observability-score:55 | security-score:55 | logic-score:45,1e3f46c1a8118775
6fd587f30900e98661ede190,mbarbine__ja4-sidecar,automation,"automation,observability,security,ai",script,observability,testing,testing,scripts/commands/testing.sh,.sh,971,,,,unknown,unknown,75,75,shared-automation-candidate,True,none,primary,none,"Automation component for observability; review for reusable script, workflow, deployment job, or infra automation.",automation-score:175 | observability-score:55 | security-score:55 | ai-score:45,5a1959a1a17afd55
fcd8789b6e34e5d15e61dc98,mbarbine__ja4-sidecar,automation,"automation,observability,security",container-automation,observability,Dockerfile,dockerfile,ja4-sniffer/Dockerfile,Dockerfile,48,,,,unknown,unknown,65,95,shared-automation-candidate,True,none,primary,none,"Automation component for observability; review for reusable script, workflow, deployment job, or infra automation.",automation-score:85 | observability-score:55 | security-score:55,04aa56394332fafd
09210ebcfa77780ab60fa68a,mbarbine__ja4-sidecar,automation,"automation,observability,security",container-automation,observability,Dockerfile,dockerfile,ja4-cli/Dockerfile,Dockerfile,38,,./ja4-enhanced.js,,unknown,unknown,75,95,shared-automation-candidate,True,none,primary,none,"Automation component for observability; review for reusable script, workflow, deployment job, or infra automation.",imports:./ja4-enhanced.js | automation-score:85 | observability-score:55 | security-score:55,d6b2051c163696c9
c94a4ec99459031d72cc1c28,mbarbine__ja4-vercel-lab-2,automation,automation,automation-config,analytics,package,package,package.json,.json,52,,,,next-react,pnpm,55,55,catalog-only,True,none,primary,none,"Automation component for analytics; review for reusable script, workflow, deployment job, or infra automation.",automation-score:45,3f88d4f199733ba2
6e557d3688ff549a077c1c15,mbarbine__ja4-vercel-lab-2,automation,automation,automation-config,deployment,tsconfig,tsconfig,tsconfig.json,.json,27,,,,next-react,pnpm,55,70,shared-automation-candidate,False,none,primary,none,"Automation component for deployment; review for reusable script, workflow, deployment job, or infra automation.",automation-score:45,7197f8f473f96250
26971265db160685ce3ac5bb,mbarbine__ja4-vercel-lab-2,automation,"automation,frontend,backend,observability,security",scheduled-job,observability,cron,cron,app/pages/api/cron.ts,.ts,62,"VERCEL_API_TOKEN,VERCEL_FIREWALL_API,VERCEL_PROJECT_ID",next,next,next-react,pnpm,100,70,shared-automation-candidate,True,none,primary,none,"Automation component for observability; review for reusable script, workflow, deployment job, or infra automation.","exports:VERCEL_API_TOKEN, VERCEL_FIREWALL_API, VERCEL_PROJECT_ID | imports:next | automation-score:95 | frontend-score:55 | backend-score:55 | observability-score:55 | security-score:55 | uses-env | cron-or-schedule",0d20fccc12fdcd36
17566ed2caeda493b4b2795f,mbarbine__ja4-vercel-lab-2,automation,"automation,observability,security,ai",script,observability,setup-supabase,setup-supabase,scripts/setup-supabase.sh,.sh,105,,,,next-react,pnpm,75,95,shared-automation-candidate,True,none,primary,none,"Automation component for observability; review for reusable script, workflow, deployment job, or infra automation.",automation-score:130 | observability-score:55 | security-score:55 | ai-score:45,a891dbdcd1adfba0
a02bf2141d6e96ea6ce646dd,mbarbine__ja4-vercel-lab-2,automation,"automation,integration,observability,security",deployment-automation,observability,verify-vercel,verify-vercel,scripts/verify-vercel.js,.js,31,"VERCEL_API_TOKEN,VERCE_FIREWALL_API",node-fetch,node-fetch,next-react,pnpm,100,95,shared-automation-candidate,True,none,primary,none,"Automation component for observability; review for reusable script, workflow, deployment job, or infra automation.","exports:VERCEL_API_TOKEN, VERCE_FIREWALL_API | imports:node-fetch | automation-score:95 | integration-score:55 | observability-score:55 | security-score:55 | uses-env",c8e2ea969e360c13
b2d4c343d9568fe3e4653172,mbarbine__ja4-vercel-lab-2,automation,"automation,process",script,deployment,deploy,deploy,scripts/deploy.sh,.sh,7,,,,next-react,pnpm,70,90,shared-automation-candidate,False,secondary,primary,none,"Automation component for deployment; review for reusable script, workflow, deployment job, or infra automation.",automation-score:175 | process-score:45,29a1fc0c6b9dcd64
9032cbd1e507844b8cf2a273,mbarbine__ja4-vercel-lab-2,automation,automation,automation-config,editor,settings,settings,.vscode/settings.json,.json,24,,,,next-react,pnpm,55,55,catalog-only,True,none,primary,none,"Automation component for editor; review for reusable script, workflow, deployment job, or infra automation.",automation-score:45 | cron-or-schedule,1a6145cd87349462
d130021984c86bb46884f02e,mbarbine__ja4mlab,automation,"automation,observability,security",script,observability,build-summary,build-summary,capture/scripts/build-summary.sh,.sh,109,,,,unknown,python,75,95,shared-automation-candidate,True,none,primary,none,"Automation component for observability; review for reusable script, workflow, deployment job, or infra automation.",automation-score:130 | observability-score:55 | security-score:55,4c2e655a6e285bef
5126cee4552976d0f34faf1e,mbarbine__ja4mlab,automation,"automation,observability,security",script,observability,stop-capture,stop-capture,capture/scripts/stop-capture.sh,.sh,10,,,,unknown,python,70,95,shared-automation-candidate,True,none,primary,none,"Automation component for observability; review for reusable script, workflow, deployment job, or infra automation.",automation-score:175 | observability-score:55 | security-score:55,fd47beb970782231
4f996d17e845c6d41aab9152,mbarbine__ja4mlab,automation,automation,script,general,slice-pcap,slice-pcap,capture/scripts/slice-pcap.sh,.sh,9,,,,unknown,python,60,75,shared-automation-candidate,False,none,primary,none,"Automation component for general; review for reusable script, workflow, deployment job, or infra automation.",automation-score:130,7cff3d7d9ee313b6
e58a4658c109541704323199,mbarbine__ja4mlab,automation,"automation,observability,process",script,observability,process-zeek,process-zeek,capture/scripts/process-zeek.sh,.sh,10,,,,unknown,python,70,95,shared-automation-candidate,True,secondary,primary,none,"Automation component for observability; review for reusable script, workflow, deployment job, or infra automation.",automation-score:130 | observability-score:55 | process-score:45,372524b0822a172c
937f14500aa15422fef9d76d,mbarbine__ja4mlab,automation,"automation,observability,security",script,observability,start-capture,start-capture,capture/scripts/start-capture.sh,.sh,38,,,,unknown,python,75,95,shared-automation-candidate,True,none,primary,none,"Automation component for observability; review for reusable script, workflow, deployment job, or infra automation.",automation-score:175 | observability-score:55 | security-score:55,1b908eaf756e1d31
cb0a091c05a7bd3beeae56fd,mbarbine__ja4mlab,automation,"automation,observability,security",automation-config,observability,test_compose,test-compose,tests/unit/test_compose.py,.py,97,"test_agent_config_uses_standard_openclaw_routes,test_built_service_images_are_tagged_latest,test_caddy_exists,test_compose_exists,test_compose_uses_real_project_contexts,test_local_readiness_infrastructure_exists,test_openclaw_in_stack,test_openclaw_runtime_uses_upstream_binaries,test_proxy_capture_sidecar_exists_for_server_side_pcaps,test_tls_gateway_route_exists",pathlib,pathlib,python,python,90,70,shared-automation-candidate,True,none,primary,none,"Automation component for observability; review for reusable script, workflow, deployment job, or infra automation.","exports:test_agent_config_uses_standard_openclaw_routes, test_built_service_images_are_tagged_latest, test_caddy_exists, test_compose_exists, test_compose_uses_real_project_contexts, test_local_readiness_infrastructure_exists, test_openclaw_in_stack, test_openclaw_runtime_uses_upstream_binaries | imports:pathlib | automation-score:95 | observability-score:55 | security-score:55",d652f73005c5b81d
cb535baac3053acbeaed7e7d,mbarbine__ja4mlab,automation,"automation,logic",script,discovery,run-all-core-scenarios,run-all-core-scenarios,scripts/run-all-core-scenarios.sh,.sh,5,,,,unknown,python,70,90,shared-automation-candidate,True,none,primary,secondary,"Automation component for discovery; review for reusable script, workflow, deployment job, or infra automation.",automation-score:130 | logic-score:45,fee65086447a1cf5
224ad1e08b0dec261c871f55,mbarbine__ja4mlab,automation,"automation,observability,security",automation-config,observability,derive-fingerprints,derive-fingerprints,scripts/derive-fingerprints.py,.py,557,"classify_leg_steps,false_positive_checks,field_counts,grouping_checks,grouping_payload,ja4plus_grouping,main,packet_count,parse_json_stream,parser_commit,placeholder_fingerprint,run,run_official_ja4_parser,step_names,summarize_official_family,write_applicable_ja4m_leg_outputs,write_json,write_leg_outputs","collections,json,os,pathlib,shutil,subprocess,sys","collections,json,os,pathlib,shutil,subprocess,sys",python,python,100,55,catalog-only,True,none,primary,none,"Automation component for observability; review for reusable script, workflow, deployment job, or infra automation.","exports:classify_leg_steps, false_positive_checks, field_counts, grouping_checks, grouping_payload, ja4plus_grouping, main, packet_count | imports:collections, json, os, pathlib, shutil, subprocess, sys | automation-score:95 | observability-score:55 | security-score:55",97ff94390ea58a08
e443556ef1711e67b4e42a55,mbarbine__ja4mlab,automation,"automation,backend,observability,security",script,observability,wait-for-services,wait-for-services,scripts/wait-for-services.sh,.sh,110,,,,unknown,python,75,95,shared-automation-candidate,True,none,primary,none,"Automation component for observability; review for reusable script, workflow, deployment job, or infra automation.",automation-score:130 | backend-score:55 | observability-score:55 | security-score:55,43512d307bf5f202
84224548f02128b4f67ff035,mbarbine__ja4mlab,automation,automation,script,testing,install,install,scripts/install.sh,.sh,11,,,,unknown,python,65,80,shared-automation-candidate,False,none,primary,none,"Automation component for testing; review for reusable script, workflow, deployment job, or infra automation.",automation-score:130,25c4abf528a24281
352f549b5ec455ac9c229e4d,mbarbine__ja4mlab,automation,automation,script,testing,verify,verify,scripts/verify.sh,.sh,10,,,,unknown,python,60,80,shared-automation-candidate,False,none,primary,none,"Automation component for testing; review for reusable script, workflow, deployment job, or infra automation.",automation-score:130,658727f5e5e27020
6b4896e0acdd547c8767a868,mbarbine__ja4mlab,automation,"automation,security",script,security,run-tls-scenario,run-tls-scenario,scripts/run-tls-scenario.sh,.sh,6,,,,unknown,python,70,75,shared-automation-candidate,True,none,primary,none,"Automation component for security; review for reusable script, workflow, deployment job, or infra automation.",automation-score:130 | security-score:55,5f6ac13e1b29dd4f
c60601509ab255b44dce10d4,mbarbine__ja4mlab,automation,"automation,security",script,discovery,run-large-delivery-capture,run-large-delivery-capture,scripts/run-large-delivery-capture.sh,.sh,27,,,,unknown,python,75,95,shared-automation-candidate,False,none,primary,none,"Automation component for discovery; review for reusable script, workflow, deployment job, or infra automation.",automation-score:130 | security-score:55,93263a5068bd6d61
a21a7daab507f2a63468180d,mbarbine__ja4mlab,automation,"automation,observability,security,ai",script,observability,run-openclaw-xai-smoke,run-openclaw-xai-smoke,scripts/run-openclaw-xai-smoke.sh,.sh,185,,,,unknown,python,75,95,shared-automation-candidate,True,none,primary,none,"Automation component for observability; review for reusable script, workflow, deployment job, or infra automation.",automation-score:175 | observability-score:55 | security-score:55 | ai-score:45,b7ad8668201322c7
68bf3dc1d3a844484a06aeb9,mbarbine__ja4mlab,automation,automation,script,general,reset,reset,scripts/reset.sh,.sh,4,,,,unknown,python,60,75,shared-automation-candidate,False,none,primary,none,"Automation component for general; review for reusable script, workflow, deployment job, or infra automation.",automation-score:130,88c408e8ed13421a
f1ffd73d0fa92d89f25376d0,mbarbine__ja4mlab,automation,automation,script,deployment,down,down,scripts/down.sh,.sh,3,,,,unknown,python,60,90,shared-automation-candidate,False,none,primary,none,"Automation component for deployment; review for reusable script, workflow, deployment job, or infra automation.",automation-score:175,a9d277726132929c
53129ef02028265bb700a3e7,mbarbine__ja4mlab,automation,"automation,observability,security",script,observability,run-scenario,run-scenario,scripts/run-scenario.sh,.sh,49,,,,unknown,python,75,95,shared-automation-candidate,True,none,primary,none,"Automation component for observability; review for reusable script, workflow, deployment job, or infra automation.",automation-score:130 | observability-score:55 | security-score:55,3ef3513fd5d780ad
2ca4b2b75464f90bdef52a1c,mbarbine__ja4mlab,automation,automation,script,deployment,up,up,scripts/up.sh,.sh,3,,,,unknown,python,60,90,shared-automation-candidate,False,none,primary,none,"Automation component for deployment; review for reusable script, workflow, deployment job, or infra automation.",automation-score:175,ff6d470028c96e0d
bd5725c7f0bb659b930daff6,mbarbine__ja4mlab,automation,"automation,observability,security",automation-config,observability,execute-scenario,execute-scenario,scripts/execute-scenario.py,.py,1695,"decode_chunked_body,env_int,export_scenario_trace,http_json,http_sse_once,http_text,initialize,internet_noise_probe,jsonrpc_error_code,lab_headers,lab_url,local_tls_exchange,local_tls_json,local_tls_sse_once,local_tls_text,main,mark_initialized,mcp,mcp_as_profile,mcp_as_profile_at,mcp_batch_as_profile_at,quic_probe,run_scenario,runtime_command,websocket_probe","base64,datetime,hashlib,http.client,json,os,pathlib,random,socket,ssl,subprocess,sys,time,urllib.error,urllib.request","base64,datetime,hashlib,http.client,json,os,pathlib,random,socket,ssl,subprocess,sys,time,urllib.error,urllib.request",python,python,100,50,catalog-only,True,none,primary,none,"Automation component for observability; review for reusable script, workflow, deployment job, or infra automation.","exports:decode_chunked_body, env_int, export_scenario_trace, http_json, http_sse_once, http_text, initialize, internet_noise_probe | imports:base64, datetime, hashlib, http.client, json, os, pathlib, random | automation-score:95 | observability-score:55 | security-score:55",7469bd9c6c668e5b
db1386f82594a6376051dced,mbarbine__ja4mlab,automation,automation,automation-config,deployment,version,version,packages/shared-http/src/version.ts,.ts,19,"VersionInput,buildVersionResponse",,,unknown,python,70,70,shared-automation-candidate,True,none,primary,none,"Automation component for deployment; review for reusable script, workflow, deployment job, or infra automation.","exports:VersionInput, buildVersionResponse | automation-score:45 | uses-env",1f51c5d44becd820
8fb5441906ec6b6529d841fc,mbarbine__ja4mlab,automation,"automation,backend",container-automation,mcp,Dockerfile,dockerfile,services/openclaw-runtime/Dockerfile,Dockerfile,23,,,,unknown,python,65,95,shared-automation-candidate,True,none,primary,none,"Automation component for mcp; review for reusable script, workflow, deployment job, or infra automation.",automation-score:85 | backend-score:55,d5549d755f79983a
2b3ccdfacfdbcb661864eb06,mbarbine__ja4mlab,automation,"automation,backend,observability,security,ai",script,observability,entrypoint,entrypoint,services/openclaw-runtime/bin/entrypoint.sh,.sh,98,,,,unknown,python,65,95,shared-automation-candidate,True,none,primary,none,"Automation component for observability; review for reusable script, workflow, deployment job, or infra automation.",automation-score:125 | backend-score:55 | observability-score:55 | security-score:55 | ai-score:45,d6769e5c62478f20
beadd7436ed9ea22139dfbfb,mbarbine__ja4mlab,automation,"automation,backend",container-automation,deployment,Dockerfile,dockerfile,services/api-broker/Dockerfile,Dockerfile,5,,,,unknown,python,60,90,shared-automation-candidate,False,none,primary,none,"Automation component for deployment; review for reusable script, workflow, deployment job, or infra automation.",automation-score:85 | backend-score:55,35ae481c38afe292
b0e60780afbda433c7348a69,mbarbine__job-manager,automation,"automation,process",automation-config,workflow,deploy.template,deploy-template,.do/deploy.template.yaml,.yaml,10,,,,unknown,npm,60,55,catalog-only,True,secondary,primary,none,"Automation component for workflow; review for reusable script, workflow, deployment job, or infra automation.",automation-score:50 | process-score:45,f494a96518ef90b8
6c2743df39c25834f6e4f9eb,mbarbine__job-manager,automation,automation,automation-config,editor,devcontainer,devcontainer,.devcontainer/devcontainer.json,.json,42,,,,unknown,npm,55,55,catalog-only,True,none,primary,none,"Automation component for editor; review for reusable script, workflow, deployment job, or infra automation.",automation-score:45,f2eccb239880de5f
d43d7a4f28bfcbf9b11b8f3e,mbarbine__legacy-platphorm-news,automation,automation,container-automation,deployment,docker-compose.override,docker-compose-override,docker-compose.override.yml,.yml,8,,,,svelte,unknown,50,90,shared-automation-candidate,False,none,primary,none,"Automation component for deployment; review for reusable script, workflow, deployment job, or infra automation.",automation-score:50,f44e59c5f3881fbd
ae0734c3490d3a2df1ffa83d,mbarbine__legacy-platphorm-news,automation,"automation,observability",container-automation,observability,Dockerfile,dockerfile,Dockerfile,Dockerfile,40,,,,svelte,unknown,65,95,shared-automation-candidate,False,none,primary,none,"Automation component for observability; review for reusable script, workflow, deployment job, or infra automation.",automation-score:85 | observability-score:55,befcb3fe8d42867e
1375dcba593910e3543f40dc,mbarbine__legacy-platphorm-news,automation,automation,automation-config,analytics,vite.config,vite-config,vite.config.js,.js,42,,"@sveltejs/kit/vite,vite","@sveltejs/kit,vite",svelte,unknown,65,55,catalog-only,True,none,primary,none,"Automation component for analytics; review for reusable script, workflow, deployment job, or infra automation.","imports:@sveltejs/kit/vite, vite | automation-score:45 | uses-env",a393535d4c6f1b07
c588ecc835f843aba19caac1,mbarbine__legacy-platphorm-news,automation,automation,automation-config,testing,compose,compose,compose.yaml,.yaml,21,,,,svelte,unknown,55,55,catalog-only,False,none,primary,none,"Automation component for testing; review for reusable script, workflow, deployment job, or infra automation.",automation-score:50,c595e859db9ae264
280ce70dc4fcff3f3f9ed7a1,mbarbine__legacy-platphorm-news,automation,automation,container-automation,deployment,docker-compose,docker-compose,docker-compose.yml,.yml,40,,,,svelte,unknown,55,95,shared-automation-candidate,False,none,primary,none,"Automation component for deployment; review for reusable script, workflow, deployment job, or infra automation.",automation-score:95,a91f8edc60041485
ee1320062b9db2907f04810b,mbarbine__legacy-platphorm-news,automation,automation,script,shipping,migrate,migrate,scripts/migrate.sh,.sh,11,,,,svelte,unknown,65,80,shared-automation-candidate,True,none,primary,none,"Automation component for shipping; review for reusable script, workflow, deployment job, or infra automation.",automation-score:130,0b68231e951dbdce
cf6aa2172d712c22609d4b72,mbarbine__legacy-platphorm-news,automation,"automation,frontend,ui,backend",feature-ui,workflow,jobs,jobs,src/routes/jobs.svelte,.svelte,67,,"../components/JobStories.svelte,./api/hackernews/getJobStories.js,svelte",svelte,svelte,unknown,75,55,catalog-only,True,none,primary,none,"Automation component for workflow; review for reusable script, workflow, deployment job, or infra automation.","imports:../components/JobStories.svelte, ./api/hackernews/getJobStories.js, svelte | automation-score:95 | frontend-score:60 | ui-score:55 | backend-score:55",11a100089567e032
0efdae703755c879fcf5b3b9,mbarbine__legacy-platphorm-news,automation,"automation,frontend,ui,backend,observability",page,observability,+page,page,src/routes/jobs/+page.svelte,.svelte,88,,"../../components/JobDetails.svelte,../../components/JobStories.svelte,app",app,svelte,unknown,75,70,shared-automation-candidate,True,none,primary,none,"Automation component for observability; review for reusable script, workflow, deployment job, or infra automation.","imports:../../components/JobDetails.svelte, ../../components/JobStories.svelte, app | automation-score:95 | frontend-score:60 | ui-score:55 | backend-score:55 | observability-score:55",1700be5de64e8d7e
f0f28348c30244aa3fdd62d3,mbarbine__lettuce,automation,automation,script,general,do,do,do.sh,.sh,18,,,,unknown,cargo,55,80,shared-automation-candidate,True,none,primary,none,"Automation component for general; review for reusable script, workflow, deployment job, or infra automation.",automation-score:80,8a24a4acb6aca025
57113a19407145d177870b1c,mbarbine__mailthing-api,automation,automation,script,general,edgedb-commands,edgedb-commands,edgedb-commands.sh,.sh,1,,,,next-react,pnpm,50,75,shared-automation-candidate,False,none,primary,none,"Automation component for general; review for reusable script, workflow, deployment job, or infra automation.",automation-score:80,94bca386df5d410e
ad68e74ccf88e33ff5a7e6e0,mbarbine__mermaid-next-www,automation,automation,automation-config,deployment,instrumentation,instrumentation,instrumentation.ts,.ts,5,register,@vercel/otel,@vercel/otel,next-react,yarn,75,65,shared-automation-candidate,False,none,primary,none,"Automation component for deployment; review for reusable script, workflow, deployment job, or infra automation.",exports:register | imports:@vercel/otel | automation-score:45,08c40eeeb7257d83
3a3b66c55a40505d5e2bba39,mbarbine__msicrafter,automation,automation,automation-config,deployment,settings,settings,.vscode/settings.json,.json,3,,,,unknown,go,50,65,shared-automation-candidate,False,none,primary,none,"Automation component for deployment; review for reusable script, workflow, deployment job, or infra automation.",automation-score:45,0b970e8c7e680db9
3e93998651a535b75e587d26,mbarbine__my-first-nova-hbackers-preseo,automation,automation,automation-config,deployment,instrumentation,instrumentation,instrumentation.ts,.ts,5,register,@vercel/otel,@vercel/otel,next-react,pnpm,75,65,shared-automation-candidate,False,none,primary,none,"Automation component for deployment; review for reusable script, workflow, deployment job, or infra automation.",exports:register | imports:@vercel/otel | automation-score:45,08c40eeeb7257d83
c8eff639bbfb2963796a2420,mbarbine__n8n,automation,"automation,observability",container-automation,observability,docker-compose.override,docker-compose-override,docker-compose.override.yml,.yml,20,,,,unknown,unknown,65,95,shared-automation-candidate,True,none,primary,none,"Automation component for observability; review for reusable script, workflow, deployment job, or infra automation.",automation-score:95 | observability-score:55,31ed3126f2d008c1
9fa857b55a76f82b76ffac16,mbarbine__n8n,automation,"automation,observability,security",script,observability,manage,manage,manage.sh,.sh,563,,,,unknown,unknown,65,80,shared-automation-candidate,True,none,primary,none,"Automation component for observability; review for reusable script, workflow, deployment job, or infra automation.",automation-score:125 | observability-score:55 | security-score:55,a73106eb964fcd74
d9a41159bca0f3d2dd6e5cc9,mbarbine__n8n,automation,"automation,observability,security",container-automation,observability,docker-compose,docker-compose,docker-compose.yml,.yml,198,,,,unknown,unknown,65,95,shared-automation-candidate,True,none,primary,none,"Automation component for observability; review for reusable script, workflow, deployment job, or infra automation.",automation-score:95 | observability-score:55 | security-score:55,a3cd489d7432313e
e025a31e773b1dc758a413f0,mbarbine__n8n,automation,"automation,observability",script,observability,stop,stop,stop.sh,.sh,398,,,,unknown,unknown,65,90,shared-automation-candidate,True,none,primary,none,"Automation component for observability; review for reusable script, workflow, deployment job, or infra automation.",automation-score:125 | observability-score:55,df3a9be0152b4275
f77801553d4223c15f8c8f4c,mbarbine__n8n,automation,"automation,security",script,commerce,setup-ssl,setup-ssl,setup-ssl.ps1,.ps1,82,,,,unknown,unknown,65,80,shared-automation-candidate,True,none,primary,none,"Automation component for commerce; review for reusable script, workflow, deployment job, or infra automation.",automation-score:125 | security-score:55,928639cda0649908
c0d6c84680ebe7fee31602f5,mbarbine__n8n,automation,"automation,observability,security",script,observability,start,start,start.sh,.sh,348,,,,unknown,unknown,65,90,shared-automation-candidate,True,none,primary,none,"Automation component for observability; review for reusable script, workflow, deployment job, or infra automation.",automation-score:125 | observability-score:55 | security-score:55,880776412c759ce7
2af58d002505eb860ad74757,mbarbine__n8n,automation,"automation,security",script,commerce,setup-ssl,setup-ssl,setup-ssl.sh,.sh,42,,,,unknown,unknown,65,80,shared-automation-candidate,True,none,primary,none,"Automation component for commerce; review for reusable script, workflow, deployment job, or infra automation.",automation-score:125 | security-score:55,fd9f8492b80e6b20
0a2a97b73ceefbedf6a2130e,mbarbine__n8n,automation,"automation,process,observability,security",automation-config,observability,nad-property-context-enrich-score,nad-property-context-enrich-score,seed-workflows/nad-property-context-enrich-score.json,.json,148,,,,unknown,unknown,65,70,shared-automation-candidate,True,secondary,primary,none,"Automation component for observability; review for reusable script, workflow, deployment job, or infra automation.",automation-score:95 | process-score:80 | observability-score:55 | security-score:55,51e6e0cefb210001
aec13a22ef2d684593257081,mbarbine__n8n,automation,"automation,process,observability,security",automation-config,observability,nad-zip-high-potential-summary,nad-zip-high-potential-summary,seed-workflows/nad-zip-high-potential-summary.json,.json,148,,,,unknown,unknown,65,70,shared-automation-candidate,True,secondary,primary,none,"Automation component for observability; review for reusable script, workflow, deployment job, or infra automation.",automation-score:95 | process-score:80 | observability-score:55 | security-score:55,f9d07355ce4be66f
170adff35133ba8ba2eafa73,mbarbine__n8n,automation,"automation,process,security",automation-config,seo-and-metadata,zillow-data-downloader,zillow-data-downloader,seed-workflows/zillow-data-downloader.json,.json,333,,,,unknown,unknown,65,65,shared-automation-candidate,True,secondary,primary,none,"Automation component for seo-and-metadata; review for reusable script, workflow, deployment job, or infra automation.",automation-score:95 | process-score:80 | security-score:55,813dc9e561d16577
e0925a19e6958d236f0ef9bd,mbarbine__n8n,automation,"automation,process,observability,security",automation-config,observability,nad-offer-strategy-lowball,nad-offer-strategy-lowball,seed-workflows/nad-offer-strategy-lowball.json,.json,148,,,,unknown,unknown,65,70,shared-automation-candidate,True,secondary,primary,none,"Automation component for observability; review for reusable script, workflow, deployment job, or infra automation.",automation-score:95 | process-score:80 | observability-score:55 | security-score:55,a24a2575d6b2f607
801510cc3f17b34aa2970257,mbarbine__n8n,automation,"automation,process,security",automation-config,seo-and-metadata,zillow-single-table-loader,zillow-single-table-loader,seed-workflows/zillow-single-table-loader.json,.json,121,,,,unknown,unknown,65,70,shared-automation-candidate,True,secondary,primary,none,"Automation component for seo-and-metadata; review for reusable script, workflow, deployment job, or infra automation.",automation-score:95 | process-score:80 | security-score:55,c4dcdc3477e704f3
196ec57e721c1dda8aba25fe,mbarbine__n8n,automation,automation,automation-config,deployment,package,package,workspace/n8n/n8n/.n8n/nodes/package.json,.json,7,,,,unknown,unknown,50,65,shared-automation-candidate,False,none,primary,none,"Automation component for deployment; review for reusable script, workflow, deployment job, or infra automation.",automation-score:95,5f4610af18be8f5a
015f5af2e7dfb8428dc32ef8,mbarbine__n8n,automation,automation,automation-config,deployment,package,package,workspace/n8n/.n8n/nodes/package.json,.json,7,,,,unknown,unknown,50,65,shared-automation-candidate,False,none,primary,none,"Automation component for deployment; review for reusable script, workflow, deployment job, or infra automation.",automation-score:95,5f4610af18be8f5a
778bc3bd39d074ce23296ebc,mbarbine__n8n,automation,"automation,security",script,deployment,letsencrypt-auto,letsencrypt-auto,scripts/letsencrypt-auto.sh,.sh,42,,,,unknown,unknown,75,95,shared-automation-candidate,False,none,primary,none,"Automation component for deployment; review for reusable script, workflow, deployment job, or infra automation.",automation-score:175 | security-score:55,0d7b6157e09919fd
f089d13bbb5eb4eded7f775d,mbarbine__n8n,automation,automation,script,general,cloudflared-start,cloudflared-start,scripts/cloudflared-start.sh,.sh,14,,,,unknown,unknown,65,80,shared-automation-candidate,False,none,primary,none,"Automation component for general; review for reusable script, workflow, deployment job, or infra automation.",automation-score:175,aca8db4c85f1e9fb
0686020cac0c48ea0a5b078b,mbarbine__news-api,automation,automation,automation-config,deployment,svelte.config,svelte-config,svelte.config.js,.js,24,,"@sveltejs/adapter-vercel,@sveltejs/kit,@sveltejs/vite-plugin-svelte,edge","@sveltejs/adapter-vercel,@sveltejs/kit,@sveltejs/vite-plugin-svelte,edge",svelte,pnpm,65,70,shared-automation-candidate,True,none,primary,none,"Automation component for deployment; review for reusable script, workflow, deployment job, or infra automation.","imports:@sveltejs/adapter-vercel, @sveltejs/kit, @sveltejs/vite-plugin-svelte, edge | automation-score:45",f5c7b4d44c0570e6
122f77fa30853bc10a0369e0,mbarbine__news-api,automation,automation,automation-config,analytics,vite.config,vite-config,vite.config.js,.js,11,,"@sveltejs/kit/vite,vite","@sveltejs/kit,vite",svelte,pnpm,65,55,catalog-only,True,none,primary,none,"Automation component for analytics; review for reusable script, workflow, deployment job, or infra automation.","imports:@sveltejs/kit/vite, vite | automation-score:45 | uses-env",cc88e10e9bda89a2
f304c6102460062396c3b37a,mbarbine__nextjs-ai-4,automation,automation,automation-config,deployment,next.config,next-config,next.config.ts,.ts,16,,next,next,next-react,pnpm,65,70,shared-automation-candidate,False,none,primary,none,"Automation component for deployment; review for reusable script, workflow, deployment job, or infra automation.",imports:next | automation-score:45,a3deda32b96e24d0
4b5fe5b6c064bcfb26291a75,mbarbine__nextjs-ai-chatbot,automation,automation,automation-config,deployment,next.config,next-config,next.config.ts,.ts,16,,next,next,next-react,pnpm,65,70,shared-automation-candidate,False,none,primary,none,"Automation component for deployment; review for reusable script, workflow, deployment job, or infra automation.",imports:next | automation-score:45,a3deda32b96e24d0
64a64fa86035928885b57b4e,mbarbine__onboard-platphorm-boilerplate-repo,automation,"automation,integration,security",deployment-automation,ai,vercel,vercel,vercel.json,.json,50,,,,next-react,pnpm,65,95,shared-automation-candidate,True,none,primary,none,"Automation component for ai; review for reusable script, workflow, deployment job, or infra automation.",automation-score:95 | integration-score:55 | security-score:55 | cron-or-schedule,d9a8de090ab127fa
5ab37781f052dbbb00091baf,mbarbine__onboard-platphorm-boilerplate-repo,automation,"automation,observability",container-automation,observability,Dockerfile,dockerfile,Dockerfile,Dockerfile,35,,,,next-react,pnpm,65,95,shared-automation-candidate,False,none,primary,none,"Automation component for observability; review for reusable script, workflow, deployment job, or infra automation.",automation-score:85 | observability-score:55,6471856f07b8c9b9
5deea25c0937599961d44824,mbarbine__onboard-platphorm-boilerplate-repo,automation,"automation,observability",container-automation,observability,docker-compose,docker-compose,docker-compose.yml,.yml,33,,,,next-react,pnpm,65,95,shared-automation-candidate,False,none,primary,none,"Automation component for observability; review for reusable script, workflow, deployment job, or infra automation.",automation-score:95 | observability-score:55,6befd6c7fbd55b20
dde5f2a70de15f9889203733,mbarbine__onboard-platphorm-boilerplate-repo,automation,"automation,backend,observability",automation-config,observability,automation.test,automation,__tests__/integration/api/automation.test.ts,.ts,58,,"@/app/api/v1/automation/route,@/lib/db,next/server,vitest","@/app,@/lib,next,vitest",next-react,pnpm,85,60,shared-automation-candidate,True,none,primary,none,"Automation component for observability; review for reusable script, workflow, deployment job, or infra automation.","imports:@/app/api/v1/automation/route, @/lib/db, next/server, vitest | automation-score:95 | backend-score:55 | observability-score:55",87401a0558a9d9b4
262311f68981a9a06f6e6236,mbarbine__onboard-platphorm-boilerplate-repo,automation,automation,automation-config,workflow,benchmark-automation,benchmark-automation,scripts/benchmark-automation.ts,.ts,8,,@/lib/db,@/lib,next-react,pnpm,70,40,site-specific-or-low-confidence,True,none,primary,none,"Automation component for workflow; review for reusable script, workflow, deployment job, or infra automation.",imports:@/lib/db | automation-score:50,4c3142881ceef832
ccb695f5113f01a1b44c48fc,mbarbine__onboard-platphorm-boilerplate-repo,automation,"automation,observability,security,ai",automation-config,observability,provision-ops,provision-ops,scripts/provision-ops.mjs,.mjs,241,"LOCAL_ENV_PATH,OPS_DIR,ROOT,RUNTIME_ENV_PATH","fs,path","fs,path",next-react,pnpm,100,65,shared-automation-candidate,True,none,primary,none,"Automation component for observability; review for reusable script, workflow, deployment job, or infra automation.","exports:LOCAL_ENV_PATH, OPS_DIR, ROOT, RUNTIME_ENV_PATH | imports:fs, path | automation-score:95 | observability-score:55 | security-score:55 | ai-score:45 | uses-env",c3fdf64e849ef46a
8f93ac3ab2196e4e7df3080f,mbarbine__onboard-platphorm-boilerplate-repo,automation,"logic,automation",automation-config,mcp,version,version,lib/version.ts,.ts,35,"build,compatibility,environment,timestamp,vercel,version",,,next-react,pnpm,90,70,shared-automation-candidate,True,none,primary,secondary,"Automation component for mcp; review for reusable script, workflow, deployment job, or infra automation.","exports:build, compatibility, environment, timestamp, vercel, version | logic-score:45 | automation-score:45 | uses-env",b9ec593ba9cdcc6f
06d913e5075b76d543c0dd51,mbarbine__onboard-platphorm-boilerplate-repo,automation,automation,automation-config,ai,settings,settings,.vscode/settings.json,.json,22,,,,next-react,pnpm,55,70,shared-automation-candidate,True,none,primary,none,"Automation component for ai; review for reusable script, workflow, deployment job, or infra automation.",automation-score:45,536450a11dea471a
0d33d6e34a84b6bfb4a6bd23,mbarbine__ph3ar-admin-dashboard,automation,automation,automation-config,deployment,next.config,next-config,next.config.ts,.ts,16,,,,next-react,pnpm,55,70,shared-automation-candidate,True,none,primary,none,"Automation component for deployment; review for reusable script, workflow, deployment job, or infra automation.",automation-score:45,975219002c14c264
c32db22b46d4b9a0cf6095aa,mbarbine__ph3ar-blog,automation,"automation,integration,observability",deployment-automation,observability,vercel,vercel,vercel.json,.json,14,,,,next-react,pnpm,65,95,shared-automation-candidate,True,none,primary,none,"Automation component for observability; review for reusable script, workflow, deployment job, or infra automation.",automation-score:95 | integration-score:55 | observability-score:55 | cron-or-schedule,5f74c2a814045a66
090e6c25371a3b41dbc86155,mbarbine__ph3ar-blog,automation,automation,script,general,tree,tree,tree.sh,.sh,21,,,,next-react,pnpm,55,80,shared-automation-candidate,True,none,primary,none,"Automation component for general; review for reusable script, workflow, deployment job, or infra automation.",automation-score:80,7c9e9823b03440a8
1272bef08b1b75d1d7b09864,mbarbine__ph3ar-blog,automation,"automation,observability",script,observability,move_post,move-post,move_post.sh,.sh,3,,,,next-react,pnpm,60,90,shared-automation-candidate,True,none,primary,none,"Automation component for observability; review for reusable script, workflow, deployment job, or infra automation.",automation-score:80 | observability-score:55,c449747b6f961b92
40db3f70b26d766937cfdc3b,mbarbine__ph3ar-blog,automation,"automation,observability",script,observability,create,create,scripts/create.sh,.sh,4,,,,next-react,pnpm,70,90,shared-automation-candidate,True,none,primary,none,"Automation component for observability; review for reusable script, workflow, deployment job, or infra automation.",automation-score:130 | observability-score:55,3f299a2aeb3da5bb
75a0fe2f301498367236d42d,mbarbine__ph3ar-chatbot,automation,automation,automation-config,deployment,next.config,next-config,next.config.ts,.ts,16,,next,next,next-react,pnpm,65,70,shared-automation-candidate,False,none,primary,none,"Automation component for deployment; review for reusable script, workflow, deployment job, or infra automation.",imports:next | automation-score:45,a3deda32b96e24d0
5d809cf4d966257a935baae9,mbarbine__ph3ar-web,automation,automation,script,general,setup,setup,setup.sh,.sh,3,,,,unknown,npm,50,75,shared-automation-candidate,False,none,primary,none,"Automation component for general; review for reusable script, workflow, deployment job, or infra automation.",automation-score:80,040004cc597e4e7e
1de680a07c81bb8f95771b87,mbarbine__ph3ar-web,automation,automation,container-automation,deployment,Dockerfile,dockerfile,Dockerfile,Dockerfile,26,,,,unknown,npm,55,95,shared-automation-candidate,False,none,primary,none,"Automation component for deployment; review for reusable script, workflow, deployment job, or infra automation.",automation-score:85,28b22479d1412775
782ce3628d91212ae29df8aa,mbarbine__ph3ar-web,automation,"automation,observability",automation-config,observability,.gitlab-ci,gitlab-ci,.gitlab-ci.yml,.yml,34,,,,unknown,npm,65,70,shared-automation-candidate,True,none,primary,none,"Automation component for observability; review for reusable script, workflow, deployment job, or infra automation.",automation-score:95 | observability-score:55,81d803df8a98b6b8
d277f3e8803791d4be9a13d4,mbarbine__ph3ar-web,automation,automation,automation-config,analytics,jquery.min,jquery-min,public/js/jquery.min.js,.js,2,"A,Ae,B,Be,Bt,Ce,D,Dt,Ee,Ft,G,He,I,Je,Ke,Le,M,O,Oe,Pe,R,Re,Se,Te,U,X,Xe,Z,Ze",+u+,+u+,unknown,npm,75,50,catalog-only,True,none,primary,none,"Automation component for analytics; review for reusable script, workflow, deployment job, or infra automation.","exports:A, Ae, B, Be, Bt, Ce, D, Dt | imports:+u+ | automation-score:45",f7f6a5894f1d19dd
1d3dff430f643e6d21faf977,mbarbine__ph3ar-web,automation,automation,script,commerce,apply_changes,apply-changes,scripts/apply_changes.sh,.sh,24,,,,unknown,npm,65,80,shared-automation-candidate,False,none,primary,none,"Automation component for commerce; review for reusable script, workflow, deployment job, or infra automation.",automation-score:130,18a2d603f9ae8a68
1f3b1987ae90ce353b4a08b1,mbarbine__ph3ar-web,automation,automation,script,commerce,apply_changes,apply-changes,src/apply_changes.sh,.sh,21,,,,unknown,npm,55,80,shared-automation-candidate,False,none,primary,none,"Automation component for commerce; review for reusable script, workflow, deployment job, or infra automation.",automation-score:80,fc4b3b3721f040b9
3d47af56b0b487c0f5f00fae,mbarbine__platphorm-404,automation,"automation,integration",deployment-automation,deployment,vercel,vercel,vercel.json,.json,8,,,,next-react,pnpm,60,90,shared-automation-candidate,False,none,primary,none,"Automation component for deployment; review for reusable script, workflow, deployment job, or infra automation.",automation-score:95 | integration-score:55 | cron-or-schedule,701e51a5fcd6f7b7
9dec6762915049487e093030,mbarbine__platphorm-404,automation,automation,container-automation,commerce,Dockerfile,dockerfile,Dockerfile,Dockerfile,24,,,,next-react,pnpm,55,80,shared-automation-candidate,False,none,primary,none,"Automation component for commerce; review for reusable script, workflow, deployment job, or infra automation.",automation-score:85,f2fa490d8a76f785
bc51f568d035877230901d29,mbarbine__platphorm-404,automation,"automation,logic,integration,discovery",deployment-automation,ai,vercel-metadata,vercel-metadata,lib/platform/vercel-metadata.ts,.ts,35,captureSafeVercelMetadata,,,next-react,pnpm,90,95,shared-automation-candidate,False,none,primary,secondary,"Automation component for ai; review for reusable script, workflow, deployment job, or infra automation.",exports:captureSafeVercelMetadata | automation-score:95 | logic-score:85 | integration-score:55 | discovery-score:55,507efd5257b9706b
337de098a6075b78d6efe7a5,mbarbine__platphorm-agentui,automation,"automation,logic,process,observability,security,ai",automation-config,observability,phase1,phase1,lib/workflows/phase1.ts,.ts,515,"BUILT_IN_WORKFLOW_TEMPLATES,WORKFLOW_NODE_TYPES,WorkflowEdge,WorkflowExecutionResult,WorkflowNode,WorkflowNodeType,WorkflowRunStatus,WorkflowRunStepResult,WorkflowTemplateRecord,WorkflowValidationResult,createTraceId,executeWorkflowLocally,isWorkflowNodeType,makeEdge,makeNode,normalizeWorkflowEdge,normalizeWorkflowNode,redactSecrets,validateWorkflowGraph",,,next-react,pnpm,90,55,catalog-only,True,secondary,primary,secondary,"Automation component for observability; review for reusable script, workflow, deployment job, or infra automation.","exports:BUILT_IN_WORKFLOW_TEMPLATES, WORKFLOW_NODE_TYPES, WorkflowEdge, WorkflowExecutionResult, WorkflowNode, WorkflowNodeType, WorkflowRunStatus, WorkflowRunStepResult | automation-score:95 | logic-score:85 | process-score:80 | observability-score:55 | security-score:55 | ai-score:45",a2ac563993424c62
0a0b473e3da5778e73237c42,mbarbine__platphorm-ai-photo-enrichment,automation,"automation,logic,observability,ai",automation-config,workflow,auto-enhance,auto-enhance,lib/automation/auto-enhance.ts,.ts,78,AutoEnhancer,@/lib/supabase/server,@/lib,next-react,pnpm,100,45,site-specific-or-low-confidence,True,none,primary,secondary,"Automation component for workflow; review for reusable script, workflow, deployment job, or infra automation.",exports:AutoEnhancer | imports:@/lib/supabase/server | automation-score:95 | logic-score:85 | observability-score:55 | ai-score:45,ca7bac827bd5a5d2
a7ac30a03e1e70fe0c133db5,mbarbine__platphorm-ascii,automation,automation,automation-config,mcp,generate-assets,generate-assets,scripts/generate-assets.py,.py,139,,"PIL,math,os","PIL,math,os",next-react,pnpm,75,70,shared-automation-candidate,True,none,primary,none,"Automation component for mcp; review for reusable script, workflow, deployment job, or infra automation.","imports:PIL, math, os | automation-score:50",fd30c82cf6bdf405
5fd58b4b8af0dbb8cd17720d,mbarbine__platphorm-base,automation,"automation,integration,security",deployment-automation,ai,vercel,vercel,vercel.json,.json,74,,,,next-react,pnpm,65,95,shared-automation-candidate,True,none,primary,none,"Automation component for ai; review for reusable script, workflow, deployment job, or infra automation.",automation-score:95 | integration-score:55 | security-score:55 | cron-or-schedule,7de8161a44967c9f
b2a1d1cd0c0ad5a1d80f431f,mbarbine__platphorm-base,automation,"automation,ai",automation-config,ai,data,data,components/jobs/data.ts,.ts,75,"JOBS,Job",,,next-react,pnpm,90,70,shared-automation-candidate,True,none,primary,none,"Automation component for ai; review for reusable script, workflow, deployment job, or infra automation.","exports:JOBS, Job | automation-score:95 | ai-score:45",2a43b76e92c36aa6
2abdfbfd61f656015102b065,mbarbine__platphorm-base,automation,"automation,backend,observability,security",scheduled-job,ai,cron.test,cron,__tests__/app/api/cron.test.ts,.ts,145,,../../../app/api/cron/refresh/route,,next-react,pnpm,85,70,shared-automation-candidate,True,none,primary,none,"Automation component for ai; review for reusable script, workflow, deployment job, or infra automation.",imports:../../../app/api/cron/refresh/route | automation-score:95 | backend-score:55 | observability-score:55 | security-score:55 | uses-env | cron-or-schedule,e64dd03329c1c049
e4190886109fc48c84194355,mbarbine__platphorm-bbs,automation,"automation,integration",deployment-automation,deployment,vercel,vercel,vercel.json,.json,8,,,,next-react,pnpm,60,90,shared-automation-candidate,False,none,primary,none,"Automation component for deployment; review for reusable script, workflow, deployment job, or infra automation.",automation-score:95 | integration-score:55 | cron-or-schedule,05c2dbd562b39bbf
d03d4a5fcfeacb797f907245,mbarbine__platphorm-bbs,automation,"automation,observability",container-automation,observability,Dockerfile,dockerfile,Dockerfile,Dockerfile,26,,,,next-react,pnpm,65,95,shared-automation-candidate,False,none,primary,none,"Automation component for observability; review for reusable script, workflow, deployment job, or infra automation.",automation-score:85 | observability-score:55,514851fce6ad1d18
55bf4a24b998ef5e8fe9fcf9,mbarbine__platphorm-browserops,automation,"automation,integration",deployment-automation,discovery,vercel,vercel,vercel.json,.json,8,,,,next-react,pnpm,60,90,shared-automation-candidate,False,none,primary,none,"Automation component for discovery; review for reusable script, workflow, deployment job, or infra automation.",automation-score:95 | integration-score:55,dce8fb024d0c00e9
c133744e2eba3dc1b5f78dc0,mbarbine__platphorm-browserops,automation,"process,automation",automation-config,analytics,patch_docs_again,patch-docs-again,patch_docs_again.js,.js,23,,fs,fs,next-react,pnpm,75,55,catalog-only,True,secondary,primary,none,"Automation component for analytics; review for reusable script, workflow, deployment job, or infra automation.",imports:fs | process-score:45 | automation-score:45,9e24e94c1d8daacc
5962bea8bf6ac2f5b2103467,mbarbine__platphorm-browserops,automation,"automation,logic,integration,observability,security",deployment-automation,auth-and-keys,vercel,vercel,lib/integrations/vercel.ts,.ts,38,API_BASE,@/lib/config/env,@/lib,next-react,pnpm,100,85,shared-automation-candidate,True,none,primary,secondary,"Automation component for auth-and-keys; review for reusable script, workflow, deployment job, or infra automation.",exports:API_BASE | imports:@/lib/config/env | automation-score:95 | logic-score:60 | integration-score:55 | observability-score:55 | security-score:55,643d3f5da7812df8
fb51b0241bc32ff9c1cf503d,mbarbine__platphorm-business-EmployerServicesIncorporated,automation,automation,script,general,pullData,pull-data,pullData.sh,.sh,7,,,,next-react,pnpm,50,75,shared-automation-candidate,False,none,primary,none,"Automation component for general; review for reusable script, workflow, deployment job, or infra automation.",automation-score:80,5e9b0f8ae025acd4
0ba53b92fe1125028047257c,mbarbine__platphorm-cobol,automation,"automation,integration",deployment-automation,deployment,vercel,vercel,vercel.json,.json,8,,,,next-react,pnpm,60,90,shared-automation-candidate,False,none,primary,none,"Automation component for deployment; review for reusable script, workflow, deployment job, or infra automation.",automation-score:95 | integration-score:55 | cron-or-schedule,dd8a37468e65369e
b7b5c3e8867ca538e08bd578,mbarbine__platphorm-cobol,automation,"automation,observability",container-automation,observability,Dockerfile,dockerfile,Dockerfile,Dockerfile,26,,,,next-react,pnpm,65,95,shared-automation-candidate,False,none,primary,none,"Automation component for observability; review for reusable script, workflow, deployment job, or infra automation.",automation-score:85 | observability-score:55,92e9643840c51993
fd2d3352c91102574acfee89,mbarbine__platphorm-cobol,automation,automation,automation-config,workflow,jobs.test,jobs,tests/e2e/jobs.test.ts,.ts,11,,@playwright/test,@playwright/test,next-react,pnpm,65,55,catalog-only,True,none,primary,none,"Automation component for workflow; review for reusable script, workflow, deployment job, or infra automation.",imports:@playwright/test | automation-score:50,6b25936c89b41aa1
20886a4c3866f3a0b4d7553c,mbarbine__platphorm-codex,automation,"automation,integration",deployment-automation,deployment,vercel,vercel,vercel.json,.json,8,,,,next-react,pnpm,60,90,shared-automation-candidate,False,none,primary,none,"Automation component for deployment; review for reusable script, workflow, deployment job, or infra automation.",automation-score:95 | integration-score:55 | cron-or-schedule,17df2a9a21f68682
d496e13045ad4cea43eb7dbc,mbarbine__platphorm-desa,automation,"automation,integration",deployment-automation,deployment,vercel,vercel,vercel.json,.json,8,,,,next-react,pnpm,60,90,shared-automation-candidate,False,none,primary,none,"Automation component for deployment; review for reusable script, workflow, deployment job, or infra automation.",automation-score:95 | integration-score:55 | cron-or-schedule,3e3d0be13ab5c580
babfb521a356a18ca3ea3f23,mbarbine__platphorm-desa,automation,"automation,observability",container-automation,observability,Dockerfile,dockerfile,Dockerfile,Dockerfile,26,,,,next-react,pnpm,65,95,shared-automation-candidate,False,none,primary,none,"Automation component for observability; review for reusable script, workflow, deployment job, or infra automation.",automation-score:85 | observability-score:55,b60403a415289563
3c9735512c34d6ab98db1145,mbarbine__platphorm-desa,automation,"automation,logic,integration",deployment-automation,ai,vercel,vercel,lib/platform/vercel.ts,.ts,24,captureSafeVercelMetadata,"crypto,next/server","crypto,next",next-react,pnpm,100,95,shared-automation-candidate,False,none,primary,secondary,"Automation component for ai; review for reusable script, workflow, deployment job, or infra automation.","exports:captureSafeVercelMetadata | imports:crypto, next/server | automation-score:95 | logic-score:85 | integration-score:55",d7e7d6a45ce3dca5
91ecf15f3052ebdf9b88c52a,mbarbine__platphorm-dictionary,automation,"automation,integration",deployment-automation,deployment,vercel,vercel,vercel.json,.json,8,,,,next-react,pnpm,60,90,shared-automation-candidate,False,none,primary,none,"Automation component for deployment; review for reusable script, workflow, deployment job, or infra automation.",automation-score:95 | integration-score:55 | cron-or-schedule,9caf181def98bdcd
f24d0e102e20a642f47cdd17,mbarbine__platphorm-dictionary,automation,"automation,observability,security",automation-config,observability,run-tests,run-tests,scripts/run-tests.ts,.ts,284,"BASE_URL,NETWORK_SITES",,,next-react,pnpm,90,65,shared-automation-candidate,True,none,primary,none,"Automation component for observability; review for reusable script, workflow, deployment job, or infra automation.","exports:BASE_URL, NETWORK_SITES | automation-score:95 | observability-score:55 | security-score:55 | uses-env | cron-or-schedule",0ddfb3897fe6bdfa
3f38911b2078c82d6431fcdc,mbarbine__platphorm-emoji,automation,"automation,integration",deployment-automation,deployment,vercel,vercel,vercel.json,.json,8,,,,next-react,pnpm,60,90,shared-automation-candidate,False,none,primary,none,"Automation component for deployment; review for reusable script, workflow, deployment job, or infra automation.",automation-score:95 | integration-score:55 | cron-or-schedule,a93cc47b6fc42512
a4418db39ffe1996efdcf985,mbarbine__platphorm-emoji,automation,"automation,backend,observability",automation-config,observability,build-emoji-db,build-emoji-db,scripts/build-emoji-db.js,.js,109,EMOJI_TEST_URL,"fs,path","fs,path",next-react,pnpm,100,70,shared-automation-candidate,True,none,primary,none,"Automation component for observability; review for reusable script, workflow, deployment job, or infra automation.","exports:EMOJI_TEST_URL | imports:fs, path | automation-score:95 | backend-score:55 | observability-score:55",a556e32e55e0f33c
f35f20f3d25fd6b6ae030cc2,mbarbine__platphorm-emoji,automation,"automation,observability,security",automation-config,observability,parse-emoji-list,parse-emoji-list,scripts/parse-emoji-list.js,.js,172,,"fs,path","fs,path",next-react,pnpm,85,70,shared-automation-candidate,True,none,primary,none,"Automation component for observability; review for reusable script, workflow, deployment job, or infra automation.","imports:fs, path | automation-score:95 | observability-score:55 | security-score:55",7c9e3609efd5d2fe
4ce3da445e8d00dde3701b3d,mbarbine__platphorm-evals,automation,"automation,integration,security",deployment-automation,discovery,vercel,vercel,vercel.json,.json,14,,,,next-react,pnpm,65,95,shared-automation-candidate,True,none,primary,none,"Automation component for discovery; review for reusable script, workflow, deployment job, or infra automation.",automation-score:95 | integration-score:55 | security-score:55,014bad18c1041c16
ad9fff66750a16b46a38e360,mbarbine__platphorm-evals,automation,automation,automation-config,testing,eslint.config,eslint-config,eslint.config.mjs,.mjs,23,,"eslint-config-next/core-web-vitals,eslint-config-next/typescript",eslint-config-next,next-react,pnpm,65,55,catalog-only,True,none,primary,none,"Automation component for testing; review for reusable script, workflow, deployment job, or infra automation.","imports:eslint-config-next/core-web-vitals, eslint-config-next/typescript | automation-score:45",300daaf28a18edaf
b427c08aafe0ac198444b01e,mbarbine__platphorm-evals,automation,"automation,observability,ai",script,observability,summary,summary,scripts/summary.sh,.sh,124,,,,next-react,pnpm,75,95,shared-automation-candidate,True,none,primary,none,"Automation component for observability; review for reusable script, workflow, deployment job, or infra automation.",automation-score:175 | observability-score:55 | ai-score:45,dada09084f153f94
a0c682510d08f3cd2a99c6d1,mbarbine__platphorm-evals,automation,automation,automation-config,general,fix_package,fix-package,scripts/fix_package.py,.py,18,,json,json,next-react,pnpm,75,55,catalog-only,True,none,primary,none,"Automation component for general; review for reusable script, workflow, deployment job, or infra automation.",imports:json | automation-score:50,8fd94e6890461bb0
c38c1a614664aa5510059f16,mbarbine__platphorm-evals,automation,"automation,observability,security",script,commerce,diagnose,diagnose,scripts/diagnose.sh,.sh,121,,,,next-react,pnpm,75,80,shared-automation-candidate,True,none,primary,none,"Automation component for commerce; review for reusable script, workflow, deployment job, or infra automation.",automation-score:175 | observability-score:55 | security-score:55,03d41c6f65182550
7413e0e93521f7f9a6a09d05,mbarbine__platphorm-evals,automation,automation,script,commerce,test-build,test-build,scripts/test-build.sh,.sh,62,,,,next-react,pnpm,65,80,shared-automation-candidate,True,none,primary,none,"Automation component for commerce; review for reusable script, workflow, deployment job, or infra automation.",automation-score:130,fbc84c3dac4cd980
ea632235e67a2ffaa52f9f8c,mbarbine__platphorm-finance,automation,automation,automation-config,deployment,next.config,next-config,next.config.mjs,.mjs,21,,next,next,next-react,pnpm,65,70,shared-automation-candidate,True,none,primary,none,"Automation component for deployment; review for reusable script, workflow, deployment job, or infra automation.",imports:next | automation-score:45,de40b48d3099e78c
a5629d703d5154d40d60dec5,mbarbine__platphorm-fingerprint-service,automation,"automation,integration",deployment-automation,deployment,vercel,vercel,vercel.json,.json,8,,,,next-react,pnpm,60,90,shared-automation-candidate,True,none,primary,none,"Automation component for deployment; review for reusable script, workflow, deployment job, or infra automation.",automation-score:95 | integration-score:55 | cron-or-schedule,23a661c40a99a3b6
e29ef3768c429934fc19e9f7,mbarbine__platphorm-fingerprint-service,automation,"automation,observability",container-automation,observability,Dockerfile,dockerfile,Dockerfile,Dockerfile,25,,,,next-react,pnpm,65,95,shared-automation-candidate,True,none,primary,none,"Automation component for observability; review for reusable script, workflow, deployment job, or infra automation.",automation-score:85 | observability-score:55,4fe191dff63dc595
2ff02a3a9d096dae67889813,mbarbine__platphorm-fingerprint-service,automation,"automation,logic,integration,observability,security",deployment-automation,security,vercel,vercel,lib/fingerprint/modules/vercel.ts,.ts,179,"VercelEdgeData,VercelRequestContext,createVercelComponent,parseVercelHeaders",../types,,next-react,pnpm,100,80,shared-automation-candidate,True,none,primary,secondary,"Automation component for security; review for reusable script, workflow, deployment job, or infra automation.","exports:VercelEdgeData, VercelRequestContext, createVercelComponent, parseVercelHeaders | imports:../types | automation-score:95 | logic-score:85 | integration-score:55 | observability-score:55 | security-score:55 | uses-env",0bdffe48c7d99918
04f4e2ca85da35fa0a69d334,mbarbine__platphorm-fingerprint-service,automation,"automation,logic,integration",deployment-automation,ai,vercel,vercel,lib/platform/vercel.ts,.ts,54,"sanitizeResponseMetadata,sanitizeVercelHeaders",node:crypto,node:crypto,next-react,pnpm,100,95,shared-automation-candidate,True,none,primary,secondary,"Automation component for ai; review for reusable script, workflow, deployment job, or infra automation.","exports:sanitizeResponseMetadata, sanitizeVercelHeaders | imports:node:crypto | automation-score:95 | logic-score:85 | integration-score:55",9d2a62264705978f
3e9087e818599a7ec8bd1cb2,mbarbine__platphorm-insights,automation,"automation,integration,security",deployment-automation,ai,vercel,vercel,vercel.json,.json,49,,,,next-react,pnpm,65,95,shared-automation-candidate,True,none,primary,none,"Automation component for ai; review for reusable script, workflow, deployment job, or infra automation.",automation-score:95 | integration-score:55 | security-score:55 | cron-or-schedule,b3affe669c72b731
191e88a7986f87dd1070ea57,mbarbine__platphorm-insights,automation,"automation,observability",container-automation,observability,Dockerfile,dockerfile,Dockerfile,Dockerfile,22,,,,next-react,pnpm,65,95,shared-automation-candidate,True,none,primary,none,"Automation component for observability; review for reusable script, workflow, deployment job, or infra automation.",automation-score:85 | observability-score:55,e2478fafb565b90c
3cda871e024506a36478a344,mbarbine__platphorm-insights,automation,"automation,backend,observability,security",scheduled-job,discovery,cron.test,cron,tests/api/cron.test.ts,.ts,23,,"@/app/api/cron/sitemap-update/route,next/server,vitest","@/app,next,vitest",next-react,pnpm,85,60,shared-automation-candidate,True,none,primary,none,"Automation component for discovery; review for reusable script, workflow, deployment job, or infra automation.","imports:@/app/api/cron/sitemap-update/route, next/server, vitest | automation-score:95 | backend-score:55 | observability-score:55 | security-score:55 | uses-env | cron-or-schedule",c8c00c5755b3cbf5
86d99e19ec1361446a93386d,mbarbine__platphorm-insights,automation,"automation,backend,observability,security,discovery",scheduled-job,observability,sitemap-update.test,sitemap-update,tests/api/cron/sitemap-update.test.ts,.ts,119,,"@/app/api/cron/sitemap-update/route,@/lib/db,next/server,vitest","@/app,@/lib,next,vitest",next-react,pnpm,85,60,shared-automation-candidate,True,none,primary,none,"Automation component for observability; review for reusable script, workflow, deployment job, or infra automation.","imports:@/app/api/cron/sitemap-update/route, @/lib/db, next/server, vitest | automation-score:95 | backend-score:55 | observability-score:55 | security-score:55 | discovery-score:55 | uses-env | cron-or-schedule",483ef822f4f05946
f22d8419048475b04b31d13c,mbarbine__platphorm-insights,automation,automation,script,deployment,check-build,check-build,scripts/check-build.sh,.sh,3,,,,next-react,pnpm,60,90,shared-automation-candidate,True,none,primary,none,"Automation component for deployment; review for reusable script, workflow, deployment job, or infra automation.",automation-score:175,443127edf8196111
f28e3b3cf874b8efd4308c98,mbarbine__platphorm-insights,automation,"automation,observability",script,observability,verify-build,verify-build,scripts/verify-build.sh,.sh,12,,,,next-react,pnpm,75,95,shared-automation-candidate,True,none,primary,none,"Automation component for observability; review for reusable script, workflow, deployment job, or infra automation.",automation-score:175 | observability-score:55,57f1f652c9c2b2e8
60c4b0b95ca139be9b601bf6,mbarbine__platphorm-jobs,automation,"automation,backend,logic,observability,security",automation-config,observability,jobs-server-store,jobs-server-store,lib/jobs-server-store.ts,.ts,473,"DebriefRecord,EventOutboxEntry,InterviewInvite,InterviewStatus,ObservationRecord,ObservationSignal,PrepMaterial,ServerInterview,ServerTeamMember,StorageMode,acceptInvite,addObservation,addPrep,appendEvent,createInterview,createInvite,createTeamMember,deleteInterview,deleteTeamMember,generateDebrief,getDebrief,getInterview,getInvite,getTeamMember,listEvents,listInterviews,listObservations,listPrep,listTeam,resetServerStoreForTests,revokeInvite,serverStorageMode,updateInterview,updateTeamMember","node:crypto,zod","node:crypto,zod",next-react,pnpm,100,65,shared-automation-candidate,True,none,primary,secondary,"Automation component for observability; review for reusable script, workflow, deployment job, or infra automation.","exports:DebriefRecord, EventOutboxEntry, InterviewInvite, InterviewStatus, ObservationRecord, ObservationSignal, PrepMaterial, ServerInterview | imports:node:crypto, zod | automation-score:95 | backend-score:90 | logic-score:85 | observability-score:55 | security-score:55 | uses-env",2c6a275eb93791cf
937002569275f4b5556599fc,mbarbine__platphorm-json,automation,"automation,integration",deployment-automation,deployment,vercel,vercel,vercel.json,.json,8,,,,next-react,pnpm,60,90,shared-automation-candidate,False,none,primary,none,"Automation component for deployment; review for reusable script, workflow, deployment job, or infra automation.",automation-score:95 | integration-score:55 | cron-or-schedule,ac28af575f621eee
d8959a34d40ecab2422100a1,mbarbine__platphorm-json,automation,"automation,observability",container-automation,observability,Dockerfile,dockerfile,Dockerfile,Dockerfile,23,,,,next-react,pnpm,65,95,shared-automation-candidate,False,none,primary,none,"Automation component for observability; review for reusable script, workflow, deployment job, or infra automation.",automation-score:85 | observability-score:55,77f1bf9c0f6c45b3
555ac7c8cb1bafab0c571203,mbarbine__platphorm-jules,automation,"automation,observability",container-automation,observability,Dockerfile,dockerfile,Dockerfile,Dockerfile,36,,,,next-react,pnpm,65,95,shared-automation-candidate,False,none,primary,none,"Automation component for observability; review for reusable script, workflow, deployment job, or infra automation.",automation-score:130 | observability-score:55,594b0e47ee366bd6
60fda77dbb11226e7c082b2f,mbarbine__platphorm-jules,automation,"automation,logic,backend,integration,discovery",deployment-automation,ai,vercel-metadata,vercel-metadata,lib/server/vercel-metadata.ts,.ts,53,"captureSafeResponseMetadata,captureVercelRequestMetadata",,,next-react,pnpm,90,95,shared-automation-candidate,True,none,primary,secondary,"Automation component for ai; review for reusable script, workflow, deployment job, or infra automation.","exports:captureSafeResponseMetadata, captureVercelRequestMetadata | automation-score:95 | logic-score:85 | backend-score:55 | integration-score:55 | discovery-score:55",a2ef19e9311088ce
167564aa0e9c92e8ec60efba,mbarbine__platphorm-kanban,automation,"automation,integration,observability,security",deployment-automation,observability,vercel,vercel,vercel.json,.json,52,,,,next-react,pnpm,65,95,shared-automation-candidate,True,none,primary,none,"Automation component for observability; review for reusable script, workflow, deployment job, or infra automation.",automation-score:95 | integration-score:55 | observability-score:55 | security-score:55 | cron-or-schedule,129f720632b2d937
35e157f1fb9dfad65d279453,mbarbine__platphorm-kanban,automation,automation,container-automation,commerce,Dockerfile,dockerfile,Dockerfile,Dockerfile,35,,,,next-react,pnpm,55,80,shared-automation-candidate,True,none,primary,none,"Automation component for commerce; review for reusable script, workflow, deployment job, or infra automation.",automation-score:130,f4e9ed9f9dec0f30
0ec8817fbd292b7ed0aad594,mbarbine__platphorm-kanban,automation,automation,automation-config,deployment,eslint.config,eslint-config,eslint.config.mjs,.mjs,11,,"eslint,eslint-config-next","eslint,eslint-config-next",next-react,pnpm,65,70,shared-automation-candidate,True,none,primary,none,"Automation component for deployment; review for reusable script, workflow, deployment job, or infra automation.","imports:eslint, eslint-config-next | automation-score:45",4209ac44d577b4db
0dc2ce7322c9d17c955f34cb,mbarbine__platphorm-kanban,automation,"automation,logic,integration,observability,security",deployment-automation,observability,vercel.test,vercel,__tests__/lib/vercel.test.ts,.ts,194,,"@/lib/vercel,next/server,vitest","@/lib,next,vitest",next-react,pnpm,85,85,shared-automation-candidate,True,none,primary,secondary,"Automation component for observability; review for reusable script, workflow, deployment job, or infra automation.","imports:@/lib/vercel, next/server, vitest | automation-score:95 | logic-score:85 | integration-score:55 | observability-score:55 | security-score:55 | uses-env",7741d0cd5046fcbd
bb45da8b5ed2733c14f192c1,mbarbine__platphorm-kanban,automation,"automation,logic,observability",automation-config,workflow,automation.test,automation,__tests__/lib/automation.test.ts,.ts,396,"FUTURE,PAST","@/lib/automation,@/types/kanban,vitest","@/lib,@/types,vitest",next-react,pnpm,100,40,site-specific-or-low-confidence,True,none,primary,secondary,"Automation component for workflow; review for reusable script, workflow, deployment job, or infra automation.","exports:FUTURE, PAST | imports:@/lib/automation, @/types/kanban, vitest | automation-score:95 | logic-score:85 | observability-score:55",803650fdda2ef682
e645153d70d223b10914c2d9,mbarbine__platphorm-kanban,automation,"automation,logic,observability",automation-config,observability,automation,automation,lib/automation.ts,.ts,103,"ApplyRulesResult,applyRules,checkCondition",@/types/kanban,@/types,next-react,pnpm,100,60,shared-automation-candidate,True,none,primary,secondary,"Automation component for observability; review for reusable script, workflow, deployment job, or infra automation.","exports:ApplyRulesResult, applyRules, checkCondition | imports:@/types/kanban | automation-score:95 | logic-score:85 | observability-score:55",a2e0887da9eefe13
48126a8869f7ac2c32a11ae3,mbarbine__platphorm-kanban,automation,"automation,logic,integration,security",deployment-automation,ai,vercel,vercel,lib/vercel.ts,.ts,187,"RiskScore,VercelBotInfo,computeRiskScore,detectLocale,getBotInfo,getDeploymentContext,getJa4Digest,isSuspiciousFingerprint,isVerifiedSearchBot",next/server,next,next-react,pnpm,100,95,shared-automation-candidate,True,none,primary,secondary,"Automation component for ai; review for reusable script, workflow, deployment job, or infra automation.","exports:RiskScore, VercelBotInfo, computeRiskScore, detectLocale, getBotInfo, getDeploymentContext, getJa4Digest, isSuspiciousFingerprint | imports:next/server | automation-score:95 | logic-score:85 | integration-score:55 | security-score:55 | uses-env",670cf094b8bc1572
fc04846e75a71d2c3fc299eb,mbarbine__platphorm-layout,automation,"automation,integration",deployment-automation,deployment,vercel,vercel,vercel.json,.json,8,,,,next-react,pnpm,60,90,shared-automation-candidate,False,none,primary,none,"Automation component for deployment; review for reusable script, workflow, deployment job, or infra automation.",automation-score:95 | integration-score:55 | cron-or-schedule,ac28af575f621eee
239619b731e5f54ee60652a2,mbarbine__platphorm-layout,automation,"automation,observability",container-automation,observability,Dockerfile,dockerfile,Dockerfile,Dockerfile,23,,,,next-react,pnpm,65,95,shared-automation-candidate,False,none,primary,none,"Automation component for observability; review for reusable script, workflow, deployment job, or infra automation.",automation-score:85 | observability-score:55,e4f9ddabf001faf9
8c8fe43ffca64766d328c9c9,mbarbine__platphorm-layout,automation,"automation,frontend,backend",scheduled-job,general,route,route,app/api/cron/refresh/route.ts,.ts,10,"GET,POST","@/lib/layout/api-handlers,next/server","@/lib,next",next-react,pnpm,95,45,site-specific-or-low-confidence,False,none,primary,none,"Automation component for general; review for reusable script, workflow, deployment job, or infra automation.","exports:GET, POST | imports:@/lib/layout/api-handlers, next/server | automation-score:95 | frontend-score:55 | backend-score:55 | cron-or-schedule",48d70eb667a104a0
57845b82c4710ce5a4415405,mbarbine__platphorm-layout,automation,automation,automation-config,seo-and-metadata,use-reduced-motion,use-reduced-motion,hooks/use-reduced-motion.ts,.ts,124,"getAnimationDuration,getTransitionConfig,useColorScheme,useHighContrast,useReducedMotion",react,react,next-react,pnpm,80,70,shared-automation-candidate,False,none,primary,none,"Automation component for seo-and-metadata; review for reusable script, workflow, deployment job, or infra automation.","exports:getAnimationDuration, getTransitionConfig, useColorScheme, useHighContrast, useReducedMotion | imports:react | automation-score:45",5534cff56073a1c2
8b977baf331adb2227f6e5b2,mbarbine__platphorm-layout,automation,"automation,logic,integration",deployment-automation,ai,vercel,vercel,lib/platform/vercel.ts,.ts,35,,next/server,next,next-react,pnpm,85,95,shared-automation-candidate,False,none,primary,secondary,"Automation component for ai; review for reusable script, workflow, deployment job, or infra automation.",imports:next/server | automation-score:95 | logic-score:85 | integration-score:55,136657d566ae56b1
5bd404284ee78aece244a7c4,mbarbine__platphorm-mcp,automation,"automation,integration,security",deployment-automation,ai,vercel,vercel,vercel.json,.json,84,,,,next-react,pnpm,65,95,shared-automation-candidate,True,none,primary,none,"Automation component for ai; review for reusable script, workflow, deployment job, or infra automation.",automation-score:95 | integration-score:55 | security-score:55 | cron-or-schedule,782c372d0d54a068
a5acb5785e8cf902d38f6679,mbarbine__platphorm-mcp,automation,"automation,observability",container-automation,observability,Dockerfile,dockerfile,Dockerfile,Dockerfile,41,,,,next-react,pnpm,65,95,shared-automation-candidate,True,none,primary,none,"Automation component for observability; review for reusable script, workflow, deployment job, or infra automation.",automation-score:85 | observability-score:55,92eb5ae27d5c223e
b9221ed84afececdc4182e0f,mbarbine__platphorm-mcp,automation,automation,script,testing,fix-tests,fix-tests,fix-tests.sh,.sh,2,,,,next-react,pnpm,50,75,shared-automation-candidate,True,none,primary,none,"Automation component for testing; review for reusable script, workflow, deployment job, or infra automation.",automation-score:80,477fb6822645cf07
38044ec16bd0ec1c173fe229,mbarbine__platphorm-mcp,automation,"automation,backend,security",scheduled-job,mcp,inline_cron,inline-cron,inline_cron.js,.js,29,,"@/lib/mcp/security,fs","@/lib,fs",next-react,pnpm,75,60,shared-automation-candidate,True,none,primary,none,"Automation component for mcp; review for reusable script, workflow, deployment job, or infra automation.","imports:@/lib/mcp/security, fs | automation-score:95 | backend-score:55 | security-score:55 | uses-env | cron-or-schedule",aa68d65d1fa89270
e014c81ba5965b1cba879690,mbarbine__platphorm-mcp,automation,"automation,security",script,commerce,revert_tests,revert-tests,tests/revert_tests.sh,.sh,1,,,,next-react,pnpm,60,75,shared-automation-candidate,True,none,primary,none,"Automation component for commerce; review for reusable script, workflow, deployment job, or infra automation.",automation-score:80 | security-score:55,37a28ab24396bbe0
bdb59d4f4fa145f7d32869f4,mbarbine__platphorm-mcp,automation,"automation,backend,integration,observability,security,process",automation-config,ai,webhooks-deploy-route.test,webhooks-deploy-route,tests/__tests__/webhooks-deploy-route.test.ts,.ts,156,,"../app/api/webhooks/deploy/route,vitest",vitest,next-react,pnpm,75,70,shared-automation-candidate,True,secondary,primary,none,"Automation component for ai; review for reusable script, workflow, deployment job, or infra automation.","imports:../app/api/webhooks/deploy/route, vitest | automation-score:95 | backend-score:55 | integration-score:55 | observability-score:55 | security-score:55 | process-score:45",d8ac589b4c5656b6
d4673958600e7c01148de60b,mbarbine__platphorm-mcp,automation,"automation,backend,integration,observability,security",deployment-automation,observability,webhooks-vercel-route.test,webhooks-vercel-route,tests/__tests__/webhooks-vercel-route.test.ts,.ts,180,,"../app/api/webhooks/vercel/route,@/lib/mcp/redis,crypto,vitest","@/lib,crypto,vitest",next-react,pnpm,75,85,shared-automation-candidate,True,none,primary,none,"Automation component for observability; review for reusable script, workflow, deployment job, or infra automation.","imports:../app/api/webhooks/vercel/route, @/lib/mcp/redis, crypto, vitest | automation-score:95 | backend-score:55 | integration-score:55 | observability-score:55 | security-score:55 | uses-env",25adbd44cdb8e71b
10631b7b7c363f11c0a889f1,mbarbine__platphorm-mcp,automation,automation,script,mcp,fix-tools-section,fix-tools-section,scripts/fix-tools-section.sh,.sh,25,ToolsSection,,,next-react,pnpm,80,95,shared-automation-candidate,True,none,primary,none,"Automation component for mcp; review for reusable script, workflow, deployment job, or infra automation.",exports:ToolsSection | automation-score:130,b7a42563cf7c1883
8c5cf94dd681d44783dc009f,mbarbine__platphorm-mcp,automation,"automation,integration,observability,security,ai",automation-config,observability,seed-mcp-data,seed-mcp-data,scripts/seed-mcp-data.js,.js,290,MCP,"@upstash/redis,crypto","@upstash/redis,crypto",next-react,pnpm,100,65,shared-automation-candidate,True,none,primary,none,"Automation component for observability; review for reusable script, workflow, deployment job, or infra automation.","exports:MCP | imports:@upstash/redis, crypto | automation-score:95 | integration-score:55 | observability-score:55 | security-score:55 | ai-score:45 | uses-env | model-provider",747eb130d6904ac0
d457559c8870d37d55e968f8,mbarbine__platphorm-mcp,automation,automation,script,mcp,update-tools-section,update-tools-section,scripts/update-tools-section.sh,.sh,39,ToolsSection,"./tool-runner,@/components/ui/label,@/hooks/use-capabilities,lucide-react,react","@/components,@/hooks,lucide-react,react",next-react,pnpm,90,85,shared-automation-candidate,True,none,primary,none,"Automation component for mcp; review for reusable script, workflow, deployment job, or infra automation.","exports:ToolsSection | imports:./tool-runner, @/components/ui/label, @/hooks/use-capabilities, lucide-react, react | automation-score:130",cbc88790e6ac1f76
cb89c17ee681e467497a4961,mbarbine__platphorm-mini-games-webby,automation,"automation,integration",deployment-automation,deployment,vercel,vercel,vercel.json,.json,8,,,,next-react,pnpm,60,90,shared-automation-candidate,False,none,primary,none,"Automation component for deployment; review for reusable script, workflow, deployment job, or infra automation.",automation-score:95 | integration-score:55 | cron-or-schedule,3e3d0be13ab5c580
48386e9a949795fe76ec3edf,mbarbine__platphorm-mini-games-webby,automation,"automation,observability",container-automation,observability,Dockerfile,dockerfile,Dockerfile,Dockerfile,24,,,,next-react,pnpm,65,95,shared-automation-candidate,False,none,primary,none,"Automation component for observability; review for reusable script, workflow, deployment job, or infra automation.",automation-score:85 | observability-score:55,fe3e76a7d30949c3
f06552f2147a74b5e846fe2b,mbarbine__platphorm-mini-games-webby,automation,"automation,observability,security,ai",automation-config,observability,platform-lint,platform-lint,scripts/platform-lint.mjs,.mjs,97,,"node:fs,node:path","node:fs,node:path",next-react,pnpm,85,70,shared-automation-candidate,True,none,primary,none,"Automation component for observability; review for reusable script, workflow, deployment job, or infra automation.","imports:node:fs, node:path | automation-score:95 | observability-score:55 | security-score:55 | ai-score:45",254eaf0955c5525c
09cf711599811a8067235316,mbarbine__platphorm-mini-games-webby,automation,"automation,logic,integration,discovery",deployment-automation,ai,vercel-metadata,vercel-metadata,lib/vercel-metadata.ts,.ts,39,"captureVercelRequestMetadata,normalizeUserAgent",next/server,next,next-react,pnpm,100,95,shared-automation-candidate,False,none,primary,secondary,"Automation component for ai; review for reusable script, workflow, deployment job, or infra automation.","exports:captureVercelRequestMetadata, normalizeUserAgent | imports:next/server | automation-score:95 | logic-score:85 | integration-score:55 | discovery-score:55",889f077a5ca6481f
5e1f7e4d18d44c9604bb3089,mbarbine__platphorm-monitor,automation,automation,script,general,pre_commit_instructions,pre-commit-instructions,pre_commit_instructions.sh,.sh,4,,,,next-react,pnpm,50,75,shared-automation-candidate,False,none,primary,none,"Automation component for general; review for reusable script, workflow, deployment job, or infra automation.",automation-score:80,86097154eb5122f4
a455e4a25a460051067f9435,mbarbine__platphorm-monitor,automation,"automation,integration",deployment-automation,discovery,vercel,vercel,vercel.json,.json,9,,,,next-react,pnpm,60,90,shared-automation-candidate,False,none,primary,none,"Automation component for discovery; review for reusable script, workflow, deployment job, or infra automation.",automation-score:95 | integration-score:55 | cron-or-schedule,2799782e864c6357
ed1dc4faef8001ad43d9ecc9,mbarbine__platphorm-monitor,automation,"automation,frontend,backend,observability,security",scheduled-job,observability,route.test,route,app/api/cron/snapshot/__tests__/route.test.ts,.ts,213,,"../route,@/lib/anomalies/store,@/lib/anomaly/baselines,@/lib/api/auth,@/lib/logger,@/lib/mcp/register,@/lib/notifications/store,@/lib/vercel/infra,next/server,node:crypto,vitest","@/lib,next,node:crypto,vitest",next-react,pnpm,85,55,catalog-only,True,none,primary,none,"Automation component for observability; review for reusable script, workflow, deployment job, or infra automation.","imports:../route, @/lib/anomalies/store, @/lib/anomaly/baselines, @/lib/api/auth, @/lib/logger, @/lib/mcp/register, @/lib/notifications/store, @/lib/vercel/infra | automation-score:95 | frontend-score:55 | backend-score:55 | observability-score:55 | security-score:55 | cron-or-schedule",ec3ea6c9439ee3c5
328af45e095cd1692b8fb1f7,mbarbine__platphorm-monitor,automation,"automation,logic",infrastructure-automation,i18n,utils,utils,components/infra/utils.ts,.ts,105,"fmtTs,pill,statePill,toCsv,toDomainRows","./types,@/lib/vercel/types",@/lib,next-react,pnpm,100,60,shared-automation-candidate,False,none,primary,secondary,"Automation component for i18n; review for reusable script, workflow, deployment job, or infra automation.","exports:fmtTs, pill, statePill, toCsv, toDomainRows | imports:./types, @/lib/vercel/types | automation-score:95 | logic-score:85",c38b30ae84472bad
be6eea8082de08057aa9fb15,mbarbine__platphorm-monitor,automation,automation,infrastructure-automation,testing,types,types,components/infra/types.ts,.ts,13,DomainRow,@/lib/vercel/types,@/lib,next-react,pnpm,90,45,site-specific-or-low-confidence,False,none,primary,none,"Automation component for testing; review for reusable script, workflow, deployment job, or infra automation.",exports:DomainRow | imports:@/lib/vercel/types | automation-score:95,2423aebb07b297c2
f55943a38e2eff0ae71132c6,mbarbine__platphorm-monitor,automation,"automation,frontend,ui,observability,process",feature-ui,observability,deployment-status-badge,deployment-status-badge,components/deployments/deployment-status-badge.tsx,.tsx,72,DeploymentStatusBadge,"@/lib/utils,@/lib/vercel/types",@/lib,next-react,pnpm,100,60,shared-automation-candidate,False,secondary,primary,none,"Automation component for observability; review for reusable script, workflow, deployment job, or infra automation.","exports:DeploymentStatusBadge | imports:@/lib/utils, @/lib/vercel/types | automation-score:95 | frontend-score:85 | ui-score:55 | observability-score:55 | process-score:45",50c4ba625b6d7366
7e61db50bfec12713f45bef7,mbarbine__platphorm-monitor,automation,"automation,frontend,backend,observability,security",scheduled-job,observability,route.benchmark.test,route-benchmark,__tests__/app/api/cron/snapshot/route.benchmark.test.ts,.ts,112,,"@/app/api/cron/snapshot/route,@/lib/anomalies/store,@/lib/notifications/store,@/lib/vercel/infra,next/server,vitest","@/app,@/lib,next,vitest",next-react,pnpm,85,60,shared-automation-candidate,True,none,primary,none,"Automation component for observability; review for reusable script, workflow, deployment job, or infra automation.","imports:@/app/api/cron/snapshot/route, @/lib/anomalies/store, @/lib/notifications/store, @/lib/vercel/infra, next/server, vitest | automation-score:95 | frontend-score:55 | backend-score:55 | observability-score:55 | security-score:55 | cron-or-schedule",347a24acd70d2d76
58b75b469c11c84a06a87fd2,mbarbine__platphorm-monitor,automation,"automation,logic,integration,observability,security",deployment-automation,ai,deployments.test,deployments,__tests__/lib/vercel/deployments.test.ts,.ts,83,,"@/lib/vercel/client,@/lib/vercel/deployments,vitest","@/lib,vitest",next-react,pnpm,85,85,shared-automation-candidate,False,none,primary,secondary,"Automation component for ai; review for reusable script, workflow, deployment job, or infra automation.","imports:@/lib/vercel/client, @/lib/vercel/deployments, vitest | automation-score:95 | logic-score:60 | integration-score:55 | observability-score:55 | security-score:55",590307e7b36f4ee2
0cae996801258628befc033e,mbarbine__platphorm-monitor,automation,"automation,logic,integration,observability,security",deployment-automation,ai,client.test,client,__tests__/lib/vercel/client.test.ts,.ts,222,,"@/lib/vercel/client,@/lib/vercel/rate-limiter,@/lib/vercel/retry,vitest","@/lib,vitest",next-react,pnpm,85,80,shared-automation-candidate,False,none,primary,secondary,"Automation component for ai; review for reusable script, workflow, deployment job, or infra automation.","imports:@/lib/vercel/client, @/lib/vercel/rate-limiter, @/lib/vercel/retry, vitest | automation-score:95 | logic-score:85 | integration-score:55 | observability-score:55 | security-score:55",0c3986ff7e2bb088
ab27b0d68491def71635ab3b,mbarbine__platphorm-monitor,automation,"automation,observability,security",automation-config,observability,setup-dynamodb,setup-dynamodb,scripts/setup-dynamodb.mjs,.mjs,169,"PK_NAME,REGION,SK_NAME,TABLE_NAME",@aws-sdk/client-dynamodb,@aws-sdk/client-dynamodb,next-react,pnpm,100,70,shared-automation-candidate,True,none,primary,none,"Automation component for observability; review for reusable script, workflow, deployment job, or infra automation.","exports:PK_NAME, REGION, SK_NAME, TABLE_NAME | imports:@aws-sdk/client-dynamodb | automation-score:95 | observability-score:55 | security-score:55 | uses-env",5f4a2a4c4a46f311
d4ee769e2ca51d35bf19310e,mbarbine__platphorm-monitor,automation,"automation,logic,integration,observability,discovery",deployment-automation,ai,vercel-metadata,vercel-metadata,lib/monitor/vercel-metadata.ts,.ts,64,"extractSafeVercelRequestMetadata,extractSafeVercelResponseMetadata",crypto,crypto,next-react,pnpm,100,95,shared-automation-candidate,True,none,primary,secondary,"Automation component for ai; review for reusable script, workflow, deployment job, or infra automation.","exports:extractSafeVercelRequestMetadata, extractSafeVercelResponseMetadata | imports:crypto | automation-score:95 | logic-score:85 | integration-score:55 | observability-score:55 | discovery-score:55",bc9f8b45273c8510
6d88750818a090e3e7197871,mbarbine__platphorm-monitor,automation,"automation,logic,integration,observability,security",deployment-automation,deployment,projects,projects,lib/vercel/projects.ts,.ts,147,,"./cache-keys,./client,./types,@/lib/cache",@/lib,next-react,pnpm,85,85,shared-automation-candidate,True,none,primary,secondary,"Automation component for deployment; review for reusable script, workflow, deployment job, or infra automation.","imports:./cache-keys, ./client, ./types, @/lib/cache | automation-score:95 | logic-score:85 | integration-score:55 | observability-score:55 | security-score:55",23b4608f2e9c1e91
ef6397bae55463bcbd71a1d6,mbarbine__platphorm-monitor,automation,"automation,logic,integration,observability,security",deployment-automation,auth-and-keys,infra,infra,lib/vercel/infra.ts,.ts,327,extractApexName,"./cache-keys,./client,./types,@/lib/cache",@/lib,next-react,pnpm,100,80,shared-automation-candidate,True,none,primary,secondary,"Automation component for auth-and-keys; review for reusable script, workflow, deployment job, or infra automation.","exports:extractApexName | imports:./cache-keys, ./client, ./types, @/lib/cache | automation-score:95 | logic-score:85 | integration-score:55 | observability-score:55 | security-score:55 | uses-env | cron-or-schedule",5398ade1c2c51461
355a02e6d4754eb1bedd62d9,mbarbine__platphorm-monitor,automation,"automation,logic,integration,observability,security",deployment-automation,observability,analytics,analytics,lib/vercel/analytics.ts,.ts,159,"AnalyticsQueryParams,EdgeRequestsData","./cache-keys,./client,./types,@/lib/cache",@/lib,next-react,pnpm,100,85,shared-automation-candidate,True,none,primary,secondary,"Automation component for observability; review for reusable script, workflow, deployment job, or infra automation.","exports:AnalyticsQueryParams, EdgeRequestsData | imports:./cache-keys, ./client, ./types, @/lib/cache | automation-score:95 | logic-score:85 | integration-score:55 | observability-score:55 | security-score:55",750c871a946d2033
f26cbfda76e91f203f3b1d75,mbarbine__platphorm-monitor,automation,"automation,logic,integration,observability,security",deployment-automation,analytics,deployments,deployments,lib/vercel/deployments.ts,.ts,155,,"./cache-keys,./client,./types,@/lib/cache",@/lib,next-react,pnpm,85,70,shared-automation-candidate,True,none,primary,secondary,"Automation component for analytics; review for reusable script, workflow, deployment job, or infra automation.","imports:./cache-keys, ./client, ./types, @/lib/cache | automation-score:95 | logic-score:85 | integration-score:55 | observability-score:55 | security-score:55",293e52a58ac51e65
966785b6acd4e5e22427596c,mbarbine__platphorm-monitor,automation,"automation,logic,integration,observability,security",deployment-automation,analytics,retry,retry,lib/vercel/retry.ts,.ts,132,"RateLimitError,VercelApiError",,,next-react,pnpm,90,80,shared-automation-candidate,True,none,primary,secondary,"Automation component for analytics; review for reusable script, workflow, deployment job, or infra automation.","exports:RateLimitError, VercelApiError | automation-score:95 | logic-score:85 | integration-score:55 | observability-score:55 | security-score:55",2774980bea9737be
ed64e9c744a8f64b456e1add,mbarbine__platphorm-monitor,automation,"automation,logic,integration,observability,security,ai",deployment-automation,observability,types,types,lib/vercel/types.ts,.ts,292,"AnalyticsDataPoint,AnalyticsGroupBy,AnalyticsMetric,DeploymentEvent,DeploymentState,DomainConfig,FirewallAction,FirewallCondition,FirewallConfig,FirewallConfigInner,FirewallConfigResponse,FirewallRule,FirewallRuleAction,GitLink,GitSource,InfraSummary,Notification,NotificationSeverity,NotificationType,ProjectDomainInfo,VercelAlias,VercelDeployment,VercelDeploymentInfra,VercelDomain,VercelInfraSnapshot,VercelProject,VercelProjectInfra",,,next-react,pnpm,90,90,shared-automation-candidate,True,none,primary,secondary,"Automation component for observability; review for reusable script, workflow, deployment job, or infra automation.","exports:AnalyticsDataPoint, AnalyticsGroupBy, AnalyticsMetric, DeploymentEvent, DeploymentState, DomainConfig, FirewallAction, FirewallCondition | automation-score:95 | logic-score:70 | integration-score:55 | observability-score:55 | security-score:55 | ai-score:45",6b84ca2c565c5282
a7cb96403e7f51aa92d08ab0,mbarbine__platphorm-monitor,automation,"automation,logic,integration,security",deployment-automation,i18n,cache-keys,cache-keys,lib/vercel/cache-keys.ts,.ts,112,"CACHE_TTL,analyticsEdgeKey,analyticsWebKey,deploymentDetailKey,deploymentListKey,domainConfigKey,firewallKey,hashParams,infraSnapshotKey,projectDetailKey,projectDomainsKey,projectListKey,teamDomainsKey",,,next-react,pnpm,90,95,shared-automation-candidate,True,none,primary,secondary,"Automation component for i18n; review for reusable script, workflow, deployment job, or infra automation.","exports:CACHE_TTL, analyticsEdgeKey, analyticsWebKey, deploymentDetailKey, deploymentListKey, domainConfigKey, firewallKey, hashParams | automation-score:95 | logic-score:85 | integration-score:55 | security-score:55",b46dcf69889f614d
76de35b2a97c83e0f1becab1,mbarbine__platphorm-monitor,automation,"automation,logic,integration,observability,security",deployment-automation,observability,rate-limiter,rate-limiter,lib/vercel/rate-limiter.ts,.ts,148,"RateLimitStatus,RateLimiter,vercelRateLimiter",,,next-react,pnpm,90,95,shared-automation-candidate,True,none,primary,secondary,"Automation component for observability; review for reusable script, workflow, deployment job, or infra automation.","exports:RateLimitStatus, RateLimiter, vercelRateLimiter | automation-score:95 | logic-score:85 | integration-score:55 | observability-score:55 | security-score:55",8e7a8d2138697bd5
00ffb65fea22af2a327884fb,mbarbine__platphorm-monitor,automation,"automation,logic,integration,observability,security",deployment-automation,game,domains,domains,lib/vercel/domains.ts,.ts,147,,"./cache-keys,./client,./types,@/lib/cache",@/lib,next-react,pnpm,85,70,shared-automation-candidate,True,none,primary,secondary,"Automation component for game; review for reusable script, workflow, deployment job, or infra automation.","imports:./cache-keys, ./client, ./types, @/lib/cache | automation-score:95 | logic-score:85 | integration-score:55 | observability-score:55 | security-score:55",e5c96982980211b9
50e305db51a823caecbdf7a0,mbarbine__platphorm-monitor,automation,"automation,logic,integration,observability,security",deployment-automation,observability,client,client,lib/vercel/client.ts,.ts,224,"VercelApiConfig,VercelResponseMeta,clampDeploymentsPerProject,getLastResponseMeta,getVercelApiConfig","./dedup,./rate-limiter,./retry,@/lib/cache,@/lib/monitor/trace",@/lib,next-react,pnpm,100,80,shared-automation-candidate,True,none,primary,secondary,"Automation component for observability; review for reusable script, workflow, deployment job, or infra automation.","exports:VercelApiConfig, VercelResponseMeta, clampDeploymentsPerProject, getLastResponseMeta, getVercelApiConfig | imports:./dedup, ./rate-limiter, ./retry, @/lib/cache, @/lib/monitor/trace | automation-score:95 | logic-score:85 | integration-score:55 | observability-score:55 | security-score:55 | uses-env",4f9acb025773e0d5
67a8dbddd564cc6f71985cff,mbarbine__platphorm-monitor,automation,"automation,logic,integration,observability,security",deployment-automation,observability,firewall,firewall,lib/vercel/firewall.ts,.ts,173,"FirewallChangeRecord,normalizeFirewallConfig","./cache-keys,./client,./types,@/lib/cache,@/lib/db,@/lib/logger,@aws-sdk/lib-dynamodb","@/lib,@aws-sdk/lib-dynamodb",next-react,pnpm,100,85,shared-automation-candidate,True,none,primary,secondary,"Automation component for observability; review for reusable script, workflow, deployment job, or infra automation.","exports:FirewallChangeRecord, normalizeFirewallConfig | imports:./cache-keys, ./client, ./types, @/lib/cache, @/lib/db, @/lib/logger, @aws-sdk/lib-dynamodb | automation-score:95 | logic-score:85 | integration-score:55 | observability-score:55 | security-score:55",2ce044d9181fb7b9
5ac2cee0db7f69c6f1d150b0,mbarbine__platphorm-monitor,automation,"automation,logic,integration,observability,security",deployment-automation,ai,firewall.test,firewall,lib/vercel/__tests__/firewall.test.ts,.ts,204,,"@/lib/vercel/client,@/lib/vercel/firewall,@/lib/vercel/types,vitest","@/lib,vitest",next-react,pnpm,85,80,shared-automation-candidate,False,none,primary,secondary,"Automation component for ai; review for reusable script, workflow, deployment job, or infra automation.","imports:@/lib/vercel/client, @/lib/vercel/firewall, @/lib/vercel/types, vitest | automation-score:95 | logic-score:85 | integration-score:55 | observability-score:55 | security-score:55",e4843c5a9bc2285f
412fd0f3c348008806561041,mbarbine__platphorm-monitor,automation,"automation,logic,integration,observability,security",deployment-automation,shipping,retry.test,retry,lib/vercel/__tests__/retry.test.ts,.ts,144,,"@/lib/vercel/retry,vitest","@/lib,vitest",next-react,pnpm,85,70,shared-automation-candidate,True,none,primary,secondary,"Automation component for shipping; review for reusable script, workflow, deployment job, or infra automation.","imports:@/lib/vercel/retry, vitest | automation-score:95 | logic-score:60 | integration-score:55 | observability-score:55 | security-score:55",22558259cd647116
acabf96864a4377c5e84af97,mbarbine__platphorm-monitor,automation,"automation,logic,integration,observability,security",deployment-automation,auth-and-keys,rate-limiter.test,rate-limiter,lib/vercel/__tests__/rate-limiter.test.ts,.ts,104,,"@/lib/vercel/rate-limiter,vitest","@/lib,vitest",next-react,pnpm,85,85,shared-automation-candidate,True,none,primary,secondary,"Automation component for auth-and-keys; review for reusable script, workflow, deployment job, or infra automation.","imports:@/lib/vercel/rate-limiter, vitest | automation-score:95 | logic-score:60 | integration-score:55 | observability-score:55 | security-score:55",1dbe496dd1970065
9bc1c46027b8244157b134fc,mbarbine__platphorm-monitor,automation,"automation,logic,integration,observability,security",deployment-automation,observability,analytics.test,analytics,lib/vercel/__tests__/analytics.test.ts,.ts,178,,"@/lib/vercel/analytics,@/lib/vercel/client,vitest","@/lib,vitest",next-react,pnpm,85,85,shared-automation-candidate,True,none,primary,secondary,"Automation component for observability; review for reusable script, workflow, deployment job, or infra automation.","imports:@/lib/vercel/analytics, @/lib/vercel/client, vitest | automation-score:95 | logic-score:60 | integration-score:55 | observability-score:55 | security-score:55",0bffc9aacb3b1bc6
b5d1ff1295744285bb59d640,mbarbine__platphorm-monitor,automation,"automation,logic,integration,observability,security",deployment-automation,ai,deployments.test,deployments,lib/vercel/__tests__/deployments.test.ts,.ts,182,,"@/lib/cache,@/lib/vercel/client,@/lib/vercel/deployments,vitest","@/lib,vitest",next-react,pnpm,85,85,shared-automation-candidate,True,none,primary,secondary,"Automation component for ai; review for reusable script, workflow, deployment job, or infra automation.","imports:@/lib/cache, @/lib/vercel/client, @/lib/vercel/deployments, vitest | automation-score:95 | logic-score:85 | integration-score:55 | observability-score:55 | security-score:55",5f74c0255098fb68
06e9d4749165a1e8b6d2cec4,mbarbine__platphorm-monitor,automation,"automation,logic,integration,security",deployment-automation,shipping,dedup.test,dedup,lib/vercel/__tests__/dedup.test.ts,.ts,101,,"@/lib/vercel/dedup,vitest","@/lib,vitest",next-react,pnpm,85,70,shared-automation-candidate,True,none,primary,secondary,"Automation component for shipping; review for reusable script, workflow, deployment job, or infra automation.","imports:@/lib/vercel/dedup, vitest | automation-score:95 | logic-score:85 | integration-score:55 | security-score:55",d7a3ba89da9dbcf1
f9094d33e8397b29d54e984f,mbarbine__platphorm-monitor,automation,"automation,logic,integration,observability",deployment-automation,observability,infra.test,infra,lib/vercel/__tests__/infra.test.ts,.ts,29,,vitest,vitest,next-react,pnpm,85,95,shared-automation-candidate,True,none,primary,secondary,"Automation component for observability; review for reusable script, workflow, deployment job, or infra automation.",imports:vitest | automation-score:95 | logic-score:60 | integration-score:55 | observability-score:55,c1fbacea235599ba
c05e88cd0eb5ab4e99f25d1f,mbarbine__platphorm-monitor,automation,"automation,logic,integration",deployment-automation,testing,client.test,client,lib/vercel/__tests__/client.test.ts,.ts,50,,"@/lib/vercel/client,vitest","@/lib,vitest",next-react,pnpm,85,70,shared-automation-candidate,False,none,primary,secondary,"Automation component for testing; review for reusable script, workflow, deployment job, or infra automation.","imports:@/lib/vercel/client, vitest | automation-score:95 | logic-score:85 | integration-score:55",12bf0d7e5af63ae2
bcad29806196f345de9b402e,mbarbine__platphorm-monitor,automation,"automation,logic,integration,observability,security",deployment-automation,analytics,cache-keys.test,cache-keys,lib/vercel/__tests__/cache-keys.test.ts,.ts,104,,"@/lib/vercel/cache-keys,vitest","@/lib,vitest",next-react,pnpm,85,70,shared-automation-candidate,True,none,primary,secondary,"Automation component for analytics; review for reusable script, workflow, deployment job, or infra automation.","imports:@/lib/vercel/cache-keys, vitest | automation-score:95 | logic-score:60 | integration-score:55 | observability-score:55 | security-score:55",d428f61ef8687339
039b520bbbdf5ccf4d779497,mbarbine__platphorm-msi-editor,automation,"automation,integration",deployment-automation,deployment,vercel,vercel,vercel.json,.json,8,,,,next-react,pnpm,60,90,shared-automation-candidate,True,none,primary,none,"Automation component for deployment; review for reusable script, workflow, deployment job, or infra automation.",automation-score:95 | integration-score:55 | cron-or-schedule,3e3d0be13ab5c580
447accee17107fd3a6c51bda,mbarbine__platphorm-msi-editor,automation,"automation,observability",container-automation,observability,Dockerfile,dockerfile,Dockerfile,Dockerfile,24,,,,next-react,pnpm,65,95,shared-automation-candidate,True,none,primary,none,"Automation component for observability; review for reusable script, workflow, deployment job, or infra automation.",automation-score:85 | observability-score:55,7031e98b72ff4451
b5eed13d2f157deac3958e3c,mbarbine__platphorm-msi-editor,automation,automation,automation-config,analytics,vitest.setup,vitest-setup,vitest.setup.ts,.ts,52,,vitest,vitest,next-react,pnpm,65,55,catalog-only,True,none,primary,none,"Automation component for analytics; review for reusable script, workflow, deployment job, or infra automation.",imports:vitest | automation-score:45,16d893f5c2ff297d
a1a1d4a9381ce09b3303dad6,mbarbine__platphorm-onboard,automation,"automation,integration",deployment-automation,deployment,vercel,vercel,vercel.json,.json,8,,,,next-react,pnpm,60,90,shared-automation-candidate,False,none,primary,none,"Automation component for deployment; review for reusable script, workflow, deployment job, or infra automation.",automation-score:95 | integration-score:55 | cron-or-schedule,3e3d0be13ab5c580
e9f209e1094ba9cb7db57c48,mbarbine__platphorm-onboard,automation,"automation,observability",container-automation,observability,Dockerfile,dockerfile,Dockerfile,Dockerfile,26,,,,next-react,pnpm,65,95,shared-automation-candidate,False,none,primary,none,"Automation component for observability; review for reusable script, workflow, deployment job, or infra automation.",automation-score:85 | observability-score:55,3a299109e293c7ad
4acaa00b8f329e1c39733c2d,mbarbine__platphorm-onboard,automation,automation,automation-config,i18n,proxy,proxy,proxy.ts,.ts,71,"config,proxy",next/server,next,next-react,pnpm,80,70,shared-automation-candidate,False,none,primary,none,"Automation component for i18n; review for reusable script, workflow, deployment job, or infra automation.","exports:config, proxy | imports:next/server | automation-score:45",bfa6a6d3627c9bd1
836e305790399a7983c38bb9,mbarbine__platphorm-onboard,automation,"automation,integration",deployment-automation,deployment,vercel-og.d,vercel-og-d,types/vercel-og.d.ts,.ts,6,ImageResponse,react,react,next-react,pnpm,85,90,shared-automation-candidate,False,none,primary,none,"Automation component for deployment; review for reusable script, workflow, deployment job, or infra automation.",exports:ImageResponse | imports:react | automation-score:95 | integration-score:55,2eb65fc264598c12
09be99cce4a6e31109786397,mbarbine__platphorm-onboard,automation,"logic,automation",automation-config,mcp,version,version,lib/version.ts,.ts,35,"build,compatibility,environment,timestamp,vercel,version",,,next-react,pnpm,90,70,shared-automation-candidate,True,none,primary,secondary,"Automation component for mcp; review for reusable script, workflow, deployment job, or infra automation.","exports:build, compatibility, environment, timestamp, vercel, version | logic-score:45 | automation-score:45 | uses-env",b9ec593ba9cdcc6f
f87d3f83868b4c318a9720ae,mbarbine__platphorm-onboard,automation,"automation,logic,integration,observability,security",deployment-automation,observability,vercel,vercel,lib/integrations/vercel.ts,.ts,284,"DOMAIN_SUFFIX,VERCEL_API",,,next-react,pnpm,90,90,shared-automation-candidate,True,none,primary,secondary,"Automation component for observability; review for reusable script, workflow, deployment job, or infra automation.","exports:DOMAIN_SUFFIX, VERCEL_API | automation-score:95 | logic-score:85 | integration-score:55 | observability-score:55 | security-score:55 | uses-env",4ccff89178825d66
f2737f798ba44c4fa6fb9495,mbarbine__platphorm-onboard,automation,"automation,logic,observability,security,ai",automation-config,observability,jobs,jobs,lib/data/jobs.ts,.ts,254,"JOBS,Job,generateJobPostingSchema,getDepartments,getFeaturedJobs,getJobsByDepartment",,,next-react,pnpm,90,65,shared-automation-candidate,True,none,primary,secondary,"Automation component for observability; review for reusable script, workflow, deployment job, or infra automation.","exports:JOBS, Job, generateJobPostingSchema, getDepartments, getFeaturedJobs, getJobsByDepartment | automation-score:95 | logic-score:85 | observability-score:55 | security-score:55 | ai-score:45",f7983fb7bccb7b79
203a3645a5ab677658d1b5ed,mbarbine__platphorm-openclaw,automation,"automation,observability",container-automation,observability,Dockerfile,dockerfile,Dockerfile,Dockerfile,59,,,,next-react,pnpm,65,95,shared-automation-candidate,True,none,primary,none,"Automation component for observability; review for reusable script, workflow, deployment job, or infra automation.",automation-score:130 | observability-score:55,324f30aa5f446f76
e19b1ee00d26434277ee4878,mbarbine__platphorm-openclaw,automation,"automation,observability,security",container-automation,observability,docker-compose,docker-compose,docker-compose.yml,.yml,79,,,,next-react,pnpm,65,95,shared-automation-candidate,True,none,primary,none,"Automation component for observability; review for reusable script, workflow, deployment job, or infra automation.",automation-score:95 | observability-score:55 | security-score:55,72db2302bb1dc1df
d6ab96a538e9a54f29fbbc63,mbarbine__platphorm-openclaw,automation,"automation,backend,integration,observability,security",scheduled-job,observability,webhooks.test,webhooks,tests/api/cron/webhooks.test.ts,.ts,102,,"@/app/api/cron/webhooks/route,next/server,vitest","@/app,next,vitest",next-react,pnpm,85,60,shared-automation-candidate,True,none,primary,none,"Automation component for observability; review for reusable script, workflow, deployment job, or infra automation.","imports:@/app/api/cron/webhooks/route, next/server, vitest | automation-score:95 | backend-score:55 | integration-score:55 | observability-score:55 | security-score:55 | uses-env | cron-or-schedule",68a2d729e0e7f5bf
45a2e1b734dd021f4158951b,mbarbine__platphorm-openclaw,automation,"automation,backend,observability,security",scheduled-job,observability,queue.test,queue,tests/api/cron/queue.test.ts,.ts,94,,"@/app/api/cron/queue/route,next/server,vitest","@/app,next,vitest",next-react,pnpm,85,60,shared-automation-candidate,True,none,primary,none,"Automation component for observability; review for reusable script, workflow, deployment job, or infra automation.","imports:@/app/api/cron/queue/route, next/server, vitest | automation-score:95 | backend-score:55 | observability-score:55 | security-score:55 | uses-env | cron-or-schedule",7d74c6e260005bc7
e782fe1bc976c1740b63fe86,mbarbine__platphorm-openclaw,automation,"automation,integration,observability",automation-config,observability,benchmark-webhooks,benchmark-webhooks,scripts/benchmark-webhooks.ts,.ts,77,,,,next-react,pnpm,75,70,shared-automation-candidate,True,none,primary,none,"Automation component for observability; review for reusable script, workflow, deployment job, or infra automation.",automation-score:95 | integration-score:55 | observability-score:55,bd710585fa42b670
ce2bfbf4514f591c7bfbb30f,mbarbine__platphorm-openclaw,automation,"automation,observability,security",automation-config,observability,automation,automation,scripts/automation.ts,.ts,18,,../lib/sdk/client,,next-react,pnpm,85,70,shared-automation-candidate,True,none,primary,none,"Automation component for observability; review for reusable script, workflow, deployment job, or infra automation.",imports:../lib/sdk/client | automation-score:95 | observability-score:55 | security-score:55 | uses-env,42d17b78991f083b
0e85ab7d33362ff8a68db6ec,mbarbine__platphorm-openclaw,automation,"automation,logic,process,observability,security",automation-config,observability,templates,templates,lib/workflows/templates.ts,.ts,156,"WORKFLOW_TEMPLATES,WorkflowStep,WorkflowTemplate,getWorkflowById",,,next-react,pnpm,90,70,shared-automation-candidate,True,secondary,primary,secondary,"Automation component for observability; review for reusable script, workflow, deployment job, or infra automation.","exports:WORKFLOW_TEMPLATES, WorkflowStep, WorkflowTemplate, getWorkflowById | automation-score:95 | logic-score:85 | process-score:80 | observability-score:55 | security-score:55",8cd1577b91f7c8e5
e08c3f5b79f4246016d53484,mbarbine__platphorm-opencontent,automation,"automation,integration,observability,security",deployment-automation,observability,vercel,vercel,vercel.json,.json,110,,,,next-react,pnpm,65,95,shared-automation-candidate,True,none,primary,none,"Automation component for observability; review for reusable script, workflow, deployment job, or infra automation.",automation-score:95 | integration-score:55 | observability-score:55 | security-score:55 | cron-or-schedule,5f4103cca55b10f0
e93700e775501bb1723457e3,mbarbine__platphorm-opencontent,automation,"automation,observability",container-automation,observability,Dockerfile,dockerfile,Dockerfile,Dockerfile,35,,,,next-react,pnpm,65,95,shared-automation-candidate,True,none,primary,none,"Automation component for observability; review for reusable script, workflow, deployment job, or infra automation.",automation-score:85 | observability-score:55,6471856f07b8c9b9
acb3ceba6ef077801ef6471a,mbarbine__platphorm-opencontent,automation,"automation,observability",container-automation,observability,docker-compose,docker-compose,docker-compose.yml,.yml,33,,,,next-react,pnpm,65,95,shared-automation-candidate,True,none,primary,none,"Automation component for observability; review for reusable script, workflow, deployment job, or infra automation.",automation-score:95 | observability-score:55,cd48cde934d0a357
9d90bfa665a807f16c638f77,mbarbine__platphorm-opencontent,automation,automation,automation-config,testing,use-debounce.test,use-debounce,__tests__/unit/hooks/use-debounce.test.ts,.ts,96,,"@/hooks/use-debounce,@testing-library/react,vitest","@/hooks,@testing-library/react,vitest",next-react,pnpm,65,45,site-specific-or-low-confidence,True,none,primary,none,"Automation component for testing; review for reusable script, workflow, deployment job, or infra automation.","imports:@/hooks/use-debounce, @testing-library/react, vitest | automation-score:45",add9690227c46c88
7e19d712bd6eed2e741e7dcd,mbarbine__platphorm-opencontent,automation,"automation,backend,observability,security",scheduled-job,observability,cron-content-health.test,cron-content-health,__tests__/integration/api/cron-content-health.test.ts,.ts,113,,"@/app/api/cron/content-health/route,@/lib/db,@/lib/ssrf,vitest","@/app,@/lib,vitest",next-react,pnpm,85,60,shared-automation-candidate,True,none,primary,none,"Automation component for observability; review for reusable script, workflow, deployment job, or infra automation.","imports:@/app/api/cron/content-health/route, @/lib/db, @/lib/ssrf, vitest | automation-score:95 | backend-score:55 | observability-score:55 | security-score:55 | cron-or-schedule",b08e0a8c99d58919
96083093f50deabb873d4365,mbarbine__platphorm-opencontent,automation,"automation,backend,observability,security",scheduled-job,ai,cron-categories.test,cron-categories,__tests__/integration/api/cron-categories.test.ts,.ts,126,ORIGINAL_ENV,"@/app/api/cron/categories/route,@/lib/db,next/server,vitest","@/app,@/lib,next,vitest",next-react,pnpm,100,60,shared-automation-candidate,True,none,primary,none,"Automation component for ai; review for reusable script, workflow, deployment job, or infra automation.","exports:ORIGINAL_ENV | imports:@/app/api/cron/categories/route, @/lib/db, next/server, vitest | automation-score:95 | backend-score:55 | observability-score:55 | security-score:55 | uses-env | cron-or-schedule",ce417d5f0cd98e50
9f66156438d41b65052ce372,mbarbine__platphorm-opencontent,automation,"automation,backend,observability,security",automation-config,ai,automation.test,automation,__tests__/integration/api/automation.test.ts,.ts,79,,"@/app/api/v1/automation/route,@/lib/db,next/server,vitest","@/app,@/lib,next,vitest",next-react,pnpm,85,60,shared-automation-candidate,True,none,primary,none,"Automation component for ai; review for reusable script, workflow, deployment job, or infra automation.","imports:@/app/api/v1/automation/route, @/lib/db, next/server, vitest | automation-score:95 | backend-score:55 | observability-score:55 | security-score:55",8b82fa847cc889dd
27cb23918a63ce55912901b0,mbarbine__platphorm-opencontent,automation,"automation,backend,observability,security",automation-config,observability,route.test,route,__tests__/integration/api/v1/automation/route.test.ts,.ts,21,,"@/app/api/v1/automation/route,next/server,vitest","@/app,next,vitest",next-react,pnpm,85,60,shared-automation-candidate,True,none,primary,none,"Automation component for observability; review for reusable script, workflow, deployment job, or infra automation.","imports:@/app/api/v1/automation/route, next/server, vitest | automation-score:95 | backend-score:55 | observability-score:55 | security-score:55",00d6458f2dc2abc7
f3b114c19cdcc0e29c26f4f3,mbarbine__platphorm-opencontent,automation,"automation,observability,security",automation-config,observability,automation.test,automation,__tests__/performance/automation.test.ts,.ts,60,,"@/app/api/v1/automation/route,@/lib/api-helpers,@/lib/db,next/server,vitest","@/app,@/lib,next,vitest",next-react,pnpm,75,60,shared-automation-candidate,True,none,primary,none,"Automation component for observability; review for reusable script, workflow, deployment job, or infra automation.","imports:@/app/api/v1/automation/route, @/lib/api-helpers, @/lib/db, next/server, vitest | automation-score:95 | observability-score:55 | security-score:55",a4c66e12509d0881
d8d8066deffe7548a42425c8,mbarbine__platphorm-opencontent,automation,"logic,automation",automation-config,mcp,version,version,lib/version.ts,.ts,35,"build,compatibility,environment,timestamp,vercel,version",,,next-react,pnpm,90,70,shared-automation-candidate,True,none,primary,secondary,"Automation component for mcp; review for reusable script, workflow, deployment job, or infra automation.","exports:build, compatibility, environment, timestamp, vercel, version | logic-score:45 | automation-score:45 | uses-env",e3d5fee1f42c4779
1c46e15c8f1a44dc9a067a6d,mbarbine__platphorm-opendocs,automation,"automation,integration,security",deployment-automation,ai,vercel,vercel,vercel.json,.json,106,,,,next-react,pnpm,65,95,shared-automation-candidate,True,none,primary,none,"Automation component for ai; review for reusable script, workflow, deployment job, or infra automation.",automation-score:95 | integration-score:55 | security-score:55 | cron-or-schedule,dcd503c5866c3d0b
83d836ebddb33f6c5eb5e098,mbarbine__platphorm-opendocs,automation,"automation,observability",container-automation,observability,Dockerfile,dockerfile,Dockerfile,Dockerfile,36,,,,next-react,pnpm,65,95,shared-automation-candidate,True,none,primary,none,"Automation component for observability; review for reusable script, workflow, deployment job, or infra automation.",automation-score:85 | observability-score:55,91b38ab4d3480c59
a2431f99e9ceffac2742af01,mbarbine__platphorm-opendocs,automation,"automation,observability",container-automation,observability,docker-compose,docker-compose,docker-compose.yml,.yml,33,,,,next-react,pnpm,65,95,shared-automation-candidate,True,none,primary,none,"Automation component for observability; review for reusable script, workflow, deployment job, or infra automation.",automation-score:95 | observability-score:55,df47fcc4bc5526b9
bc1454f770c349e21213c5d7,mbarbine__platphorm-opendocs,automation,automation,automation-config,deployment,eslint.config,eslint-config,eslint.config.mjs,.mjs,10,,eslint-config-next,eslint-config-next,next-react,pnpm,60,70,shared-automation-candidate,True,none,primary,none,"Automation component for deployment; review for reusable script, workflow, deployment job, or infra automation.",imports:eslint-config-next | automation-score:45,ba9601711d00ff68
230c87e0c73f561b1e037590,mbarbine__platphorm-opendocs,automation,automation,automation-config,testing,use-debounce.test,use-debounce,__tests__/unit/hooks/use-debounce.test.ts,.ts,96,,"@/hooks/use-debounce,@testing-library/react,vitest","@/hooks,@testing-library/react,vitest",next-react,pnpm,65,45,site-specific-or-low-confidence,True,none,primary,none,"Automation component for testing; review for reusable script, workflow, deployment job, or infra automation.","imports:@/hooks/use-debounce, @testing-library/react, vitest | automation-score:45",add9690227c46c88
e71e83d9a565dc6a21af8dd2,mbarbine__platphorm-opendocs,automation,"automation,backend,observability,security",automation-config,ai,automation.test,automation,__tests__/integration/api/automation.test.ts,.ts,79,,"@/app/api/v1/automation/route,@/lib/db,next/server,vitest","@/app,@/lib,next,vitest",next-react,pnpm,85,60,shared-automation-candidate,True,none,primary,none,"Automation component for ai; review for reusable script, workflow, deployment job, or infra automation.","imports:@/app/api/v1/automation/route, @/lib/db, next/server, vitest | automation-score:95 | backend-score:55 | observability-score:55 | security-score:55",8b82fa847cc889dd
d63a42283fba410c1aac0265,mbarbine__platphorm-opendocs,automation,"automation,backend,observability,security",automation-config,observability,route.test,route,__tests__/integration/api/v1/automation/route.test.ts,.ts,21,,"@/app/api/v1/automation/route,next/server,vitest","@/app,next,vitest",next-react,pnpm,85,60,shared-automation-candidate,True,none,primary,none,"Automation component for observability; review for reusable script, workflow, deployment job, or infra automation.","imports:@/app/api/v1/automation/route, next/server, vitest | automation-score:95 | backend-score:55 | observability-score:55 | security-score:55",00d6458f2dc2abc7
8b1acf99d03526eeb63bf92d,mbarbine__platphorm-opendocs,automation,"automation,observability,security",automation-config,observability,automation.test,automation,__tests__/performance/automation.test.ts,.ts,60,,"@/app/api/v1/automation/route,@/lib/api-helpers,@/lib/db,next/server,vitest","@/app,@/lib,next,vitest",next-react,pnpm,75,60,shared-automation-candidate,True,none,primary,none,"Automation component for observability; review for reusable script, workflow, deployment job, or infra automation.","imports:@/app/api/v1/automation/route, @/lib/api-helpers, @/lib/db, next/server, vitest | automation-score:95 | observability-score:55 | security-score:55",2c8fd031bfd3477f
2916e368c38da9e6c2f8cd43,mbarbine__platphorm-opendocs,automation,"logic,automation",automation-config,mcp,version,version,lib/version.ts,.ts,35,"build,compatibility,environment,timestamp,vercel,version",,,next-react,pnpm,90,70,shared-automation-candidate,True,none,primary,secondary,"Automation component for mcp; review for reusable script, workflow, deployment job, or infra automation.","exports:build, compatibility, environment, timestamp, vercel, version | logic-score:45 | automation-score:45 | uses-env",9d78a07d0d7e51f7
61eba64d311ced8549681e57,mbarbine__platphorm-opendocs,automation,automation,automation-config,ai,settings,settings,.vscode/settings.json,.json,22,,,,next-react,pnpm,55,70,shared-automation-candidate,True,none,primary,none,"Automation component for ai; review for reusable script, workflow, deployment job, or infra automation.",automation-score:45,4c23fcf12504ecfb
28fd7263670cc587386e33e9,mbarbine__platphorm-podcasts,automation,"automation,integration,security",deployment-automation,ai,vercel,vercel,vercel.json,.json,37,,,,next-react,pnpm,65,95,shared-automation-candidate,True,none,primary,none,"Automation component for ai; review for reusable script, workflow, deployment job, or infra automation.",automation-score:95 | integration-score:55 | security-score:55 | cron-or-schedule,358b056ba6081f09
10fc63f04b6ed03e90b11e10,mbarbine__platphorm-podcasts,automation,"automation,integration,observability,security",deployment-automation,observability,vercel.pro,vercel-pro,vercel.pro.json,.json,29,,,,next-react,pnpm,65,95,shared-automation-candidate,True,none,primary,none,"Automation component for observability; review for reusable script, workflow, deployment job, or infra automation.",automation-score:95 | integration-score:55 | observability-score:55 | security-score:55 | cron-or-schedule,f34bdd7796e2b4ab
a1e62d90404b10e06f0b266a,mbarbine__platphorm-podcasts,automation,"automation,backend,observability,discovery",scheduled-job,observability,route_client-reference-manifest,route-client-reference-manifest,.next.preverify-20260419-2027/server/app/api/cron/sync-catalog/route_client-reference-manifest.js,.js,3,,,,next-react,pnpm,70,65,shared-automation-candidate,True,none,primary,none,"Automation component for observability; review for reusable script, workflow, deployment job, or infra automation.",automation-score:95 | backend-score:55 | observability-score:55 | discovery-score:55 | cron-or-schedule,c69a228b613572d8
5f45ef88d906013e36796690,mbarbine__platphorm-podcasts,automation,"automation,backend,observability,security,discovery",scheduled-job,observability,middleware-manifest,middleware-manifest,.next.preverify-20260419-2027/server/app/api/cron/sync-catalog/route/middleware-manifest.json,.json,42,,,,next-react,pnpm,75,70,shared-automation-candidate,True,none,primary,none,"Automation component for observability; review for reusable script, workflow, deployment job, or infra automation.",automation-score:95 | backend-score:55 | observability-score:55 | security-score:55 | discovery-score:55 | cron-or-schedule,f0502c2eba7b2082
c386b106cfc73223fccb0401,mbarbine__platphorm-podcasts,automation,"automation,backend,observability,discovery",scheduled-job,observability,app-paths-manifest,app-paths-manifest,.next.preverify-20260419-2027/server/app/api/cron/sync-catalog/route/app-paths-manifest.json,.json,3,,,,next-react,pnpm,70,65,shared-automation-candidate,True,none,primary,none,"Automation component for observability; review for reusable script, workflow, deployment job, or infra automation.",automation-score:95 | backend-score:55 | observability-score:55 | discovery-score:55 | cron-or-schedule,9f95ff1a278eddb5
d3bcb4d43c0b624d2ac396ee,mbarbine__platphorm-podcasts,automation,"automation,backend,discovery",scheduled-job,discovery,route_client-reference-manifest,route-client-reference-manifest,.next.preverify-20260419-2027/server/app/api/cron/daily-sync/route_client-reference-manifest.js,.js,3,,,,next-react,pnpm,70,65,shared-automation-candidate,True,none,primary,none,"Automation component for discovery; review for reusable script, workflow, deployment job, or infra automation.",automation-score:95 | backend-score:55 | discovery-score:55 | cron-or-schedule,f8897bb408020d39
5521d223ded2d99e1110132d,mbarbine__platphorm-podcasts,automation,"automation,backend,security,discovery",scheduled-job,discovery,middleware-manifest,middleware-manifest,.next.preverify-20260419-2027/server/app/api/cron/daily-sync/route/middleware-manifest.json,.json,43,,,,next-react,pnpm,75,70,shared-automation-candidate,True,none,primary,none,"Automation component for discovery; review for reusable script, workflow, deployment job, or infra automation.",automation-score:95 | backend-score:55 | security-score:55 | discovery-score:55 | cron-or-schedule,a91f816638aab1b9
4fe6a04ed0e11ff848d68e00,mbarbine__platphorm-podcasts,automation,"automation,backend,discovery",scheduled-job,discovery,app-paths-manifest,app-paths-manifest,.next.preverify-20260419-2027/server/app/api/cron/daily-sync/route/app-paths-manifest.json,.json,3,,,,next-react,pnpm,70,65,shared-automation-candidate,True,none,primary,none,"Automation component for discovery; review for reusable script, workflow, deployment job, or infra automation.",automation-score:95 | backend-score:55 | discovery-score:55 | cron-or-schedule,988b802414771e73
8b86693b1d2e2d73bc24f816,mbarbine__platphorm-podcasts,automation,"automation,backend,discovery",scheduled-job,discovery,route_client-reference-manifest,route-client-reference-manifest,.next.preverify-20260419-2027/server/app/api/cron/register/route_client-reference-manifest.js,.js,3,,,,next-react,pnpm,70,65,shared-automation-candidate,True,none,primary,none,"Automation component for discovery; review for reusable script, workflow, deployment job, or infra automation.",automation-score:95 | backend-score:55 | discovery-score:55 | cron-or-schedule,3c44024fd3813683
e50ca401c0d4250ba4ac10c6,mbarbine__platphorm-podcasts,automation,"automation,backend,security,discovery",scheduled-job,discovery,middleware-manifest,middleware-manifest,.next.preverify-20260419-2027/server/app/api/cron/register/route/middleware-manifest.json,.json,41,,,,next-react,pnpm,75,70,shared-automation-candidate,True,none,primary,none,"Automation component for discovery; review for reusable script, workflow, deployment job, or infra automation.",automation-score:95 | backend-score:55 | security-score:55 | discovery-score:55 | cron-or-schedule,eb4d0d41be896917
6e7e8281dd4ab453d5ec17cb,mbarbine__platphorm-podcasts,automation,"automation,backend,discovery",scheduled-job,discovery,app-paths-manifest,app-paths-manifest,.next.preverify-20260419-2027/server/app/api/cron/register/route/app-paths-manifest.json,.json,3,,,,next-react,pnpm,70,65,shared-automation-candidate,True,none,primary,none,"Automation component for discovery; review for reusable script, workflow, deployment job, or infra automation.",automation-score:95 | backend-score:55 | discovery-score:55 | cron-or-schedule,32551cd0fc0d9770
820150bf2ab14c16e1b18b94,mbarbine__platphorm-podcasts,automation,"automation,backend,discovery",scheduled-job,discovery,route_client-reference-manifest,route-client-reference-manifest,.next.preverify-20260419-2027/server/app/api/cron/validate-feeds/route_client-reference-manifest.js,.js,3,,,,next-react,pnpm,70,65,shared-automation-candidate,True,none,primary,none,"Automation component for discovery; review for reusable script, workflow, deployment job, or infra automation.",automation-score:95 | backend-score:55 | discovery-score:55 | cron-or-schedule,aee0e1d2874f932d
b13a541122e8f49aa54d6943,mbarbine__platphorm-podcasts,automation,"automation,backend,security,discovery",scheduled-job,discovery,middleware-manifest,middleware-manifest,.next.preverify-20260419-2027/server/app/api/cron/validate-feeds/route/middleware-manifest.json,.json,44,,,,next-react,pnpm,75,70,shared-automation-candidate,True,none,primary,none,"Automation component for discovery; review for reusable script, workflow, deployment job, or infra automation.",automation-score:95 | backend-score:55 | security-score:55 | discovery-score:55 | cron-or-schedule,00634f1d0861d3b1
9198a1563ba8f14763936ee4,mbarbine__platphorm-podcasts,automation,"automation,backend,discovery",scheduled-job,discovery,app-paths-manifest,app-paths-manifest,.next.preverify-20260419-2027/server/app/api/cron/validate-feeds/route/app-paths-manifest.json,.json,3,,,,next-react,pnpm,70,65,shared-automation-candidate,True,none,primary,none,"Automation component for discovery; review for reusable script, workflow, deployment job, or infra automation.",automation-score:95 | backend-score:55 | discovery-score:55 | cron-or-schedule,e3fac32307fcc9f3
7812a5cbd11a5a80d5e920b4,mbarbine__platphorm-podcasts,automation,"automation,backend,discovery",scheduled-job,discovery,route_client-reference-manifest,route-client-reference-manifest,.next.preverify-20260419-2027/server/app/api/cron/sync/route_client-reference-manifest.js,.js,3,,,,next-react,pnpm,70,65,shared-automation-candidate,True,none,primary,none,"Automation component for discovery; review for reusable script, workflow, deployment job, or infra automation.",automation-score:95 | backend-score:55 | discovery-score:55 | cron-or-schedule,58acde3b3309459f
aa34766b168e4e133f159b42,mbarbine__platphorm-podcasts,automation,"automation,backend,security,discovery",scheduled-job,discovery,middleware-manifest,middleware-manifest,.next.preverify-20260419-2027/server/app/api/cron/sync/route/middleware-manifest.json,.json,44,,,,next-react,pnpm,75,70,shared-automation-candidate,True,none,primary,none,"Automation component for discovery; review for reusable script, workflow, deployment job, or infra automation.",automation-score:95 | backend-score:55 | security-score:55 | discovery-score:55 | cron-or-schedule,82fabc1eef63333c
c4f87548b28a8f21957fc8fe,mbarbine__platphorm-podcasts,automation,"automation,backend,discovery",scheduled-job,discovery,app-paths-manifest,app-paths-manifest,.next.preverify-20260419-2027/server/app/api/cron/sync/route/app-paths-manifest.json,.json,3,,,,next-react,pnpm,70,65,shared-automation-candidate,True,none,primary,none,"Automation component for discovery; review for reusable script, workflow, deployment job, or infra automation.",automation-score:95 | backend-score:55 | discovery-score:55 | cron-or-schedule,078ab764cd96faa9
5afd44ae41fb9749456acbf0,mbarbine__platphorm-podcasts,automation,"automation,backend",scheduled-job,general,_next-internal_server_app_api_cron_register_route_actions_0qjo0i6,next-internal-server-app-api-cron-register-route-actions-0qjo0i6,.next.preverify-20260419-2027/server/edge/chunks/_next-internal_server_app_api_cron_register_route_actions_0qjo0i6.js,.js,3,,,,next-react,pnpm,60,50,catalog-only,True,none,primary,none,"Automation component for general; review for reusable script, workflow, deployment job, or infra automation.",automation-score:95 | backend-score:55 | cron-or-schedule,e781655f7405f704
4f4ca2e6b06d1e067b387834,mbarbine__platphorm-podcasts,automation,"automation,backend,integration,security",deployment-automation,deployment,0idx_next_dist_compiled_@vercel_og_0neebny._,0idx-next-dist-compiled-vercel-og-0neebny,.next.preverify-20260419-2027/server/edge/chunks/0idx_next_dist_compiled_@vercel_og_0neebny._.js,.js,57,"A,B,C,E,F,I,J,L,N,O,P,R,S,T,U,X,Z",,,next-react,pnpm,80,95,shared-automation-candidate,True,none,primary,none,"Automation component for deployment; review for reusable script, workflow, deployment job, or infra automation.","exports:A, B, C, E, F, I, J, L | automation-score:95 | backend-score:55 | integration-score:55 | security-score:55 | uses-env | cron-or-schedule",005dd8d924a70367
eff5926e35a273d3b00ccf4e,mbarbine__platphorm-podcasts,automation,"automation,backend,observability",scheduled-job,observability,_next-internal_server_app_api_cron_sync-catalog_route_actions_0dpotyj,next-internal-server-app-api-cron-sync-catalog-route-actions-0dpotyj,.next.preverify-20260419-2027/server/edge/chunks/_next-internal_server_app_api_cron_sync-catalog_route_actions_0dpotyj.js,.js,3,,,,next-react,pnpm,60,65,shared-automation-candidate,True,none,primary,none,"Automation component for observability; review for reusable script, workflow, deployment job, or infra automation.",automation-score:95 | backend-score:55 | observability-score:55 | cron-or-schedule,df64ab8bf0aaa2a4
99435ac712cbd728b6200920,mbarbine__platphorm-podcasts,automation,"automation,backend",scheduled-job,general,_next-internal_server_app_api_cron_daily-sync_route_actions_0hfc_l1,next-internal-server-app-api-cron-daily-sync-route-actions-0hfc-l1,.next.preverify-20260419-2027/server/edge/chunks/_next-internal_server_app_api_cron_daily-sync_route_actions_0hfc_l1.js,.js,3,,,,next-react,pnpm,60,50,catalog-only,True,none,primary,none,"Automation component for general; review for reusable script, workflow, deployment job, or infra automation.",automation-score:95 | backend-score:55 | cron-or-schedule,abb1319ecf2b9e99
314ec0ddef9ce57c44ddf9d5,mbarbine__platphorm-podcasts,automation,"automation,backend,discovery",scheduled-job,discovery,_next-internal_server_app_api_cron_validate-feeds_route_actions_0wyp9-t,next-internal-server-app-api-cron-validate-feeds-route-actions-0wyp9-t,.next.preverify-20260419-2027/server/edge/chunks/_next-internal_server_app_api_cron_validate-feeds_route_actions_0wyp9-t.js,.js,3,,,,next-react,pnpm,60,65,shared-automation-candidate,True,none,primary,none,"Automation component for discovery; review for reusable script, workflow, deployment job, or infra automation.",automation-score:95 | backend-score:55 | discovery-score:55 | cron-or-schedule,b6b0d7a43fbcc36c
10ac0f6e0c91ca12e9070428,mbarbine__platphorm-podcasts,automation,"automation,backend",scheduled-job,general,_next-internal_server_app_api_cron_sync_route_actions_13kz9c9,next-internal-server-app-api-cron-sync-route-actions-13kz9c9,.next.preverify-20260419-2027/server/edge/chunks/_next-internal_server_app_api_cron_sync_route_actions_13kz9c9.js,.js,3,,,,next-react,pnpm,60,50,catalog-only,True,none,primary,none,"Automation component for general; review for reusable script, workflow, deployment job, or infra automation.",automation-score:95 | backend-score:55 | cron-or-schedule,26fa27ef46c6a678
045ec5778f8b6324ff119be2,mbarbine__platphorm-podcasts,automation,"automation,backend,integration,security",deployment-automation,auth-and-keys,0ozc_@vercel_oidc_dist_token_0m1934l,0ozc-vercel-oidc-dist-token-0m1934l,.next.preverify-20260419-2027/server/chunks/0ozc_@vercel_oidc_dist_token_0m1934l.js,.js,3,,,,next-react,pnpm,60,90,shared-automation-candidate,True,none,primary,none,"Automation component for auth-and-keys; review for reusable script, workflow, deployment job, or infra automation.",automation-score:95 | backend-score:55 | integration-score:55 | security-score:55 | uses-env,68463379b87be0bf
5efd07b8d4f7b884911b7c36,mbarbine__platphorm-podcasts,automation,"automation,backend,integration,security",deployment-automation,auth-and-keys,0ozc_@vercel_oidc_dist_token_0qkzh69,0ozc-vercel-oidc-dist-token-0qkzh69,.next.preverify-20260419-2027/server/chunks/ssr/0ozc_@vercel_oidc_dist_token_0qkzh69.js,.js,3,,,,next-react,pnpm,60,90,shared-automation-candidate,True,none,primary,none,"Automation component for auth-and-keys; review for reusable script, workflow, deployment job, or infra automation.",automation-score:95 | backend-score:55 | integration-score:55 | security-score:55 | uses-env,794c483263d311ee
9736f990bf583d6e8b8d8fa4,mbarbine__platphorm-podcasts,automation,"automation,backend,observability",scheduled-job,observability,cron.test,cron,__tests__/cron.test.ts,.ts,333,,vitest,vitest,next-react,pnpm,75,65,shared-automation-candidate,True,none,primary,none,"Automation component for observability; review for reusable script, workflow, deployment job, or infra automation.",imports:vitest | automation-score:95 | backend-score:55 | observability-score:55 | cron-or-schedule,72050de40b715d21
455247dc00224df491923aa7,mbarbine__platphorm-podcasts,automation,"automation,backend,observability",scheduled-job,observability,register-cron.test,register-cron,__tests__/register-cron.test.ts,.ts,75,,"../app/api/cron/register/route,vitest",vitest,next-react,pnpm,75,70,shared-automation-candidate,True,none,primary,none,"Automation component for observability; review for reusable script, workflow, deployment job, or infra automation.","imports:../app/api/cron/register/route, vitest | automation-score:95 | backend-score:55 | observability-score:55 | cron-or-schedule",defb5c85e95d5038
db21440aa6ad990e4b45302f,mbarbine__platphorm-podcasts,automation,"automation,observability,security,ai",automation-config,observability,test-integrations,test-integrations,scripts/test-integrations.ts,.ts,193,BASE_URL,,,next-react,pnpm,90,70,shared-automation-candidate,True,none,primary,none,"Automation component for observability; review for reusable script, workflow, deployment job, or infra automation.",exports:BASE_URL | automation-score:95 | observability-score:55 | security-score:55 | ai-score:45 | uses-env,2219c0739346fb6a
ac0f511db5a3100c4aea8c8d,mbarbine__platphorm-podcasts,automation,"automation,logic,integration",deployment-automation,ai,vercel,vercel,lib/platform/vercel.ts,.ts,41,"captureVercelRequestMetadata,hashSensitiveHeader",node:crypto,node:crypto,next-react,pnpm,100,95,shared-automation-candidate,True,none,primary,secondary,"Automation component for ai; review for reusable script, workflow, deployment job, or infra automation.","exports:captureVercelRequestMetadata, hashSensitiveHeader | imports:node:crypto | automation-score:95 | logic-score:60 | integration-score:55",666aab62ee687a87
b9b33d7c6b6319510e86959c,mbarbine__platphorm-polymarket-rss-feed,automation,"automation,integration,observability,security",deployment-automation,observability,vercel,vercel,vercel.json,.json,85,,,,next-react,pnpm,65,95,shared-automation-candidate,True,none,primary,none,"Automation component for observability; review for reusable script, workflow, deployment job, or infra automation.",automation-score:95 | integration-score:55 | observability-score:55 | security-score:55 | cron-or-schedule,e6f1838de66efeba
0e3feec467a52dc4e9378420,mbarbine__platphorm-polymarket-rss-feed,automation,automation,script,testing,run_tests,run-tests,run_tests.sh,.sh,2,,,,next-react,pnpm,50,75,shared-automation-candidate,True,none,primary,none,"Automation component for testing; review for reusable script, workflow, deployment job, or infra automation.",automation-score:80,3d5b999fd6e77ca2
d93d63ba099f92e44ca3acd5,mbarbine__platphorm-polymarket-rss-feed,automation,automation,automation-config,ai,proxy,proxy,proxy.ts,.ts,79,"config,proxy","@/lib/i18n,next/server","@/lib,next",next-react,pnpm,80,60,shared-automation-candidate,True,none,primary,none,"Automation component for ai; review for reusable script, workflow, deployment job, or infra automation.","exports:config, proxy | imports:@/lib/i18n, next/server | automation-score:45",8367b7b11d8a4d84
3d009ae6edd889bdef0554d3,mbarbine__platphorm-polymarket-rss-feed,automation,"automation,backend,observability,security",scheduled-job,observability,cron.test,cron,tests/integration/cron.test.ts,.ts,201,,"@/app/api/cron/sync-markets/route,vitest","@/app,vitest",next-react,pnpm,75,55,catalog-only,True,none,primary,none,"Automation component for observability; review for reusable script, workflow, deployment job, or infra automation.","imports:@/app/api/cron/sync-markets/route, vitest | automation-score:95 | backend-score:55 | observability-score:55 | security-score:55 | uses-env | cron-or-schedule",05af4a5f063397c9
85d7f4f63616f8181cdbceed,mbarbine__platphorm-polymarket-rss-feed,automation,"automation,observability,security,ai",automation-config,observability,update-impl,update-impl,scripts/update-impl.py,.py,252,,os,os,next-react,pnpm,85,65,shared-automation-candidate,True,none,primary,none,"Automation component for observability; review for reusable script, workflow, deployment job, or infra automation.",imports:os | automation-score:95 | observability-score:55 | security-score:55 | ai-score:45 | cron-or-schedule | model-provider,ce8e866ac4320ebe
22bb3a48cd71b6653ece3f57,mbarbine__platphorm-polymarket-rss-feed,automation,"automation,integration,observability,security,ai",automation-config,observability,test-mcp-env,test-mcp-env,scripts/test-mcp-env.ts,.ts,334,"BOLD,CYAN,GRAY,GREEN,RED,RESET",,,next-react,pnpm,90,65,shared-automation-candidate,True,none,primary,none,"Automation component for observability; review for reusable script, workflow, deployment job, or infra automation.","exports:BOLD, CYAN, GRAY, GREEN, RED, RESET | automation-score:95 | integration-score:55 | observability-score:55 | security-score:55 | ai-score:45 | uses-env",f4e1774b105ce6ac
acb81cf688ff66cc9455ac22,mbarbine__platphorm-polymarket-rss-feed,automation,"automation,observability,security,ai",automation-config,observability,update-arch,update-arch,scripts/update-arch.py,.py,319,,os,os,next-react,pnpm,85,65,shared-automation-candidate,True,none,primary,none,"Automation component for observability; review for reusable script, workflow, deployment job, or infra automation.",imports:os | automation-score:95 | observability-score:55 | security-score:55 | ai-score:45 | cron-or-schedule,feae585ebb3042c1
192579f6a9f62fff0c5f1035,mbarbine__platphorm-polymarket-rss-feed,automation,"automation,logic,integration,discovery",deployment-automation,ai,vercel-metadata,vercel-metadata,lib/vercel-metadata.ts,.ts,51,"captureVercelRequestMetadata,captureVercelResponseMetadata",node:crypto,node:crypto,next-react,pnpm,100,95,shared-automation-candidate,True,none,primary,secondary,"Automation component for ai; review for reusable script, workflow, deployment job, or infra automation.","exports:captureVercelRequestMetadata, captureVercelResponseMetadata | imports:node:crypto | automation-score:95 | logic-score:85 | integration-score:55 | discovery-score:55",f9216f98bfdb3ad5
f292a63a96c3df2fe76e1e97,mbarbine__platphorm-polymaths,automation,"automation,integration",deployment-automation,deployment,vercel,vercel,vercel.json,.json,8,,,,next-react,pnpm,60,90,shared-automation-candidate,False,none,primary,none,"Automation component for deployment; review for reusable script, workflow, deployment job, or infra automation.",automation-score:95 | integration-score:55 | cron-or-schedule,a93cc47b6fc42512
52fabf792f4fd8d516df5d0c,mbarbine__platphorm-polymaths,automation,"automation,observability",container-automation,observability,Dockerfile,dockerfile,Dockerfile,Dockerfile,21,,,,next-react,pnpm,65,95,shared-automation-candidate,False,none,primary,none,"Automation component for observability; review for reusable script, workflow, deployment job, or infra automation.",automation-score:85 | observability-score:55,698b3ca396bf8f77
8034d0d142e5bb2b9556a629,mbarbine__platphorm-quake,automation,"automation,observability",container-automation,observability,Dockerfile,dockerfile,Dockerfile,Dockerfile,53,,,,next-react,pnpm,65,95,shared-automation-candidate,False,none,primary,none,"Automation component for observability; review for reusable script, workflow, deployment job, or infra automation.",automation-score:130 | observability-score:55,c37ad951af608ef5
1f068371b5af5cf52f1efa14,mbarbine__platphorm-quake,automation,automation,automation-config,testing,eslint.config,eslint-config,eslint.config.mjs,.mjs,21,,eslint-config-next/core-web-vitals,eslint-config-next,next-react,pnpm,65,55,catalog-only,False,none,primary,none,"Automation component for testing; review for reusable script, workflow, deployment job, or infra automation.",imports:eslint-config-next/core-web-vitals | automation-score:45,65a868a249de16cd
6f2a1d3b1871c52036616386,mbarbine__platphorm-real-estate-NAD,automation,"automation,backend,observability,security",automation-config,observability,seed-complete-database,seed-complete-database,scripts/seed-complete-database.ts,.ts,181,,@neondatabase/serverless,@neondatabase/serverless,next-react,pnpm,85,70,shared-automation-candidate,True,none,primary,none,"Automation component for observability; review for reusable script, workflow, deployment job, or infra automation.",imports:@neondatabase/serverless | automation-score:95 | backend-score:90 | observability-score:55 | security-score:55 | uses-env,eec7fe40474a8cac
c97e3394f5eaf05955588905,mbarbine__platphorm-real-estate-NAD,automation,"automation,observability,security",automation-config,observability,test-health,test-health,scripts/test-health.mjs,.mjs,243,"TABLES,TIMEOUT_MS","@neondatabase/serverless,fs,path","@neondatabase/serverless,fs,path",next-react,pnpm,100,65,shared-automation-candidate,True,none,primary,none,"Automation component for observability; review for reusable script, workflow, deployment job, or infra automation.","exports:TABLES, TIMEOUT_MS | imports:@neondatabase/serverless, fs, path | automation-score:95 | observability-score:55 | security-score:55 | uses-env",85cde1fce145e073
34914d30ab625acf2ea8546b,mbarbine__platphorm-real-estate-NAD,automation,"automation,observability,security",automation-config,observability,reset-and-seed,reset-and-seed,scripts/reset-and-seed.mjs,.mjs,243,DATABASE_URL,"@neondatabase/serverless,fs,path","@neondatabase/serverless,fs,path",next-react,pnpm,100,65,shared-automation-candidate,True,none,primary,none,"Automation component for observability; review for reusable script, workflow, deployment job, or infra automation.","exports:DATABASE_URL | imports:@neondatabase/serverless, fs, path | automation-score:95 | observability-score:55 | security-score:55 | uses-env",e3129d131d88cc3b
aaac98f691a5fe8c6ab64d91,mbarbine__platphorm-real-estate-NAD,automation,"automation,observability",automation-config,commerce,seed_market_data,seed-market-data,scripts/seed_market_data.py,.py,207,,"csv,datetime,neondb,os,psycopg2,random,subprocess","csv,datetime,neondb,os,psycopg2,random,subprocess",next-react,pnpm,85,50,catalog-only,True,none,primary,none,"Automation component for commerce; review for reusable script, workflow, deployment job, or infra automation.","imports:csv, datetime, neondb, os, psycopg2, random, subprocess | automation-score:95 | observability-score:55",20334186593263a4
b1c64d9f44196648c886f914,mbarbine__platphorm-real-estate-NAD,automation,"automation,observability,security",automation-config,observability,seed-production-data,seed-production-data,scripts/seed-production-data.ts,.ts,291,,@neondatabase/serverless,@neondatabase/serverless,next-react,pnpm,85,65,shared-automation-candidate,True,none,primary,none,"Automation component for observability; review for reusable script, workflow, deployment job, or infra automation.",imports:@neondatabase/serverless | automation-score:95 | observability-score:55 | security-score:55 | uses-env,fd42fb92f735e11b
cb120d4e85f9d0229a5f0199,mbarbine__platphorm-real-estate-NAD,automation,"automation,backend,observability",automation-config,observability,seed-database,seed-database,scripts/seed-database.ts,.ts,394,,@neondatabase/serverless,@neondatabase/serverless,next-react,pnpm,85,65,shared-automation-candidate,True,none,primary,none,"Automation component for observability; review for reusable script, workflow, deployment job, or infra automation.",imports:@neondatabase/serverless | automation-score:95 | backend-score:90 | observability-score:55 | uses-env,7398f298dfd0c31c
0382bf3bae3d1f8f220ec159,mbarbine__platphorm-real-estate-property-evaluation,automation,"automation,backend,observability,security,ai",script,observability,create_foundation,create-foundation,create_foundation.sh,.sh,261,"JobsPage,metadata",next/server,next,next-react,pnpm,90,90,shared-automation-candidate,True,none,primary,none,"Automation component for observability; review for reusable script, workflow, deployment job, or infra automation.","exports:JobsPage, metadata | imports:next/server | automation-score:125 | backend-score:70 | observability-score:55 | security-score:55 | ai-score:45 | next-route-handler",f90f531f42c7c67f
e4e362356ea76a545c8cb062,mbarbine__platphorm-sandbox,automation,"automation,observability,security",script,observability,verify,verify,verify.sh,.sh,187,,,,next-react,pnpm,65,95,shared-automation-candidate,True,none,primary,none,"Automation component for observability; review for reusable script, workflow, deployment job, or infra automation.",automation-score:125 | observability-score:55 | security-score:55,8d47d4db7d127cc1
9795f85a99cf9cd38484445b,mbarbine__platphorm-sandbox,automation,"automation,process,observability",script,observability,deploy,deploy,deploy.sh,.sh,83,,,,next-react,pnpm,65,95,shared-automation-candidate,True,secondary,primary,none,"Automation component for observability; review for reusable script, workflow, deployment job, or infra automation.",automation-score:175 | process-score:80 | observability-score:55,0d55117fbba8155b
73386b40c232111d8d43abb4,mbarbine__platphorm-shipments,automation,"automation,integration",deployment-automation,deployment,vercel,vercel,vercel.json,.json,9,,,,next-react,pnpm,60,90,shared-automation-candidate,True,none,primary,none,"Automation component for deployment; review for reusable script, workflow, deployment job, or infra automation.",automation-score:95 | integration-score:55 | cron-or-schedule,925a826696ffbd48
e13e0645942c92274eeb299f,mbarbine__platphorm-shipments,automation,"automation,observability",container-automation,observability,Dockerfile,dockerfile,Dockerfile,Dockerfile,20,,,,next-react,pnpm,65,95,shared-automation-candidate,True,none,primary,none,"Automation component for observability; review for reusable script, workflow, deployment job, or infra automation.",automation-score:85 | observability-score:55,37a9341c3c9a6202
26060dec0ff0420d6e8e2b68,mbarbine__platphorm-space-news,automation,"automation,integration",deployment-automation,discovery,vercel,vercel,vercel.json,.json,9,,,,next-react,pnpm,60,90,shared-automation-candidate,False,none,primary,none,"Automation component for discovery; review for reusable script, workflow, deployment job, or infra automation.",automation-score:95 | integration-score:55 | cron-or-schedule,9ece4f37ef184f45
cb432e5c7281ab5cbc862832,mbarbine__platphorm-space-news,automation,"automation,observability",container-automation,observability,Dockerfile,dockerfile,Dockerfile,Dockerfile,22,,,,next-react,pnpm,65,95,shared-automation-candidate,False,none,primary,none,"Automation component for observability; review for reusable script, workflow, deployment job, or infra automation.",automation-score:85 | observability-score:55,4292c05959acda76
aa9d40d7d416fea5e45f1937,mbarbine__platphorm-space-news,automation,"automation,backend,discovery",scheduled-job,discovery,route,route,app/api/cron/aggregate-feeds/route.ts,.ts,1,"GET,POST,maxDuration",@/app/api/cron/refresh/route,@/app,next-react,pnpm,95,55,catalog-only,True,none,primary,none,"Automation component for discovery; review for reusable script, workflow, deployment job, or infra automation.","exports:GET, POST, maxDuration | imports:@/app/api/cron/refresh/route | automation-score:95 | backend-score:55 | discovery-score:55 | cron-or-schedule",12596b1dcc1bb37a
4f1a129b0b684a1d54a43654,mbarbine__platphorm-spec-workbench,automation,"automation,integration,security",deployment-automation,ai,vercel,vercel,vercel.json,.json,42,,,,next-react,pnpm,65,95,shared-automation-candidate,True,none,primary,none,"Automation component for ai; review for reusable script, workflow, deployment job, or infra automation.",automation-score:95 | integration-score:55 | security-score:55 | cron-or-schedule,983eb0efa5674598
a747a8f2a2980db3d08eff92,mbarbine__platphorm-spec-workbench,automation,"automation,logic,process,integration,observability,security,ai",automation-config,observability,deployment,deployment,lib/generators/mcp/deployment.ts,.ts,384,"DeploymentConfig,EnvConfig,env,generateChangelog,generateContributingGuide,generateDeployment,generateEnvExample,generateEnvValidation,generatePackageJson,generateReadme,generateVercelJson,validateEnv",@/lib/spec-engine/types,@/lib,next-react,pnpm,100,55,catalog-only,True,secondary,primary,secondary,"Automation component for observability; review for reusable script, workflow, deployment job, or infra automation.","exports:DeploymentConfig, EnvConfig, env, generateChangelog, generateContributingGuide, generateDeployment, generateEnvExample, generateEnvValidation | imports:@/lib/spec-engine/types | automation-score:95 | logic-score:85 | process-score:80 | integration-score:55 | observability-score:55 | security-score:55 | ai-score:45 | uses-env | model-provider",97f73a625fd1128c
6203317caeb4393911892723,mbarbine__platphorm-stannp-api-wrapper,automation,"automation,integration",deployment-automation,deployment,vercel,vercel,vercel.json,.json,13,,,,next-react,pnpm,65,95,shared-automation-candidate,False,none,primary,none,"Automation component for deployment; review for reusable script, workflow, deployment job, or infra automation.",automation-score:95 | integration-score:55 | cron-or-schedule,bbde0336fbb95e53
2cb42034f3288ac95f511943,mbarbine__platphorm-svg-factory,automation,automation,script,testing,pre-commit-check,pre-commit-check,pre-commit-check.sh,.sh,3,,,,next-react,unknown,50,75,shared-automation-candidate,False,none,primary,none,"Automation component for testing; review for reusable script, workflow, deployment job, or infra automation.",automation-score:80,f9c4976215a36ebe
565c2aec6e93857bd0050766,mbarbine__platphorm-trace,automation,"automation,observability",container-automation,observability,Dockerfile,dockerfile,Dockerfile,Dockerfile,21,,,,next-react,pnpm,65,95,shared-automation-candidate,True,none,primary,none,"Automation component for observability; review for reusable script, workflow, deployment job, or infra automation.",automation-score:85 | observability-score:55,e9b25a594c8d8964
8f232d161dbf32d2f58683dc,mbarbine__platphorm-trace,automation,automation,script,general,extract_components,extract-components,extract_components.sh,.sh,2,,,,next-react,pnpm,60,75,shared-automation-candidate,True,none,primary,none,"Automation component for general; review for reusable script, workflow, deployment job, or infra automation.",automation-score:80,f4f1a6ac841a55e3
dab1a10efa69d19b27049c7c,mbarbine__platphorm-trace,automation,"automation,observability,security,ai",automation-config,observability,publish-job,publish-job,scripts/publish-job.ts,.ts,52,,,,next-react,pnpm,75,70,shared-automation-candidate,True,none,primary,none,"Automation component for observability; review for reusable script, workflow, deployment job, or infra automation.",automation-score:95 | observability-score:55 | security-score:55 | ai-score:45 | uses-env,0ce58df99fc118c7
9246a9bd3a82317c9365cda6,mbarbine__platphorm-usl,automation,"automation,integration",deployment-automation,deployment,vercel,vercel,vercel.json,.json,8,,,,next-react,pnpm,60,90,shared-automation-candidate,False,none,primary,none,"Automation component for deployment; review for reusable script, workflow, deployment job, or infra automation.",automation-score:95 | integration-score:55 | cron-or-schedule,701e51a5fcd6f7b7
86483d6a49dc0b17560091d6,mbarbine__platphorm-usl,automation,automation,container-automation,commerce,Dockerfile,dockerfile,Dockerfile,Dockerfile,20,,,,next-react,pnpm,55,80,shared-automation-candidate,False,none,primary,none,"Automation component for commerce; review for reusable script, workflow, deployment job, or infra automation.",automation-score:85,e3c6df1baca1370a
14af88030547795637d50272,mbarbine__platphorm-vercel-atlas,automation,"automation,integration,security",deployment-automation,discovery,vercel,vercel,vercel.json,.json,58,,,,next-react,npm,65,95,shared-automation-candidate,True,none,primary,none,"Automation component for discovery; review for reusable script, workflow, deployment job, or infra automation.",automation-score:95 | integration-score:55 | security-score:55 | cron-or-schedule,76767719049360da
07fc057886641386f2720b3f,mbarbine__platphorm-vercel-atlas,automation,"automation,integration,observability,security",deployment-automation,observability,vercel-integration.test,vercel-integration,__tests__/vercel-integration.test.ts,.ts,105,BASE_URL,"./utils/server-check,@jest/globals",@jest/globals,next-react,npm,90,95,shared-automation-candidate,True,none,primary,none,"Automation component for observability; review for reusable script, workflow, deployment job, or infra automation.","exports:BASE_URL | imports:./utils/server-check, @jest/globals | automation-score:95 | integration-score:55 | observability-score:55 | security-score:55 | uses-env",e92d5bb5e05c7710
99974e4ebc61868ee4495a53,mbarbine__platphorm-vercel-atlas,automation,"automation,backend,observability,security",scheduled-job,auth-and-keys,cron.bench.test,cron-bench,__tests__/cron.bench.test.ts,.ts,42,,"../app/api/cron/daily/route,../lib/db",,next-react,npm,75,70,shared-automation-candidate,True,none,primary,none,"Automation component for auth-and-keys; review for reusable script, workflow, deployment job, or infra automation.","imports:../app/api/cron/daily/route, ../lib/db | automation-score:95 | backend-score:55 | observability-score:55 | security-score:55 | uses-env | cron-or-schedule",158251216bd7cf41
d29c0967bb6a5ce4065cb5d1,mbarbine__platphorm-vercel-atlas,automation,automation,automation-config,testing,hooks.test,hooks,__tests__/hooks.test.ts,.ts,63,,"../hooks/use-auto-refresh,@testing-library/react",@testing-library/react,next-react,npm,65,55,catalog-only,False,none,primary,none,"Automation component for testing; review for reusable script, workflow, deployment job, or infra automation.","imports:../hooks/use-auto-refresh, @testing-library/react | automation-score:45",a202783a59f792dc
e2455d87c47f4b759331b7cc,mbarbine__platphorm-vercel-atlas,automation,"automation,integration,observability,security",deployment-automation,observability,benchmark-vercel-sync,benchmark-vercel-sync,scripts/benchmark-vercel-sync.js,.js,134,,perf_hooks,perf_hooks,next-react,npm,85,95,shared-automation-candidate,True,none,primary,none,"Automation component for observability; review for reusable script, workflow, deployment job, or infra automation.",imports:perf_hooks | automation-score:95 | integration-score:55 | observability-score:55 | security-score:55,0d3f371daa2a3b05
ff061cbc796dd791d08daa9e,mbarbine__platphorm-webhook-simulator,automation,automation,automation-config,analytics,package,package,package.json,.json,46,,,,next-react,pnpm,55,55,catalog-only,True,none,primary,none,"Automation component for analytics; review for reusable script, workflow, deployment job, or infra automation.",automation-score:45,036c80b93f080100
2d4cedddfcd415d9d3f42932,mbarbine__platphorm-webhook-simulator,automation,"automation,observability,security",script,observability,LAUNCH_CHECKLIST,launch-checklist,LAUNCH_CHECKLIST.sh,.sh,103,,,,next-react,pnpm,65,95,shared-automation-candidate,True,none,primary,none,"Automation component for observability; review for reusable script, workflow, deployment job, or infra automation.",automation-score:125 | observability-score:55 | security-score:55,ad606a06fd2d7555
19d19d4fd50ce24232c1a813,mbarbine__platphorm-xml,automation,"automation,integration",deployment-automation,deployment,vercel,vercel,vercel.json,.json,8,,,,next-react,pnpm,60,90,shared-automation-candidate,False,none,primary,none,"Automation component for deployment; review for reusable script, workflow, deployment job, or infra automation.",automation-score:95 | integration-score:55 | cron-or-schedule,05c2dbd562b39bbf
7ff526ef79cc4dff2217992e,mbarbine__platphorm-xml,automation,automation,container-automation,commerce,Dockerfile,dockerfile,Dockerfile,Dockerfile,24,,,,next-react,pnpm,55,80,shared-automation-candidate,False,none,primary,none,"Automation component for commerce; review for reusable script, workflow, deployment job, or infra automation.",automation-score:85,78fc22eeb6c6e55b
33c664e3e794e6128757d515,mbarbine__platphorm-xml,automation,"automation,logic,integration,observability,security,discovery",deployment-automation,ai,vercel-metadata,vercel-metadata,lib/vercel-metadata.ts,.ts,41,getSafeVercelRequestMetadata,next/server,next,next-react,pnpm,100,95,shared-automation-candidate,False,none,primary,secondary,"Automation component for ai; review for reusable script, workflow, deployment job, or infra automation.",exports:getSafeVercelRequestMetadata | imports:next/server | automation-score:95 | logic-score:85 | integration-score:55 | observability-score:55 | security-score:55 | discovery-score:55,95b8ef7e6f79097f
d70779dc639867a23aeb4dea,mbarbine__platphorm-zine-reader,automation,"automation,integration,observability",deployment-automation,observability,vercel-integrations.test,vercel-integrations,__tests__/vercel-integrations.test.ts,.ts,138,,"../next.config.mjs,@/lib/use-analytics,@vercel/analytics","@/lib,@vercel/analytics",next-react,pnpm,75,85,shared-automation-candidate,True,none,primary,none,"Automation component for observability; review for reusable script, workflow, deployment job, or infra automation.","imports:../next.config.mjs, @/lib/use-analytics, @vercel/analytics | automation-score:95 | integration-score:55 | observability-score:55 | metadata",bbbe5cf77f7e5dba
f3aa7111d2d5d5a6a1b6913c,mbarbine__platphormnews-www-prod,automation,automation,automation-config,deployment,svelte.config,svelte-config,svelte.config.js,.js,21,,"@sveltejs/adapter-vercel,@sveltejs/vite-plugin-svelte","@sveltejs/adapter-vercel,@sveltejs/vite-plugin-svelte",svelte,pnpm,65,70,shared-automation-candidate,True,none,primary,none,"Automation component for deployment; review for reusable script, workflow, deployment job, or infra automation.","imports:@sveltejs/adapter-vercel, @sveltejs/vite-plugin-svelte | automation-score:45",c69e17458de6bb61
7e0d1f28acf7d37ec976b972,mbarbine__platphormnews-www-prod,automation,"automation,integration,observability,security",deployment-automation,observability,vercel,vercel,vercel.json,.json,688,,,,svelte,pnpm,65,80,shared-automation-candidate,True,none,primary,none,"Automation component for observability; review for reusable script, workflow, deployment job, or infra automation.",automation-score:95 | integration-score:55 | observability-score:55 | security-score:55 | cron-or-schedule,ed24d4a41cf2b4f7
8ced8d7b7b0214d661e63503,mbarbine__platphormnews-www-prod,automation,automation,container-automation,deployment,Dockerfile,dockerfile,Dockerfile,Dockerfile,18,,,,svelte,pnpm,55,95,shared-automation-candidate,False,none,primary,none,"Automation component for deployment; review for reusable script, workflow, deployment job, or infra automation.",automation-score:85,9cfd8061897289c6
87698f6de7832403cb7ef041,mbarbine__platphormnews-www-prod,automation,automation,automation-config,editor,package,package,package.json,.json,49,,,,svelte,pnpm,55,55,catalog-only,True,none,primary,none,"Automation component for editor; review for reusable script, workflow, deployment job, or infra automation.",automation-score:45,f957a0abdc0b92cb
6b59d48a0f41e0cf50762445,mbarbine__platphormnews-www-prod,automation,"automation,observability",automation-config,observability,compose,compose,compose.yaml,.yaml,53,,,,svelte,pnpm,65,70,shared-automation-candidate,False,none,primary,none,"Automation component for observability; review for reusable script, workflow, deployment job, or infra automation.",automation-score:95 | observability-score:55,14359fceafd93696
a7941aaf8214409c8387c8ce,mbarbine__platphormnews-www-prod,automation,automation,automation-config,analytics,vite.config,vite-config,vite.config.ts,.ts,26,,"@sveltejs/kit/vite,@tailwindcss/vite,vitest/config","@sveltejs/kit,@tailwindcss/vite,vitest",svelte,pnpm,65,55,catalog-only,True,none,primary,none,"Automation component for analytics; review for reusable script, workflow, deployment job, or infra automation.","imports:@sveltejs/kit/vite, @tailwindcss/vite, vitest/config | automation-score:45 | uses-env",c5931216d411c854
4a72793fb3da3b013712b54a,mbarbine__platphormnews-www-prod,automation,automation,script,shipping,migrate,migrate,scripts/migrate.sh,.sh,11,,,,svelte,pnpm,65,80,shared-automation-candidate,True,none,primary,none,"Automation component for shipping; review for reusable script, workflow, deployment job, or infra automation.",automation-score:130,11a0b52cfc18bcc8
a356263bfa5975c3e7f0b8ea,mbarbine__platphormnews-www-prod,automation,"automation,logic,integration,observability,security",deployment-automation,discovery,vercel-domains,vercel-domains,src/lib/vercel-domains.ts,.ts,182,"VercelDomain,domainsToNodes",$lib/sitemap,$lib,svelte,pnpm,100,95,shared-automation-candidate,True,none,primary,secondary,"Automation component for discovery; review for reusable script, workflow, deployment job, or infra automation.","exports:VercelDomain, domainsToNodes | imports:$lib/sitemap | automation-score:95 | logic-score:85 | integration-score:55 | observability-score:55 | security-score:55 | uses-env",64f062d5a6a68d3c
87e4ad088057b5ccdd27e067,mbarbine__platphormnews-www-prod,automation,"automation,backend,observability,security",scheduled-job,discovery,+server,server,src/routes/api/cron/refresh/+server.ts,.ts,47,GET,"$env/dynamic/private,$lib/hn,$lib/security,./$types,@sveltejs/kit","$env,$lib,@sveltejs/kit",svelte,pnpm,100,70,shared-automation-candidate,True,none,primary,none,"Automation component for discovery; review for reusable script, workflow, deployment job, or infra automation.","exports:GET | imports:$env/dynamic/private, $lib/hn, $lib/security, ./$types, @sveltejs/kit | automation-score:95 | backend-score:55 | observability-score:55 | security-score:55 | cron-or-schedule",05a55f2f2b013ea2
2f01a70517b4f5dee06bf5f9,mbarbine__platphormnews-www-prod,automation,"automation,backend,observability,security",scheduled-job,ai,+server,server,src/routes/api/cron/outreach/+server.ts,.ts,33,GET,"$lib/config,$lib/outreach,$lib/security,./$types,@sveltejs/kit","$lib,@sveltejs/kit",svelte,pnpm,100,70,shared-automation-candidate,True,none,primary,none,"Automation component for ai; review for reusable script, workflow, deployment job, or infra automation.","exports:GET | imports:$lib/config, $lib/outreach, $lib/security, ./$types, @sveltejs/kit | automation-score:95 | backend-score:55 | observability-score:55 | security-score:55 | uses-env | cron-or-schedule",805b3d4366a98551
69839e11c59314a8d14d6d4a,mbarbine__platphormnews-www-prod,automation,"automation,backend",automation-config,workflow,+page,page,src/routes/jobs/+page.ts,.ts,11,load,$lib/hn,$lib,svelte,pnpm,90,55,catalog-only,True,none,primary,none,"Automation component for workflow; review for reusable script, workflow, deployment job, or infra automation.",exports:load | imports:$lib/hn | automation-score:95 | backend-score:55,05736a023d28ec3a
06f3cb0a3f67f556f302450e,mbarbine__process-clone,automation,"automation,observability",container-automation,observability,Dockerfile,dockerfile,Dockerfile,Dockerfile,47,,,,next-react,pnpm,65,95,shared-automation-candidate,True,none,primary,none,"Automation component for observability; review for reusable script, workflow, deployment job, or infra automation.",automation-score:85 | observability-score:55,657b1546e461141e
d3df2ff9ea6aa929c51f42bc,mbarbine__process-clone,automation,"automation,integration,observability,security",deployment-automation,observability,vercel-analytics,vercel-analytics,vercel-analytics.ts,.ts,259,"AnalyticsEvent,VercelAnalytics,analytics,track",@vercel/analytics,@vercel/analytics,next-react,pnpm,90,90,shared-automation-candidate,True,none,primary,none,"Automation component for observability; review for reusable script, workflow, deployment job, or infra automation.","exports:AnalyticsEvent, VercelAnalytics, analytics, track | imports:@vercel/analytics | automation-score:95 | integration-score:55 | observability-score:55 | security-score:55",14f593d8ff170f62
d2495c2bcd9fe11f5a0e5403,mbarbine__process-clone,automation,"automation,process,backend,observability,security",automation-config,auth-and-keys,server-actions,server-actions,app/deploy/server-actions.ts,.ts,26,"createIssueAction,triggerDeployAction","@/lib/with-safe,@octokit/rest","@/lib,@octokit/rest",next-react,pnpm,100,60,shared-automation-candidate,True,secondary,primary,none,"Automation component for auth-and-keys; review for reusable script, workflow, deployment job, or infra automation.","exports:createIssueAction, triggerDeployAction | imports:@/lib/with-safe, @octokit/rest | automation-score:95 | process-score:80 | backend-score:55 | observability-score:55 | security-score:55 | uses-env",30bcf7b9e83a63b3
7e0a31f5a9e4d69913ee6b59,mbarbine__process-clone,automation,"automation,process",automation-config,workflow,workflows.test,workflows,__tests__/workflows.test.ts,.ts,62,EXPECTED_TEMPLATE_IDS,"@/lib/workflow-templates,vitest","@/lib,vitest",next-react,pnpm,90,45,site-specific-or-low-confidence,True,secondary,primary,none,"Automation component for workflow; review for reusable script, workflow, deployment job, or infra automation.","exports:EXPECTED_TEMPLATE_IDS | imports:@/lib/workflow-templates, vitest | automation-score:95 | process-score:80",c94bdde32c359d27
49d6d3666df64f57ec87d1b3,mbarbine__process-clone,automation,"automation,process,observability,security",automation-config,observability,deploy,deploy,scripts/deploy.js,.js,142,,"child_process,fs","child_process,fs",next-react,pnpm,85,70,shared-automation-candidate,True,secondary,primary,none,"Automation component for observability; review for reusable script, workflow, deployment job, or infra automation.","imports:child_process, fs | automation-score:95 | process-score:80 | observability-score:55 | security-score:55 | uses-env | model-provider",f55fa94dca701388
2dc8f8be740ebf68ab9364d9,mbarbine__process-clone,automation,"automation,logic,integration,observability",deployment-automation,analytics,vercel-analytics,vercel-analytics,lib/vercel-analytics.ts,.ts,83,"VercelAnalyticsEvent,trackBoardAction,trackError,trackEvent,trackIntegrationUsage,trackPageView,trackPerformance,trackUserAction,trackWorkflowExecution",@vercel/analytics,@vercel/analytics,next-react,pnpm,100,80,shared-automation-candidate,True,none,primary,secondary,"Automation component for analytics; review for reusable script, workflow, deployment job, or infra automation.","exports:VercelAnalyticsEvent, trackBoardAction, trackError, trackEvent, trackIntegrationUsage, trackPageView, trackPerformance, trackUserAction | imports:@vercel/analytics | automation-score:95 | logic-score:70 | integration-score:55 | observability-score:55",09d38f119736f7d4
320da10e53aeb2722162140b,mbarbine__shopify-theme-vanagain,automation,automation,script,commerce,optimize-images,optimize-images,optimize-images.sh,.sh,35,,,,unknown,unknown,55,80,shared-automation-candidate,True,none,primary,none,"Automation component for commerce; review for reusable script, workflow, deployment job, or infra automation.",automation-score:80,1bfbe84ecb006e6a
be99abac9a6d1d456f60ac9d,mbarbine__shopify-theme-vanagain,automation,automation,automation-config,commerce,index,index,templates/index.json,.json,12,,,,unknown,unknown,55,55,catalog-only,True,none,primary,none,"Automation component for commerce; review for reusable script, workflow, deployment job, or infra automation.",automation-score:45,75dd7be6305a646a
653fc8fb0b393c1841609b27,mbarbine__stannp-gpt-5-test,automation,"automation,observability,security",automation-config,observability,test-auth0-autosave,test-auth0-autosave,scripts/test-auth0-autosave.js,.js,62,,,,next-react,pnpm,75,70,shared-automation-candidate,True,none,primary,none,"Automation component for observability; review for reusable script, workflow, deployment job, or infra automation.",automation-score:95 | observability-score:55 | security-score:55,05fbed2f5aced0e1
39fb988a2a174aad7ebaa23d,mbarbine__stannp-gpt-5-test,automation,"automation,observability",automation-config,observability,verify-presets,verify-presets,scripts/verify-presets.js,.js,129,PRESETS,"fs,path","fs,path",next-react,pnpm,100,70,shared-automation-candidate,True,none,primary,none,"Automation component for observability; review for reusable script, workflow, deployment job, or infra automation.","exports:PRESETS | imports:fs, path | automation-score:95 | observability-score:55",96250f685f5c4209
32a9351181e479031d99bf5b,mbarbine__stannp-gpt-5-test,automation,"automation,observability",automation-config,observability,test-postcard-implementation,test-postcard-implementation,scripts/test-postcard-implementation.js,.js,138,,"fs,path","fs,path",next-react,pnpm,85,70,shared-automation-candidate,True,none,primary,none,"Automation component for observability; review for reusable script, workflow, deployment job, or infra automation.","imports:fs, path | automation-score:95 | observability-score:55",3613bf5c5ed99d10
390beb660992afd9e0d9f819,mbarbine__stannp-gpt-5-test,automation,"automation,observability",automation-config,observability,audit-all-presets,audit-all-presets,scripts/audit-all-presets.js,.js,136,"PRESETS,PRESET_CATEGORIES","fs,path","fs,path",next-react,pnpm,100,70,shared-automation-candidate,True,none,primary,none,"Automation component for observability; review for reusable script, workflow, deployment job, or infra automation.","exports:PRESETS, PRESET_CATEGORIES | imports:fs, path | automation-score:95 | observability-score:55",bf4259bdccf1226a
d199e1c4d5a778b42a55099f,mbarbine__stannp-gpt-5-test,automation,"automation,integration,observability,security",automation-config,observability,test-auth0-stripe-integration,test-auth0-stripe-integration,scripts/test-auth0-stripe-integration.js,.js,111,,crypto,crypto,next-react,pnpm,85,70,shared-automation-candidate,True,none,primary,none,"Automation component for observability; review for reusable script, workflow, deployment job, or infra automation.",imports:crypto | automation-score:95 | integration-score:55 | observability-score:55 | security-score:55,b91d84a267bbd993
7a3bdfdc5f2df2847a5092dd,mbarbine__stannp-nextjs-bp,automation,"automation,observability,security,ai",script,observability,tree,tree,tree.sh,.sh,255,,,,next-react,pnpm,65,90,shared-automation-candidate,True,none,primary,none,"Automation component for observability; review for reusable script, workflow, deployment job, or infra automation.",automation-score:125 | observability-score:55 | security-score:55 | ai-score:45,34a993cb8e0affd3
f6796cfa6b46ed134e61f1c9,mbarbine__starphone-web-svelte,automation,automation,automation-config,editor,package,package,package.json,.json,55,,,,next-react,pnpm,55,55,catalog-only,True,none,primary,none,"Automation component for editor; review for reusable script, workflow, deployment job, or infra automation.",automation-score:45,11f35d39bcafc4a9
b7546c1e992a2ac6c2cd6280,mbarbine__starphone-web-svelte,automation,automation,script,general,tree,tree,public/images/tree.sh,.sh,21,,,,next-react,pnpm,55,80,shared-automation-candidate,False,none,primary,none,"Automation component for general; review for reusable script, workflow, deployment job, or infra automation.",automation-score:80,7c9e9823b03440a8
61a157058c17f99d4adf72b0,mbarbine__starphone-web-svelte,automation,automation,script,general,tree,tree,static/images/tree.sh,.sh,21,,,,next-react,pnpm,55,80,shared-automation-candidate,False,none,primary,none,"Automation component for general; review for reusable script, workflow, deployment job, or infra automation.",automation-score:80,7c9e9823b03440a8
2a732f960df696325a40fad1,mbarbine__starphone-web-svelte,automation,automation,automation-config,testing,en,en,dictionaries/en.json,.json,71,,,,next-react,pnpm,55,55,catalog-only,False,none,primary,none,"Automation component for testing; review for reusable script, workflow, deployment job, or infra automation.",automation-score:45,5a1c81cf72e9295a
a2bc03f16c0c45f112380e12,mbarbine__starphone-web-svelte,automation,automation,automation-config,shipping,settings,settings,.vscode/settings.json,.json,3,,,,next-react,pnpm,50,50,catalog-only,True,none,primary,none,"Automation component for shipping; review for reusable script, workflow, deployment job, or infra automation.",automation-score:45,1abebc6c7f07f696
102e477455a0989d198a2ab4,mbarbine__tools,automation,"automation,observability,security,ai",script,auth-and-keys,wayback_save_now,wayback-save-now,wayback_save_now.sh,.sh,121,,,,unknown,unknown,65,95,shared-automation-candidate,True,none,primary,none,"Automation component for auth-and-keys; review for reusable script, workflow, deployment job, or infra automation.",automation-score:80 | observability-score:55 | security-score:55 | ai-score:45,2065f8a696d85157
f60d8a8200fef542dae2a633,mbarbine__turborepo-react-native,automation,automation,automation-config,deployment,meta,meta,meta.json,.json,6,,,,unknown,yarn,50,65,shared-automation-candidate,False,none,primary,none,"Automation component for deployment; review for reusable script, workflow, deployment job, or infra automation.",automation-score:45,4458a4ec6dba525a
2c34a1a21c89c3fd6e141722,mbarbine__two-doller-web,automation,automation,automation-config,i18n,proxy,proxy,proxy.ts,.ts,15,config,"./i18n/routing,next-intl/middleware",next-intl,next-react,pnpm,80,70,shared-automation-candidate,False,none,primary,none,"Automation component for i18n; review for reusable script, workflow, deployment job, or infra automation.","exports:config | imports:./i18n/routing, next-intl/middleware | automation-score:45",daeb5657ac0b0262
a498b2ca26e1bbedffa9707e,mbarbine__uberpidgeons,automation,automation,automation-config,analytics,package,package,package.json,.json,27,,,,next-react,pnpm,55,55,catalog-only,True,none,primary,none,"Automation component for analytics; review for reusable script, workflow, deployment job, or infra automation.",automation-score:45,a20687ef56eb2b5d
23b32eaf3fc8b12ad816b88e,mbarbine__vanagain-dot-com-prod,automation,"automation,integration",deployment-automation,discovery,vercel,vercel,vercel.json,.json,5,,,,next-react,pnpm,60,90,shared-automation-candidate,False,none,primary,none,"Automation component for discovery; review for reusable script, workflow, deployment job, or infra automation.",automation-score:95 | integration-score:55,b2d5e1a10ede6dbd
9ecc3786bd5d811092aadfe4,mbarbine__vanagain-dot-com-prod,automation,automation,automation-config,ai,category-page.test,category-page,tests/unit/category-page.test.ts,.ts,347,,"@/app/[locale]/(store)/categories/[slug]/page,react,react-dom/server,vitest","@/app,react,react-dom,vitest",next-react,pnpm,65,55,catalog-only,True,none,primary,none,"Automation component for ai; review for reusable script, workflow, deployment job, or infra automation.","imports:@/app/[locale]/(store)/categories/[slug]/page, react, react-dom/server, vitest | automation-score:45 | metadata",95c317d23332bcf0
cc60159a6c81d334be9a900b,mbarbine__vanagain-dot-com-prod,automation,automation,automation-config,commerce,request-context.test,request-context,tests/unit/request-context.test.ts,.ts,136,,"@/lib/request-context,vitest","@/lib,vitest",next-react,pnpm,65,45,site-specific-or-low-confidence,False,none,primary,none,"Automation component for commerce; review for reusable script, workflow, deployment job, or infra automation.","imports:@/lib/request-context, vitest | automation-score:45",191328a8cc557c2a
eee8e20d0b4219b1a83a6af4,mbarbine__vanagain-dot-com-prod,automation,automation,automation-config,commerce,upload-product-assets-script.test,upload-product-assets-script,tests/unit/upload-product-assets-script.test.ts,.ts,37,,"node:fs,node:path,vitest","node:fs,node:path,vitest",next-react,pnpm,65,55,catalog-only,True,none,primary,none,"Automation component for commerce; review for reusable script, workflow, deployment job, or infra automation.","imports:node:fs, node:path, vitest | automation-score:95",04f67952cb979304
ac17f3f4061606f0e810a258,mbarbine__vanagain-dot-com-prod,automation,automation,automation-config,commerce,products-legacy-images.test,products-legacy-images,tests/unit/products-legacy-images.test.ts,.ts,45,,"@/lib/products,vitest","@/lib,vitest",next-react,pnpm,65,45,site-specific-or-low-confidence,False,none,primary,none,"Automation component for commerce; review for reusable script, workflow, deployment job, or infra automation.","imports:@/lib/products, vitest | automation-score:45",ed8d0d80b4d539ae
0a5459f1128321aaf82d0f8b,mbarbine__vanagain-dot-com-prod,automation,automation,automation-config,ai,cart-client.test,cart-client,tests/unit/cart-client.test.ts,.ts,110,,"@/lib/cart-client,vitest","@/lib,vitest",next-react,pnpm,65,60,shared-automation-candidate,False,none,primary,none,"Automation component for ai; review for reusable script, workflow, deployment job, or infra automation.","imports:@/lib/cart-client, vitest | automation-score:45",4fd27edcdecbe28b
4065990c7a531fdb3ac74f76,mbarbine__vanagain-dot-com-prod,automation,automation,automation-config,ai,wishlists.test,wishlists,tests/unit/wishlists.test.ts,.ts,132,,"@/lib/wishlists,vitest","@/lib,vitest",next-react,pnpm,65,60,shared-automation-candidate,False,none,primary,none,"Automation component for ai; review for reusable script, workflow, deployment job, or infra automation.","imports:@/lib/wishlists, vitest | automation-score:45",f2b9a490ef03aff1
1098b0dbb89bdec79e387039,mbarbine__vanagain-dot-com-prod,automation,"automation,observability,security",automation-config,observability,007-import-legacy-users,007-import-legacy-users,scripts/007-import-legacy-users.mjs,.mjs,443,"BATCH_SIZE,COLS_PER_ROW,DATABASE_URL,DRY_RUN,PG_COLUMNS,ROOT,UPDATE_COLS","@neondatabase/serverless,node:fs,node:path","@neondatabase/serverless,node:fs,node:path",next-react,pnpm,100,65,shared-automation-candidate,True,none,primary,none,"Automation component for observability; review for reusable script, workflow, deployment job, or infra automation.","exports:BATCH_SIZE, COLS_PER_ROW, DATABASE_URL, DRY_RUN, PG_COLUMNS, ROOT, UPDATE_COLS | imports:@neondatabase/serverless, node:fs, node:path | automation-score:95 | observability-score:55 | security-score:55 | uses-env",605fb6d90292712f
24633e3878454cd30d4644bc,mbarbine__vanagain-dot-com-prod,automation,"automation,integration,observability,security",automation-config,observability,shopify-add-product-tags,shopify-add-product-tags,scripts/shopify-add-product-tags.mjs,.mjs,325,"API_VERSION,DRY_RUN,LIMIT,LIMIT_ARG,SHOPIFY_ADMIN_TOKEN,SHOP_NAME,VEHICLE_TAG_ALIASES","node:fs,node:path,node:url","node:fs,node:path,node:url",next-react,pnpm,100,65,shared-automation-candidate,True,none,primary,none,"Automation component for observability; review for reusable script, workflow, deployment job, or infra automation.","exports:API_VERSION, DRY_RUN, LIMIT, LIMIT_ARG, SHOPIFY_ADMIN_TOKEN, SHOP_NAME, VEHICLE_TAG_ALIASES | imports:node:fs, node:path, node:url | automation-score:95 | integration-score:55 | observability-score:55 | security-score:55 | uses-env",b750ea1fe1463ce1
e34883ba9b4fd348c006d134,mbarbine__vanagain-dot-com-prod,automation,"automation,integration,observability,security",automation-config,observability,shopify-upsert-pages,shopify-upsert-pages,scripts/shopify-upsert-pages.mjs,.mjs,561,"API_VERSION,DRY_RUN,LEGACY_ASSET_ORIGIN,NATIVE_SHOPIFY_ROUTES,STORE,TEMPLATE_BY_HANDLE,TOKEN","node:fs,node:path,node:url","node:fs,node:path,node:url",next-react,pnpm,100,55,catalog-only,True,none,primary,none,"Automation component for observability; review for reusable script, workflow, deployment job, or infra automation.","exports:API_VERSION, DRY_RUN, LEGACY_ASSET_ORIGIN, NATIVE_SHOPIFY_ROUTES, STORE, TEMPLATE_BY_HANDLE, TOKEN | imports:node:fs, node:path, node:url | automation-score:95 | integration-score:55 | observability-score:55 | security-score:55 | uses-env",baba4019351ce1f0
5fe55a63eaf9edb910107b4d,mbarbine__vanagain-dot-com-prod,automation,"automation,integration,observability,security",automation-config,observability,build_shopify_product_template,build-shopify-product-template,scripts/build_shopify_product_template.py,.py,709,"OrderFallback,ProductRecord,build_image_only_row,build_primary_row,clean_int_string,decimal_sort_key,dimension_value,first_non_empty,legacy_bool,load_catalog_products,load_images,load_lookup,load_order_fallbacks,load_tag_imports,main,normalize_price,product_hints_from_image_path,public_image_url,resolve_titles,sanitize_product_tags,single_line_text,slugify,split_csvish,strip_html,title_case_token,unique_preserve,write_output","collections,csv,dataclasses,decimal,os,pathlib,re","collections,csv,dataclasses,decimal,os,pathlib,re",next-react,pnpm,100,55,catalog-only,True,none,primary,none,"Automation component for observability; review for reusable script, workflow, deployment job, or infra automation.","exports:OrderFallback, ProductRecord, build_image_only_row, build_primary_row, clean_int_string, decimal_sort_key, dimension_value, first_non_empty | imports:collections, csv, dataclasses, decimal, os, pathlib, re | automation-score:95 | integration-score:55 | observability-score:55 | security-score:55",8a3d5da5010331b5
e88cd36a6e1f65020a5ad745,mbarbine__vanagain-dot-com-prod,automation,automation,automation-config,general,__init__,init,scripts/__init__.py,.py,1,,,,next-react,pnpm,60,50,catalog-only,False,none,primary,none,"Automation component for general; review for reusable script, workflow, deployment job, or infra automation.",automation-score:50,9ca75ddb1766207a
6e8e249f8901eacdf0527e97,mbarbine__vanagain-dot-com-prod,automation,"automation,observability,ai",script,observability,import-legacy-dump,import-legacy-dump,scripts/import-legacy-dump.sh,.sh,191,,,,next-react,pnpm,75,95,shared-automation-candidate,True,none,primary,none,"Automation component for observability; review for reusable script, workflow, deployment job, or infra automation.",automation-score:130 | observability-score:55 | ai-score:45,e5bf333f03fc5142
828b6568433602d8bc2f6442,mbarbine__vanagain-dot-com-prod,automation,"automation,observability,security",automation-config,observability,optimize-s3-products,optimize-s3-products,scripts/optimize-s3-products.mjs,.mjs,359,"BATCH_SIZE,BUCKET,MAX_DIMENSION,PNG_COMPRESSION,PREFIX,QUALITY,TEMP_DIR,WEBP_QUALITY","@aws-sdk/client-s3,fs/promises,path,sharp,url","@aws-sdk/client-s3,fs,path,sharp,url",next-react,pnpm,100,65,shared-automation-candidate,True,none,primary,none,"Automation component for observability; review for reusable script, workflow, deployment job, or infra automation.","exports:BATCH_SIZE, BUCKET, MAX_DIMENSION, PNG_COMPRESSION, PREFIX, QUALITY, TEMP_DIR, WEBP_QUALITY | imports:@aws-sdk/client-s3, fs/promises, path, sharp, url | automation-score:95 | observability-score:55 | security-score:55 | uses-env",dfd3e4800fcdfc4a
a4e1892d2acc6b49802c0435,mbarbine__vanagain-dot-com-prod,automation,automation,script,commerce,upload-product-assets-to-s3,upload-product-assets-to-s3,scripts/upload-product-assets-to-s3.sh,.sh,27,,,,next-react,pnpm,65,80,shared-automation-candidate,False,none,primary,none,"Automation component for commerce; review for reusable script, workflow, deployment job, or infra automation.",automation-score:175,b686e8e348fcd96c
1c31557288fd2759203195b3,mbarbine__vanagain-dot-com-prod,automation,automation,automation-config,shipping,migrate-mysql-to-neon,migrate-mysql-to-neon,scripts/migrate-mysql-to-neon.py,.py,45,main,"pathlib,scripts.legacy_sql_tools,sys","pathlib,scripts.legacy_sql_tools,sys",next-react,pnpm,90,55,catalog-only,True,none,primary,none,"Automation component for shipping; review for reusable script, workflow, deployment job, or infra automation.","exports:main | imports:pathlib, scripts.legacy_sql_tools, sys | automation-score:95",dac0f87133163301
61b6d810a5a8e39ce20b9a63,mbarbine__vanagain-site,automation,automation,automation-config,analytics,jquery.min,jquery-min,admin/public/assets/frontend/assets/plugins/jquery.min.js,.js,5,"Ca,Cb,Da,Ea,F,Fa,Ga,H,Ha,Ia,J,K,La,Ma,P,Q,R,S,Tb,Ua,Ub,Vb,Wb,X,Xb,Yb,Zb",+i+,+i+,unknown,unknown,75,50,catalog-only,True,none,primary,none,"Automation component for analytics; review for reusable script, workflow, deployment job, or infra automation.","exports:Ca, Cb, Da, Ea, F, Fa, Ga, H | imports:+i+ | automation-score:45",668b046d12db350c
ad1a86b69851e69908691084,mbarbine__vanagain-site,automation,automation,automation-config,shipping,phone-codes,phone-codes,admin/public/assets/frontend/assets/plugins/input-mask/phone-codes/phone-codes.json,.json,294,,,,unknown,unknown,55,50,catalog-only,True,none,primary,none,"Automation component for shipping; review for reusable script, workflow, deployment job, or infra automation.",automation-score:45 | cron-or-schedule,bcd0aa2402a317b6
49921e300f3aeab4e6d1c989,mbarbine__vanagain-site,automation,automation,automation-config,general,masonry-portfolio,masonry-portfolio,admin/public/assets/frontend/assets/demos/default/js/scripts/pages/masonry-portfolio.js,.js,62,,,,unknown,unknown,65,55,catalog-only,True,none,primary,none,"Automation component for general; review for reusable script, workflow, deployment job, or infra automation.",automation-score:50,42bac3a1f7faef25
fed5a74c02d39c6f99e6f9e7,mbarbine__vanagain-site,automation,automation,automation-config,general,extended-portfolio,extended-portfolio,admin/public/assets/frontend/assets/demos/default/js/scripts/pages/extended-portfolio.js,.js,62,,,,unknown,unknown,65,55,catalog-only,True,none,primary,none,"Automation component for general; review for reusable script, workflow, deployment job, or infra automation.",automation-score:50,7f6145fe4e7ceb0d
cfcfa1b8a9d326cca4200b05,mbarbine__vanagain-site,automation,automation,automation-config,general,lightbox-gallery,lightbox-gallery,admin/public/assets/frontend/assets/demos/default/js/scripts/pages/lightbox-gallery.js,.js,61,,,,unknown,unknown,65,55,catalog-only,True,none,primary,none,"Automation component for general; review for reusable script, workflow, deployment job, or infra automation.",automation-score:50,e504959205c92e05
a437a408eb1860f9d1a83ffb,mbarbine__vanagain-site,automation,automation,automation-config,general,fullwidth-gallery,fullwidth-gallery,admin/public/assets/frontend/assets/demos/default/js/scripts/pages/fullwidth-gallery.js,.js,42,,,,unknown,unknown,65,55,catalog-only,False,none,primary,none,"Automation component for general; review for reusable script, workflow, deployment job, or infra automation.",automation-score:50,91d8cfb92fc6798d
72a09174ce8af3dd03705f79,mbarbine__vanagain-site,automation,automation,automation-config,general,contact-2,contact-2,admin/public/assets/frontend/assets/demos/default/js/scripts/pages/contact-2.js,.js,31,,,,unknown,unknown,65,55,catalog-only,False,none,primary,none,"Automation component for general; review for reusable script, workflow, deployment job, or infra automation.",automation-score:50,96c72522cad1cfed
fce22704aabeb3bc95d45a11,mbarbine__vanagain-site,automation,automation,automation-config,general,faq,faq,admin/public/assets/frontend/assets/demos/default/js/scripts/pages/faq.js,.js,20,,,,unknown,unknown,65,55,catalog-only,False,none,primary,none,"Automation component for general; review for reusable script, workflow, deployment job, or infra automation.",automation-score:50,3259adf0e6b039e9
90fda2aa3e91098133837422,mbarbine__vanagain-site,automation,automation,automation-config,general,4col-portfolio,4col-portfolio,admin/public/assets/frontend/assets/demos/default/js/scripts/pages/4col-portfolio.js,.js,62,,,,unknown,unknown,65,55,catalog-only,True,none,primary,none,"Automation component for general; review for reusable script, workflow, deployment job, or infra automation.",automation-score:50,b30566f0457aca35
c392b323e8ffd42535a99945,mbarbine__vanagain-site,automation,automation,automation-config,general,contact,contact,admin/public/assets/frontend/assets/demos/default/js/scripts/pages/contact.js,.js,41,,,,unknown,unknown,65,55,catalog-only,True,none,primary,none,"Automation component for general; review for reusable script, workflow, deployment job, or infra automation.",automation-score:50,d4be9d481bccb19a
767a48e4d9cf3752ab16edfb,mbarbine__vanagain-site,automation,automation,automation-config,general,index-gallery,index-gallery,admin/public/assets/frontend/assets/demos/default/js/scripts/pages/index-gallery.js,.js,36,,,,unknown,unknown,65,55,catalog-only,False,none,primary,none,"Automation component for general; review for reusable script, workflow, deployment job, or infra automation.",automation-score:50,759aaa36b54e6f70
75d23de5a91df5476cc3aaf9,mbarbine__vanagain-site,automation,automation,automation-config,general,2col-portfolio,2col-portfolio,admin/public/assets/frontend/assets/demos/default/js/scripts/pages/2col-portfolio.js,.js,53,,,,unknown,unknown,65,55,catalog-only,True,none,primary,none,"Automation component for general; review for reusable script, workflow, deployment job, or infra automation.",automation-score:50,73a7cde3052823a0
3d039bc7777df83f2040a4c3,mbarbine__vanagain-site,automation,automation,automation-config,general,masonry-gallery,masonry-gallery,admin/public/assets/frontend/assets/demos/default/js/scripts/pages/masonry-gallery.js,.js,62,,,,unknown,unknown,65,55,catalog-only,True,none,primary,none,"Automation component for general; review for reusable script, workflow, deployment job, or infra automation.",automation-score:50,42bac3a1f7faef25
5b599c38672de8d93d684d55,mbarbine__vanagain-site,automation,automation,automation-config,general,isotope-gallery,isotope-gallery,admin/public/assets/frontend/assets/demos/default/js/scripts/pages/isotope-gallery.js,.js,132,,,,unknown,unknown,65,55,catalog-only,True,none,primary,none,"Automation component for general; review for reusable script, workflow, deployment job, or infra automation.",automation-score:50,da646d9c3d382d91
6121302558e55248e54a93fa,mbarbine__vanagain-site,automation,automation,automation-config,general,isotope-grid,isotope-grid,admin/public/assets/frontend/assets/demos/default/js/scripts/pages/isotope-grid.js,.js,62,,,,unknown,unknown,65,55,catalog-only,True,none,primary,none,"Automation component for general; review for reusable script, workflow, deployment job, or infra automation.",automation-score:50,61f0f58a93f0947f
e0e0fc5a97bc94197be178a2,mbarbine__vanagain-site,automation,automation,automation-config,analytics,modals,modals,admin/public/assets/frontend/assets/demos/default/js/scripts/pages/modals.js,.js,32,,,,unknown,unknown,65,55,catalog-only,True,none,primary,none,"Automation component for analytics; review for reusable script, workflow, deployment job, or infra automation.",automation-score:50,d0bdaa73a1b954ce
e53564c2455bb360e02cf0c9,mbarbine__vanagain-site,automation,automation,automation-config,general,datepicker,datepicker,admin/public/assets/frontend/assets/demos/default/js/scripts/pages/datepicker.js,.js,29,,,,unknown,unknown,65,55,catalog-only,False,none,primary,none,"Automation component for general; review for reusable script, workflow, deployment job, or infra automation.",automation-score:50,d12bd0e5b2deef17
23c5cb03e7b870a90e7330f7,mbarbine__vanagain-site,automation,automation,automation-config,general,reveal-animate,reveal-animate,admin/public/assets/frontend/assets/demos/default/js/scripts/reveal-animate/reveal-animate.js,.js,38,,,,unknown,unknown,65,55,catalog-only,False,none,primary,none,"Automation component for general; review for reusable script, workflow, deployment job, or infra automation.",automation-score:50,6d121bd87010138f
789a0d3ad5e3858b49c6e096,mbarbine__vanagain-site,automation,automation,automation-config,analytics,jquery.min,jquery-min,admin/public/assets/admin/plugins/ckfinder/plugins/gallery/colorbox/jquery.min.js,.js,5,"Aa,Ba,D,Ea,Fa,G,I,J,La,Lb,Mb,Nb,O,Ob,P,Pb,Q,R,Ua,Va,Vb,Wa,Xa,Ya,Za,Zb",+i+,+i+,unknown,unknown,75,50,catalog-only,True,none,primary,none,"Automation component for analytics; review for reusable script, workflow, deployment job, or infra automation.","exports:Aa, Ba, D, Ea, Fa, G, I, J | imports:+i+ | automation-score:45",2a71b3343dfedaa3
df03e3d3569dcd4ea3f9a3c9,mbarbine__vanagain-site,automation,automation,automation-config,analytics,jquery-2.2.3.min,jquery-2-2-3-min,admin/public/assets/admin/plugins/jQuery/jquery-2.2.3.min.js,.js,4,"Ab,F,Fa,Ga,Gb,H,J,M,Ma,Mb,Na,Oa,Pa,Qa,R,Ra,W,Wa,Xa,Ya,Za",+i+,+i+,unknown,unknown,75,50,catalog-only,True,none,primary,none,"Automation component for analytics; review for reusable script, workflow, deployment job, or infra automation.","exports:Ab, F, Fa, Ga, Gb, H, J, M | imports:+i+ | automation-score:45",6b6de0d4db7876d1
aa3ea549b510e97578a7f9f1,mbarbine__vanagain-site,automation,automation,automation-config,shipping,phone-codes,phone-codes,admin/public/assets/admin/plugins/input-mask/phone-codes/phone-codes.json,.json,294,,,,unknown,unknown,55,50,catalog-only,True,none,primary,none,"Automation component for shipping; review for reusable script, workflow, deployment job, or infra automation.",automation-score:45 | cron-or-schedule,bcd0aa2402a317b6
f78941ae9818b008c90621b6,mbarbine__vanagain-site,automation,automation,automation-config,observability,pt,pt,admin/public/assets/admin/plugins/ckeditor/plugins/specialchar/dialogs/lang/pt.js,.js,13,,,,unknown,unknown,55,70,shared-automation-candidate,True,none,primary,none,"Automation component for observability; review for reusable script, workflow, deployment job, or infra automation.",automation-score:45 | cron-or-schedule,34357ce204a95b8d
a3ddeb22b9e311c4456bc46d,mbarbine__vanagain-site,automation,automation,automation-config,observability,et,et,admin/public/assets/admin/plugins/ckeditor/plugins/specialchar/dialogs/lang/et.js,.js,13,,,,unknown,unknown,55,70,shared-automation-candidate,True,none,primary,none,"Automation component for observability; review for reusable script, workflow, deployment job, or infra automation.",automation-score:45 | cron-or-schedule,41efc04e94fd794f
5363374a8d2847114f96f9e2,mbarbine__vanagain-site,automation,automation,automation-config,observability,sl,sl,admin/public/assets/admin/plugins/ckeditor/plugins/specialchar/dialogs/lang/sl.js,.js,12,,,,unknown,unknown,55,70,shared-automation-candidate,True,none,primary,none,"Automation component for observability; review for reusable script, workflow, deployment job, or infra automation.",automation-score:45 | cron-or-schedule,50b0265c4cff0228
0e323b037a03bbd6ab6ac2f0,mbarbine__vanagain-site,automation,automation,automation-config,observability,hr,hr,admin/public/assets/admin/plugins/ckeditor/plugins/specialchar/dialogs/lang/hr.js,.js,13,,,,unknown,unknown,55,70,shared-automation-candidate,True,none,primary,none,"Automation component for observability; review for reusable script, workflow, deployment job, or infra automation.",automation-score:45 | cron-or-schedule,a3aa9c87d1d8c2dc
710d2fd49883e017f4bf3f7b,mbarbine__vanagain-site,automation,automation,automation-config,observability,fi,fi,admin/public/assets/admin/plugins/ckeditor/plugins/specialchar/dialogs/lang/fi.js,.js,13,,,,unknown,unknown,55,70,shared-automation-candidate,True,none,primary,none,"Automation component for observability; review for reusable script, workflow, deployment job, or infra automation.",automation-score:45 | cron-or-schedule,2633f50ca3238fcf
a02eb81256e18f4828574b90,mbarbine__vanagain-site,automation,automation,automation-config,observability,th,th,admin/public/assets/admin/plugins/ckeditor/plugins/specialchar/dialogs/lang/th.js,.js,13,,,,unknown,unknown,55,70,shared-automation-candidate,True,none,primary,none,"Automation component for observability; review for reusable script, workflow, deployment job, or infra automation.",automation-score:45 | cron-or-schedule,73031176c9f646c2
869e7301065c3f5c02b1ad46,mbarbine__vanagain-site,automation,automation,automation-config,observability,eu,eu,admin/public/assets/admin/plugins/ckeditor/plugins/specialchar/dialogs/lang/eu.js,.js,13,,,,unknown,unknown,55,70,shared-automation-candidate,True,none,primary,none,"Automation component for observability; review for reusable script, workflow, deployment job, or infra automation.",automation-score:45 | cron-or-schedule,65e599877c721976
20284c1e523207c90f0607ae,mbarbine__vanagain-site,automation,automation,automation-config,observability,sq,sq,admin/public/assets/admin/plugins/ckeditor/plugins/specialchar/dialogs/lang/sq.js,.js,13,,,,unknown,unknown,55,70,shared-automation-candidate,True,none,primary,none,"Automation component for observability; review for reusable script, workflow, deployment job, or infra automation.",automation-score:45 | cron-or-schedule,b96ac6da1c145aec
4fc13296ba10e33762d04043,mbarbine__vanagain-site,automation,automation,automation-config,observability,bg,bg,admin/public/assets/admin/plugins/ckeditor/plugins/specialchar/dialogs/lang/bg.js,.js,13,,,,unknown,unknown,55,70,shared-automation-candidate,True,none,primary,none,"Automation component for observability; review for reusable script, workflow, deployment job, or infra automation.",automation-score:45 | cron-or-schedule,8d32e6e6bc692d57
31665cbcbb35cd20805b21db,mbarbine__vanagain-site,automation,automation,automation-config,observability,id,id,admin/public/assets/admin/plugins/ckeditor/plugins/specialchar/dialogs/lang/id.js,.js,13,,,,unknown,unknown,55,70,shared-automation-candidate,True,none,primary,none,"Automation component for observability; review for reusable script, workflow, deployment job, or infra automation.",automation-score:45 | cron-or-schedule,429a9583fd8689bf
9b7e8e7ff96dda35e9f6f5df,mbarbine__vanagain-site,automation,automation,automation-config,observability,ca,ca,admin/public/assets/admin/plugins/ckeditor/plugins/specialchar/dialogs/lang/ca.js,.js,14,,,,unknown,unknown,55,70,shared-automation-candidate,True,none,primary,none,"Automation component for observability; review for reusable script, workflow, deployment job, or infra automation.",automation-score:45 | cron-or-schedule,069908bf946e8e14
8ed1135a96ecd03f11e353eb,mbarbine__vanagain-site,automation,automation,automation-config,observability,cy,cy,admin/public/assets/admin/plugins/ckeditor/plugins/specialchar/dialogs/lang/cy.js,.js,14,,,,unknown,unknown,55,70,shared-automation-candidate,True,none,primary,none,"Automation component for observability; review for reusable script, workflow, deployment job, or infra automation.",automation-score:45 | cron-or-schedule,fe467b06d767d914
32a36d34226771c2b5b3f80c,mbarbine__vanagain-site,automation,automation,automation-config,observability,pt-br,pt-br,admin/public/assets/admin/plugins/ckeditor/plugins/specialchar/dialogs/lang/pt-br.js,.js,11,,,,unknown,unknown,55,70,shared-automation-candidate,True,none,primary,none,"Automation component for observability; review for reusable script, workflow, deployment job, or infra automation.",automation-score:45 | cron-or-schedule,c86c50b5e0ea3628
f7bcd087fd69bff532b7c4e1,mbarbine__vanagain-site,automation,automation,automation-config,observability,da,da,admin/public/assets/admin/plugins/ckeditor/plugins/specialchar/dialogs/lang/da.js,.js,11,,,,unknown,unknown,55,70,shared-automation-candidate,True,none,primary,none,"Automation component for observability; review for reusable script, workflow, deployment job, or infra automation.",automation-score:45 | cron-or-schedule,fde97114302ec854
35d2745555d175b1e44549f5,mbarbine__vanagain-site,automation,automation,automation-config,observability,en,en,admin/public/assets/admin/plugins/ckeditor/plugins/specialchar/dialogs/lang/en.js,.js,13,,,,unknown,unknown,55,70,shared-automation-candidate,True,none,primary,none,"Automation component for observability; review for reusable script, workflow, deployment job, or infra automation.",automation-score:45 | cron-or-schedule,f465fd139d19fc21
da9672c1f4ea59d7140c6c39,mbarbine__vanagain-site,automation,automation,automation-config,observability,sv,sv,admin/public/assets/admin/plugins/ckeditor/plugins/specialchar/dialogs/lang/sv.js,.js,11,,,,unknown,unknown,55,70,shared-automation-candidate,True,none,primary,none,"Automation component for observability; review for reusable script, workflow, deployment job, or infra automation.",automation-score:45 | cron-or-schedule,7c5756a4ca1611b6
e3253b520a431ff4b4e5314d,mbarbine__vanagain-site,automation,automation,automation-config,observability,km,km,admin/public/assets/admin/plugins/ckeditor/plugins/specialchar/dialogs/lang/km.js,.js,13,,,,unknown,unknown,55,70,shared-automation-candidate,True,none,primary,none,"Automation component for observability; review for reusable script, workflow, deployment job, or infra automation.",automation-score:45 | cron-or-schedule,4729cdfada9f64c6
d91987cdad550ae0b13bd808,mbarbine__vanagain-site,automation,automation,automation-config,observability,fr,fr,admin/public/assets/admin/plugins/ckeditor/plugins/specialchar/dialogs/lang/fr.js,.js,11,,,,unknown,unknown,55,70,shared-automation-candidate,True,none,primary,none,"Automation component for observability; review for reusable script, workflow, deployment job, or infra automation.",automation-score:45 | cron-or-schedule,fd4cb2edcff4f60f
b0b1d433bce785330f8d5dec,mbarbine__vanagain-site,automation,automation,automation-config,observability,nl,nl,admin/public/assets/admin/plugins/ckeditor/plugins/specialchar/dialogs/lang/nl.js,.js,13,,,,unknown,unknown,55,70,shared-automation-candidate,True,none,primary,none,"Automation component for observability; review for reusable script, workflow, deployment job, or infra automation.",automation-score:45 | cron-or-schedule,cfd166d099ef53ae
f9db73b74f4b88bae5754d9c,mbarbine__vanagain-site,automation,automation,automation-config,observability,fr-ca,fr-ca,admin/public/assets/admin/plugins/ckeditor/plugins/specialchar/dialogs/lang/fr-ca.js,.js,10,,,,unknown,unknown,50,70,shared-automation-candidate,True,none,primary,none,"Automation component for observability; review for reusable script, workflow, deployment job, or infra automation.",automation-score:45 | cron-or-schedule,eaa06bb202b0d439
e7500ff320a4a64f9a3d96b4,mbarbine__vanagain-site,automation,automation,automation-config,observability,en-gb,en-gb,admin/public/assets/admin/plugins/ckeditor/plugins/specialchar/dialogs/lang/en-gb.js,.js,13,,,,unknown,unknown,55,70,shared-automation-candidate,True,none,primary,none,"Automation component for observability; review for reusable script, workflow, deployment job, or infra automation.",automation-score:45 | cron-or-schedule,6b73e0addb1c8ee5
85111363786ebfb7f47c6cfc,mbarbine__vanagain-site,automation,automation,automation-config,observability,ar,ar,admin/public/assets/admin/plugins/ckeditor/plugins/specialchar/dialogs/lang/ar.js,.js,13,,,,unknown,unknown,55,70,shared-automation-candidate,True,none,primary,none,"Automation component for observability; review for reusable script, workflow, deployment job, or infra automation.",automation-score:45 | cron-or-schedule,8c7ae2d58076159c
97534670a2202a9042c2453e,mbarbine__vanagain-site,automation,automation,automation-config,observability,it,it,admin/public/assets/admin/plugins/ckeditor/plugins/specialchar/dialogs/lang/it.js,.js,14,,,,unknown,unknown,55,70,shared-automation-candidate,True,none,primary,none,"Automation component for observability; review for reusable script, workflow, deployment job, or infra automation.",automation-score:45 | cron-or-schedule,d974cf55b99af3b5
98afbed0ae468b193eff94e3,mbarbine__vanagain-site,automation,automation,automation-config,commerce,jquery.flot.fillbetween,jquery-flot-fillbetween,admin/public/assets/admin/plugins/flot/jquery.flot.fillbetween.js,.js,226,,,,unknown,unknown,55,50,catalog-only,False,none,primary,none,"Automation component for commerce; review for reusable script, workflow, deployment job, or infra automation.",automation-score:45,054dbc79bbfc6491
30a6e94b53e86697a39c0818,mbarbine__vanagain-site,automation,automation,automation-config,analytics,jquery.flot.categories,jquery-flot-categories,admin/public/assets/admin/plugins/flot/jquery.flot.categories.js,.js,190,,,,unknown,unknown,55,55,catalog-only,True,none,primary,none,"Automation component for analytics; review for reusable script, workflow, deployment job, or infra automation.",automation-score:45,9fbf9d2a3411f50f
ab53f1dcd14f603b8481a8c7,mbarbine__vanagain-site,automation,automation,automation-config,analytics,jquery.flot.resize,jquery-flot-resize,admin/public/assets/admin/plugins/flot/jquery.flot.resize.js,.js,60,,,,unknown,unknown,55,55,catalog-only,True,none,primary,none,"Automation component for analytics; review for reusable script, workflow, deployment job, or infra automation.",automation-score:45,760257b12c6ebac1
a0c03a9016a04d66abd57073,mbarbine__vanagain-site,automation,automation,automation-config,logic,jquery.flot.symbol,jquery-flot-symbol,admin/public/assets/admin/plugins/flot/jquery.flot.symbol.js,.js,71,,,,unknown,unknown,55,70,shared-automation-candidate,True,none,primary,none,"Automation component for logic; review for reusable script, workflow, deployment job, or infra automation.",automation-score:45,d90d87c28006cab5
c3fa4bb119711814b1456fd6,mbarbine__wildduck,automation,"automation,observability,security,ai",script,observability,setup,setup,setup.sh,.sh,460,,"example.com,request","example.com,request",unknown,unknown,75,90,shared-automation-candidate,True,none,primary,none,"Automation component for observability; review for reusable script, workflow, deployment job, or infra automation.","imports:example.com, request | automation-score:125 | observability-score:55 | security-score:55 | ai-score:45",8148ade5e3df9737
bfc65144f9817dc08feaac55,mbarbine__wildduck,automation,"automation,observability,ai",script,observability,troubleshoot,troubleshoot,troubleshoot.sh,.sh,118,,,,unknown,unknown,65,95,shared-automation-candidate,True,none,primary,none,"Automation component for observability; review for reusable script, workflow, deployment job, or infra automation.",automation-score:125 | observability-score:55 | ai-score:45,75893c2a3477b3d5
ccc393a17efe260acb71bb1c,mbarbine__wildduck,automation,"automation,observability,security",container-automation,observability,docker-compose-no-ssl,docker-compose-no-ssl,docker-compose-no-ssl.yml,.yml,249,,,,unknown,unknown,65,90,shared-automation-candidate,True,none,primary,none,"Automation component for observability; review for reusable script, workflow, deployment job, or infra automation.",automation-score:95 | observability-score:55 | security-score:55 | uses-env,8f3a061c526716fe
7320b98ca84c3ba8f8cdeb50,mbarbine__wildduck,automation,automation,container-automation,deployment,docker-compose.override,docker-compose-override,docker-compose.override.yml,.yml,51,,,,unknown,unknown,55,95,shared-automation-candidate,False,none,primary,none,"Automation component for deployment; review for reusable script, workflow, deployment job, or infra automation.",automation-score:95,4f6d55962450d1f7
50965e175b7ffe1f443d877d,mbarbine__wildduck,automation,"automation,observability,security",script,observability,manage,manage,manage.sh,.sh,1916,,,,unknown,unknown,65,75,shared-automation-candidate,True,none,primary,none,"Automation component for observability; review for reusable script, workflow, deployment job, or infra automation.",automation-score:125 | observability-score:55 | security-score:55,fd59648e79ca2814
9a77aecb41380cf448bddb87,mbarbine__wildduck,automation,"automation,observability",script,observability,run-mount-analysis,run-mount-analysis,run-mount-analysis.sh,.sh,56,,,,unknown,unknown,65,95,shared-automation-candidate,False,none,primary,none,"Automation component for observability; review for reusable script, workflow, deployment job, or infra automation.",automation-score:125 | observability-score:55,875745b2d5f7e9b8
ffd684efaeeb9f40a61a2c5f,mbarbine__wildduck,automation,"automation,backend",script,testing,test-services-quick,test-services-quick,test-services-quick.sh,.sh,99,,,,unknown,unknown,65,80,shared-automation-candidate,False,none,primary,none,"Automation component for testing; review for reusable script, workflow, deployment job, or infra automation.",automation-score:125 | backend-score:55,40e5fbb5e19701e0
2bbdcc87fc1cc4e6bc0ae755,mbarbine__wildduck,automation,"automation,observability,security,ai",script,observability,manage-users,manage-users,manage-users.sh,.sh,198,,,,unknown,unknown,65,95,shared-automation-candidate,True,none,primary,none,"Automation component for observability; review for reusable script, workflow, deployment job, or infra automation.",automation-score:80 | observability-score:55 | security-score:55 | ai-score:45,f5b816ead7b6cad7
1a2ef4fffc41a0c4c920fe4f,mbarbine__wildduck,automation,automation,container-automation,auth-and-keys,docker-compose-clean,docker-compose-clean,docker-compose-clean.yml,.yml,115,,,,unknown,unknown,55,95,shared-automation-candidate,False,none,primary,none,"Automation component for auth-and-keys; review for reusable script, workflow, deployment job, or infra automation.",automation-score:95,8d6ccc3a7360cd9a
167486215c662e4de59fc0bb,mbarbine__wildduck,automation,"automation,observability",script,observability,start-wildduck,start-wildduck,start-wildduck.sh,.sh,51,,,,unknown,unknown,65,95,shared-automation-candidate,True,none,primary,none,"Automation component for observability; review for reusable script, workflow, deployment job, or infra automation.",automation-score:125 | observability-score:55,8e747563c280c1cb
896fb7af3fc296fbee3df503,mbarbine__wildduck,automation,automation,container-automation,auth-and-keys,docker-compose-simple,docker-compose-simple,docker-compose-simple.yml,.yml,83,,,,unknown,unknown,55,95,shared-automation-candidate,False,none,primary,none,"Automation component for auth-and-keys; review for reusable script, workflow, deployment job, or infra automation.",automation-score:95,9cf32d785b7022f5
e5957a3d98f605030e6cb2a0,mbarbine__wildduck,automation,"automation,security",container-automation,auth-and-keys,docker-compose,docker-compose,docker-compose.yml,.yml,156,,,,unknown,unknown,65,95,shared-automation-candidate,False,none,primary,none,"Automation component for auth-and-keys; review for reusable script, workflow, deployment job, or infra automation.",automation-score:95 | security-score:55,257df96a0504808b
c2f453d3f37178aebd314ad0,mbarbine__wildduck,automation,"automation,observability",script,observability,config-summary,config-summary,config-summary.sh,.sh,113,,,,unknown,unknown,65,95,shared-automation-candidate,True,none,primary,none,"Automation component for observability; review for reusable script, workflow, deployment job, or infra automation.",automation-score:125 | observability-score:55,ccecff690c96b2a1
5dd7adf8a54eac5bf444ff80,mbarbine__wildduck,automation,"automation,observability",container-automation,observability,Dockerfile,dockerfile,zone-mta-build/Dockerfile,Dockerfile,27,,,,unknown,unknown,65,95,shared-automation-candidate,False,none,primary,none,"Automation component for observability; review for reusable script, workflow, deployment job, or infra automation.",automation-score:85 | observability-score:55,c315a570e962e4d7
c75db45272d42d974ffa7835,mbarbine__wildduck,automation,automation,script,testing,startup-with-proxy,startup-with-proxy,config/webmail/startup-with-proxy.sh,.sh,48,,,,unknown,unknown,55,80,shared-automation-candidate,True,none,primary,none,"Automation component for testing; review for reusable script, workflow, deployment job, or infra automation.",automation-score:80,b6b3d91940137526
fb51af9161b61696599de798,mbarbine__wildduck,automation,automation,script,general,localhost-proxy-entrypoint,localhost-proxy-entrypoint,config/wildduck/localhost-proxy-entrypoint.sh,.sh,13,,,,unknown,unknown,55,80,shared-automation-candidate,False,none,primary,none,"Automation component for general; review for reusable script, workflow, deployment job, or infra automation.",automation-score:80,2176003d5c17750f
066a076f15525a7fa856cd5c,mbarbine__wildduck,automation,automation,script,testing,startup-with-proxy,startup-with-proxy,config/wildduck/startup-with-proxy.sh,.sh,45,,,,unknown,unknown,55,80,shared-automation-candidate,True,none,primary,none,"Automation component for testing; review for reusable script, workflow, deployment job, or infra automation.",automation-score:80,965dd51a63fdfb3d
960e76e9f09a5e6f347ea19d,mbarbine__wildduck,automation,"automation,observability,security,logic",script,observability,pre-start-validation,pre-start-validation,scripts/pre-start-validation.sh,.sh,221,,,,unknown,unknown,75,90,shared-automation-candidate,True,none,primary,secondary,"Automation component for observability; review for reusable script, workflow, deployment job, or infra automation.",automation-score:175 | observability-score:55 | security-score:55 | logic-score:45,272a8166fa7786f5
1644da4e166ed82d4e2e16d5,mbarbine__wildduck,automation,"automation,observability,security,ai",script,observability,setup,setup,scripts/setup.ps1,.ps1,765,,,,unknown,unknown,75,75,shared-automation-candidate,True,none,primary,none,"Automation component for observability; review for reusable script, workflow, deployment job, or infra automation.",automation-score:175 | observability-score:55 | security-score:55 | ai-score:45,fe316a8843238946
de953ba8065dd170709dd32c,mbarbine__wildduck,automation,"automation,security",script,auth-and-keys,generate-certs,generate-certs,scripts/generate-certs.sh,.sh,85,,,,unknown,unknown,75,95,shared-automation-candidate,False,none,primary,none,"Automation component for auth-and-keys; review for reusable script, workflow, deployment job, or infra automation.",automation-score:130 | security-score:55,a427a594987a7751
96dcfbe0e87e8a369aba214f,mbarbine__wildduck,automation,"automation,observability,security",script,observability,ja4-plus-manager,ja4-plus-manager,scripts/ja4-plus-manager.sh,.sh,274,,,,unknown,unknown,75,90,shared-automation-candidate,True,none,primary,none,"Automation component for observability; review for reusable script, workflow, deployment job, or infra automation.",automation-score:175 | observability-score:55 | security-score:55,e389b3ce692582bb
1163f39a0b2298e78a59dde9,mbarbine__wildduck,automation,automation,script,deployment,start,start,scripts/start.bat,.bat,2,,,,unknown,unknown,60,90,shared-automation-candidate,False,none,primary,none,"Automation component for deployment; review for reusable script, workflow, deployment job, or infra automation.",automation-score:175,227cfed95632f857
fed9e1c392ebb245be8ff910,mbarbine__wildduck,automation,"automation,security",script,auth-and-keys,setup-wildduck-complete,setup-wildduck-complete,scripts/setup-wildduck-complete.sh,.sh,106,,,,unknown,unknown,75,95,shared-automation-candidate,True,none,primary,none,"Automation component for auth-and-keys; review for reusable script, workflow, deployment job, or infra automation.",automation-score:175 | security-score:55,74fcd9d54386532b
83cc0847cdac4aa87d7b14f7,mbarbine__wildduck,automation,"automation,observability",script,observability,validate-no-ssl,validate-no-ssl,scripts/validate-no-ssl.sh,.sh,209,,,,unknown,unknown,75,90,shared-automation-candidate,True,none,primary,none,"Automation component for observability; review for reusable script, workflow, deployment job, or infra automation.",automation-score:175 | observability-score:55,23204958c2cb64ec
6b1e3d13ce758dd7ea486f58,mbarbine__wildduck,automation,"automation,observability,security",script,observability,test-manage-script,test-manage-script,scripts/test-manage-script.sh,.sh,501,,,,unknown,unknown,75,80,shared-automation-candidate,True,none,primary,none,"Automation component for observability; review for reusable script, workflow, deployment job, or infra automation.",automation-score:175 | observability-score:55 | security-score:55,148f33ecd35c9596
047ff03fe6b5abf33e682bc9,mbarbine__wildduck,automation,"automation,observability",script,observability,test-redis-network,test-redis-network,scripts/test-redis-network.sh,.sh,148,,,,unknown,unknown,75,95,shared-automation-candidate,True,none,primary,none,"Automation component for observability; review for reusable script, workflow, deployment job, or infra automation.",automation-score:175 | observability-score:55,5b62612bac65e24b
dfe0766bc1724339a14153dd,mbarbine__wildduck,automation,"automation,observability,security",script,observability,install-ja4-plus,install-ja4-plus,scripts/install-ja4-plus.sh,.sh,524,"JA4PlusIntegration,Redis","mongodb,redis","mongodb,redis",unknown,unknown,100,80,shared-automation-candidate,True,none,primary,none,"Automation component for observability; review for reusable script, workflow, deployment job, or infra automation.","exports:JA4PlusIntegration, Redis | imports:mongodb, redis | automation-score:175 | observability-score:55 | security-score:55",c2a1377ed5b5c1e4
0933bad6443051796694969f,mbarbine__wildduck,automation,"automation,observability,security",script,observability,validate-setup,validate-setup,scripts/validate-setup.sh,.sh,93,,,,unknown,unknown,75,95,shared-automation-candidate,True,none,primary,none,"Automation component for observability; review for reusable script, workflow, deployment job, or infra automation.",automation-score:175 | observability-score:55 | security-score:55,198f9ec7f1bf7834
02220b0019261d62474599a4,mbarbine__wildduck,automation,"automation,security",script,auth-and-keys,generate-secrets,generate-secrets,scripts/generate-secrets.sh,.sh,29,,,,unknown,unknown,75,95,shared-automation-candidate,False,none,primary,none,"Automation component for auth-and-keys; review for reusable script, workflow, deployment job, or infra automation.",automation-score:130 | security-score:55,bf64d80b4ecba5a1
fa5bb2b3b7cb5d85a6e1447c,mbarbine__wildduck,automation,automation,script,testing,setup-admin-user,setup-admin-user,scripts/setup-admin-user.sh,.sh,37,,,,unknown,unknown,65,80,shared-automation-candidate,True,none,primary,none,"Automation component for testing; review for reusable script, workflow, deployment job, or infra automation.",automation-score:130,a017cf583fa521c3
badff9c915f71ddd36e64763,mbarbine__wildduck,automation,"automation,observability,security",automation-config,observability,integrate-wildduck,integrate-wildduck,scripts/ja4-plus/integrate-wildduck.js,.js,129,"JA4PlusIntegration,Redis","mongodb,redis","mongodb,redis",unknown,unknown,100,70,shared-automation-candidate,True,none,primary,none,"Automation component for observability; review for reusable script, workflow, deployment job, or infra automation.","exports:JA4PlusIntegration, Redis | imports:mongodb, redis | automation-score:95 | observability-score:55 | security-score:55",a95205ea36698252
920bc3b576286b8e7af48b21,mbarbine__wildduck,automation,"automation,observability,security",script,observability,monitor-ja4,monitor-ja4,scripts/ja4-plus/monitor-ja4.sh,.sh,65,,,,unknown,unknown,75,95,shared-automation-candidate,True,none,primary,none,"Automation component for observability; review for reusable script, workflow, deployment job, or infra automation.",automation-score:175 | observability-score:55 | security-score:55,2cc8b9540a7c9afe
eb3ab486a7feddcb87cb8eb7,mbarbine__wildduck,automation,"automation,observability,security",container-automation,observability,Dockerfile,dockerfile,ja4-build/Dockerfile,Dockerfile,32,,,,unknown,unknown,65,95,shared-automation-candidate,False,none,primary,none,"Automation component for observability; review for reusable script, workflow, deployment job, or infra automation.",automation-score:85 | observability-score:55 | security-score:55,4f9495713daf0be1
8199b207866eaca5d6993428,mbarbine__www-demo-biofeedback-app-development,automation,automation,automation-config,analytics,jest.config,jest-config,jest.config.js,.js,25,,,,next-react,pnpm,55,55,catalog-only,True,none,primary,none,"Automation component for analytics; review for reusable script, workflow, deployment job, or infra automation.",automation-score:45,cb4b962791bf905d
de1cef2435c1f3fa0cc30d6b,mbarbine__www-demo-biofeedback-app-development,automation,automation,automation-config,analytics,jest.setup,jest-setup,jest.setup.ts,.ts,95,ResizeObserver,,,next-react,pnpm,70,55,catalog-only,True,none,primary,none,"Automation component for analytics; review for reusable script, workflow, deployment job, or infra automation.",exports:ResizeObserver | automation-score:45,2f03399496f38bbc
ec2229f13bc41cef6a6a989b,mbarbine__xsociety,automation,"automation,security,ai",script,ai,xsociety_installer,xsociety-installer,xsociety_installer.sh,.sh,96,,,,unknown,python,65,95,shared-automation-candidate,True,none,primary,none,"Automation component for ai; review for reusable script, workflow, deployment job, or infra automation.",automation-score:80 | security-score:55 | ai-score:45,c1f7549f436d2454
82182ab306d0ff415343284f,mbarbine__xsociety,automation,"automation,observability",script,observability,xsociety_gui_installer,xsociety-gui-installer,xsociety_gui_installer.sh,.sh,53,,,,unknown,python,65,95,shared-automation-candidate,True,none,primary,none,"Automation component for observability; review for reusable script, workflow, deployment job, or infra automation.",automation-score:80 | observability-score:55,d58aabbac418d62e
279ebdcf882855c7248de91e,mbarbine__xsociety,automation,"automation,observability,security",script,observability,monitor-mtips-environment,monitor-mtips-environment,pipeline/cookbooks/monitor-mtips-environment.sh,.sh,40,,,,unknown,python,65,95,shared-automation-candidate,True,none,primary,none,"Automation component for observability; review for reusable script, workflow, deployment job, or infra automation.",automation-score:80 | observability-score:55 | security-score:55,34c25903da8513a9
e8081062f683a2955a8a236c,mbarbine__xsociety,automation,automation,script,general,headers,headers,pipeline/cookbooks/headers.sh,.sh,9,,,,unknown,python,50,75,shared-automation-candidate,False,none,primary,none,"Automation component for general; review for reusable script, workflow, deployment job, or infra automation.",automation-score:80,d32ac3927c5f6c41
5529fd4882f0437a1809d0c9,mbarbine__xsociety,automation,"automation,security",script,auth-and-keys,add_piv_key,add-piv-key,pipeline/cookbooks/aws_account_setup/add_piv_key.sh,.sh,20,,,,unknown,python,65,95,shared-automation-candidate,False,none,primary,none,"Automation component for auth-and-keys; review for reusable script, workflow, deployment job, or infra automation.",automation-score:80 | security-score:55,c3b43cf8e16cdd92
c21aff237b1a8173af55d0f6,mbarbine__xsociety,automation,"automation,security",script,shipping,create-options,create-options,pipeline/cookbooks/aws_account_setup/vpc_mgmt/create-options.sh,.sh,38,,,,unknown,python,65,80,shared-automation-candidate,True,none,primary,none,"Automation component for shipping; review for reusable script, workflow, deployment job, or infra automation.",automation-score:80 | security-score:55,42641e1b6eae5817
cb6a063e00e7291597af8903,mbarbine__xsociety,automation,"automation,security",script,shipping,converge-nacls,converge-nacls,pipeline/cookbooks/aws_account_setup/vpc_mgmt/converge-nacls.sh,.sh,73,,,,unknown,python,65,80,shared-automation-candidate,True,none,primary,none,"Automation component for shipping; review for reusable script, workflow, deployment job, or infra automation.",automation-score:80 | security-score:55,b5ca1c8a9c8eea2a
8adf9a6ab1188435e07fbe2f,mbarbine__xsociety,automation,automation,script,shipping,vpc_properties,vpc-properties,pipeline/cookbooks/aws_account_setup/vpc_mgmt/target_vpcs/prod/vpc_properties.sh,.sh,7,,,,unknown,python,50,75,shared-automation-candidate,True,none,primary,none,"Automation component for shipping; review for reusable script, workflow, deployment job, or infra automation.",automation-score:80,1120da9a040b1e63
9727ace91030aceb7e03f81e,mbarbine__xsociety,automation,automation,script,shipping,vpc_properties,vpc-properties,pipeline/cookbooks/aws_account_setup/vpc_mgmt/target_vpcs/pubdev/vpc_properties.sh,.sh,6,,,,unknown,python,50,75,shared-automation-candidate,True,none,primary,none,"Automation component for shipping; review for reusable script, workflow, deployment job, or infra automation.",automation-score:80,2bbe1c9ce83ed9c9
c752629a21541abf771407e6,mbarbine__xsociety,automation,automation,script,shipping,vpc_properties,vpc-properties,pipeline/cookbooks/aws_account_setup/vpc_mgmt/target_vpcs/int/vpc_properties.sh,.sh,7,,,,unknown,python,50,75,shared-automation-candidate,True,none,primary,none,"Automation component for shipping; review for reusable script, workflow, deployment job, or infra automation.",automation-score:80,67020b43505ead36
9b74409c4e309a13a42209d9,mbarbine__xsociety,automation,automation,script,shipping,vpc_properties,vpc-properties,pipeline/cookbooks/aws_account_setup/vpc_mgmt/target_vpcs/fakeprod/vpc_properties.sh,.sh,6,,,,unknown,python,50,75,shared-automation-candidate,True,none,primary,none,"Automation component for shipping; review for reusable script, workflow, deployment job, or infra automation.",automation-score:80,2e1973267a105fa3
de2565bc9bccec776c7a118a,mbarbine__xsociety,automation,automation,script,testing,MyGet,my-get,html/components/bootstrap/nuget/MyGet.ps1,.ps1,8,,,,unknown,python,60,75,shared-automation-candidate,True,none,primary,none,"Automation component for testing; review for reusable script, workflow, deployment job, or infra automation.",automation-score:80,e1c3c9eca85c42dd
9bdadbc5f84500198b7a13c2,mbarbine__xsociety,automation,automation,script,general,make,make,html/components/datatables-plugins/make.sh,.sh,26,,,,unknown,python,65,80,shared-automation-candidate,True,none,primary,none,"Automation component for general; review for reusable script, workflow, deployment job, or infra automation.",automation-score:80,f9e0046c359ed339
d817e9b925a42ca912233a5d,mbarbine__xsociety,automation,automation,automation-config,analytics,jquery,jquery,html/components/datatables/media/js/jquery.js,.js,5,"Aa,Ba,D,Ea,Fa,G,I,J,La,Lb,Mb,Nb,O,Ob,P,Pb,Q,R,Ua,Va,Vb,Wa,Xa,Ya,Za,Zb",+i+,+i+,unknown,python,85,50,catalog-only,True,none,primary,none,"Automation component for analytics; review for reusable script, workflow, deployment job, or infra automation.","exports:Aa, Ba, D, Ea, Fa, G, I, J | imports:+i+ | automation-score:45",329ab92b9276ef4e
82839de36cf2a87326585826,mbarbine__xsociety,automation,automation,automation-config,shipping,getStyles,get-styles,html/components/jquery/src/css/var/getStyles.js,.js,12,,,,unknown,python,65,55,catalog-only,True,none,primary,none,"Automation component for shipping; review for reusable script, workflow, deployment job, or infra automation.",automation-score:45,ae90d38f9c451845
33e3bb4650e8e0fae848a084,mbarbine__xsociety,automation,automation,automation-config,testing,val,val,html/components/jquery/src/attributes/val.js,.js,161,,,,unknown,python,65,55,catalog-only,False,none,primary,none,"Automation component for testing; review for reusable script, workflow, deployment job, or infra automation.",automation-score:45,c6916ab5abce89fc
40ba240cd64ead9979d6acc6,mbarbine__xsociety,automation,automation,automation-config,logic,Tween,tween,html/components/jquery/src/effects/Tween.js,.js,114,Tween,,,unknown,python,80,70,shared-automation-candidate,True,none,primary,none,"Automation component for logic; review for reusable script, workflow, deployment job, or infra automation.",exports:Tween | automation-score:45,e6f11d5f4d737a75
00b41315fb0f80c0e0c2ccf7,mbarbine__xsociety,automation,automation,automation-config,testing,script,script,html/components/jquery/src/ajax/script.js,.js,64,,,,unknown,python,65,55,catalog-only,True,none,primary,none,"Automation component for testing; review for reusable script, workflow, deployment job, or infra automation.",automation-score:50,869ecf70293309bf
5cb808befe27313742d9fcb5,mbarbine__xsociety,automation,"automation,process",script,shipping,run,run,html/components/morrisjs/spec/viz/run.sh,.sh,32,,,,unknown,python,75,80,shared-automation-candidate,True,secondary,primary,none,"Automation component for shipping; review for reusable script, workflow, deployment job, or infra automation.",automation-score:80 | process-score:45,cc4cb3a9c59f93e8
195a2a1a9fcba748fd07b549,mbarbine__xsociety,automation,automation,automation-config,commerce,jquery.flot.fillbetween,jquery-flot-fillbetween,html/components/flot/jquery.flot.fillbetween.js,.js,226,,,,unknown,python,65,50,catalog-only,False,none,primary,none,"Automation component for commerce; review for reusable script, workflow, deployment job, or infra automation.",automation-score:45,a3e45f52fb5c3f2b
3e456c20865978d0d6308b0b,mbarbine__xsociety,automation,automation,automation-config,analytics,jquery.flot.categories,jquery-flot-categories,html/components/flot/jquery.flot.categories.js,.js,190,,,,unknown,python,65,55,catalog-only,True,none,primary,none,"Automation component for analytics; review for reusable script, workflow, deployment job, or infra automation.",automation-score:45,6e81664b28ea795c
eda6adcaf7a82db777641488,mbarbine__xsociety,automation,automation,automation-config,testing,Makefile,makefile,html/components/flot/Makefile,Makefile,12,,,,unknown,python,65,55,catalog-only,True,none,primary,none,"Automation component for testing; review for reusable script, workflow, deployment job, or infra automation.",automation-score:85,e679f5afacdb2fd2
a09b125c7ba11cf1b6dbea54,mbarbine__xsociety,automation,automation,automation-config,analytics,jquery.flot.resize,jquery-flot-resize,html/components/flot/jquery.flot.resize.js,.js,59,,,,unknown,python,65,55,catalog-only,True,none,primary,none,"Automation component for analytics; review for reusable script, workflow, deployment job, or infra automation.",automation-score:45,8b9f5146f324ab0f
6b9dea9d8fe461ff58ffea44,mbarbine__xsociety,automation,automation,automation-config,logic,jquery.flot.symbol,jquery-flot-symbol,html/components/flot/jquery.flot.symbol.js,.js,71,,,,unknown,python,65,70,shared-automation-candidate,True,none,primary,none,"Automation component for logic; review for reusable script, workflow, deployment job, or infra automation.",automation-score:45,67313e781ff843a1
e33231898e97ee3ca1f95714,mbarbine__xsociety,automation,automation,script,general,yearistype,yearistype,html/components/flot/examples/axes-time-zones/tz/yearistype.sh,.sh,38,,,,unknown,python,65,80,shared-automation-candidate,False,none,primary,none,"Automation component for general; review for reusable script, workflow, deployment job, or infra automation.",automation-score:80,19552b09fa5b9f93
df125ab78dc809aade577877,mbarbine__xsociety,automation,automation,script,general,make,make,html/components/datatables-responsive/make.sh,.sh,32,,,,unknown,python,65,80,shared-automation-candidate,True,none,primary,none,"Automation component for general; review for reusable script, workflow, deployment job, or infra automation.",automation-score:80,55a0ad154571a094
ed9c2ff9f5e068fb7bf27eca,mbarbine__xsociety,automation,automation,automation-config,general,bootstrap,bootstrap,ansible/bootstrap/bootstrap.yml,.yml,7,,,,unknown,python,50,50,catalog-only,False,none,primary,none,"Automation component for general; review for reusable script, workflow, deployment job, or infra automation.",automation-score:50,1a76960cc06f6076
1435502b6cae2aba49351163,mbarbine__xsociety,automation,"automation,security",script,ai,create-tree,create-tree,ansible/host-config/create-tree.sh,.sh,77,,,,unknown,python,65,95,shared-automation-candidate,True,none,primary,none,"Automation component for ai; review for reusable script, workflow, deployment job, or infra automation.",automation-score:130 | security-score:55,9954ac6d08555fd4
4cdbee9e2ca4c3ce79f02307,mbarbine__xsociety,automation,"automation,security",automation-config,ai,main,main,ansible/roles/xsociety_setup/tasks/main.yml,.yml,51,,,,unknown,python,65,70,shared-automation-candidate,True,none,primary,none,"Automation component for ai; review for reusable script, workflow, deployment job, or infra automation.",automation-score:95 | security-score:55,b062d997e1306662
bf96c2960b83c9b70f7dc4a7,mbarbine__xsociety,automation,automation,script,ai,gradlew,gradlew,APKs/AndroidAgentBAK/gradlew.bat,.bat,90,,,,unknown,python,55,95,shared-automation-candidate,True,none,primary,none,"Automation component for ai; review for reusable script, workflow, deployment job, or infra automation.",automation-score:80,f4f428c5626b3d90
fbaeae307aa4cfb84a5b811f,mbarbine__zornixOS,automation,"automation,observability",container-automation,observability,Dockerfile,dockerfile,Dockerfile,Dockerfile,117,,,,unknown,unknown,65,95,shared-automation-candidate,True,none,primary,none,"Automation component for observability; review for reusable script, workflow, deployment job, or infra automation.",automation-score:85 | observability-score:55,3aaff199a4fe83a4
9e32546743b464e0b3093ecf,mbarbine__zornixOS,automation,automation,container-automation,deployment,docker-compose,docker-compose,docker-compose.yml,.yml,15,,,,unknown,unknown,55,95,shared-automation-candidate,False,none,primary,none,"Automation component for deployment; review for reusable script, workflow, deployment job, or infra automation.",automation-score:95,7107d065210bd921
cbea68980bad0736c77c27e3,mbarbine__zornixOS,automation,"automation,ai",script,commerce,tclConfig,tcl-config,tools/lib64/tclConfig.sh,.sh,169,,,,unknown,unknown,65,80,shared-automation-candidate,True,none,primary,none,"Automation component for commerce; review for reusable script, workflow, deployment job, or infra automation.",automation-score:80 | ai-score:45,fcee94c1a1478b23
a42999d2ee92a44d400b1162,mbarbine__zornixOS,automation,automation,script,shipping,tclooConfig,tcloo-config,tools/lib64/tclooConfig.sh,.sh,19,,,,unknown,unknown,55,80,shared-automation-candidate,True,none,primary,none,"Automation component for shipping; review for reusable script, workflow, deployment job, or infra automation.",automation-score:80,9a3210c14cba9aea
2c2fde0b49741d35a16422d2,mbarbine__zornixOS,automation,automation,automation-config,testing,Makefile,makefile,tools/lib64/perl5/5.28.0/unicore/Makefile,Makefile,6,,,,unknown,unknown,50,50,catalog-only,False,none,primary,none,"Automation component for testing; review for reusable script, workflow, deployment job, or infra automation.",automation-score:85,5d427e7d7cbc6fd9
2be101f11c6adafa474f9af5,mbarbine__zornixOS,automation,"automation,process,observability,security,ai",automation-config,observability,Scripts,scripts,tools/lib64/perl5/5.28.0/unicore/Scripts.txt,.txt,2693,,,,unknown,unknown,75,50,catalog-only,True,secondary,primary,none,"Automation component for observability; review for reusable script, workflow, deployment job, or infra automation.",automation-score:95 | process-score:65 | observability-score:55 | security-score:55 | ai-score:45 | cron-or-schedule,d02e24e4c516e909
de14386bb93f0895566d6e15,mbarbine__zornixOS,automation,automation,script,shipping,itclConfig,itcl-config,tools/lib64/itcl4.1.1/itclConfig.sh,.sh,67,,,,unknown,unknown,55,80,shared-automation-candidate,True,none,primary,none,"Automation component for shipping; review for reusable script, workflow, deployment job, or infra automation.",automation-score:80,f13a2884bd495549
8d7a0e12f074fcc8b5745405,mbarbine__zornixOS,automation,automation,script,shipping,tdbcConfig,tdbc-config,tools/lib64/tdbc1.0.6/tdbcConfig.sh,.sh,81,,,,unknown,unknown,55,80,shared-automation-candidate,True,none,primary,none,"Automation component for shipping; review for reusable script, workflow, deployment job, or infra automation.",automation-score:80,9532582de0496725
eabb21449530c42dfe136e6e,mbarbine__zornixOS,automation,automation,script,game,fixinc,fixinc,tools/libexec/gcc/x86_64-pc-linux-gnu/8.2.0/install-tools/fixinc.sh,.sh,514,,,,unknown,unknown,55,65,shared-automation-candidate,True,none,primary,none,"Automation component for game; review for reusable script, workflow, deployment job, or infra automation.",automation-score:80,f5b622d276c03f1a
4263d76e078bf81662fb5f85,mbarbine__zornixOS,automation,automation,script,game,fixinc,fixinc,tools/libexec/gcc/x86_64-lfs-linux-gnu/8.2.0/install-tools/fixinc.sh,.sh,514,,,,unknown,unknown,55,65,shared-automation-candidate,True,none,primary,none,"Automation component for game; review for reusable script, workflow, deployment job, or infra automation.",automation-score:80,f5b622d276c03f1a
e2c09407b55667feed1f8742,mbarbine__zornixOS,automation,automation,script,shipping,..install,install,tools/include/drm/..install.cmd,.cmd,1,,,,unknown,unknown,50,75,shared-automation-candidate,True,none,primary,none,"Automation component for shipping; review for reusable script, workflow, deployment job, or infra automation.",automation-score:80,ac312effe6d50989
d561215923de4892c2d934c0,mbarbine__zornixOS,automation,automation,script,shipping,..install,install,tools/include/misc/..install.cmd,.cmd,1,,,,unknown,unknown,50,75,shared-automation-candidate,True,none,primary,none,"Automation component for shipping; review for reusable script, workflow, deployment job, or infra automation.",automation-score:80,dc92d2121629fabe
9d0920a294996753f329e32c,mbarbine__zornixOS,automation,automation,script,analytics,..install,install,tools/include/asm-generic/..install.cmd,.cmd,1,,,,unknown,unknown,50,75,shared-automation-candidate,True,none,primary,none,"Automation component for analytics; review for reusable script, workflow, deployment job, or infra automation.",automation-score:80,7f6922c31b4a2a8c
93279cef288c313d6e9c6077,mbarbine__zornixOS,automation,automation,script,shipping,..install,install,tools/include/xen/..install.cmd,.cmd,1,,,,unknown,unknown,50,75,shared-automation-candidate,True,none,primary,none,"Automation component for shipping; review for reusable script, workflow, deployment job, or infra automation.",automation-score:80,cb93ea9803de5379
415666de4a9df8680dd580d9,mbarbine__zornixOS,automation,automation,script,media,..install,install,tools/include/video/..install.cmd,.cmd,1,,,,unknown,unknown,50,75,shared-automation-candidate,False,none,primary,none,"Automation component for media; review for reusable script, workflow, deployment job, or infra automation.",automation-score:80,49fca5cc6f1a01a0
c630684b9d7d415e74e81af3,mbarbine__zornixOS,automation,"automation,observability",script,observability,..install,install,tools/include/asm/..install.cmd,.cmd,1,,,,unknown,unknown,60,90,shared-automation-candidate,True,none,primary,none,"Automation component for observability; review for reusable script, workflow, deployment job, or infra automation.",automation-score:80 | observability-score:55,7799fada1f4ef2ec
88745c5e7823058cdfc2441a,mbarbine__zornixOS,automation,automation,script,shipping,..install,install,tools/include/scsi/..install.cmd,.cmd,1,,,,unknown,unknown,50,75,shared-automation-candidate,True,none,primary,none,"Automation component for shipping; review for reusable script, workflow, deployment job, or infra automation.",automation-score:80,b2881b6cc6ccb052
0173fc643c040bc6b808ba19,mbarbine__zornixOS,automation,automation,script,shipping,..install,install,tools/include/scsi/fc/..install.cmd,.cmd,1,,,,unknown,unknown,50,75,shared-automation-candidate,True,none,primary,none,"Automation component for shipping; review for reusable script, workflow, deployment job, or infra automation.",automation-score:80,d664c94245238ffd
b9926741a8400989777da5d7,mbarbine__zornixOS,automation,automation,script,shipping,..install,install,tools/include/rdma/..install.cmd,.cmd,1,,,,unknown,unknown,50,75,shared-automation-candidate,True,none,primary,none,"Automation component for shipping; review for reusable script, workflow, deployment job, or infra automation.",automation-score:80,f561bce6c2a077d5
1e664cd35cd9a564b4b6bffa,mbarbine__zornixOS,automation,automation,script,shipping,..install,install,tools/include/rdma/hfi/..install.cmd,.cmd,1,,,,unknown,unknown,50,75,shared-automation-candidate,True,none,primary,none,"Automation component for shipping; review for reusable script, workflow, deployment job, or infra automation.",automation-score:80,d12324706156f600
ba008af235f2f4e87545bdf9,mbarbine__zornixOS,automation,"automation,observability,security",script,observability,..install,install,tools/include/linux/..install.cmd,.cmd,1,,,,unknown,unknown,60,90,shared-automation-candidate,True,none,primary,none,"Automation component for observability; review for reusable script, workflow, deployment job, or infra automation.",automation-score:80 | observability-score:55 | security-score:55,572703c88db2dac0
10b88fbc587dd366697e14e6,mbarbine__zornixOS,automation,"automation,observability",script,observability,..install,install,tools/include/linux/netfilter_ipv6/..install.cmd,.cmd,1,,,,unknown,unknown,60,90,shared-automation-candidate,True,none,primary,none,"Automation component for observability; review for reusable script, workflow, deployment job, or infra automation.",automation-score:80 | observability-score:55,3a5460dc2033eb04
b972f702bb08340daba121cf,mbarbine__zornixOS,automation,automation,script,shipping,..install,install,tools/include/linux/mmc/..install.cmd,.cmd,1,,,,unknown,unknown,50,75,shared-automation-candidate,True,none,primary,none,"Automation component for shipping; review for reusable script, workflow, deployment job, or infra automation.",automation-score:80,8032c4cc4f4f311b
a01114e65c5822975e588e33,mbarbine__zornixOS,automation,automation,script,shipping,..install,install,tools/include/linux/can/..install.cmd,.cmd,1,,,,unknown,unknown,50,75,shared-automation-candidate,True,none,primary,none,"Automation component for shipping; review for reusable script, workflow, deployment job, or infra automation.",automation-score:80,8b101e4b647be7ec
e28a9083c6902bede39a981c,mbarbine__zornixOS,automation,automation,script,shipping,..install,install,tools/include/linux/hdlc/..install.cmd,.cmd,1,,,,unknown,unknown,50,75,shared-automation-candidate,True,none,primary,none,"Automation component for shipping; review for reusable script, workflow, deployment job, or infra automation.",automation-score:80,52bb29ec351fae83
c55d978cddd1b715c3c609f4,mbarbine__zornixOS,automation,automation,script,shipping,..install,install,tools/include/linux/nfsd/..install.cmd,.cmd,1,,,,unknown,unknown,50,75,shared-automation-candidate,True,none,primary,none,"Automation component for shipping; review for reusable script, workflow, deployment job, or infra automation.",automation-score:80,6348fd74c2bdf4d4
9328290298ff635544152f5b,mbarbine__zornixOS,automation,automation,script,commerce,..install,install,tools/include/linux/byteorder/..install.cmd,.cmd,1,,,,unknown,unknown,50,75,shared-automation-candidate,False,none,primary,none,"Automation component for commerce; review for reusable script, workflow, deployment job, or infra automation.",automation-score:80,5fdc886983d69d57
2c8c9757cdefe37cfa780376,mbarbine__zornixOS,automation,automation,script,media,..install,install,tools/include/linux/dvb/..install.cmd,.cmd,1,,,,unknown,unknown,50,75,shared-automation-candidate,False,none,primary,none,"Automation component for media; review for reusable script, workflow, deployment job, or infra automation.",automation-score:80,af18c00d2aba7379
1f5d2206f658763d9a5763ea,mbarbine__zornixOS,automation,automation,script,shipping,..install,install,tools/include/linux/sched/..install.cmd,.cmd,1,,,,unknown,unknown,50,75,shared-automation-candidate,True,none,primary,none,"Automation component for shipping; review for reusable script, workflow, deployment job, or infra automation.",automation-score:80,d57ade40cc34c551
ade5bcc05cc8234bd69ca9e5,mbarbine__zornixOS,automation,"automation,observability",script,observability,..install,install,tools/include/linux/netfilter/..install.cmd,.cmd,1,,,,unknown,unknown,60,90,shared-automation-candidate,True,none,primary,none,"Automation component for observability; review for reusable script, workflow, deployment job, or infra automation.",automation-score:80 | observability-score:55,770f0c1d369b5912
1c1a31c58addd2bfde18c6ea,mbarbine__zornixOS,automation,automation,script,shipping,..install,install,tools/include/linux/netfilter/ipset/..install.cmd,.cmd,1,,,,unknown,unknown,50,75,shared-automation-candidate,True,none,primary,none,"Automation component for shipping; review for reusable script, workflow, deployment job, or infra automation.",automation-score:80,d07c15d5fc2da92e
ab2c5aba86b67f8840c8b484,mbarbine__zornixOS,automation,automation,script,media,..install,install,tools/include/linux/usb/..install.cmd,.cmd,1,,,,unknown,unknown,50,75,shared-automation-candidate,False,none,primary,none,"Automation component for media; review for reusable script, workflow, deployment job, or infra automation.",automation-score:80,394185f9fd592c1c
c818e42e4f6b71df7fd0c501,mbarbine__zornixOS,automation,automation,script,shipping,..install,install,tools/include/linux/isdn/..install.cmd,.cmd,1,,,,unknown,unknown,50,75,shared-automation-candidate,True,none,primary,none,"Automation component for shipping; review for reusable script, workflow, deployment job, or infra automation.",automation-score:80,e04f85b819c41572
d1be4a53a25ec92795de9ee5,mbarbine__zornixOS,automation,automation,script,shipping,..install,install,tools/include/linux/spi/..install.cmd,.cmd,1,,,,unknown,unknown,50,75,shared-automation-candidate,True,none,primary,none,"Automation component for shipping; review for reusable script, workflow, deployment job, or infra automation.",automation-score:80,2441c1d6d06116bd
3e23cc2e99f5f097c186bd09,mbarbine__zornixOS,automation,automation,script,shipping,..install,install,tools/include/linux/cifs/..install.cmd,.cmd,1,,,,unknown,unknown,50,75,shared-automation-candidate,True,none,primary,none,"Automation component for shipping; review for reusable script, workflow, deployment job, or infra automation.",automation-score:80,9108399ccda6b4fd
4fe858db0d8296778d2fe872,mbarbine__zornixOS,automation,"automation,observability",script,observability,..install,install,tools/include/linux/netfilter_ipv4/..install.cmd,.cmd,1,,,,unknown,unknown,60,90,shared-automation-candidate,True,none,primary,none,"Automation component for observability; review for reusable script, workflow, deployment job, or infra automation.",automation-score:80 | observability-score:55,0956bd1f0178c0c6
4017f878a3bc4e8b72d117a2,mbarbine__zornixOS,automation,automation,script,shipping,..install,install,tools/include/linux/sunrpc/..install.cmd,.cmd,1,,,,unknown,unknown,50,75,shared-automation-candidate,True,none,primary,none,"Automation component for shipping; review for reusable script, workflow, deployment job, or infra automation.",automation-score:80,8f061363ba0796d5
ef8b3f2993528b559ac02f46,mbarbine__zornixOS,automation,"automation,observability",script,observability,..install,install,tools/include/linux/netfilter_bridge/..install.cmd,.cmd,1,,,,unknown,unknown,60,90,shared-automation-candidate,True,none,primary,none,"Automation component for observability; review for reusable script, workflow, deployment job, or infra automation.",automation-score:80 | observability-score:55,e2fd0f4ccab19944
b5e7ef08d7eab884955803f9,mbarbine__zornixOS,automation,automation,script,shipping,..install,install,tools/include/linux/caif/..install.cmd,.cmd,1,,,,unknown,unknown,50,75,shared-automation-candidate,True,none,primary,none,"Automation component for shipping; review for reusable script, workflow, deployment job, or infra automation.",automation-score:80,368b2b32bdd96ba4
369b599b79f95ac3b67a16c9,mbarbine__zornixOS,automation,automation,script,shipping,..install,install,tools/include/linux/android/..install.cmd,.cmd,1,,,,unknown,unknown,50,75,shared-automation-candidate,True,none,primary,none,"Automation component for shipping; review for reusable script, workflow, deployment job, or infra automation.",automation-score:80,d09295bd4e670ece
880674471bebb0ff1ded0c03,mbarbine__zornixOS,automation,automation,script,shipping,..install,install,tools/include/linux/raid/..install.cmd,.cmd,1,,,,unknown,unknown,50,75,shared-automation-candidate,True,none,primary,none,"Automation component for shipping; review for reusable script, workflow, deployment job, or infra automation.",automation-score:80,ace691587e9ef870
c0aa82e8e3303a34b9801345,mbarbine__zornixOS,automation,automation,script,shipping,..install,install,tools/include/linux/wimax/..install.cmd,.cmd,1,,,,unknown,unknown,50,75,shared-automation-candidate,True,none,primary,none,"Automation component for shipping; review for reusable script, workflow, deployment job, or infra automation.",automation-score:80,0bdb327d90a7c363
1691f9b62de527547408c32e,mbarbine__zornixOS,automation,automation,script,shipping,..install,install,tools/include/linux/genwqe/..install.cmd,.cmd,1,,,,unknown,unknown,50,75,shared-automation-candidate,True,none,primary,none,"Automation component for shipping; review for reusable script, workflow, deployment job, or infra automation.",automation-score:80,d589c7b8623263ca
33cb886408792a3916e69095,mbarbine__zornixOS,automation,"automation,security",script,shipping,..install,install,tools/include/linux/tc_act/..install.cmd,.cmd,1,,,,unknown,unknown,60,75,shared-automation-candidate,True,none,primary,none,"Automation component for shipping; review for reusable script, workflow, deployment job, or infra automation.",automation-score:80 | security-score:55,e9cc48ed4ab4aa06
079ffba483c3621dc52549af,mbarbine__zornixOS,automation,automation,script,analytics,..install,install,tools/include/linux/iio/..install.cmd,.cmd,1,,,,unknown,unknown,50,75,shared-automation-candidate,True,none,primary,none,"Automation component for analytics; review for reusable script, workflow, deployment job, or infra automation.",automation-score:80,49345753971412b3
d89f88241ae4b230850032ca,mbarbine__zornixOS,automation,automation,script,shipping,..install,install,tools/include/linux/hsi/..install.cmd,.cmd,1,,,,unknown,unknown,50,75,shared-automation-candidate,True,none,primary,none,"Automation component for shipping; review for reusable script, workflow, deployment job, or infra automation.",automation-score:80,601f43d4d5c55c7e
a0f823a9a6bdf35f781ad6aa,mbarbine__zornixOS,automation,automation,script,shipping,..install,install,tools/include/linux/netfilter_arp/..install.cmd,.cmd,1,,,,unknown,unknown,50,75,shared-automation-candidate,True,none,primary,none,"Automation component for shipping; review for reusable script, workflow, deployment job, or infra automation.",automation-score:80,51936f15f907bf50
d7f7c79794cf209582da9736,mbarbine__zornixOS,automation,automation,script,shipping,..install,install,tools/include/linux/tc_ematch/..install.cmd,.cmd,1,,,,unknown,unknown,50,75,shared-automation-candidate,True,none,primary,none,"Automation component for shipping; review for reusable script, workflow, deployment job, or infra automation.",automation-score:80,f2bc42d1088827a5
e8c397bd7c2a8178b47d8c94,mbarbine__zornixOS,automation,automation,script,shipping,..install,install,tools/include/mtd/..install.cmd,.cmd,1,,,,unknown,unknown,50,75,shared-automation-candidate,True,none,primary,none,"Automation component for shipping; review for reusable script, workflow, deployment job, or infra automation.",automation-score:80,3856ecf0bb67ad57
05bb2fa9f4194a854d11ddb9,mbarbine__zornixOS,automation,"automation,security",script,auth-and-keys,..install,install,tools/include/sound/..install.cmd,.cmd,1,,,,unknown,unknown,60,90,shared-automation-candidate,False,none,primary,none,"Automation component for auth-and-keys; review for reusable script, workflow, deployment job, or infra automation.",automation-score:80 | security-score:55,807775bef5c2c707
af8b0d46742bf13a25f27b4c,mbarbine__zornixOS,automation,automation,script,general,gawk,gawk,tools/etc/profile.d/gawk.sh,.sh,31,,,,unknown,unknown,55,80,shared-automation-candidate,False,none,primary,none,"Automation component for general; review for reusable script, workflow, deployment job, or infra automation.",automation-score:80,70621a3b586d3d52
fad35e83a4ded47e6bd39e2e,mbarbine__zornixOS,automation,"automation,backend",automation-config,shipping,Makefile,makefile,tools/var/db/Makefile,Makefile,166,,,,unknown,unknown,65,55,catalog-only,True,none,primary,none,"Automation component for shipping; review for reusable script, workflow, deployment job, or infra automation.",automation-score:85 | backend-score:55,912b82f311a5df77
58a447c57f151b2e9b85513b,mbarbine__zornixOS,automation,"automation,logic,ai",script,commerce,tclConfig,tcl-config,tools/lib/tclConfig.sh,.sh,169,,,,unknown,unknown,75,80,shared-automation-candidate,True,none,primary,secondary,"Automation component for commerce; review for reusable script, workflow, deployment job, or infra automation.",automation-score:80 | logic-score:45 | ai-score:45,fcee94c1a1478b23
fbe3e830a98095b29681be97,mbarbine__zornixOS,automation,"automation,logic",script,shipping,tclooConfig,tcloo-config,tools/lib/tclooConfig.sh,.sh,19,,,,unknown,unknown,75,80,shared-automation-candidate,True,none,primary,secondary,"Automation component for shipping; review for reusable script, workflow, deployment job, or infra automation.",automation-score:80 | logic-score:45,9a3210c14cba9aea
caa823b9f12fc2b9839c8f82,mbarbine__zornixOS,automation,"automation,logic",automation-config,testing,Makefile,makefile,tools/lib/perl5/5.28.0/unicore/Makefile,Makefile,6,,,,unknown,unknown,70,50,catalog-only,False,none,primary,secondary,"Automation component for testing; review for reusable script, workflow, deployment job, or infra automation.",automation-score:85 | logic-score:45,5d427e7d7cbc6fd9
42c7908b4ca7bee13fa9a584,mbarbine__zornixOS,automation,"automation,logic,process,observability,security,ai",automation-config,observability,Scripts,scripts,tools/lib/perl5/5.28.0/unicore/Scripts.txt,.txt,2693,,,,unknown,unknown,75,50,catalog-only,True,secondary,primary,secondary,"Automation component for observability; review for reusable script, workflow, deployment job, or infra automation.",automation-score:95 | logic-score:70 | process-score:65 | observability-score:55 | security-score:55 | ai-score:45 | cron-or-schedule,d02e24e4c516e909
1f9660b0a82ece1ef32caba5,mbarbine__zornixOS,automation,"automation,logic",script,shipping,itclConfig,itcl-config,tools/lib/itcl4.1.1/itclConfig.sh,.sh,67,,,,unknown,unknown,75,80,shared-automation-candidate,True,none,primary,secondary,"Automation component for shipping; review for reusable script, workflow, deployment job, or infra automation.",automation-score:80 | logic-score:45,f13a2884bd495549
32e9a81d2438e425404cbb05,mbarbine__zornixOS,automation,"automation,logic",script,shipping,tdbcConfig,tdbc-config,tools/lib/tdbc1.0.6/tdbcConfig.sh,.sh,81,,,,unknown,unknown,75,80,shared-automation-candidate,True,none,primary,secondary,"Automation component for shipping; review for reusable script, workflow, deployment job, or infra automation.",automation-score:80 | logic-score:45,9532582de0496725
49eabbac03480bd9341df3e2,mbarbine__zornixOS,automation,automation,automation-config,shipping,printers,printers,tools/share/gcc-8.2.0/python/libstdcxx/v6/printers.py,.py,1758,"FilteringTypePrinter,NodeIteratorPrinter,Printer,RbtreeIterator,RxPrinter,SharedPointerPrinter,SingleObjContainerPrinter,SmartPtrIterator,StdBitsetPrinter,StdDebugIteratorPrinter,StdDequeIteratorPrinter,StdDequePrinter,StdExpAnyPrinter,StdExpOptionalPrinter,StdExpPathPrinter,StdExpStringViewPrinter,StdForwardListPrinter,StdFwdListIteratorPrinter,StdHashtableIterator,StdListIteratorPrinter,StdListPrinter,StdMapPrinter,StdNodeHandlePrinter,StdRbtreeIteratorPrinter,StdSetPrinter,StdSlistIteratorPrinter,StdSlistPrinter,StdStackOrQueuePrinter,StdStringPrinter,StdTuplePrinter,StdVariantPrinter,StdVectorIteratorPrinter,StdVectorPrinter,TemplateTypePrinter,Tr1HashtableIterator,Tr1UnorderedMapPrinter,Tr1UnorderedSetPrinter,UniquePointerPrinter,add_one_template_type_printer,add_one_type_printer,build_libstdcxx_dictionary,find_type,get_template_arg_list,get_value_from_Rb_tree_node,get_value_from_aligned_membuf,get_value_from_list_node,is_specialization_of,num_elements,register_libstdcxx_printers,register_type_printers,strip_inline_namespaces,strip_versioned_namespace","gdb,gdb.printing,gdb.types,itertools,re,sys","gdb,gdb.printing,gdb.types,itertools,re,sys",python,unknown,80,35,site-specific-or-low-confidence,True,none,primary,none,"Automation component for shipping; review for reusable script, workflow, deployment job, or infra automation.","exports:FilteringTypePrinter, NodeIteratorPrinter, Printer, RbtreeIterator, RxPrinter, SharedPointerPrinter, SingleObjContainerPrinter, SmartPtrIterator | imports:gdb, gdb.printing, gdb.types, itertools, re, sys | automation-score:45",9d87417e9974ac7d
e9ad1667c25c81121ffb1ed9,mbarbine__zornixOS,automation,automation,script,general,2.create-ramdisk,2-create-ramdisk,image/2.create-ramdisk.sh,.sh,44,,,,unknown,unknown,55,80,shared-automation-candidate,False,none,primary,none,"Automation component for general; review for reusable script, workflow, deployment job, or infra automation.",automation-score:80,1c0ee983d42b6fd0
93484cbcbe3ef24b1bd4ccb6,mbarbine__zornixOS,automation,automation,script,general,image,image,image/image.sh,.sh,12,,,,unknown,unknown,55,80,shared-automation-candidate,False,none,primary,none,"Automation component for general; review for reusable script, workflow, deployment job, or infra automation.",automation-score:80,19fed4aed74777a3
9d9ec697440e9f713b13dc53,mbarbine__zornixOS,automation,automation,script,general,3.build-iso,3-build-iso,image/3.build-iso.sh,.sh,20,,,,unknown,unknown,55,80,shared-automation-candidate,False,none,primary,none,"Automation component for general; review for reusable script, workflow, deployment job, or infra automation.",automation-score:80,af22755acc60c07d
04964875f41c6522565b488a,mbarbine__zornixOS,automation,automation,script,shipping,1.configure-syslinux,1-configure-syslinux,image/1.configure-syslinux.sh,.sh,30,,,,unknown,unknown,55,80,shared-automation-candidate,True,none,primary,none,"Automation component for shipping; review for reusable script, workflow, deployment job, or infra automation.",automation-score:80,86ed5a3bdfc75ae4
da868e6295d3650af8d7c04b,mbarbine__zornixOS,automation,"automation,observability",script,observability,chapter-6,chapter-6,book/chapter-6.sh,.sh,17,,,,unknown,unknown,65,95,shared-automation-candidate,True,none,primary,none,"Automation component for observability; review for reusable script, workflow, deployment job, or infra automation.",automation-score:80 | observability-score:55,ea050c52ac6c67cd
8ee01f29cc54f995191e7a41,mbarbine__zornixOS,automation,"automation,observability",script,observability,chapter-7,chapter-7,book/chapter-7.sh,.sh,14,,,,unknown,unknown,65,95,shared-automation-candidate,True,none,primary,none,"Automation component for observability; review for reusable script, workflow, deployment job, or infra automation.",automation-score:80 | observability-score:55,0e7967309b0ec8f4
7fa98d5798e9ce9b76d49ff9,mbarbine__zornixOS,automation,automation,script,analytics,book,book,book/book.sh,.sh,23,,,,unknown,unknown,55,80,shared-automation-candidate,True,none,primary,none,"Automation component for analytics; review for reusable script, workflow, deployment job, or infra automation.",automation-score:80,fe6cba2d4e7d5ab5
6bbf6749f741989cebbdd502,mbarbine__zornixOS,automation,automation,script,general,chapter-7-chroot,chapter-7-chroot,book/chapter-7-chroot.sh,.sh,11,,,,unknown,unknown,55,80,shared-automation-candidate,False,none,primary,none,"Automation component for general; review for reusable script, workflow, deployment job, or infra automation.",automation-score:80,988067e9f04a882a
942eef8e17c1ad9faf6e7ab6,mbarbine__zornixOS,automation,automation,script,general,chapter-3,chapter-3,book/chapter-3.sh,.sh,5,,,,unknown,unknown,50,75,shared-automation-candidate,False,none,primary,none,"Automation component for general; review for reusable script, workflow, deployment job, or infra automation.",automation-score:80,8a36e64064dc0d87
741207240f16716de25083fe,mbarbine__zornixOS,automation,"automation,observability",script,observability,chapter-8,chapter-8,book/chapter-8.sh,.sh,14,,,,unknown,unknown,65,95,shared-automation-candidate,True,none,primary,none,"Automation component for observability; review for reusable script, workflow, deployment job, or infra automation.",automation-score:80 | observability-score:55,b79d8a2eb0b58275
611257f0fb232f8534cc6856,mbarbine__zornixOS,automation,"automation,observability",script,observability,chapter-9,chapter-9,book/chapter-9.sh,.sh,17,,,,unknown,unknown,65,95,shared-automation-candidate,True,none,primary,none,"Automation component for observability; review for reusable script, workflow, deployment job, or infra automation.",automation-score:80 | observability-score:55,cf86a3ceb96c261a
08a2bfaa0b3764e98d7c04aa,mbarbine__zornixOS,automation,"automation,observability",script,observability,chapter-6-chroot,chapter-6-chroot,book/chapter-6-chroot.sh,.sh,81,,,,unknown,unknown,65,95,shared-automation-candidate,True,none,primary,none,"Automation component for observability; review for reusable script, workflow, deployment job, or infra automation.",automation-score:80 | observability-score:55,9095d72cdabcd2ac
ea23062b24e8cf00583f374d,mbarbine__zornixOS,automation,automation,script,general,chapter-8-chroot,chapter-8-chroot,book/chapter-8-chroot.sh,.sh,9,,,,unknown,unknown,50,75,shared-automation-candidate,False,none,primary,none,"Automation component for general; review for reusable script, workflow, deployment job, or infra automation.",automation-score:80,df08b215d4fa71cb
56c33cdbd1b21c3c8eec310b,mbarbine__zornixOS,automation,automation,script,general,library-check,library-check,book/library-check.sh,.sh,6,,,,unknown,unknown,50,75,shared-automation-candidate,False,none,primary,none,"Automation component for general; review for reusable script, workflow, deployment job, or infra automation.",automation-score:80,ab2b4aceb8e6600f
91667b504f5a3d2a9c0b2a1b,mbarbine__zornixOS,automation,automation,script,general,version-check,version-check,book/version-check.sh,.sh,55,,,,unknown,unknown,55,80,shared-automation-candidate,False,none,primary,none,"Automation component for general; review for reusable script, workflow, deployment job, or infra automation.",automation-score:80,98883e7f3058db8a
c248cc3121b497c740887d22,mbarbine__zornixOS,automation,automation,script,general,chapter-9-chroot,chapter-9-chroot,book/chapter-9-chroot.sh,.sh,7,,,,unknown,unknown,50,75,shared-automation-candidate,False,none,primary,none,"Automation component for general; review for reusable script, workflow, deployment job, or infra automation.",automation-score:80,782b3d477b52abf1
b2e6749ef0448007131aafdd,mbarbine__zornixOS,automation,automation,script,general,chapter-5,chapter-5,book/chapter-5.sh,.sh,36,,,,unknown,unknown,55,80,shared-automation-candidate,False,none,primary,none,"Automation component for general; review for reusable script, workflow, deployment job, or infra automation.",automation-score:80,ad59ba60add0afdb
356ec71452f8986294821053,mbarbine__zornixOS,automation,"automation,ai",script,ai,7.x-configure-bash,7-x-configure-bash,book/chapter-7/7.x-configure-bash.sh,.sh,58,,,,unknown,unknown,65,95,shared-automation-candidate,True,none,primary,none,"Automation component for ai; review for reusable script, workflow, deployment job, or infra automation.",automation-score:80 | ai-score:45,b1ed3193a3aaea3f
22a39ba89b6f8b8d6c66542d,mbarbine__zornixOS,automation,automation,script,shipping,7.4-manage-devices,7-4-manage-devices,book/chapter-7/7.4-manage-devices.sh,.sh,12,,,,unknown,unknown,55,80,shared-automation-candidate,True,none,primary,none,"Automation component for shipping; review for reusable script, workflow, deployment job, or infra automation.",automation-score:125,970901186d3fa716
6880db3d07363a4440921c46,mbarbine__zornixOS,automation,automation,script,testing,7.5-configure-network,7-5-configure-network,book/chapter-7/7.5-configure-network.sh,.sh,40,,,,unknown,unknown,55,80,shared-automation-candidate,False,none,primary,none,"Automation component for testing; review for reusable script, workflow, deployment job, or infra automation.",automation-score:80,60dd00df26a9a6c5
1fc614d8a9b8219668b4ee57,mbarbine__zornixOS,automation,automation,script,general,7.2-make-lfs-bootscripts,7-2-make-lfs-bootscripts,book/chapter-7/7.2-make-lfs-bootscripts.sh,.sh,17,,,,unknown,unknown,65,80,shared-automation-candidate,False,none,primary,none,"Automation component for general; review for reusable script, workflow, deployment job, or infra automation.",automation-score:80,18605f0cf4e3f8fa
071f815e4c11567ad7812293,mbarbine__zornixOS,automation,"automation,observability,security,ai",script,observability,7.6-configure-systemv,7-6-configure-systemv,book/chapter-7/7.6-configure-systemv.sh,.sh,144,,,,unknown,unknown,65,95,shared-automation-candidate,True,none,primary,none,"Automation component for observability; review for reusable script, workflow, deployment job, or infra automation.",automation-score:80 | observability-score:55 | security-score:55 | ai-score:45,2b24f66fbc8af8e0
1c9d2442da159916b19314d3,mbarbine__zornixOS,automation,"automation,observability",script,observability,9.1-the-end,9-1-the-end,book/chapter-9/9.1-the-end.sh,.sh,23,,,,unknown,unknown,65,95,shared-automation-candidate,True,none,primary,none,"Automation component for observability; review for reusable script, workflow, deployment job, or infra automation.",automation-score:80 | observability-score:55,e1c0e48f9480f75f
c30eb76ec5767acb219c0c5c,mbarbine__zornixOS,automation,automation,script,general,9.x-cleanup,9-x-cleanup,book/chapter-9/9.x-cleanup.sh,.sh,13,,,,unknown,unknown,55,80,shared-automation-candidate,False,none,primary,none,"Automation component for general; review for reusable script, workflow, deployment job, or infra automation.",automation-score:80,eeca8856e84e6c8a
7359c3962a96187b452c95b6,mbarbine__zornixOS,automation,automation,script,commerce,8.2-create-fstab,8-2-create-fstab,book/chapter-8/8.2-create-fstab.sh,.sh,21,,,,unknown,unknown,55,80,shared-automation-candidate,False,none,primary,none,"Automation component for commerce; review for reusable script, workflow, deployment job, or infra automation.",automation-score:80,834add5f82f6f504
42865b31d38d4ae661ba7ff3,mbarbine__zornixOS,automation,automation,script,commerce,8.3-make-linux-kernel,8-3-make-linux-kernel,book/chapter-8/8.3-make-linux-kernel.sh,.sh,57,,,,unknown,unknown,55,80,shared-automation-candidate,False,none,primary,none,"Automation component for commerce; review for reusable script, workflow, deployment job, or infra automation.",automation-score:80,1615f626d734c932
becf012bf4361f8980802534,mbarbine__zornixOS,automation,automation,script,general,8.4-setup-grub,8-4-setup-grub,book/chapter-8/8.4-setup-grub.sh,.sh,26,,,,unknown,unknown,55,80,shared-automation-candidate,True,none,primary,none,"Automation component for general; review for reusable script, workflow, deployment job, or infra automation.",automation-score:80,d4287faeca2e5987
e6b1a24fbd6f67cb5bf7ec30,mbarbine__zornixOS,automation,automation,script,testing,6.48-make-libelf,6-48-make-libelf,book/chapter-6/6.48-make-libelf.sh,.sh,22,,,,unknown,unknown,55,80,shared-automation-candidate,False,none,primary,none,"Automation component for testing; review for reusable script, workflow, deployment job, or infra automation.",automation-score:80,3461d5834d4e95a6
ab45ca8f10efc9ab0992577b,mbarbine__zornixOS,automation,automation,script,general,6.29-make-psmisc,6-29-make-psmisc,book/chapter-6/6.29-make-psmisc.sh,.sh,20,,,,unknown,unknown,55,80,shared-automation-candidate,True,none,primary,none,"Automation component for general; review for reusable script, workflow, deployment job, or infra automation.",automation-score:80,28ef2906e5cbcb00
fb03fb6eac82589eaf02e8b0,mbarbine__zornixOS,automation,automation,script,testing,6.64-make-gzip,6-64-make-gzip,book/chapter-6/6.64-make-gzip.sh,.sh,34,,,,unknown,unknown,55,80,shared-automation-candidate,False,none,primary,none,"Automation component for testing; review for reusable script, workflow, deployment job, or infra automation.",automation-score:80,39126f8dd46fc57b
06daf1363af103a3c65d953f,mbarbine__zornixOS,automation,automation,script,testing,6.32-make-flex,6-32-make-flex,book/chapter-6/6.32-make-flex.sh,.sh,25,,,,unknown,unknown,55,80,shared-automation-candidate,False,none,primary,none,"Automation component for testing; review for reusable script, workflow, deployment job, or infra automation.",automation-score:80,4143c5e1127b1b30
6a7f9c645a8a4bcc670d8bbc,mbarbine__zornixOS,automation,"automation,security",script,shipping,6.37-make-gperf,6-37-make-gperf,book/chapter-6/6.37-make-gperf.sh,.sh,19,,,,unknown,unknown,65,80,shared-automation-candidate,True,none,primary,none,"Automation component for shipping; review for reusable script, workflow, deployment job, or infra automation.",automation-score:80 | security-score:55,23eef19ef1dff5dd
03a0faec9ef677ba2d3e0db3,mbarbine__zornixOS,automation,"automation,observability",script,observability,6.6-create-essentials,6-6-create-essentials,book/chapter-6/6.6-create-essentials.sh,.sh,63,,,,unknown,unknown,65,95,shared-automation-candidate,True,none,primary,none,"Automation component for observability; review for reusable script, workflow, deployment job, or infra automation.",automation-score:80 | observability-score:55,aca05cab0fbf704c
2004f47a68f0fbe9228fa337,mbarbine__zornixOS,automation,automation,script,testing,6.22-make-bzip2,6-22-make-bzip2,book/chapter-6/6.22-make-bzip2.sh,.sh,42,,,,unknown,unknown,55,80,shared-automation-candidate,True,none,primary,none,"Automation component for testing; review for reusable script, workflow, deployment job, or infra automation.",automation-score:80,8284dfb37616e541
8e0a1f70a4c4ff6f0ff13809,mbarbine__zornixOS,automation,automation,script,testing,6.38-make-expat,6-38-make-expat,book/chapter-6/6.38-make-expat.sh,.sh,37,,,,unknown,unknown,55,80,shared-automation-candidate,True,none,primary,none,"Automation component for testing; review for reusable script, workflow, deployment job, or infra automation.",automation-score:80,66e2747b0fae7478
2f036251b9e606c1f6db4338,mbarbine__zornixOS,automation,automation,script,general,6.53-make-meson,6-53-make-meson,book/chapter-6/6.53-make-meson.sh,.sh,22,,,,unknown,unknown,55,80,shared-automation-candidate,False,none,primary,none,"Automation component for general; review for reusable script, workflow, deployment job, or infra automation.",automation-score:80,357c321f0b60deca
975e452ecaf6ed547c398433,mbarbine__zornixOS,automation,automation,script,testing,6.51-make-python,6-51-make-python,book/chapter-6/6.51-make-python.sh,.sh,41,,,,unknown,unknown,55,80,shared-automation-candidate,True,none,primary,none,"Automation component for testing; review for reusable script, workflow, deployment job, or infra automation.",automation-score:80,710efa6c021c7c81
5db0bcac3ed8c5d4e31a4c97,mbarbine__zornixOS,automation,automation,script,testing,6.80-clean,6-80-clean,book/chapter-6/6.80-clean.sh,.sh,27,,,,unknown,unknown,55,80,shared-automation-candidate,False,none,primary,none,"Automation component for testing; review for reusable script, workflow, deployment job, or infra automation.",automation-score:80,bbb5788bec6404dc
e258b9b4fb8888b54c4ec71c,mbarbine__zornixOS,automation,automation,script,i18n,6.15-make-bc,6-15-make-bc,book/chapter-6/6.15-make-bc.sh,.sh,43,,,,unknown,unknown,55,95,shared-automation-candidate,True,none,primary,none,"Automation component for i18n; review for reusable script, workflow, deployment job, or infra automation.",automation-score:80,5dd35d214697526b
84dd017004473b329cda9f2f,mbarbine__zornixOS,automation,"automation,observability",script,observability,6.10-adjust-toolchain,6-10-adjust-toolchain,book/chapter-6/6.10-adjust-toolchain.sh,.sh,27,,,,unknown,unknown,65,95,shared-automation-candidate,True,none,primary,none,"Automation component for observability; review for reusable script, workflow, deployment job, or infra automation.",automation-score:80 | observability-score:55,3e221466ece5d3c6
c639ea5187f0c926547d8ec2,mbarbine__zornixOS,automation,automation,script,general,6.62-make-grub,6-62-make-grub,book/chapter-6/6.62-make-grub.sh,.sh,27,,,,unknown,unknown,55,80,shared-automation-candidate,False,none,primary,none,"Automation component for general; review for reusable script, workflow, deployment job, or infra automation.",automation-score:80,6b338e92ee7be79d
807b9bd868b78ffe60c6e38c,mbarbine__zornixOS,automation,"automation,observability,security,ai",script,observability,6.70-make-sysklogd,6-70-make-sysklogd,book/chapter-6/6.70-make-sysklogd.sh,.sh,41,,,,unknown,unknown,65,95,shared-automation-candidate,True,none,primary,none,"Automation component for observability; review for reusable script, workflow, deployment job, or infra automation.",automation-score:80 | observability-score:55 | security-score:55 | ai-score:45,a4c040008623030e
ca2a4fd2bf124e35159aeeac,mbarbine__zornixOS,automation,"automation,observability",script,observability,6.39-make-inetutils,6-39-make-inetutils,book/chapter-6/6.39-make-inetutils.sh,.sh,39,,,,unknown,unknown,65,95,shared-automation-candidate,True,none,primary,none,"Automation component for observability; review for reusable script, workflow, deployment job, or infra automation.",automation-score:80 | observability-score:55,bdc31b2cc0365749
916d920ddb223480a7118449,mbarbine__zornixOS,automation,automation,script,testing,6.58-make-diffutils,6-58-make-diffutils,book/chapter-6/6.58-make-diffutils.sh,.sh,20,,,,unknown,unknown,55,80,shared-automation-candidate,False,none,primary,none,"Automation component for testing; review for reusable script, workflow, deployment job, or infra automation.",automation-score:80,e904f199971f08e5
19e6725be8e629ad07f4ce23,mbarbine__zornixOS,automation,automation,script,analytics,6.72-make-eudev,6-72-make-eudev,book/chapter-6/6.72-make-eudev.sh,.sh,54,,,,unknown,unknown,55,80,shared-automation-candidate,True,none,primary,none,"Automation component for analytics; review for reusable script, workflow, deployment job, or infra automation.",automation-score:80,d3d7dd8de33a5c5e
1e8dad0c3707fe673d3e028b,mbarbine__zornixOS,automation,automation,script,general,6.2-prepare-vkfs,6-2-prepare-vkfs,book/chapter-6/6.2-prepare-vkfs.sh,.sh,22,,,,unknown,unknown,55,80,shared-automation-candidate,False,none,primary,none,"Automation component for general; review for reusable script, workflow, deployment job, or infra automation.",automation-score:80,68e02600d1283a98
6b4444ad4cfec1892155d6cf,mbarbine__zornixOS,automation,"automation,observability",script,observability,6.20-make-shadow,6-20-make-shadow,book/chapter-6/6.20-make-shadow.sh,.sh,55,,,,unknown,unknown,65,95,shared-automation-candidate,True,none,primary,none,"Automation component for observability; review for reusable script, workflow, deployment job, or infra automation.",automation-score:125 | observability-score:55,70baadb65995b511
2029a79781a7931ae4faabd4,mbarbine__zornixOS,automation,"automation,ai",script,workflow,6.52-make-ninja,6-52-make-ninja,book/chapter-6/6.52-make-ninja.sh,.sh,36,,,,unknown,unknown,65,80,shared-automation-candidate,True,none,primary,none,"Automation component for workflow; review for reusable script, workflow, deployment job, or infra automation.",automation-score:80 | ai-score:45,23223b536c4e7c94
0cd6a805441f43dd03b4c7b8,mbarbine__zornixOS,automation,automation,script,testing,6.11-make-zlib,6-11-make-zlib,book/chapter-6/6.11-make-zlib.sh,.sh,21,,,,unknown,unknown,55,80,shared-automation-candidate,False,none,primary,none,"Automation component for testing; review for reusable script, workflow, deployment job, or infra automation.",automation-score:80,ce63816416b8fd80
182f8c2a3c3bc2f78aef2445,mbarbine__zornixOS,automation,automation,script,i18n,6.40-make-perl,6-40-make-perl,book/chapter-6/6.40-make-perl.sh,.sh,42,,,,unknown,unknown,55,95,shared-automation-candidate,False,none,primary,none,"Automation component for i18n; review for reusable script, workflow, deployment job, or infra automation.",automation-score:80,18a0e5bd492f86a0
990e3a9014bd828eee28d451,mbarbine__zornixOS,automation,automation,script,i18n,6.8-make-man-pages,6-8-make-man-pages,book/chapter-6/6.8-make-man-pages.sh,.sh,14,,,,unknown,unknown,55,95,shared-automation-candidate,False,none,primary,none,"Automation component for i18n; review for reusable script, workflow, deployment job, or infra automation.",automation-score:80,113190ebf87bd48e
b606c1f87c2a77f54f7b6b78,mbarbine__zornixOS,automation,"automation,backend",script,general,6.7-make-linux-api-headers,6-7-make-linux-api-headers,book/chapter-6/6.7-make-linux-api-headers.sh,.sh,16,,,,unknown,unknown,65,80,shared-automation-candidate,False,none,primary,none,"Automation component for general; review for reusable script, workflow, deployment job, or infra automation.",automation-score:80 | backend-score:55,21f46d52cc3a90bf
8306d7160a8e4c232244941d,mbarbine__zornixOS,automation,automation,script,general,6.30-make-iana-etc,6-30-make-iana-etc,book/chapter-6/6.30-make-iana-etc.sh,.sh,16,,,,unknown,unknown,55,80,shared-automation-candidate,False,none,primary,none,"Automation component for general; review for reusable script, workflow, deployment job, or infra automation.",automation-score:80,3e16d10f745329d8
e1dc281a02b4fa1e8b1451d1,mbarbine__zornixOS,automation,automation,script,testing,6.60-make-findutils,6-60-make-findutils,book/chapter-6/6.60-make-findutils.sh,.sh,32,,,,unknown,unknown,55,80,shared-automation-candidate,False,none,primary,none,"Automation component for testing; review for reusable script, workflow, deployment job, or infra automation.",automation-score:80,2bf64c5477ab50dc
e3b7a19f3c7becd148b3727d,mbarbine__zornixOS,automation,automation,script,testing,6.35-make-libtool,6-35-make-libtool,book/chapter-6/6.35-make-libtool.sh,.sh,21,,,,unknown,unknown,55,80,shared-automation-candidate,False,none,primary,none,"Automation component for testing; review for reusable script, workflow, deployment job, or infra automation.",automation-score:80,426663d8f3c7abae
09bc4b7c1337efc6b566aa00,mbarbine__zornixOS,automation,automation,script,shipping,6.19-make-mpc,6-19-make-mpc,book/chapter-6/6.19-make-mpc.sh,.sh,31,,,,unknown,unknown,55,80,shared-automation-candidate,True,none,primary,none,"Automation component for shipping; review for reusable script, workflow, deployment job, or infra automation.",automation-score:125,1b741b45464fa48c
044175ca043a7a02f0e09988,mbarbine__zornixOS,automation,automation,script,testing,6.14-make-m4,6-14-make-m4,book/chapter-6/6.14-make-m4.sh,.sh,29,,,,unknown,unknown,55,80,shared-automation-candidate,True,none,primary,none,"Automation component for testing; review for reusable script, workflow, deployment job, or infra automation.",automation-score:80,86c2af45ae45b21e
3adedbc13c6cd7cc076a5abd,mbarbine__zornixOS,automation,automation,script,testing,6.55-make-e2fsprogs,6-55-make-e2fsprogs,book/chapter-6/6.55-make-e2fsprogs.sh,.sh,68,,,,unknown,unknown,55,80,shared-automation-candidate,True,none,primary,none,"Automation component for testing; review for reusable script, workflow, deployment job, or infra automation.",automation-score:80,1534dcab36829d10
9922508311f815296c0fd5a1,mbarbine__zornixOS,automation,"automation,observability",script,observability,6.17-make-gmp,6-17-make-gmp,book/chapter-6/6.17-make-gmp.sh,.sh,31,,,,unknown,unknown,65,95,shared-automation-candidate,True,none,primary,none,"Automation component for observability; review for reusable script, workflow, deployment job, or infra automation.",automation-score:80 | observability-score:55,18c8b14e8f21d9eb
a094aca53a58bb62b5027dc3,mbarbine__zornixOS,automation,"automation,observability",script,testing,6.54-make-procps-ng,6-54-make-procps-ng,book/chapter-6/6.54-make-procps-ng.sh,.sh,40,,,,unknown,unknown,65,80,shared-automation-candidate,True,none,primary,none,"Automation component for testing; review for reusable script, workflow, deployment job, or infra automation.",automation-score:80 | observability-score:55,f1e4a94c329d7927
40162faf2285b649334247cc,mbarbine__zornixOS,automation,automation,script,testing,6.16-make-binutils,6-16-make-binutils,book/chapter-6/6.16-make-binutils.sh,.sh,29,,,,unknown,unknown,55,80,shared-automation-candidate,False,none,primary,none,"Automation component for testing; review for reusable script, workflow, deployment job, or infra automation.",automation-score:80,120c6d2eb260d9ca
1ce77d9915b8aecb61a1af0c,mbarbine__zornixOS,automation,"automation,observability",script,observability,6.21-make-gcc,6-21-make-gcc,book/chapter-6/6.21-make-gcc.sh,.sh,107,,,,unknown,unknown,65,95,shared-automation-candidate,True,none,primary,none,"Automation component for observability; review for reusable script, workflow, deployment job, or infra automation.",automation-score:125 | observability-score:55,71a2640d7dff5ade
092a2cb3d53d7fe670bbe71e,mbarbine__zornixOS,automation,automation,script,testing,6.76-make-texinfo,6-76-make-texinfo,book/chapter-6/6.76-make-texinfo.sh,.sh,41,,,,unknown,unknown,55,80,shared-automation-candidate,False,none,primary,none,"Automation component for testing; review for reusable script, workflow, deployment job, or infra automation.",automation-score:80,71784d90aca37efa
ac6e60ae745c13199e9e7ff4,mbarbine__zornixOS,automation,automation,script,game,6.49-make-libffi,6-49-make-libffi,book/chapter-6/6.49-make-libffi.sh,.sh,31,,,,unknown,unknown,55,80,shared-automation-candidate,False,none,primary,none,"Automation component for game; review for reusable script, workflow, deployment job, or infra automation.",automation-score:125,fb3c1f6640d868aa
fbe530784199e2632fac75e9,mbarbine__zornixOS,automation,automation,script,logic,6.31-make-bison,6-31-make-bison,book/chapter-6/6.31-make-bison.sh,.sh,17,,,,unknown,unknown,55,95,shared-automation-candidate,True,none,primary,none,"Automation component for logic; review for reusable script, workflow, deployment job, or infra automation.",automation-score:80,223f3382b8dd9232
01c450f74ecabd48d18197ef,mbarbine__zornixOS,automation,automation,script,testing,6.23-make-pkg-config,6-23-make-pkg-config,book/chapter-6/6.23-make-pkg-config.sh,.sh,22,,,,unknown,unknown,55,80,shared-automation-candidate,False,none,primary,none,"Automation component for testing; review for reusable script, workflow, deployment job, or infra automation.",automation-score:80,3d4571ea62713716
42c5fe121c9e0f6d779fed99,mbarbine__zornixOS,automation,"automation,security",script,testing,6.36-make-gdbm,6-36-make-gdbm,book/chapter-6/6.36-make-gdbm.sh,.sh,23,,,,unknown,unknown,65,80,shared-automation-candidate,True,none,primary,none,"Automation component for testing; review for reusable script, workflow, deployment job, or infra automation.",automation-score:80 | security-score:55,daa2029b00c2862f
87dddd24c2c6cbe4957ffe6a,mbarbine__zornixOS,automation,automation,script,i18n,6.42-make-intltool,6-42-make-intltool,book/chapter-6/6.42-make-intltool.sh,.sh,31,,,,unknown,unknown,55,95,shared-automation-candidate,False,none,primary,none,"Automation component for i18n; review for reusable script, workflow, deployment job, or infra automation.",automation-score:80,02589db1518f90fc
0cb4b5b9e306c6d0f8532a16,mbarbine__zornixOS,automation,automation,script,testing,6.69-make-patch,6-69-make-patch,book/chapter-6/6.69-make-patch.sh,.sh,20,,,,unknown,unknown,55,80,shared-automation-candidate,False,none,primary,none,"Automation component for testing; review for reusable script, workflow, deployment job, or infra automation.",automation-score:80,4fd25900aa201ac5
e9e6d880c638472768f05761,mbarbine__zornixOS,automation,automation,script,editor,6.28-make-sed,6-28-make-sed,book/chapter-6/6.28-make-sed.sh,.sh,35,,,,unknown,unknown,55,80,shared-automation-candidate,True,none,primary,none,"Automation component for editor; review for reusable script, workflow, deployment job, or infra automation.",automation-score:80,efd333922daab0a7
d42f41e32dfc6dca5bd0a0f2,mbarbine__zornixOS,automation,"automation,logic",script,testing,6.41-make-xml-parser,6-41-make-xml-parser,book/chapter-6/6.41-make-xml-parser.sh,.sh,27,,,,unknown,unknown,65,80,shared-automation-candidate,False,none,primary,secondary,"Automation component for testing; review for reusable script, workflow, deployment job, or infra automation.",automation-score:80 | logic-score:70,12ffd82ec2ee405c
d86d5e3bbe9c881a17e4c075,mbarbine__zornixOS,automation,automation,script,general,6.24-make-ncurses,6-24-make-ncurses,book/chapter-6/6.24-make-ncurses.sh,.sh,60,,,,unknown,unknown,55,80,shared-automation-candidate,True,none,primary,none,"Automation component for general; review for reusable script, workflow, deployment job, or infra automation.",automation-score:80,1f7376cdf8e9e266
0aaef3a973f65a055d4c76d6,mbarbine__zornixOS,automation,automation,script,testing,6.12-make-file,6-12-make-file,book/chapter-6/6.12-make-file.sh,.sh,19,,,,unknown,unknown,55,80,shared-automation-candidate,False,none,primary,none,"Automation component for testing; review for reusable script, workflow, deployment job, or infra automation.",automation-score:80,9a76d3a1adeb9f93
0e2dc531a0eaf6ea42872d14,mbarbine__zornixOS,automation,automation,script,testing,6.33-make-grep,6-33-make-grep,book/chapter-6/6.33-make-grep.sh,.sh,18,,,,unknown,unknown,55,80,shared-automation-candidate,True,none,primary,none,"Automation component for testing; review for reusable script, workflow, deployment job, or infra automation.",automation-score:125,f437ca81bdb780c9
170d5fc650bd861d2d40d3fa,mbarbine__zornixOS,automation,automation,script,testing,6.57-make-check,6-57-make-check,book/chapter-6/6.57-make-check.sh,.sh,20,,,,unknown,unknown,55,80,shared-automation-candidate,False,none,primary,none,"Automation component for testing; review for reusable script, workflow, deployment job, or infra automation.",automation-score:80,e2855733be9d9a2b
cebb7bf6da3bb1500b6ee985,mbarbine__zornixOS,automation,automation,script,testing,6.50-make-openssl,6-50-make-openssl,book/chapter-6/6.50-make-openssl.sh,.sh,36,,,,unknown,unknown,55,80,shared-automation-candidate,True,none,primary,none,"Automation component for testing; review for reusable script, workflow, deployment job, or infra automation.",automation-score:80,93dc2dd1d36d25be
810e0957ff53caea2e66b91d,mbarbine__zornixOS,automation,automation,script,general,6.71-make-sysvinit,6-71-make-sysvinit,book/chapter-6/6.71-make-sysvinit.sh,.sh,23,,,,unknown,unknown,55,80,shared-automation-candidate,False,none,primary,none,"Automation component for general; review for reusable script, workflow, deployment job, or infra automation.",automation-score:80,0c4e5e2e6aac51f9
6c1044ef1c162c27587be9ed,mbarbine__zornixOS,automation,"automation,security",script,testing,6.66-make-kbd,6-66-make-kbd,book/chapter-6/6.66-make-kbd.sh,.sh,39,,,,unknown,unknown,65,80,shared-automation-candidate,True,none,primary,none,"Automation component for testing; review for reusable script, workflow, deployment job, or infra automation.",automation-score:80 | security-score:55,7e0818b50d35b3b4
0e59b77c07ee5421249c6c4a,mbarbine__zornixOS,automation,automation,script,general,6.46-make-kmod,6-46-make-kmod,book/chapter-6/6.46-make-kmod.sh,.sh,28,,,,unknown,unknown,55,80,shared-automation-candidate,False,none,primary,none,"Automation component for general; review for reusable script, workflow, deployment job, or infra automation.",automation-score:80,ef2c61c887fec534
64a8c1814435b01a323558d2,mbarbine__zornixOS,automation,automation,script,testing,6.34-make-bash,6-34-make-bash,book/chapter-6/6.34-make-bash.sh,.sh,35,,,,unknown,unknown,55,80,shared-automation-candidate,False,none,primary,none,"Automation component for testing; review for reusable script, workflow, deployment job, or infra automation.",automation-score:80,c7e1319b15abbee4
4d10a76d6eec55a03f3f2b30,mbarbine__zornixOS,automation,automation,script,testing,6.59-make-gawk,6-59-make-gawk,book/chapter-6/6.59-make-gawk.sh,.sh,28,,,,unknown,unknown,55,80,shared-automation-candidate,True,none,primary,none,"Automation component for testing; review for reusable script, workflow, deployment job, or infra automation.",automation-score:80,e047d39a8adc7f51
6d2b982e355926fd61acd336,mbarbine__zornixOS,automation,automation,script,analytics,6.27-make-libcap,6-27-make-libcap,book/chapter-6/6.27-make-libcap.sh,.sh,32,,,,unknown,unknown,55,80,shared-automation-candidate,True,none,primary,none,"Automation component for analytics; review for reusable script, workflow, deployment job, or infra automation.",automation-score:80,802483b7f3272d90
59f9f9cd996def020ecf50f1,mbarbine__zornixOS,automation,"automation,observability",script,observability,6.56-make-coreutils,6-56-make-coreutils,book/chapter-6/6.56-make-coreutils.sh,.sh,64,,,,unknown,unknown,65,95,shared-automation-candidate,True,none,primary,none,"Automation component for observability; review for reusable script, workflow, deployment job, or infra automation.",automation-score:80 | observability-score:55,9fbd9d98acab1de2
d84b75f5e5e78ae5dd5820f5,mbarbine__zornixOS,automation,automation,script,general,6.26-make-acl,6-26-make-acl,book/chapter-6/6.26-make-acl.sh,.sh,34,,,,unknown,unknown,55,80,shared-automation-candidate,False,none,primary,none,"Automation component for general; review for reusable script, workflow, deployment job, or infra automation.",automation-score:80,01d049dbf121d074
650e3ba7cf005c0edc9016dc,mbarbine__zornixOS,automation,automation,script,testing,6.67-make-libpipeline,6-67-make-libpipeline,book/chapter-6/6.67-make-libpipeline.sh,.sh,23,,,,unknown,unknown,55,80,shared-automation-candidate,True,none,primary,none,"Automation component for testing; review for reusable script, workflow, deployment job, or infra automation.",automation-score:80,8e1430958f53c074
d7fb898e300bdef4f6b01492,mbarbine__zornixOS,automation,"automation,observability",script,observability,6.77-make-vim,6-77-make-vim,book/chapter-6/6.77-make-vim.sh,.sh,58,,,,unknown,unknown,65,95,shared-automation-candidate,True,none,primary,none,"Automation component for observability; review for reusable script, workflow, deployment job, or infra automation.",automation-score:80 | observability-score:55,934b281013e1f439
f12141f87b4a185df5cd3317,mbarbine__zornixOS,automation,automation,script,testing,6.43-make-autoconf,6-43-make-autoconf,book/chapter-6/6.43-make-autoconf.sh,.sh,19,,,,unknown,unknown,55,80,shared-automation-candidate,False,none,primary,none,"Automation component for testing; review for reusable script, workflow, deployment job, or infra automation.",automation-score:80,8aee494d167907d0
838287567fc15b0451d5cbc7,mbarbine__zornixOS,automation,automation,script,testing,6.18-make-mpfr,6-18-make-mpfr,book/chapter-6/6.18-make-mpfr.sh,.sh,23,,,,unknown,unknown,55,80,shared-automation-candidate,True,none,primary,none,"Automation component for testing; review for reusable script, workflow, deployment job, or infra automation.",automation-score:80,59e853c02c7728d2
0cc0bae43dfb9e4d05c8a302,mbarbine__zornixOS,automation,automation,script,testing,6.44-make-automake,6-44-make-automake,book/chapter-6/6.44-make-automake.sh,.sh,19,,,,unknown,unknown,55,80,shared-automation-candidate,False,none,primary,none,"Automation component for testing; review for reusable script, workflow, deployment job, or infra automation.",automation-score:80,4d54d08ca2a3aeb8
c3e60189f61b7c23090c72c8,mbarbine__zornixOS,automation,"automation,observability,ai",script,observability,6.73-make-util-linux,6-73-make-util-linux,book/chapter-6/6.73-make-util-linux.sh,.sh,45,,,,unknown,unknown,65,95,shared-automation-candidate,True,none,primary,none,"Automation component for observability; review for reusable script, workflow, deployment job, or infra automation.",automation-score:80 | observability-score:55 | ai-score:45,53bef6464d1dab9f
5116b713518a5a8e27c10b17,mbarbine__zornixOS,automation,automation,script,general,6.13-make-readline,6-13-make-readline,book/chapter-6/6.13-make-readline.sh,.sh,33,,,,unknown,unknown,55,80,shared-automation-candidate,True,none,primary,none,"Automation component for general; review for reusable script, workflow, deployment job, or infra automation.",automation-score:80,e92d9977bb1ac737
413460a123c9d1fef390e257,mbarbine__zornixOS,automation,"automation,observability",script,observability,6.5-create-directories,6-5-create-directories,book/chapter-6/6.5-create-directories.sh,.sh,22,,,,unknown,unknown,65,95,shared-automation-candidate,True,none,primary,none,"Automation component for observability; review for reusable script, workflow, deployment job, or infra automation.",automation-score:80 | observability-score:55,5ad8b8b0b8c1ca5b
7eff43ea54d88cc087d7791f,mbarbine__zornixOS,automation,"automation,backend",script,testing,6.74-make-man-db,6-74-make-man-db,book/chapter-6/6.74-make-man-db.sh,.sh,33,,,,unknown,unknown,65,80,shared-automation-candidate,False,none,primary,none,"Automation component for testing; review for reusable script, workflow, deployment job, or infra automation.",automation-score:80 | backend-score:55,d87b407ea7ffe8cb
4cd1649045a18d17c3cc8678,mbarbine__zornixOS,automation,automation,script,general,6.63-make-less,6-63-make-less,book/chapter-6/6.63-make-less.sh,.sh,23,,,,unknown,unknown,55,80,shared-automation-candidate,False,none,primary,none,"Automation component for general; review for reusable script, workflow, deployment job, or infra automation.",automation-score:80,f21c97f88b97da0c
02a5544e07c8432b47b3291a,mbarbine__zornixOS,automation,automation,script,testing,6.45-make-xz,6-45-make-xz,book/chapter-6/6.45-make-xz.sh,.sh,24,,,,unknown,unknown,55,80,shared-automation-candidate,False,none,primary,none,"Automation component for testing; review for reusable script, workflow, deployment job, or infra automation.",automation-score:80,87738dd53468f881
742e8036c4ab4b02ec7e7b3b,mbarbine__zornixOS,automation,automation,script,testing,6.25-make-attr,6-25-make-attr,book/chapter-6/6.25-make-attr.sh,.sh,36,,,,unknown,unknown,55,80,shared-automation-candidate,False,none,primary,none,"Automation component for testing; review for reusable script, workflow, deployment job, or infra automation.",automation-score:80,c94d227f18db409e
72cac18f9d98228dc7d801db,mbarbine__zornixOS,automation,automation,script,general,6.65-make-iproute2,6-65-make-iproute2,book/chapter-6/6.65-make-iproute2.sh,.sh,20,,,,unknown,unknown,55,80,shared-automation-candidate,False,none,primary,none,"Automation component for general; review for reusable script, workflow, deployment job, or infra automation.",automation-score:80,379501be8cb9d553
7b1bcdf6837e9dbbbc7974ca,mbarbine__zornixOS,automation,automation,script,i18n,6.9-make-glibc,6-9-make-glibc,book/chapter-6/6.9-make-glibc.sh,.sh,136,,,,unknown,unknown,55,95,shared-automation-candidate,False,none,primary,none,"Automation component for i18n; review for reusable script, workflow, deployment job, or infra automation.",automation-score:80,70bead028de2681e
2f71688e7e25234aaea71f04,mbarbine__zornixOS,automation,"automation,ai",script,i18n,6.47-make-gettext,6-47-make-gettext,book/chapter-6/6.47-make-gettext.sh,.sh,35,,,,unknown,unknown,65,95,shared-automation-candidate,True,none,primary,none,"Automation component for i18n; review for reusable script, workflow, deployment job, or infra automation.",automation-score:80 | ai-score:45,e0affe2cbb2d9ac9
10514fd12e2abc2e75e1b5f7,mbarbine__zornixOS,automation,automation,script,testing,6.75-make-tar,6-75-make-tar,book/chapter-6/6.75-make-tar.sh,.sh,28,,,,unknown,unknown,55,80,shared-automation-candidate,False,none,primary,none,"Automation component for testing; review for reusable script, workflow, deployment job, or infra automation.",automation-score:80,088130346042ad4e
580f2763ee80b6c70cdfead9,mbarbine__zornixOS,automation,automation,script,general,6.61-make-groff,6-61-make-groff,book/chapter-6/6.61-make-groff.sh,.sh,19,,,,unknown,unknown,55,80,shared-automation-candidate,True,none,primary,none,"Automation component for general; review for reusable script, workflow, deployment job, or infra automation.",automation-score:80,bb52991012d69223
174f190f9dfebfd4f46fb5d6,mbarbine__zornixOS,automation,automation,script,testing,6.68-make-make,6-68-make-make,book/chapter-6/6.68-make-make.sh,.sh,29,,,,unknown,unknown,55,80,shared-automation-candidate,False,none,primary,none,"Automation component for testing; review for reusable script, workflow, deployment job, or infra automation.",automation-score:80,c4aba070cc8fa7ee
d0b687663b6e0182f49872a8,mbarbine__zornixOS,automation,automation,script,shipping,6.79-strip,6-79-strip,book/chapter-6/6.79-strip.sh,.sh,39,,,,unknown,unknown,55,80,shared-automation-candidate,True,none,primary,none,"Automation component for shipping; review for reusable script, workflow, deployment job, or infra automation.",automation-score:80,536717e3e7fe515d
c528f43512f1d526e7610fe1,mbarbine__zornixOS,automation,automation,script,general,3.1-download-tools,3-1-download-tools,book/chapter-3/3.1-download-tools.sh,.sh,21,,,,unknown,unknown,55,80,shared-automation-candidate,False,none,primary,none,"Automation component for general; review for reusable script, workflow, deployment job, or infra automation.",automation-score:80,758ff9d9ba98a3b9
75856ee1582ce0a2a63b307e,mbarbine__zornixOS,automation,automation,script,general,5.15-make-ncurses,5-15-make-ncurses,book/chapter-5/5.15-make-ncurses.sh,.sh,23,,,,unknown,unknown,55,80,shared-automation-candidate,False,none,primary,none,"Automation component for general; review for reusable script, workflow, deployment job, or infra automation.",automation-score:80,7ecfe8e58b8d91cf
f445f6db8435a1cc92079259,mbarbine__zornixOS,automation,automation,script,testing,5.7-make-glibc,5-7-make-glibc,book/chapter-5/5.7-make-glibc.sh,.sh,44,,,,unknown,unknown,55,80,shared-automation-candidate,True,none,primary,none,"Automation component for testing; review for reusable script, workflow, deployment job, or infra automation.",automation-score:80,e26f7ecbb2b453ae
5e953cb276b5499dfb382211,mbarbine__zornixOS,automation,automation,script,general,5.4-make-binutils,5-4-make-binutils,book/chapter-5/5.4-make-binutils.sh,.sh,26,,,,unknown,unknown,55,80,shared-automation-candidate,False,none,primary,none,"Automation component for general; review for reusable script, workflow, deployment job, or infra automation.",automation-score:80,b0ea52adbe284749
3699011b49c5e320ad21bfac,mbarbine__zornixOS,automation,automation,script,testing,5.16-make-bash,5-16-make-bash,book/chapter-5/5.16-make-bash.sh,.sh,17,,,,unknown,unknown,55,80,shared-automation-candidate,False,none,primary,none,"Automation component for testing; review for reusable script, workflow, deployment job, or infra automation.",automation-score:80,78d746b9cc721756
4ef2bfced910ed57c4ba7c22,mbarbine__zornixOS,automation,"automation,observability",script,observability,5.12-make-expect,5-12-make-expect,book/chapter-5/5.12-make-expect.sh,.sh,21,,,,unknown,unknown,65,95,shared-automation-candidate,True,none,primary,none,"Automation component for observability; review for reusable script, workflow, deployment job, or infra automation.",automation-score:80 | observability-score:55,698fe4c1f00ad301
e56ee7a312a5ede7d45b344d,mbarbine__zornixOS,automation,automation,script,i18n,5.10-make-gcc,5-10-make-gcc,book/chapter-5/5.10-make-gcc.sh,.sh,73,,,,unknown,unknown,55,95,shared-automation-candidate,False,none,primary,none,"Automation component for i18n; review for reusable script, workflow, deployment job, or infra automation.",automation-score:80,b5ed0053bc552535
583dd38642485bb1500931aa,mbarbine__zornixOS,automation,"automation,backend",script,general,5.6-make-linux-api-headers,5-6-make-linux-api-headers,book/chapter-5/5.6-make-linux-api-headers.sh,.sh,15,,,,unknown,unknown,65,80,shared-automation-candidate,False,none,primary,none,"Automation component for general; review for reusable script, workflow, deployment job, or infra automation.",automation-score:80 | backend-score:55,2644c183339ce85f
7beffe7ac1f20f4dc32b39a3,mbarbine__zornixOS,automation,automation,script,testing,5.26-make-gzip,5-26-make-gzip,book/chapter-5/5.26-make-gzip.sh,.sh,18,,,,unknown,unknown,55,80,shared-automation-candidate,False,none,primary,none,"Automation component for testing; review for reusable script, workflow, deployment job, or infra automation.",automation-score:80,c04e86d09995b650
eee44ab45c23662a8f41f631,mbarbine__zornixOS,automation,automation,script,editor,5.30-make-sed,5-30-make-sed,book/chapter-5/5.30-make-sed.sh,.sh,16,,,,unknown,unknown,55,80,shared-automation-candidate,True,none,primary,none,"Automation component for editor; review for reusable script, workflow, deployment job, or infra automation.",automation-score:80,8b39992e156ca61c
4e8c75225a9d321a4999b2d0,mbarbine__zornixOS,automation,automation,script,testing,5.22-make-findutils,5-22-make-findutils,book/chapter-5/5.22-make-findutils.sh,.sh,22,,,,unknown,unknown,55,80,shared-automation-candidate,True,none,primary,none,"Automation component for testing; review for reusable script, workflow, deployment job, or infra automation.",automation-score:125,960196706435e612
662bccd843222a578eaa4e7c,mbarbine__zornixOS,automation,automation,script,testing,5.14-make-m4,5-14-make-m4,book/chapter-5/5.14-make-m4.sh,.sh,18,,,,unknown,unknown,55,80,shared-automation-candidate,True,none,primary,none,"Automation component for testing; review for reusable script, workflow, deployment job, or infra automation.",automation-score:80,bf0697a35e410894
39d24c1e395f85f5134fa9fe,mbarbine__zornixOS,automation,automation,script,general,5.35-strip,5-35-strip,book/chapter-5/5.35-strip.sh,.sh,16,,,,unknown,unknown,55,80,shared-automation-candidate,False,none,primary,none,"Automation component for general; review for reusable script, workflow, deployment job, or infra automation.",automation-score:80,e9ff6619bc7ecab2
bff2a0f8af0c141ebd55f7a7,mbarbine__zornixOS,automation,automation,script,general,5.33-make-util-linux,5-33-make-util-linux,book/chapter-5/5.33-make-util-linux.sh,.sh,20,,,,unknown,unknown,55,80,shared-automation-candidate,False,none,primary,none,"Automation component for general; review for reusable script, workflow, deployment job, or infra automation.",automation-score:80,656033dbd018ae1c
ece92c9475907eb5b635ecb7,mbarbine__zornixOS,automation,automation,script,testing,5.23-make-gawk,5-23-make-gawk,book/chapter-5/5.23-make-gawk.sh,.sh,16,,,,unknown,unknown,55,80,shared-automation-candidate,False,none,primary,none,"Automation component for testing; review for reusable script, workflow, deployment job, or infra automation.",automation-score:80,cf5eddaebcea30d9
3736ddf2d0fb111400d860c1,mbarbine__zornixOS,automation,automation,script,general,5.8-make-libstdc,5-8-make-libstdc,book/chapter-5/5.8-make-libstdc.sh,.sh,25,,,,unknown,unknown,55,80,shared-automation-candidate,False,none,primary,none,"Automation component for general; review for reusable script, workflow, deployment job, or infra automation.",automation-score:80,4aa7104ae9dea2e6
25afa83883a022ec30f41daa,mbarbine__zornixOS,automation,automation,script,testing,5.19-make-coreutils,5-19-make-coreutils,book/chapter-5/5.19-make-coreutils.sh,.sh,21,,,,unknown,unknown,55,80,shared-automation-candidate,False,none,primary,none,"Automation component for testing; review for reusable script, workflow, deployment job, or infra automation.",automation-score:80,a75b846b973a03b3
751db4d735c9d96f08fb84dd,mbarbine__zornixOS,automation,automation,script,i18n,5.29-make-perl,5-29-make-perl,book/chapter-5/5.29-make-perl.sh,.sh,17,,,,unknown,unknown,55,95,shared-automation-candidate,False,none,primary,none,"Automation component for i18n; review for reusable script, workflow, deployment job, or infra automation.",automation-score:80,58ed2167731d78a7
9f8529b9e1d24ab371a6321e,mbarbine__zornixOS,automation,automation,script,general,5.9-make-binutils,5-9-make-binutils,book/chapter-5/5.9-make-binutils.sh,.sh,29,,,,unknown,unknown,55,80,shared-automation-candidate,False,none,primary,none,"Automation component for general; review for reusable script, workflow, deployment job, or infra automation.",automation-score:80,3802130bc0e1e357
78cef3f89bd2f00704bbdda3,mbarbine__zornixOS,automation,automation,script,testing,5.20-make-diffutils,5-20-make-diffutils,book/chapter-5/5.20-make-diffutils.sh,.sh,17,,,,unknown,unknown,55,80,shared-automation-candidate,False,none,primary,none,"Automation component for testing; review for reusable script, workflow, deployment job, or infra automation.",automation-score:80,b4df58af0ebefd11
4d7b51a3488a7235649f65f1,mbarbine__zornixOS,automation,automation,script,i18n,5.5-make-gcc,5-5-make-gcc,book/chapter-5/5.5-make-gcc.sh,.sh,69,,,,unknown,unknown,55,95,shared-automation-candidate,False,none,primary,none,"Automation component for i18n; review for reusable script, workflow, deployment job, or infra automation.",automation-score:80,b75002ca9c4b5c11
2553a14a724a2ce4360ae30c,mbarbine__zornixOS,automation,automation,script,testing,5.34-make-xz,5-34-make-xz,book/chapter-5/5.34-make-xz.sh,.sh,19,,,,unknown,unknown,55,80,shared-automation-candidate,False,none,primary,none,"Automation component for testing; review for reusable script, workflow, deployment job, or infra automation.",automation-score:80,2b336b0034858c6c
40b18d544fa64377354b7bc4,mbarbine__zornixOS,automation,"automation,ai",script,i18n,5.24-make-gettext,5-24-make-gettext,book/chapter-5/5.24-make-gettext.sh,.sh,22,,,,unknown,unknown,65,95,shared-automation-candidate,True,none,primary,none,"Automation component for i18n; review for reusable script, workflow, deployment job, or infra automation.",automation-score:80 | ai-score:45,075da1d3a8dc5b80
ae907a95846cb4a3451c919d,mbarbine__zornixOS,automation,automation,script,i18n,5.11-make-tcl,5-11-make-tcl,book/chapter-5/5.11-make-tcl.sh,.sh,35,,,,unknown,unknown,55,95,shared-automation-candidate,False,none,primary,none,"Automation component for i18n; review for reusable script, workflow, deployment job, or infra automation.",automation-score:80,bf04434233bb23cf
0db1024b253b04032fdeed5b,mbarbine__zornixOS,automation,automation,script,testing,5.27-make-make,5-27-make-make,book/chapter-5/5.27-make-make.sh,.sh,17,,,,unknown,unknown,55,80,shared-automation-candidate,False,none,primary,none,"Automation component for testing; review for reusable script, workflow, deployment job, or infra automation.",automation-score:80,83ea4b7c6658ebf1
d4432c3082c78d2dfb06e616,mbarbine__zornixOS,automation,automation,script,testing,5.21-make-file,5-21-make-file,book/chapter-5/5.21-make-file.sh,.sh,17,,,,unknown,unknown,55,80,shared-automation-candidate,False,none,primary,none,"Automation component for testing; review for reusable script, workflow, deployment job, or infra automation.",automation-score:80,2c5bdd3bbcb5fc9c
cfa1907e2e8a58e832b751a6,mbarbine__zornixOS,automation,automation,script,testing,5.13-make-dejagnu,5-13-make-dejagnu,book/chapter-5/5.13-make-dejagnu.sh,.sh,15,,,,unknown,unknown,55,80,shared-automation-candidate,False,none,primary,none,"Automation component for testing; review for reusable script, workflow, deployment job, or infra automation.",automation-score:80,724eaafd9da241e1
5918a7cf44ac8826effc79f7,mbarbine__zornixOS,automation,automation,script,testing,5.32-make-texinfo,5-32-make-texinfo,book/chapter-5/5.32-make-texinfo.sh,.sh,16,,,,unknown,unknown,55,80,shared-automation-candidate,False,none,primary,none,"Automation component for testing; review for reusable script, workflow, deployment job, or infra automation.",automation-score:80,30f6698763181137
7bdeb89d509908390f7e6c21,mbarbine__zornixOS,automation,automation,script,testing,5.28-make-patch,5-28-make-patch,book/chapter-5/5.28-make-patch.sh,.sh,17,,,,unknown,unknown,55,80,shared-automation-candidate,False,none,primary,none,"Automation component for testing; review for reusable script, workflow, deployment job, or infra automation.",automation-score:80,e85b596088b49d56
ff89d14787f7b41517e1675c,mbarbine__zornixOS,automation,automation,script,logic,5.17-make-bison,5-17-make-bison,book/chapter-5/5.17-make-bison.sh,.sh,15,,,,unknown,unknown,55,95,shared-automation-candidate,True,none,primary,none,"Automation component for logic; review for reusable script, workflow, deployment job, or infra automation.",automation-score:80,9d6295f455a46783
99d706a432a026356d700931,mbarbine__zornixOS,automation,automation,script,testing,5.31-make-tar,5-31-make-tar,book/chapter-5/5.31-make-tar.sh,.sh,16,,,,unknown,unknown,55,80,shared-automation-candidate,False,none,primary,none,"Automation component for testing; review for reusable script, workflow, deployment job, or infra automation.",automation-score:80,00c57a2b0f2f638b
76db020f005735c475f7fe3e,mbarbine__zornixOS,automation,automation,script,general,5.18-make-bzip2,5-18-make-bzip2,book/chapter-5/5.18-make-bzip2.sh,.sh,16,,,,unknown,unknown,55,80,shared-automation-candidate,False,none,primary,none,"Automation component for general; review for reusable script, workflow, deployment job, or infra automation.",automation-score:80,b2d7d9ca4bad7e88
e36b03889166b85997637dbf,mbarbine__zornixOS,automation,automation,script,testing,5.25-make-grep,5-25-make-grep,book/chapter-5/5.25-make-grep.sh,.sh,16,,,,unknown,unknown,55,80,shared-automation-candidate,True,none,primary,none,"Automation component for testing; review for reusable script, workflow, deployment job, or infra automation.",automation-score:125,0ff614e5fec512ad
a5bd13bbd8e38be78af3040e,ph3ar__barbine-worldwide-legacy,automation,automation,automation-config,editor,package,package,package.json,.json,33,,,,react,unknown,55,55,catalog-only,True,none,primary,none,"Automation component for editor; review for reusable script, workflow, deployment job, or infra automation.",automation-score:45,ccc90dcf5f8eb45b
f443387160f4225f17472019,ph3ar__js_mongo_app_boilerplate,automation,automation,container-automation,commerce,Dockerfile,dockerfile,Dockerfile,Dockerfile,21,,,,unknown,npm,55,80,shared-automation-candidate,False,none,primary,none,"Automation component for commerce; review for reusable script, workflow, deployment job, or infra automation.",automation-score:85,4dd304df3220f11e
f4c11228e811a5d4ac81a348,ph3ar__js_mongo_app_boilerplate,automation,automation,container-automation,testing,docker-compose,docker-compose,docker-compose.yml,.yml,18,,,,unknown,npm,55,80,shared-automation-candidate,False,none,primary,none,"Automation component for testing; review for reusable script, workflow, deployment job, or infra automation.",automation-score:50,0556f7b5757db13e
bfb17129d6e241a388b5b05e,ph3ar__newdittyswag-commerce,automation,automation,automation-config,editor,package,package,package.json,.json,35,,,,svelte,pnpm,55,55,catalog-only,True,none,primary,none,"Automation component for editor; review for reusable script, workflow, deployment job, or infra automation.",automation-score:45,a4c13efc328b622d
ee698925aee5fd410f0a18e5,ph3ar__ph3ar_radio_backend,automation,"automation,observability",script,observability,config,config,config.cmd,.cmd,26,,,,unknown,unknown,65,95,shared-automation-candidate,True,none,primary,none,"Automation component for observability; review for reusable script, workflow, deployment job, or infra automation.",automation-score:80 | observability-score:55,2ea27be8ccbbc5b9
eec1d13febad89cfd206d3aa,ph3ar__ph3ar_radio_backend,automation,"automation,observability",script,observability,run,run,run.cmd,.cmd,31,,,,unknown,unknown,65,95,shared-automation-candidate,True,none,primary,none,"Automation component for observability; review for reusable script, workflow, deployment job, or infra automation.",automation-score:80 | observability-score:55,a8e29e92b4f41182
aae30bd04a93c53bb8ec0b11,ph3ar__ph3ar_radio_backend,automation,"automation,backend",script,general,prod,prod,dummy-server/prod.sh,.sh,6,,,,unknown,unknown,60,75,shared-automation-candidate,False,none,primary,none,"Automation component for general; review for reusable script, workflow, deployment job, or infra automation.",automation-score:80 | backend-score:55,f19eb2ed1426ce93
92368fb2024ccd0e02d2ca50,ph3ar__ph3ar_radio_backend,automation,"automation,backend",script,general,dev,dev,dummy-server/dev.sh,.sh,4,,,,unknown,unknown,60,75,shared-automation-candidate,False,none,primary,none,"Automation component for general; review for reusable script, workflow, deployment job, or infra automation.",automation-score:80 | backend-score:55,61331fc6fe3e8643
9ea975da8de19b18f1043ccf,ph3ar__ph3ar_radio_backend,automation,"automation,observability",script,observability,config,config,actions_runner/config.cmd,.cmd,26,,,,unknown,unknown,65,95,shared-automation-candidate,True,none,primary,none,"Automation component for observability; review for reusable script, workflow, deployment job, or infra automation.",automation-score:80 | observability-score:55,2ea27be8ccbbc5b9
18d7a259a4a50d1f34500da4,ph3ar__ph3ar_radio_backend,automation,automation,script,game,run-helper,run-helper,actions_runner/run-helper.cmd,.cmd,53,,,,unknown,unknown,55,80,shared-automation-candidate,True,none,primary,none,"Automation component for game; review for reusable script, workflow, deployment job, or infra automation.",automation-score:80,31bab4500a7d0beb
6f3ec9f30027b4459eae3430,ph3ar__ph3ar_radio_backend,automation,"automation,observability",script,observability,run,run,actions_runner/run.cmd,.cmd,31,,,,unknown,unknown,65,95,shared-automation-candidate,True,none,primary,none,"Automation component for observability; review for reusable script, workflow, deployment job, or infra automation.",automation-score:80 | observability-score:55,a8e29e92b4f41182
1026949f6618abad110c9a07,ph3ar__ph3ar_radio_backend,automation,automation,script,general,installdependencies,installdependencies,actions_runner/bin/installdependencies.sh,.sh,233,,,,unknown,unknown,55,75,shared-automation-candidate,True,none,primary,none,"Automation component for general; review for reusable script, workflow, deployment job, or infra automation.",automation-score:80,6548b26ad6ba80b7
eb292ce5a3e660db529b0532,ph3ar__ph3ar_radio_backend,automation,automation,script,general,runsvc,runsvc,actions_runner/bin/runsvc.sh,.sh,21,,,,unknown,unknown,55,80,shared-automation-candidate,True,none,primary,none,"Automation component for general; review for reusable script, workflow, deployment job, or infra automation.",automation-score:80,f1764753e9b1eaab
e1f309d9cc08c4d06c6189fd,ph3ar__ph3ar_radio_backend,automation,"automation,backend",script,general,start-server,start-server,client/start-server.sh,.sh,1,,,,unknown,unknown,60,75,shared-automation-candidate,False,none,primary,none,"Automation component for general; review for reusable script, workflow, deployment job, or infra automation.",automation-score:80 | backend-score:55,a51493a8be89f1f6
5efd87dc08cb7d7a46157e44,ph3ar__ph3ar_radio_backend,automation,automation,script,general,index-fix,index-fix,client/index-fix.sh,.sh,4,,,,unknown,unknown,50,75,shared-automation-candidate,False,none,primary,none,"Automation component for general; review for reusable script, workflow, deployment job, or infra automation.",automation-score:80,bb79f688fbb93d5f
029f852fc3a3b6e85fc29d6b,ph3ar__ph3ar_radio_backend,automation,automation,script,general,dev-fix,dev-fix,client/dev-fix.sh,.sh,9,,,,unknown,unknown,50,75,shared-automation-candidate,False,none,primary,none,"Automation component for general; review for reusable script, workflow, deployment job, or infra automation.",automation-score:80,fcab0bf44ff1c808
c33169039bee01b973e41733,ph3ar__ph3ar_radio_backend,automation,automation,script,general,prod,prod,client/prod.sh,.sh,4,,,,unknown,unknown,50,75,shared-automation-candidate,False,none,primary,none,"Automation component for general; review for reusable script, workflow, deployment job, or infra automation.",automation-score:80,894547ea2535323e
999d38b904f4c78648420ec4,ph3ar__ph3ar_radio_backend,automation,automation,script,general,dev,dev,client/dev.sh,.sh,9,,,,unknown,unknown,50,75,shared-automation-candidate,False,none,primary,none,"Automation component for general; review for reusable script, workflow, deployment job, or infra automation.",automation-score:80,3774f8d7ab4aedd6
faa43602546ceecee9b129cd,ph3ar__ph3ar_radio_backend,automation,automation,automation-config,media,chord-sampler,chord-sampler,client/src/modules/chord-sampler.ts,.ts,42,ChordSampleBackgroundModule,"../config,../stats,../utils,./base-module,./types,tone",tone,unknown,unknown,80,55,catalog-only,False,none,primary,none,"Automation component for media; review for reusable script, workflow, deployment job, or infra automation.","exports:ChordSampleBackgroundModule | imports:../config, ../stats, ../utils, ./base-module, ./types, tone | automation-score:45",df1ea614f257f959
50c6c7ea401d1fc78ba239b4,ph3ar__radio-backend,automation,automation,container-automation,deployment,Dockerfile,dockerfile,Dockerfile,Dockerfile,21,,,,next-react,pnpm,55,95,shared-automation-candidate,False,none,primary,none,"Automation component for deployment; review for reusable script, workflow, deployment job, or infra automation.",automation-score:85,946c6a7e12e9f217
674d0cc7b359ff2919f19d2d,ph3ar__renegade-bbs-docker,automation,automation,container-automation,shipping,Dockerfile,dockerfile,Dockerfile,Dockerfile,17,,,,unknown,unknown,55,80,shared-automation-candidate,True,none,primary,none,"Automation component for shipping; review for reusable script, workflow, deployment job, or infra automation.",automation-score:85,660c5bdb258fa6d7
b05d116909bbcc540c521fc6,ph3ar__renegade-bbs-docker,automation,"automation,observability",container-automation,observability,docker-compose,docker-compose,docker-compose.yml,.yml,64,,,,unknown,unknown,65,95,shared-automation-candidate,True,none,primary,none,"Automation component for observability; review for reusable script, workflow, deployment job, or infra automation.",automation-score:95 | observability-score:55,008a578797c83b05
9d5639c3fc259336d4e7a791,ph3ar__renegade-bbs-docker,automation,"automation,observability",script,observability,startup-info,startup-info,scripts/startup-info.sh,.sh,16,,,,unknown,unknown,75,95,shared-automation-candidate,True,none,primary,none,"Automation component for observability; review for reusable script, workflow, deployment job, or infra automation.",automation-score:130 | observability-score:55,a8147d18216ab507
e7748bd52d51b4a684881b23,ph3ar__renegade-bbs-docker,automation,automation,script,general,start-cloudflared,start-cloudflared,scripts/start-cloudflared.sh,.sh,31,,,,unknown,unknown,65,80,shared-automation-candidate,False,none,primary,none,"Automation component for general; review for reusable script, workflow, deployment job, or infra automation.",automation-score:130,0f08b5fb814e9c06
2393643ed8b0fe8dad83ebf8,ph3ar__www_js_terminal,automation,"automation,integration",deployment-automation,deployment,vercel,vercel,vercel.json,.json,15,,,,unknown,pnpm,65,95,shared-automation-candidate,False,none,primary,none,"Automation component for deployment; review for reusable script, workflow, deployment job, or infra automation.",automation-score:95 | integration-score:55,dfbfce6f665c59a5
8309b49fadbcb7dbdefcd84c,ph3ar__www_js_terminal,automation,automation,container-automation,testing,Dockerfile,dockerfile,Dockerfile,Dockerfile,13,,,,unknown,pnpm,55,80,shared-automation-candidate,False,none,primary,none,"Automation component for testing; review for reusable script, workflow, deployment job, or infra automation.",automation-score:85,e7cb73c8df896bb4
cb0ec57e12e67be7eda30029,ph3ar__www_js_terminal,automation,"automation,observability",script,observability,start_bg,start-bg,start_bg.sh,.sh,1,,,,unknown,pnpm,60,90,shared-automation-candidate,True,none,primary,none,"Automation component for observability; review for reusable script, workflow, deployment job, or infra automation.",automation-score:80 | observability-score:55,bec5b3cee618c5f5
355a07648108a09a08460d07,ph3ar__www_js_terminal,automation,automation,script,general,start,start,start.sh,.sh,1,,,,unknown,pnpm,50,75,shared-automation-candidate,False,none,primary,none,"Automation component for general; review for reusable script, workflow, deployment job, or infra automation.",automation-score:80,7c3ae1a2b3f614fb
c775eb4c45336f9789f96eb6,ph3ar__www_js_terminal,automation,automation,container-automation,testing,Dockerfile,dockerfile,www_js_terminal/Dockerfile,Dockerfile,13,,,,unknown,pnpm,55,80,shared-automation-candidate,False,none,primary,none,"Automation component for testing; review for reusable script, workflow, deployment job, or infra automation.",automation-score:85,e7cb73c8df896bb4
4c8692c01deebddd48f529df,ph3ar__www_js_terminal,automation,automation,script,general,start,start,www_js_terminal/start.sh,.sh,1,,,,unknown,pnpm,50,75,shared-automation-candidate,False,none,primary,none,"Automation component for general; review for reusable script, workflow, deployment job, or infra automation.",automation-score:80,7c3ae1a2b3f614fb
7a529c1fba5017008d5ddee8,ph3ar__www_js_terminal,automation,automation,container-automation,testing,Dockerfile,dockerfile,www_js_terminal/www_js_terminal/Dockerfile,Dockerfile,13,,,,unknown,pnpm,55,80,shared-automation-candidate,False,none,primary,none,"Automation component for testing; review for reusable script, workflow, deployment job, or infra automation.",automation-score:85,e7cb73c8df896bb4
