component_id,repo,primary_category,categories,component_kind,capability,name,normalized_name,path,extension,lines,exports,imports,dependency_roots,framework,package_manager,confidence,reuse_score,extraction_status,ai_scaffold_recommended,process_relevance,automation_relevance,logic_relevance,description,evidence,file_hash
6888a32047a4051b761de294,mbarbine__Scripts,integration,"integration,observability,security,automation",integration-module,observability,lookupsid,lookupsid,python/lookupsid.py,.py,199,LSALookupSid,"__future__,argparse,codecs,getpass,impacket,impacket.dcerpc.v5,impacket.dcerpc.v5.dtypes,impacket.dcerpc.v5.rpcrt,impacket.dcerpc.v5.samr,impacket.examples,logging,re,sys,traceback","__future__,argparse,codecs,getpass,impacket,impacket.dcerpc.v5,impacket.dcerpc.v5.dtypes,impacket.dcerpc.v5.rpcrt,impacket.dcerpc.v5.samr,impacket.examples,logging,re,sys,traceback",python,unknown,90,55,catalog-only,True,none,secondary,none,"Integration component for observability; review for shared connector, webhook, API client, or protocol adapter.","exports:LSALookupSid | imports:__future__, argparse, codecs, getpass, impacket, impacket.dcerpc.v5, impacket.dcerpc.v5.dtypes, impacket.dcerpc.v5.rpcrt | integration-score:55 | observability-score:55 | security-score:55 | automation-score:45",43c8d893745dcdc1
c1529ad7578e64c470017ec8,mbarbine__Scripts,integration,"integration,automation",integration-module,ai,date-range-test,date-range-test,ansible/magento/magento2/repos/magento2/dev/tests/js/JsTestDriver/testsuite/mage/calendar/date-range-test.js,.js,63,,,,unknown,unknown,65,55,catalog-only,False,none,secondary,none,"Integration component for ai; review for shared connector, webhook, API client, or protocol adapter.",integration-score:55 | automation-score:50,6e53adb1d7683906
9eebc99087820112b468d382,mbarbine__Scripts,integration,"integration,automation",integration-module,ai,calendar-qunit,calendar-qunit,ansible/magento/magento2/repos/magento2/dev/tests/js/JsTestDriver/testsuite/mage/calendar/calendar-qunit.js,.js,77,,,,unknown,unknown,65,55,catalog-only,False,none,secondary,none,"Integration component for ai; review for shared connector, webhook, API client, or protocol adapter.",integration-score:55 | automation-score:50,856a77c5c21d4c93
3dbdc2e98dc95aafa9bc9144,mbarbine__Scripts,integration,"integration,automation",integration-module,ai,calendar-test,calendar-test,ansible/magento/magento2/repos/magento2/dev/tests/js/JsTestDriver/testsuite/mage/calendar/calendar-test.js,.js,102,,,,unknown,unknown,65,55,catalog-only,False,none,secondary,none,"Integration component for ai; review for shared connector, webhook, API client, or protocol adapter.",integration-score:55 | automation-score:50,925ff1aa83c23852
93649d77abfcf86f9ac0b1a4,mbarbine__autographed-bibles-webby,integration,"integration,security,ai",integration-module,auth-and-keys,stripe,stripe,app/actions/stripe.ts,.ts,75,,"@/app/actions/bibles,@/lib/products,@/lib/stripe","@/app,@/lib",next-react,pnpm,85,45,site-specific-or-low-confidence,True,none,none,none,"Integration component for auth-and-keys; review for shared connector, webhook, API client, or protocol adapter.","imports:@/app/actions/bibles, @/lib/products, @/lib/stripe | integration-score:55 | security-score:55 | ai-score:45",31aaac4d768c317c
cbad3f79cff8500059542ada,mbarbine__autographed-bibles-webby,integration,"integration,observability,security",integration-module,ai,stripe.test,stripe,__tests__/stripe.test.ts,.ts,85,MockStripe,"@/app/actions/stripe,@/lib/stripe,vitest","@/app,@/lib,vitest",next-react,pnpm,90,40,site-specific-or-low-confidence,True,none,none,none,"Integration component for ai; review for shared connector, webhook, API client, or protocol adapter.","exports:MockStripe | imports:@/app/actions/stripe, @/lib/stripe, vitest | integration-score:55 | observability-score:55 | security-score:55 | uses-env",889db6b48a31f861
fab0d2a8ed19995ecd20fcaf,mbarbine__autographed-bibles-webby,integration,"integration,security,logic",integration-module,auth-and-keys,stripe,stripe,lib/stripe.ts,.ts,5,stripe,stripe,stripe,next-react,pnpm,95,45,site-specific-or-low-confidence,True,none,none,secondary,"Integration component for auth-and-keys; review for shared connector, webhook, API client, or protocol adapter.",exports:stripe | imports:stripe | integration-score:55 | security-score:55 | logic-score:45 | uses-env,7275bf3d7426afc5
c1082d66124d43f9d37cde21,mbarbine__automotive-flamethrower-webby,integration,integration,mcp,mcp,mcp,mcp,public/.well-known/mcp.json,.json,7,,,,next-react,pnpm,50,50,catalog-only,True,none,none,none,"Integration component for mcp; review for shared connector, webhook, API client, or protocol adapter.",integration-score:55,20d3f685ad475a48
bb9d7f85443499f73c509a07,mbarbine__calendar-app-webby,integration,"integration,observability,security",integration-module,observability,local-calendar-storage,local-calendar-storage,hooks/local-calendar-storage.ts,.ts,211,"LOCAL_CALENDAR,LOCAL_CALENDAR_ID,isIndexedDbAvailable","@/lib/constants,@/lib/types",@/lib,next-react,pnpm,90,40,site-specific-or-low-confidence,True,none,none,none,"Integration component for observability; review for shared connector, webhook, API client, or protocol adapter.","exports:LOCAL_CALENDAR, LOCAL_CALENDAR_ID, isIndexedDbAvailable | imports:@/lib/constants, @/lib/types | integration-score:55 | observability-score:55 | security-score:55",cd856a4cdf90d81a
2c05206aa1d506836fea1bae,mbarbine__fashion-sadiepass-WWW,integration,"integration,observability",mcp,mcp,mcp.test,mcp,__tests__/mcp.test.ts,.ts,33,,../app/api/mcp-registration/route,,svelte,pnpm,75,55,catalog-only,True,none,none,none,"Integration component for mcp; review for shared connector, webhook, API client, or protocol adapter.",imports:../app/api/mcp-registration/route | integration-score:55 | observability-score:55,c05d89b882c5dffb
dfb667fa3234345612374b9d,mbarbine__fortune-cookie-webby-yj,integration,"integration,observability",integration-module,observability,fortune-history-calendar.test,fortune-history-calendar,tests/fortune-history-calendar.test.ts,.ts,180,,vitest,vitest,next-react,pnpm,75,55,catalog-only,True,none,none,none,"Integration component for observability; review for shared connector, webhook, API client, or protocol adapter.",imports:vitest | integration-score:55 | observability-score:55,200849df43fe2c3a
c3286d5cbfe01fc2706c6114,mbarbine__hot-chocolate-for-profit-webby,integration,"integration,observability,security,ai",integration-module,auth-and-keys,stripe,stripe,app/actions/stripe.ts,.ts,54,,"@/lib/products,@/lib/stripe",@/lib,next-react,pnpm,85,45,site-specific-or-low-confidence,True,none,none,none,"Integration component for auth-and-keys; review for shared connector, webhook, API client, or protocol adapter.","imports:@/lib/products, @/lib/stripe | integration-score:55 | observability-score:55 | security-score:55 | ai-score:45",a645253b3b56f728
9d2d721cb8ad1f277b46f3df,mbarbine__hot-chocolate-for-profit-webby,integration,"integration,security,logic",integration-module,auth-and-keys,stripe,stripe,lib/stripe.ts,.ts,5,stripe,stripe,stripe,next-react,pnpm,95,45,site-specific-or-low-confidence,True,none,none,secondary,"Integration component for auth-and-keys; review for shared connector, webhook, API client, or protocol adapter.",exports:stripe | imports:stripe | integration-score:55 | security-score:55 | logic-score:45 | uses-env,41603e676c37b18b
405e8c47ad922610c82ad918,mbarbine__ja4mlab,integration,"integration,observability,security,automation,ai",mcp,observability,gen_mcp_pcap_complete,gen-mcp-pcap-complete,tools/pcap/gen_mcp_pcap_complete.py,.py,511,"build_dns_query,build_dns_response,build_http,build_sessions_for_iteration,checksum,ethernet_frame,generate_pcap,ip_header,main,mcp_headers,tcp_packet,udp_packet","argparse,random,struct,time","argparse,random,struct,time",python,python,90,40,site-specific-or-low-confidence,True,none,secondary,none,"Integration component for observability; review for shared connector, webhook, API client, or protocol adapter.","exports:build_dns_query, build_dns_response, build_http, build_sessions_for_iteration, checksum, ethernet_frame, generate_pcap, ip_header | imports:argparse, random, struct, time | integration-score:55 | observability-score:55 | security-score:55 | automation-score:45 | ai-score:45",80ce55351690915a
d2a9a18456d5468da11f4d60,mbarbine__ja4mlab,integration,integration,mcp,mcp,package,package,packages/shared-mcp/package.json,.json,5,,,,unknown,python,50,50,catalog-only,True,none,none,none,"Integration component for mcp; review for shared connector, webhook, API client, or protocol adapter.",integration-score:55,34d8a09037a28d20
abd945e92b30cb41f87421fd,mbarbine__ja4mlab,integration,integration,mcp,mcp,callbacks,callbacks,packages/shared-mcp/src/callbacks.ts,.ts,14,"buildProgressCallback,buildServerCallback",./types,,unknown,python,80,55,catalog-only,True,none,none,none,"Integration component for mcp; review for shared connector, webhook, API client, or protocol adapter.","exports:buildProgressCallback, buildServerCallback | imports:./types | integration-score:55",06bd9392b4010c6f
f63c878e7d43bcc5026a585e,mbarbine__ja4mlab,integration,"integration,security,ai",mcp,ai,lifecycle,lifecycle,packages/shared-mcp/src/lifecycle.ts,.ts,34,"LifecycleClass,classifyLifecycle,classifySession",./types,,unknown,python,90,55,catalog-only,True,none,none,none,"Integration component for ai; review for shared connector, webhook, API client, or protocol adapter.","exports:LifecycleClass, classifyLifecycle, classifySession | imports:./types | integration-score:55 | security-score:55 | ai-score:45",59574e4a3988d613
b804ba454c70d7da3d942d3b,mbarbine__ja4mlab,integration,integration,mcp,mcp,sse,sse,packages/shared-mcp/src/sse.ts,.ts,18,"SseEvent,formatSseEvent,parseLastEventId",,,unknown,python,70,55,catalog-only,True,none,none,none,"Integration component for mcp; review for shared connector, webhook, API client, or protocol adapter.","exports:SseEvent, formatSseEvent, parseLastEventId | integration-score:55",6a0bd22fd61387a7
fa206751933e596e9a56e538,mbarbine__ja4mlab,integration,"integration,observability",mcp,mcp,types,types,packages/shared-mcp/src/types.ts,.ts,50,"DEFAULT_MCP_PROTOCOL_VERSION,JSON_RPC_VERSION,JsonRpcError,JsonRpcId,JsonRpcNotification,JsonRpcRequest,JsonRpcResponse,McpLifecycleState,McpSession,McpValidationResult",,,unknown,python,80,55,catalog-only,True,none,none,none,"Integration component for mcp; review for shared connector, webhook, API client, or protocol adapter.","exports:DEFAULT_MCP_PROTOCOL_VERSION, JSON_RPC_VERSION, JsonRpcError, JsonRpcId, JsonRpcNotification, JsonRpcRequest, JsonRpcResponse, McpLifecycleState | integration-score:55 | observability-score:55",0b844eb141010a4a
1e43097d5247792fba276245,mbarbine__ja4mlab,integration,integration,mcp,mcp,index,index,packages/shared-mcp/src/index.ts,.ts,6,,"./callbacks,./lifecycle,./sessions,./sse,./types,./validation",,unknown,python,60,50,catalog-only,True,none,none,none,"Integration component for mcp; review for shared connector, webhook, API client, or protocol adapter.","imports:./callbacks, ./lifecycle, ./sessions, ./sse, ./types, ./validation | integration-score:55",2c48aae41cf6c429
0463dae7849e4fe1a15d1b11,mbarbine__ja4mlab,integration,integration,mcp,mcp,sessions,sessions,packages/shared-mcp/src/sessions.ts,.ts,70,"McpSessionStore,SessionStoreOptions","./types,node:crypto",node:crypto,unknown,python,80,55,catalog-only,True,none,none,none,"Integration component for mcp; review for shared connector, webhook, API client, or protocol adapter.","exports:McpSessionStore, SessionStoreOptions | imports:./types, node:crypto | integration-score:55",0d05494246a99feb
d7635617f266860d6e58cf2d,mbarbine__ja4mlab,integration,"integration,observability,security,discovery",mcp,observability,083-openclaw-runtime-acp-mcporter,083-openclaw-runtime-acp-mcporter,scenarios/manifests/083-openclaw-runtime-acp-mcporter.json,.json,52,,,,unknown,python,65,55,catalog-only,True,none,none,none,"Integration component for observability; review for shared connector, webhook, API client, or protocol adapter.",integration-score:55 | observability-score:55 | security-score:55 | discovery-score:55,b9620b3f0bb6c932
43c0ef9c2bb7297f9928181d,mbarbine__legacy-platphorm-news,integration,"integration,automation",integration-module,deployment,vercel,vercel,src/vercel.json,.json,4,,,,svelte,unknown,60,50,catalog-only,False,none,secondary,none,"Integration component for deployment; review for shared connector, webhook, API client, or protocol adapter.",integration-score:55 | automation-score:50,351b0b87623e8fa1
f074568d8fe79749bc0b4f3c,mbarbine__mailthing-main,integration,"integration,security,logic",integration-module,auth-and-keys,config,config,utils/stripe/config.ts,.ts,17,stripe,stripe,stripe,next-react,pnpm,90,50,catalog-only,True,none,none,secondary,"Integration component for auth-and-keys; review for shared connector, webhook, API client, or protocol adapter.",exports:stripe | imports:stripe | integration-score:55 | security-score:55 | logic-score:45 | uses-env,a4868f6501506b9e
5126afa9ff0c9efe3cf3b15d,mbarbine__mailthing-main,integration,integration,integration-module,seo-and-metadata,stripe-fixtures,stripe-fixtures,fixtures/stripe-fixtures.json,.json,91,,,,next-react,pnpm,55,55,catalog-only,False,none,none,none,"Integration component for seo-and-metadata; review for shared connector, webhook, API client, or protocol adapter.",integration-score:55,fc1133469c0600cc
7ca2acbf00846d429bf2f0c1,mbarbine__news-api,integration,"integration,automation",integration-module,deployment,vercel,vercel,src/vercel.json,.json,4,,,,svelte,pnpm,60,50,catalog-only,False,none,secondary,none,"Integration component for deployment; review for shared connector, webhook, API client, or protocol adapter.",integration-score:55 | automation-score:50,351b0b87623e8fa1
541c064737873693e4011e9a,mbarbine__onboard-platphorm-boilerplate-repo,integration,"integration,observability,ai",mcp,observability,bulk-import-benchmark.test,bulk-import-benchmark,__tests__/integration/mcp/bulk-import-benchmark.test.ts,.ts,101,,"@/app/api/mcp/route,@modelcontextprotocol/sdk/client/index.js,@modelcontextprotocol/sdk/inMemory.js,vitest","@/app,@modelcontextprotocol/sdk,vitest",next-react,pnpm,75,45,site-specific-or-low-confidence,True,none,none,none,"Integration component for observability; review for shared connector, webhook, API client, or protocol adapter.","imports:@/app/api/mcp/route, @modelcontextprotocol/sdk/client/index.js, @modelcontextprotocol/sdk/inMemory.js, vitest | integration-score:55 | observability-score:55 | ai-score:45",4edc4b4745856404
a3a774cb3373708d8f081794,mbarbine__ph3ar-admin-dashboard,integration,integration,mcp,mcp,mcp,mcp,public/.well-known/mcp.json,.json,10,,,,next-react,pnpm,50,55,catalog-only,True,none,none,none,"Integration component for mcp; review for shared connector, webhook, API client, or protocol adapter.",integration-score:55,955a1c39c0b5ea60
d57a7f1112668f4fc58b6a88,mbarbine__platphorm-ascii,integration,"integration,observability,security,automation",webhook,observability,webhooks-advanced.test,webhooks-advanced,__tests__/webhooks-advanced.test.ts,.ts,69,SITE_URL,"@/app/api/v1/webhooks/test/route,@/app/api/webhooks/route,vitest","@/app,vitest",next-react,pnpm,90,40,site-specific-or-low-confidence,True,none,secondary,none,"Integration component for observability; review for shared connector, webhook, API client, or protocol adapter.","exports:SITE_URL | imports:@/app/api/v1/webhooks/test/route, @/app/api/webhooks/route, vitest | integration-score:55 | observability-score:55 | security-score:55 | automation-score:45 | uses-env",7f7de2eaed6cc784
6204d2675cdfbea3c8c3bacc,mbarbine__platphorm-ascii,integration,"integration,observability,ai",mcp,observability,mcp-client.test,mcp-client,__tests__/mcp-client.test.ts,.ts,440,ENDPOINT,"@/lib/mcp-client,vitest","@/lib,vitest",next-react,pnpm,90,40,site-specific-or-low-confidence,True,none,none,none,"Integration component for observability; review for shared connector, webhook, API client, or protocol adapter.","exports:ENDPOINT | imports:@/lib/mcp-client, vitest | integration-score:55 | observability-score:55 | ai-score:45",1d6e04bb3d581233
a41e834d0d2aabb4b6f520ea,mbarbine__platphorm-ascii,integration,"integration,security,discovery,process,automation",openapi,mcp,openapi-spec.test,openapi-spec,__tests__/openapi-spec.test.ts,.ts,26,,"@/lib/ascii/openapi,vitest","@/lib,vitest",next-react,pnpm,75,45,site-specific-or-low-confidence,True,secondary,secondary,none,"Integration component for mcp; review for shared connector, webhook, API client, or protocol adapter.","imports:@/lib/ascii/openapi, vitest | integration-score:55 | security-score:55 | discovery-score:55 | process-score:45 | automation-score:45",328dad2fce7672a7
e44c28ac6a694eaee1b1c56d,mbarbine__platphorm-ascii,integration,"integration,observability,security,ai",mcp,observability,mcp-client-advanced.test,mcp-client-advanced,__tests__/mcp-client-advanced.test.ts,.ts,368,ENDPOINT,"@/lib/mcp-client,vitest","@/lib,vitest",next-react,pnpm,90,40,site-specific-or-low-confidence,True,none,none,none,"Integration component for observability; review for shared connector, webhook, API client, or protocol adapter.","exports:ENDPOINT | imports:@/lib/mcp-client, vitest | integration-score:55 | observability-score:55 | security-score:55 | ai-score:45",2bdc92f2a1db625b
6fda437a19a88b9498a8960c,mbarbine__platphorm-ascii,integration,"integration,observability,security,automation,ai",mcp,mcp,mcp-integration.test,mcp-integration,__tests__/mcp-integration.test.ts,.ts,69,SITE_URL,"@/app/api/mcp/route,vitest","@/app,vitest",next-react,pnpm,90,40,site-specific-or-low-confidence,True,none,secondary,none,"Integration component for mcp; review for shared connector, webhook, API client, or protocol adapter.","exports:SITE_URL | imports:@/app/api/mcp/route, vitest | integration-score:55 | observability-score:55 | security-score:55 | automation-score:45 | ai-score:45 | uses-env",eca112b00eb926d9
b78cac42668ba5d251c6b8f6,mbarbine__platphorm-browserops,integration,"integration,security,ai",mcp,mcp,mcp-json-rpc.test,mcp-json-rpc,tests/mcp-json-rpc.test.ts,.ts,32,,"@/lib/mcp/server,vitest","@/lib,vitest",next-react,pnpm,75,40,site-specific-or-low-confidence,True,none,none,none,"Integration component for mcp; review for shared connector, webhook, API client, or protocol adapter.","imports:@/lib/mcp/server, vitest | integration-score:55 | security-score:55 | ai-score:45 | uses-env",8d11fb80eac13159
ece2dc4136a9e7b63b814e2a,mbarbine__platphorm-codex,integration,"integration,observability",mcp,ai,client.test,client,__tests__/mcp/client.test.ts,.ts,249,,"@/lib/mcp/client,vitest","@/lib,vitest",next-react,pnpm,75,40,site-specific-or-low-confidence,True,none,none,none,"Integration component for ai; review for shared connector, webhook, API client, or protocol adapter.","imports:@/lib/mcp/client, vitest | integration-score:55 | observability-score:55",9d647495fe777f15
de6f1303b41298c236b85c91,mbarbine__platphorm-content-showback-dashboard,integration,"integration,observability,security,ai",integration-module,observability,stripe,stripe,app/actions/stripe.ts,.ts,92,,"@/lib/products,@/lib/stripe,@neondatabase/serverless","@/lib,@neondatabase/serverless",next-react,pnpm,85,40,site-specific-or-low-confidence,True,none,none,none,"Integration component for observability; review for shared connector, webhook, API client, or protocol adapter.","imports:@/lib/products, @/lib/stripe, @neondatabase/serverless | integration-score:55 | observability-score:55 | security-score:55 | ai-score:45 | uses-env",f6a19e0ea6bb5fbb
e074d0eecbef13b1df4d61ca,mbarbine__platphorm-content-showback-dashboard,integration,"integration,observability,ai",mcp,mcp,mcp.test,mcp,__tests__/mcp.test.ts,.ts,291,,"../app/api/mcp/route,@neondatabase/serverless,next/server,vitest","@neondatabase/serverless,next,vitest",next-react,pnpm,75,50,catalog-only,True,none,none,none,"Integration component for mcp; review for shared connector, webhook, API client, or protocol adapter.","imports:../app/api/mcp/route, @neondatabase/serverless, next/server, vitest | integration-score:55 | observability-score:55 | ai-score:45",028559ff47be061d
ab3abefae3061d06cf36f2f3,mbarbine__platphorm-content-showback-dashboard,integration,"integration,security,logic",integration-module,auth-and-keys,stripe,stripe,lib/stripe.ts,.ts,5,stripe,stripe,stripe,next-react,pnpm,95,45,site-specific-or-low-confidence,True,none,none,secondary,"Integration component for auth-and-keys; review for shared connector, webhook, API client, or protocol adapter.",exports:stripe | imports:stripe | integration-score:55 | security-score:55 | logic-score:45 | uses-env,acb58336b47a900b
1f7a1acf5d83971264fc81b5,mbarbine__platphorm-decks,integration,"integration,observability",mcp,ai,client.test,client,__tests__/mcp/client.test.ts,.ts,249,,"@/lib/mcp/client,vitest","@/lib,vitest",next-react,pnpm,75,40,site-specific-or-low-confidence,True,none,none,none,"Integration component for ai; review for shared connector, webhook, API client, or protocol adapter.","imports:@/lib/mcp/client, vitest | integration-score:55 | observability-score:55",5b4bdd689123b538
f6a4a95dc75c46734a3ff4cc,mbarbine__platphorm-emoji,integration,"integration,ai",mcp,ai,mcp-registration.test,mcp-registration,tests/mcp-registration.test.ts,.ts,63,PRODUCTION_URL,"@/lib/mcp-client,@/lib/mcp-server,vitest","@/lib,vitest",next-react,pnpm,90,45,site-specific-or-low-confidence,True,none,none,none,"Integration component for ai; review for shared connector, webhook, API client, or protocol adapter.","exports:PRODUCTION_URL | imports:@/lib/mcp-client, @/lib/mcp-server, vitest | integration-score:55 | ai-score:45",8445fd6f6526c600
5f362d6d1988af11c13a4749,mbarbine__platphorm-emoji,integration,"integration,observability",mcp,observability,mcp-client.test,mcp-client,tests/mcp-client.test.ts,.ts,465,TEST_BASE_URL,"@/lib/mcp-client,vitest","@/lib,vitest",next-react,pnpm,90,40,site-specific-or-low-confidence,True,none,none,none,"Integration component for observability; review for shared connector, webhook, API client, or protocol adapter.","exports:TEST_BASE_URL | imports:@/lib/mcp-client, vitest | integration-score:55 | observability-score:55",d644b83681ac8a01
ccd93ed9fb9efe468a5a2c2a,mbarbine__platphorm-emoji,integration,"integration,discovery,ai",mcp,ai,mcp-manifest.test,mcp-manifest,tests/mcp-manifest.test.ts,.ts,40,,"@/lib/mcp-server,vitest","@/lib,vitest",next-react,pnpm,75,45,site-specific-or-low-confidence,True,none,none,none,"Integration component for ai; review for shared connector, webhook, API client, or protocol adapter.","imports:@/lib/mcp-server, vitest | integration-score:55 | discovery-score:55 | ai-score:45",625ffd7bd2246a5b
6c74760650943fecff80aa56,mbarbine__platphorm-emoji,integration,"integration,observability",mcp,ai,mcp-client-mock.test,mcp-client-mock,tests/mcp-client-mock.test.ts,.ts,770,"TEST_BASE,TEST_REGISTRY","@/lib/config,@/lib/mcp-client,vitest","@/lib,vitest",next-react,pnpm,90,25,site-specific-or-low-confidence,True,none,none,none,"Integration component for ai; review for shared connector, webhook, API client, or protocol adapter.","exports:TEST_BASE, TEST_REGISTRY | imports:@/lib/config, @/lib/mcp-client, vitest | integration-score:55 | observability-score:55",9b6e84c544903eab
158f81114fca875012978395,mbarbine__platphorm-evals,integration,"integration,observability,security,ai",mcp,observability,mcp-tools.test,mcp-tools,tests/mcp-tools.test.ts,.ts,119,,"../lib/mcp,vitest,zod","vitest,zod",next-react,pnpm,75,55,catalog-only,True,none,none,none,"Integration component for observability; review for shared connector, webhook, API client, or protocol adapter.","imports:../lib/mcp, vitest, zod | integration-score:55 | observability-score:55 | security-score:55 | ai-score:45",f79a4aab6974bc1c
319c175a64a2e8e71a5b2b37,mbarbine__platphorm-evals,integration,"integration,observability,ai",mcp,ai,mcp-hub-client.test,mcp-hub-client,tests/mcp-hub-client.test.ts,.ts,74,,"@/lib/integrations/mcp-hub-client,vitest","@/lib,vitest",next-react,pnpm,75,45,site-specific-or-low-confidence,True,none,none,none,"Integration component for ai; review for shared connector, webhook, API client, or protocol adapter.","imports:@/lib/integrations/mcp-hub-client, vitest | integration-score:55 | observability-score:55 | ai-score:45",ba3d9a72f9426ec5
e4a1687cdc5462995a981b98,mbarbine__platphorm-evals,integration,"integration,ai",mcp,ai,mcp.test,mcp,tests/integration/mcp.test.ts,.ts,28,,"@/lib/mcp,@/lib/mcp/server,vitest","@/lib,vitest",next-react,pnpm,75,45,site-specific-or-low-confidence,True,none,none,none,"Integration component for ai; review for shared connector, webhook, API client, or protocol adapter.","imports:@/lib/mcp, @/lib/mcp/server, vitest | integration-score:55 | ai-score:45",4faaf2136478f023
44bb8cdb38dbb28b8c0f770f,mbarbine__platphorm-evals,integration,"integration,observability,discovery",openapi,observability,openapi.test,openapi,tests/integration/openapi.test.ts,.ts,28,,"@/lib/discovery/openapi,vitest","@/lib,vitest",next-react,pnpm,75,45,site-specific-or-low-confidence,True,none,none,none,"Integration component for observability; review for shared connector, webhook, API client, or protocol adapter.","imports:@/lib/discovery/openapi, vitest | integration-score:55 | observability-score:55 | discovery-score:55",ef5fa9f984c27b72
9ed68a2c92004944ed31ec57,mbarbine__platphorm-finance,integration,"integration,observability,discovery,logic",openapi,observability,openapi,openapi,public/schemas/openapi.json,.json,36,,,,next-react,pnpm,65,55,catalog-only,True,none,none,secondary,"Integration component for observability; review for shared connector, webhook, API client, or protocol adapter.",integration-score:55 | observability-score:55 | discovery-score:55 | logic-score:45,0a6226cb2a9321b7
f7753a497f223a4c54ef7202,mbarbine__platphorm-insights,integration,"integration,observability,security",mcp,mcp,tools.test,tools,tests/mcp/tools.test.ts,.ts,149,,"../../lib/db,../../lib/mcp/tools,vitest",vitest,next-react,pnpm,75,55,catalog-only,True,none,none,none,"Integration component for mcp; review for shared connector, webhook, API client, or protocol adapter.","imports:../../lib/db, ../../lib/mcp/tools, vitest | integration-score:55 | observability-score:55 | security-score:55",b2a43e03091e7dd6
d8b0cefa5745d0d278543b16,mbarbine__platphorm-insights,integration,"integration,observability,security,automation,ai",mcp,ai,client.test,client,tests/mcp/client.test.ts,.ts,188,,"../../lib/mcp/client,vitest",vitest,next-react,pnpm,75,50,catalog-only,True,none,secondary,none,"Integration component for ai; review for shared connector, webhook, API client, or protocol adapter.","imports:../../lib/mcp/client, vitest | integration-score:55 | observability-score:55 | security-score:55 | automation-score:45 | ai-score:45 | uses-env",00ba6115f63aa9fa
b4a7396ef490085c21ac7e07,mbarbine__platphorm-jules,integration,"integration,ai",mcp,ai,use-mcp.test,use-mcp,hooks/use-mcp.test.ts,.ts,112,,"./use-mcp,@testing-library/react,swr,vitest","@testing-library/react,swr,vitest",next-react,pnpm,75,55,catalog-only,True,none,none,none,"Integration component for ai; review for shared connector, webhook, API client, or protocol adapter.","imports:./use-mcp, @testing-library/react, swr, vitest | integration-score:55 | ai-score:45",738a9cbb6bd24f0e
16b0241741237c0398a03802,mbarbine__platphorm-jules,integration,integration,integration-module,ai,use-calendar.test,use-calendar,hooks/use-calendar.test.ts,.ts,142,,"./use-calendar,@testing-library/react,swr,vitest","@testing-library/react,swr,vitest",next-react,pnpm,65,55,catalog-only,True,none,none,none,"Integration component for ai; review for shared connector, webhook, API client, or protocol adapter.","imports:./use-calendar, @testing-library/react, swr, vitest | integration-score:55",d7c1abb95ecb22c8
cf72f825e47ef591e09e6ed3,mbarbine__platphorm-jules,integration,"integration,observability",mcp,mcp,use-mcp,use-mcp,hooks/use-mcp.ts,.ts,101,"useMCPNetwork,useMCPServers,useMCPSites,useMCPTools","@/lib/api-types,swr","@/lib,swr",next-react,pnpm,90,45,site-specific-or-low-confidence,True,none,none,none,"Integration component for mcp; review for shared connector, webhook, API client, or protocol adapter.","exports:useMCPNetwork, useMCPServers, useMCPSites, useMCPTools | imports:@/lib/api-types, swr | integration-score:55 | observability-score:55",3061c1e8f5937884
4bb47aaca07c1305393edb7f,mbarbine__platphorm-jules,integration,"integration,observability,security",integration-module,auth-and-keys,use-calendar,use-calendar,hooks/use-calendar.ts,.ts,111,"useCalendarEvents,useCalendars,useTodayEvents,useUpcomingEvents","@/lib/api-types,swr","@/lib,swr",next-react,pnpm,90,45,site-specific-or-low-confidence,True,none,none,none,"Integration component for auth-and-keys; review for shared connector, webhook, API client, or protocol adapter.","exports:useCalendarEvents, useCalendars, useTodayEvents, useUpcomingEvents | imports:@/lib/api-types, swr | integration-score:55 | observability-score:55 | security-score:55",eb595663bd9b28d4
0e9d38567df42dbc4d5502f7,mbarbine__platphorm-kanban,integration,"integration,observability,security,automation",integration-module,ai,calendar-sync.test,calendar-sync,__tests__/integration/calendar-sync.test.ts,.ts,148,SECRET,"@/app/api/webhooks/platphormnews/route,@/lib/board-store,next/server,vitest","@/app,@/lib,next,vitest",next-react,pnpm,90,40,site-specific-or-low-confidence,True,none,secondary,none,"Integration component for ai; review for shared connector, webhook, API client, or protocol adapter.","exports:SECRET | imports:@/app/api/webhooks/platphormnews/route, @/lib/board-store, next/server, vitest | integration-score:55 | observability-score:55 | security-score:55 | automation-score:45 | uses-env",c56b77947c32b43a
fafd8ef082a6c48f266fa38d,mbarbine__platphorm-mcp,integration,"integration,observability,security,discovery",integration-module,observability,github-sitemap.test,github-sitemap,tests/__tests__/github-sitemap.test.ts,.ts,253,"INVALID_SITEMAP,MOCK_OWNER,MOCK_PATH,MOCK_REPO,MOCK_SHA,MOCK_URL,VALID_SITEMAP","../lib/mcp/github-sitemap,vitest",vitest,next-react,pnpm,90,45,site-specific-or-low-confidence,True,none,none,none,"Integration component for observability; review for shared connector, webhook, API client, or protocol adapter.","exports:INVALID_SITEMAP, MOCK_OWNER, MOCK_PATH, MOCK_REPO, MOCK_SHA, MOCK_URL, VALID_SITEMAP | imports:../lib/mcp/github-sitemap, vitest | integration-score:55 | observability-score:55 | security-score:55 | discovery-score:55 | uses-env",7f0286fc354cd0bd
c93d4ed5fe5918c96fc85d10,mbarbine__platphorm-mcp,integration,integration,integration-module,mcp,github.test,github,tests/__tests__/tools/github.test.ts,.ts,46,,"../../lib/mcp/tools/github,vitest",vitest,next-react,pnpm,65,55,catalog-only,True,none,none,none,"Integration component for mcp; review for shared connector, webhook, API client, or protocol adapter.","imports:../../lib/mcp/tools/github, vitest | integration-score:55",3aea161dbf175b2c
4d9cc44c9aa8f7da31e5dc68,mbarbine__platphorm-mcp,integration,"integration,observability,automation,ai",mcp,observability,mcp-protocol.test,mcp-protocol,tests/__tests__/integration/mcp-protocol.test.ts,.ts,354,"MCP_URL,SITE_NAME,SITE_URL",vitest,vitest,next-react,pnpm,90,45,site-specific-or-low-confidence,True,none,secondary,none,"Integration component for observability; review for shared connector, webhook, API client, or protocol adapter.","exports:MCP_URL, SITE_NAME, SITE_URL | imports:vitest | integration-score:55 | observability-score:55 | automation-score:45 | ai-score:45 | uses-env",93bb3a50a3061be2
b8bd7206f1ddc087ff40a336,mbarbine__platphorm-mcp,integration,integration,mcp,mcp,mcp,mcp,.vscode/mcp.json,.json,8,,,,next-react,pnpm,50,50,catalog-only,True,none,none,none,"Integration component for mcp; review for shared connector, webhook, API client, or protocol adapter.",integration-score:55,c92076f7fd5a8689
e8cb6a3c670d7802aa703b21,mbarbine__platphorm-openclaw,integration,"integration,observability,security,discovery",openapi,observability,openapi,openapi,public/openapi.json,.json,578,,,,next-react,pnpm,65,40,site-specific-or-low-confidence,True,none,none,none,"Integration component for observability; review for shared connector, webhook, API client, or protocol adapter.",integration-score:55 | observability-score:55 | security-score:55 | discovery-score:55,a359a459afdc50bf
a14eecaf1bb374721cdbdafa,mbarbine__platphorm-opencontent,integration,"integration,observability,automation",mcp,ai,claws-integration.test,claws-integration,__tests__/integration/mcp/claws-integration.test.ts,.ts,97,,"@/lib/claws-sdk,@/lib/mcp-network,vitest","@/lib,vitest",next-react,pnpm,75,45,site-specific-or-low-confidence,True,none,secondary,none,"Integration component for ai; review for shared connector, webhook, API client, or protocol adapter.","imports:@/lib/claws-sdk, @/lib/mcp-network, vitest | integration-score:55 | observability-score:55 | automation-score:45",b4a532a0efceceaa
2e0e9a8aaa3e078d0a19dbc8,mbarbine__platphorm-opencontent,integration,"integration,observability",mcp,ai,platphorm-network.test,platphorm-network,__tests__/integration/mcp/platphorm-network.test.ts,.ts,109,,"@/lib/mcp-network,vitest","@/lib,vitest",next-react,pnpm,75,45,site-specific-or-low-confidence,True,none,none,none,"Integration component for ai; review for shared connector, webhook, API client, or protocol adapter.","imports:@/lib/mcp-network, vitest | integration-score:55 | observability-score:55",43b9786228c2306f
879996c7ddfa9852f3d98007,mbarbine__platphorm-opendocs,integration,"integration,observability,automation",mcp,ai,claws-integration.test,claws-integration,__tests__/integration/mcp/claws-integration.test.ts,.ts,97,,"@/lib/claws-sdk,@/lib/mcp-network,vitest","@/lib,vitest",next-react,pnpm,75,45,site-specific-or-low-confidence,True,none,secondary,none,"Integration component for ai; review for shared connector, webhook, API client, or protocol adapter.","imports:@/lib/claws-sdk, @/lib/mcp-network, vitest | integration-score:55 | observability-score:55 | automation-score:45",b4a532a0efceceaa
e647aae2273ca019b890dcd2,mbarbine__platphorm-opendocs,integration,"integration,observability",mcp,ai,platphorm-network.test,platphorm-network,__tests__/integration/mcp/platphorm-network.test.ts,.ts,121,,"@/lib/mcp-network,vitest","@/lib,vitest",next-react,pnpm,75,45,site-specific-or-low-confidence,True,none,none,none,"Integration component for ai; review for shared connector, webhook, API client, or protocol adapter.","imports:@/lib/mcp-network, vitest | integration-score:55 | observability-score:55",13e28d2e9a7393ef
696792a8e29a96603b59c5c2,mbarbine__platphorm-podcasts,integration,"integration,observability,security,discovery",openapi,observability,openapi.test,openapi,__tests__/openapi.test.ts,.ts,329,,vitest,vitest,next-react,pnpm,75,50,catalog-only,True,none,none,none,"Integration component for observability; review for shared connector, webhook, API client, or protocol adapter.",imports:vitest | integration-score:55 | observability-score:55 | security-score:55 | discovery-score:55,c614eeca105135d0
a8b55cc6a13af501115104c3,mbarbine__platphorm-podcasts,integration,"integration,observability,security",integration-module,observability,spotify.test,spotify,__tests__/spotify.test.ts,.ts,159,,"@/lib/logger,@/lib/spotify,vitest","@/lib,vitest",next-react,pnpm,75,40,site-specific-or-low-confidence,True,none,none,none,"Integration component for observability; review for shared connector, webhook, API client, or protocol adapter.","imports:@/lib/logger, @/lib/spotify, vitest | integration-score:55 | observability-score:55 | security-score:55 | uses-env",74bafd5ddb6fba6b
1d7bd0299aafa8029b2cc6d1,mbarbine__platphorm-politics,integration,"integration,ai",mcp,mcp,mcp,mcp,.well-known/mcp.json,.json,11,,,,next-react,pnpm,65,55,catalog-only,True,none,none,none,"Integration component for mcp; review for shared connector, webhook, API client, or protocol adapter.",integration-score:55 | ai-score:45,353250b81915770f
89be924bf01895cc0e5fdb25,mbarbine__platphorm-polymarket-rss-feed,integration,"integration,observability",mcp,observability,mcp-logger.test,mcp-logger,tests/unit/mcp-logger.test.ts,.ts,65,,"@/lib/mcp-logger,vitest","@/lib,vitest",next-react,pnpm,75,40,site-specific-or-low-confidence,True,none,none,none,"Integration component for observability; review for shared connector, webhook, API client, or protocol adapter.","imports:@/lib/mcp-logger, vitest | integration-score:55 | observability-score:55 | uses-env",8262cacd6062a7bd
67224f3b3f94fcbda2c75bf7,mbarbine__platphorm-polymarket-rss-feed,integration,"integration,observability,security",mcp,observability,mcp-discovery.test,mcp-discovery,tests/integration/mcp-discovery.test.ts,.ts,137,,"@/app/.well-known/mcp.json/route,vitest","@/app,vitest",next-react,pnpm,75,45,site-specific-or-low-confidence,True,none,none,none,"Integration component for observability; review for shared connector, webhook, API client, or protocol adapter.","imports:@/app/.well-known/mcp.json/route, vitest | integration-score:55 | observability-score:55 | security-score:55",64767e2b7f26e13a
e814157786ea09a32a8f61a1,mbarbine__platphorm-polymarket-rss-feed,integration,"integration,observability,security,ai",mcp,observability,mcp-new-tools.test,mcp-new-tools,tests/integration/mcp-new-tools.test.ts,.ts,78,,"../msw/fixtures,@/app/api/mcp/route,vitest","@/app,vitest",next-react,pnpm,75,45,site-specific-or-low-confidence,True,none,none,none,"Integration component for observability; review for shared connector, webhook, API client, or protocol adapter.","imports:../msw/fixtures, @/app/api/mcp/route, vitest | integration-score:55 | observability-score:55 | security-score:55 | ai-score:45",506168afa8239e78
2bb9e11f0d56c6cc73e9c174,mbarbine__platphorm-polymarket-rss-feed,integration,"integration,observability,security,ai",mcp,observability,mcp-tools.test,mcp-tools,tests/integration/mcp-tools.test.ts,.ts,277,,"../msw/fixtures,@/app/api/mcp/route,vitest","@/app,vitest",next-react,pnpm,75,40,site-specific-or-low-confidence,True,none,none,none,"Integration component for observability; review for shared connector, webhook, API client, or protocol adapter.","imports:../msw/fixtures, @/app/api/mcp/route, vitest | integration-score:55 | observability-score:55 | security-score:55 | ai-score:45",35fef2881aec6383
9c2daf88bd82b3f2950d9840,mbarbine__platphorm-polymarket-rss-feed,integration,"integration,observability,security,ai",mcp,observability,mcp-protocol.test,mcp-protocol,tests/integration/mcp-protocol.test.ts,.ts,235,,"@/app/api/mcp/route,vitest","@/app,vitest",next-react,pnpm,75,40,site-specific-or-low-confidence,True,none,none,none,"Integration component for observability; review for shared connector, webhook, API client, or protocol adapter.","imports:@/app/api/mcp/route, vitest | integration-score:55 | observability-score:55 | security-score:55 | ai-score:45",5b3f357c9a409247
8249dbccda1f1fe4e3744e61,mbarbine__platphorm-polymaths,integration,"integration,observability,security,ai",mcp,observability,mcp-endpoint.test,mcp-endpoint,__tests__/mcp/mcp-endpoint.test.ts,.ts,102,,"@/app/.well-known/mcp.json/route,vitest","@/app,vitest",next-react,pnpm,75,45,site-specific-or-low-confidence,True,none,none,none,"Integration component for observability; review for shared connector, webhook, API client, or protocol adapter.","imports:@/app/.well-known/mcp.json/route, vitest | integration-score:55 | observability-score:55 | security-score:55 | ai-score:45",00428d29a8467f75
46c539b8c56b8e68955cfff3,mbarbine__platphorm-polymaths,integration,"integration,observability,security",mcp,observability,platphorm-endpoint.test,platphorm-endpoint,__tests__/mcp/platphorm-endpoint.test.ts,.ts,147,,"@/app/.well-known/platphorm.json/route,vitest","@/app,vitest",next-react,pnpm,75,45,site-specific-or-low-confidence,True,none,none,none,"Integration component for observability; review for shared connector, webhook, API client, or protocol adapter.","imports:@/app/.well-known/platphorm.json/route, vitest | integration-score:55 | observability-score:55 | security-score:55",ba0600522d11422e
53307910566e3e737ccb84fc,mbarbine__platphorm-quake,integration,"integration,observability,security",mcp,ai,mcp-json.test,mcp-json,__tests__/app/.well-known/mcp-json.test.ts,.ts,113,,@/app/.well-known/mcp.json/route,@/app,next-react,pnpm,85,45,site-specific-or-low-confidence,True,none,none,none,"Integration component for ai; review for shared connector, webhook, API client, or protocol adapter.",imports:@/app/.well-known/mcp.json/route | integration-score:55 | observability-score:55 | security-score:55,6874b7ac4933522e
5ea1250f10b340c6ab063d6f,mbarbine__platphorm-real-estate,integration,"integration,discovery,ai",mcp,mcp,manifest,manifest,public/.well-known/mcp/manifest.json,.json,17,,,,next-react,pnpm,65,55,catalog-only,True,none,none,none,"Integration component for mcp; review for shared connector, webhook, API client, or protocol adapter.",integration-score:55 | discovery-score:55 | ai-score:45,6126d67032866c31
e0459c8717e04c2de0b6cb1b,mbarbine__platphorm-register,integration,"integration,discovery",openapi,discovery,openapi,openapi,openapi.json,.json,85,,,,next-react,pnpm,65,55,catalog-only,True,none,none,none,"Integration component for discovery; review for shared connector, webhook, API client, or protocol adapter.",integration-score:55 | discovery-score:55,25aab193ca956c4c
f886a1bdb185beb91eccd6ce,mbarbine__platphorm-space-news,integration,"integration,ai",mcp,mcp,mcp.test,mcp,__tests__/mcp/mcp.test.ts,.ts,16,,"@/lib/space/mcp,vitest","@/lib,vitest",next-react,pnpm,75,45,site-specific-or-low-confidence,True,none,none,none,"Integration component for mcp; review for shared connector, webhook, API client, or protocol adapter.","imports:@/lib/space/mcp, vitest | integration-score:55 | ai-score:45",b70ca1c829fdbd9c
d43dfdc79bbdee79f08e2e61,mbarbine__platphorm-svg-factory,integration,"integration,automation",integration-module,deployment,vercel,vercel,vercel.json,.json,6,,,,next-react,unknown,60,50,catalog-only,False,none,secondary,none,"Integration component for deployment; review for shared connector, webhook, API client, or protocol adapter.",integration-score:55 | automation-score:50,a9716894459d0189
cb190c170a4335519f52fc46,mbarbine__platphorm-trace,integration,"integration,observability,discovery",openapi,observability,openapi-starter,openapi-starter,public/openapi-starter.json,.json,123,,,,next-react,pnpm,65,55,catalog-only,True,none,none,none,"Integration component for observability; review for shared connector, webhook, API client, or protocol adapter.",integration-score:55 | observability-score:55 | discovery-score:55,3c594dd75501a326
920674fb9149a32674a462c2,mbarbine__platphorm-trace,integration,"integration,observability,security,discovery,ai",openapi,observability,openapi,openapi,public/openapi.json,.json,214,,,,next-react,pnpm,65,50,catalog-only,True,none,none,none,"Integration component for observability; review for shared connector, webhook, API client, or protocol adapter.",integration-score:55 | observability-score:55 | security-score:55 | discovery-score:55 | ai-score:45,243b31e9ee69b308
3e54b6e283a22d78655fd96c,mbarbine__platphorm-vercel-atlas,integration,"integration,observability,security,automation",webhook,observability,webhook_alerts_vulnerability.test,webhook-alerts-vulnerability,__tests__/webhook_alerts_vulnerability.test.ts,.ts,98,,"../app/api/webhooks/alerts/route,@/lib/config,@jest/globals,crypto,next/server","@/lib,@jest/globals,crypto,next",next-react,npm,75,45,site-specific-or-low-confidence,True,none,secondary,none,"Integration component for observability; review for shared connector, webhook, API client, or protocol adapter.","imports:../app/api/webhooks/alerts/route, @/lib/config, @jest/globals, crypto, next/server | integration-score:55 | observability-score:55 | security-score:55 | automation-score:45",d7c4d9310e3997b6
d7fa083cd9f8a550fcdb75d7,mbarbine__platphorm-webhook-simulator,integration,"integration,discovery,automation",openapi,ai,openapi,openapi,public/openapi.json,.json,229,,,,next-react,pnpm,65,50,catalog-only,True,none,secondary,none,"Integration component for ai; review for shared connector, webhook, API client, or protocol adapter.",integration-score:55 | discovery-score:55 | automation-score:45,308608d3bb8e7678
27d02924e3569b5328eb03b7,mbarbine__platphormnews-www-prod,integration,integration,mcp,mcp,mcp,mcp,.vscode/mcp.json,.json,8,,,,svelte,pnpm,50,50,catalog-only,True,none,none,none,"Integration component for mcp; review for shared connector, webhook, API client, or protocol adapter.",integration-score:55,dd6d954dcbeb8475
de18ddb1f6d2f8196d477dc8,mbarbine__process-clone,integration,"integration,security,automation",integration-module,auth-and-keys,github-integration,github-integration,github-integration.ts,.ts,199,"GitHubConfig,GitHubIntegration,GitHubWorkflow,WorkflowFile,createGitHubIntegration,generateWorkflowFromBoard","@octokit/rest,js-yaml,zod","@octokit/rest,js-yaml,zod",next-react,pnpm,90,55,catalog-only,True,none,secondary,none,"Integration component for auth-and-keys; review for shared connector, webhook, API client, or protocol adapter.","exports:GitHubConfig, GitHubIntegration, GitHubWorkflow, WorkflowFile, createGitHubIntegration, generateWorkflowFromBoard | imports:@octokit/rest, js-yaml, zod | integration-score:55 | security-score:55 | automation-score:45",9ad8a55432ba721f
877b627c0c718aeae18d0e55,mbarbine__process-clone,integration,"integration,security,automation",integration-module,auth-and-keys,vercel,vercel,vercel.json,.json,28,,,,next-react,pnpm,65,55,catalog-only,True,none,secondary,none,"Integration component for auth-and-keys; review for shared connector, webhook, API client, or protocol adapter.",integration-score:55 | security-score:55 | automation-score:50,86ba5f65c731d7e5
305ae3d2e602f48362faf71d,mbarbine__process-clone,integration,"integration,observability,security,automation",webhook,ai,webhook-manager,webhook-manager,webhook-manager.ts,.ts,270,"WEBHOOK_EVENTS,WebhookDelivery,WebhookEndpoint,WebhookEvent,WebhookManager,WebhookPayload",crypto,crypto,next-react,pnpm,90,50,catalog-only,True,none,secondary,none,"Integration component for ai; review for shared connector, webhook, API client, or protocol adapter.","exports:WEBHOOK_EVENTS, WebhookDelivery, WebhookEndpoint, WebhookEvent, WebhookManager, WebhookPayload | imports:crypto | integration-score:55 | observability-score:55 | security-score:55 | automation-score:45",2ece10e4df109096
761255f04f48c6815461c8fc,mbarbine__reflux-site-webby,integration,"integration,security",integration-module,auth-and-keys,spotify.d,spotify-d,types/spotify.d.ts,.ts,74,Player,,,next-react,pnpm,80,55,catalog-only,False,none,none,none,"Integration component for auth-and-keys; review for shared connector, webhook, API client, or protocol adapter.",exports:Player | integration-score:55 | security-score:55,0a5fe2f6a20f4bea
65f257741d96de9141f3d402,mbarbine__reflux-site-webby,integration,"integration,observability,security,ai",mcp,observability,mcp,mcp,public/.well-known/mcp.json,.json,52,,,,next-react,pnpm,65,55,catalog-only,True,none,none,none,"Integration component for observability; review for shared connector, webhook, API client, or protocol adapter.",integration-score:55 | observability-score:55 | security-score:55 | ai-score:45,8bf8e0b557bdf4ec
c8ae8c0e46574a7beab14137,mbarbine__shopify-theme-vanagain,integration,integration,integration-module,commerce,prepare_shopify_import,prepare-shopify-import,prepare_shopify_import.py,.py,187,,"csv,os,pathlib,re,shutil","csv,os,pathlib,re,shutil",python,unknown,65,40,site-specific-or-low-confidence,True,none,none,none,"Integration component for commerce; review for shared connector, webhook, API client, or protocol adapter.","imports:csv, os, pathlib, re, shutil | integration-score:55",2f650f0bb9b01a92
a33142f018e24e0171009a66,mbarbine__starphone-web-svelte,integration,"integration,automation",integration-module,deployment,vercel,vercel,vercel.json,.json,12,,,,next-react,pnpm,65,55,catalog-only,False,none,secondary,none,"Integration component for deployment; review for shared connector, webhook, API client, or protocol adapter.",integration-score:55 | automation-score:50,87a2c8122336d6b8
47e3e7795199901e75a2829f,mbarbine__starphone-web-svelte,integration,"integration,observability,discovery",openapi,observability,openapi,openapi,public/openapi.json,.json,88,,,,next-react,pnpm,65,55,catalog-only,True,none,none,none,"Integration component for observability; review for shared connector, webhook, API client, or protocol adapter.",integration-score:55 | observability-score:55 | discovery-score:55,f86900925c262f8d
d18f734e244e50b373c9a0f0,mbarbine__starphone-web-svelte,integration,"integration,observability,automation",mcp,observability,register-mcp,register-mcp,scripts/register-mcp.js,.js,48,MCP_REGISTRY_URL,,,next-react,pnpm,90,55,catalog-only,True,none,secondary,none,"Integration component for observability; review for shared connector, webhook, API client, or protocol adapter.",exports:MCP_REGISTRY_URL | integration-score:55 | observability-score:55 | automation-score:50,1d5987f3d0dca8a8
8be0d14d2f14eb77e2242db5,mbarbine__two-doller-web,integration,"integration,discovery",openapi,mcp,openapi,openapi,public/.well-known/openapi.json,.json,18,,,,next-react,pnpm,65,55,catalog-only,True,none,none,none,"Integration component for mcp; review for shared connector, webhook, API client, or protocol adapter.",integration-score:55 | discovery-score:55,32a7efc72cb5c4f9
8092dc4cb0805c3af848e6c7,mbarbine__vanagain-dot-com-prod,integration,"integration,observability,automation",webhook,observability,get_stripe_webhook,get-stripe-webhook,get_stripe_webhook.js,.js,2,,fs,fs,next-react,pnpm,70,50,catalog-only,True,none,secondary,none,"Integration component for observability; review for shared connector, webhook, API client, or protocol adapter.",imports:fs | integration-score:55 | observability-score:55 | automation-score:45,316521b77c0bb034
99f134f9b8a2e86968feb197,mbarbine__vanagain-dot-com-prod,integration,"integration,ai",mcp,ai,.mcp,mcp,.mcp.json,.json,17,,,,next-react,pnpm,65,55,catalog-only,True,none,none,none,"Integration component for ai; review for shared connector, webhook, API client, or protocol adapter.",integration-score:55 | ai-score:45 | model-provider,b6e533c43cb097db
ce01347fd17e8d3abb5f6bf7,mbarbine__vanagain-dot-com-prod,integration,integration,integration-module,auth-and-keys,stripe,stripe,app/actions/stripe.ts,.ts,15,,@/lib/checkout,@/lib,next-react,pnpm,75,45,site-specific-or-low-confidence,False,none,none,none,"Integration component for auth-and-keys; review for shared connector, webhook, API client, or protocol adapter.",imports:@/lib/checkout | integration-score:55,bb10df5cacdb2bda
0a0fb28fad9b03c5d8427cb6,mbarbine__vanagain-dot-com-prod,integration,"integration,observability,security,automation",integration-module,observability,shopify-pages-upsert,shopify-pages-upsert,csv_export/shopify-pages-upsert.json,.json,130,,,,next-react,pnpm,65,55,catalog-only,True,none,secondary,none,"Integration component for observability; review for shared connector, webhook, API client, or protocol adapter.",integration-score:55 | observability-score:55 | security-score:55 | automation-score:45,f1e5f39d648f60c8
644e188bd79e25c856b22908,mbarbine__vanagain-dot-com-prod,integration,"integration,security",integration-module,ai,stripe.test,stripe,tests/unit/stripe.test.ts,.ts,74,StripeMock,"@/lib/stripe,stripe,vitest","@/lib,stripe,vitest",next-react,pnpm,90,40,site-specific-or-low-confidence,True,none,none,none,"Integration component for ai; review for shared connector, webhook, API client, or protocol adapter.","exports:StripeMock | imports:@/lib/stripe, stripe, vitest | integration-score:55 | security-score:55 | uses-env",073bd82bbde6ce5f
00983bf091cdd5dae5d4f15e,mbarbine__vanagain-dot-com-prod,integration,"integration,observability,security,automation",webhook,observability,stripe-webhook.test,stripe-webhook,tests/unit/stripe-webhook.test.ts,.ts,298,,"@/app/api/webhooks/stripe/route,@/lib/cart,@/lib/notifications,@/lib/orders,@/lib/stripe,@/lib/wishlists,next/server,vitest","@/app,@/lib,next,vitest",next-react,pnpm,75,35,site-specific-or-low-confidence,True,none,secondary,none,"Integration component for observability; review for shared connector, webhook, API client, or protocol adapter.","imports:@/app/api/webhooks/stripe/route, @/lib/cart, @/lib/notifications, @/lib/orders, @/lib/stripe, @/lib/wishlists, next/server, vitest | integration-score:55 | observability-score:55 | security-score:55 | automation-score:45 | uses-env",29f9cca9a78b90ce
eb8746369169dfd11312b272,mbarbine__vanagain-dot-com-prod,integration,"integration,security,automation",integration-module,auth-and-keys,stripe.test,stripe,tests/integration/stripe.test.ts,.ts,170,,"../helpers/fixtures,vitest",vitest,next-react,pnpm,75,55,catalog-only,True,none,secondary,none,"Integration component for auth-and-keys; review for shared connector, webhook, API client, or protocol adapter.","imports:../helpers/fixtures, vitest | integration-score:55 | security-score:55 | automation-score:45",497d9667d142502e
27ddf042a5c327c9a74b81e3,mbarbine__vanagain-dot-com-prod,integration,"integration,observability,automation",integration-module,observability,verify-shopify-import-live,verify-shopify-import-live,scripts/verify-shopify-import-live.mjs,.mjs,152,,"node:fs,node:path,node:url","node:fs,node:path,node:url",next-react,pnpm,85,50,catalog-only,True,none,secondary,none,"Integration component for observability; review for shared connector, webhook, API client, or protocol adapter.","imports:node:fs, node:path, node:url | integration-score:55 | observability-score:55 | automation-score:50 | uses-env",9d1343110b9a2b2d
b08b0c74d1f76b76670d411c,mbarbine__vanagain-dot-com-prod,integration,"integration,observability,security,automation",integration-module,observability,shopify-sync-navigation,shopify-sync-navigation,scripts/shopify-sync-navigation.mjs,.mjs,209,"API_VERSION,DRY_RUN,MAIN_MENU,STORE,TOKEN,UTILITY_MENU",,,next-react,pnpm,90,45,site-specific-or-low-confidence,True,none,secondary,none,"Integration component for observability; review for shared connector, webhook, API client, or protocol adapter.","exports:API_VERSION, DRY_RUN, MAIN_MENU, STORE, TOKEN, UTILITY_MENU | integration-score:55 | observability-score:55 | security-score:55 | automation-score:50 | uses-env",9275ce3f6f2a9a32
777cf0794783287f5cf8b9a7,mbarbine__vanagain-dot-com-prod,integration,"integration,observability,security,automation",integration-module,observability,build_shopify_customers,build-shopify-customers,scripts/build_shopify_customers.py,.py,573,"Address,CustomerRecord,address_from_user,better_address,build_customers,clean,fill_customer_from_address,infer_country_from_province,main,money_string,normalize_country,normalize_email,normalize_province,order_address,parse_date,parse_money,read_csv,register_order,row_for_customer,template_columns,unique_tags,validate_output","__future__,csv,dataclasses,datetime,decimal,pathlib,re","__future__,csv,dataclasses,datetime,decimal,pathlib,re",next-react,pnpm,100,40,site-specific-or-low-confidence,True,none,secondary,none,"Integration component for observability; review for shared connector, webhook, API client, or protocol adapter.","exports:Address, CustomerRecord, address_from_user, better_address, build_customers, clean, fill_customer_from_address, infer_country_from_province | imports:__future__, csv, dataclasses, datetime, decimal, pathlib, re | integration-score:55 | observability-score:55 | security-score:55 | automation-score:50",c4bde7bcf695bd2d
8e783c6b8a92d5948b52a37e,mbarbine__vanagain-dot-com-prod,integration,"integration,observability,security,automation",integration-module,observability,validate-shopify-products-import,validate-shopify-products-import,scripts/validate-shopify-products-import.mjs,.mjs,242,"REQUIRED_HEADERS,REQUIRED_PRODUCT_VALUES","node:fs,node:path,node:url","node:fs,node:path,node:url",next-react,pnpm,100,50,catalog-only,True,none,secondary,none,"Integration component for observability; review for shared connector, webhook, API client, or protocol adapter.","exports:REQUIRED_HEADERS, REQUIRED_PRODUCT_VALUES | imports:node:fs, node:path, node:url | integration-score:55 | observability-score:55 | security-score:55 | automation-score:50",2f8c613d86ebfe57
924b6f843157807ee3e26dcf,mbarbine__vanagain-dot-com-prod,integration,"integration,observability,security,automation",integration-module,observability,build_shopify_rewards_points,build-shopify-rewards-points,scripts/build_shopify_rewards_points.py,.py,242,"build_balance_rows,build_ledger_rows,clean,decimal_string,load_redemption_rate,main,money_string,normalize_email,parse_decimal,read_csv,validate_balance_rows,write_csv","__future__,collections,csv,decimal,pathlib,re","__future__,collections,csv,decimal,pathlib,re",next-react,pnpm,100,50,catalog-only,True,none,secondary,none,"Integration component for observability; review for shared connector, webhook, API client, or protocol adapter.","exports:build_balance_rows, build_ledger_rows, clean, decimal_string, load_redemption_rate, main, money_string, normalize_email | imports:__future__, collections, csv, decimal, pathlib, re | integration-score:55 | observability-score:55 | security-score:55 | automation-score:50",adade80850622c73
637d6df2dec394388c6fec19,mbarbine__vanagain-dot-com-prod,integration,"integration,observability,automation",integration-module,observability,build-shopify-category-redirects,build-shopify-category-redirects,scripts/build-shopify-category-redirects.mjs,.mjs,136,,"node:fs,node:path,node:url","node:fs,node:path,node:url",next-react,pnpm,85,55,catalog-only,True,none,secondary,none,"Integration component for observability; review for shared connector, webhook, API client, or protocol adapter.","imports:node:fs, node:path, node:url | integration-score:55 | observability-score:55 | automation-score:50",38271be96e4cc060
60c59cb436b42062c317f49c,mbarbine__vanagain-dot-com-prod,integration,"integration,observability,automation",integration-module,observability,shopify-add-slug-tags-to-csv,shopify-add-slug-tags-to-csv,scripts/shopify-add-slug-tags-to-csv.mjs,.mjs,164,VEHICLE_TAG_MAP,"node:fs,node:path,node:url","node:fs,node:path,node:url",next-react,pnpm,100,55,catalog-only,True,none,secondary,none,"Integration component for observability; review for shared connector, webhook, API client, or protocol adapter.","exports:VEHICLE_TAG_MAP | imports:node:fs, node:path, node:url | integration-score:55 | observability-score:55 | automation-score:50",c9d9ffc923b6b0f4
3b63232e21786b1039aaf9ac,mbarbine__vanagain-dot-com-prod,integration,"integration,observability,automation",integration-module,observability,shopify-make-tags-only-csv,shopify-make-tags-only-csv,scripts/shopify-make-tags-only-csv.mjs,.mjs,99,,"node:fs,node:path,node:url","node:fs,node:path,node:url",next-react,pnpm,85,55,catalog-only,True,none,secondary,none,"Integration component for observability; review for shared connector, webhook, API client, or protocol adapter.","imports:node:fs, node:path, node:url | integration-score:55 | observability-score:55 | automation-score:50",9d6ba45d406d336c
9594d305a75abec5ed053b96,mbarbine__vanagain-dot-com-prod,integration,"integration,observability,security,automation",integration-module,observability,import-shopify-blog-and-tags,import-shopify-blog-and-tags,scripts/import-shopify-blog-and-tags.mjs,.mjs,248,"API_VERSION,BLOG_HANDLE,DRY_RUN,LEGACY_ASSET_ORIGIN,STORE,TOKEN","node:fs,node:path,node:url","node:fs,node:path,node:url",next-react,pnpm,100,45,site-specific-or-low-confidence,True,none,secondary,none,"Integration component for observability; review for shared connector, webhook, API client, or protocol adapter.","exports:API_VERSION, BLOG_HANDLE, DRY_RUN, LEGACY_ASSET_ORIGIN, STORE, TOKEN | imports:node:fs, node:path, node:url | integration-score:55 | observability-score:55 | security-score:55 | automation-score:50 | uses-env",7e389de2f1c5a3c5
44d67298079f1536a13f794f,mbarbine__vanagain-dot-com-prod,integration,"integration,observability,automation",integration-module,observability,build_shopify_orders,build-shopify-orders,scripts/build_shopify_orders.py,.py,256,"fmt_money,load_order_items,load_products,main","csv,pathlib","csv,pathlib",next-react,pnpm,100,50,catalog-only,True,none,secondary,none,"Integration component for observability; review for shared connector, webhook, API client, or protocol adapter.","exports:fmt_money, load_order_items, load_products, main | imports:csv, pathlib | integration-score:55 | observability-score:55 | automation-score:50",15f222e6d102f9f4
128a21744905ad9c697e5d82,mbarbine__vanagain-dot-com-prod,integration,"integration,observability",integration-module,observability,header-group,header-group,shopify-theme/sections/header-group.json,.json,118,,,,next-react,pnpm,65,55,catalog-only,True,none,none,none,"Integration component for observability; review for shared connector, webhook, API client, or protocol adapter.",integration-score:55 | observability-score:55,f1089b82a754888e
b88f73950fffd7b656c56ee5,mbarbine__vanagain-dot-com-prod,integration,integration,integration-module,editor,footer-group,footer-group,shopify-theme/sections/footer-group.json,.json,31,,,,next-react,pnpm,55,40,site-specific-or-low-confidence,True,none,none,none,"Integration component for editor; review for shared connector, webhook, API client, or protocol adapter.",integration-score:55,65e23ff635701a2d
37415aca0d5accf0873f0448,mbarbine__vanagain-dot-com-prod,integration,"integration,observability,security,ai",integration-module,observability,tr,tr,shopify-theme/locales/tr.json,.json,352,,,,next-react,pnpm,65,50,catalog-only,True,none,none,none,"Integration component for observability; review for shared connector, webhook, API client, or protocol adapter.",integration-score:55 | observability-score:55 | security-score:55 | ai-score:45,4eb96549fca7220d
da3bb5feeee675000c244ffa,mbarbine__vanagain-dot-com-prod,integration,"integration,observability,security,ai",integration-module,observability,sl,sl,shopify-theme/locales/sl.json,.json,366,,,,next-react,pnpm,65,50,catalog-only,True,none,none,none,"Integration component for observability; review for shared connector, webhook, API client, or protocol adapter.",integration-score:55 | observability-score:55 | security-score:55 | ai-score:45,65f33eca485eaa0c
d6da54cfd5910b4b902b5109,mbarbine__vanagain-dot-com-prod,integration,"integration,observability,security,ai",integration-module,observability,hu,hu,shopify-theme/locales/hu.json,.json,352,,,,next-react,pnpm,65,50,catalog-only,True,none,none,none,"Integration component for observability; review for shared connector, webhook, API client, or protocol adapter.",integration-score:55 | observability-score:55 | security-score:55 | ai-score:45,8d435993b3daacf5
bbdf252e98d67a86bcfb6e85,mbarbine__vanagain-dot-com-prod,integration,"integration,observability,security,ai",integration-module,observability,lt,lt,shopify-theme/locales/lt.json,.json,366,,,,next-react,pnpm,65,50,catalog-only,True,none,none,none,"Integration component for observability; review for shared connector, webhook, API client, or protocol adapter.",integration-score:55 | observability-score:55 | security-score:55 | ai-score:45,59b6c6d262c1a4d5
5f457823be73b057b3173c78,mbarbine__vanagain-dot-com-prod,integration,"integration,observability,security,ai",integration-module,observability,nl,nl,shopify-theme/locales/nl.json,.json,352,,,,next-react,pnpm,65,50,catalog-only,True,none,none,none,"Integration component for observability; review for shared connector, webhook, API client, or protocol adapter.",integration-score:55 | observability-score:55 | security-score:55 | ai-score:45,60f0b895e09f6fe4
55fd92d20a11ad3a5ef66cb3,mbarbine__vanagain-dot-com-prod,integration,"integration,observability,security,automation,ai",integration-module,observability,en.default,en-default,shopify-theme/locales/en.default.json,.json,371,,,,next-react,pnpm,65,50,catalog-only,True,none,secondary,none,"Integration component for observability; review for shared connector, webhook, API client, or protocol adapter.",integration-score:55 | observability-score:55 | security-score:55 | automation-score:45 | ai-score:45,c74cad8fb326ecd6
85b54170bd236b184784d14f,mbarbine__vanagain-dot-com-prod,integration,"integration,observability,security,ai",integration-module,observability,ja,ja,shopify-theme/locales/ja.json,.json,352,,,,next-react,pnpm,65,50,catalog-only,True,none,none,none,"Integration component for observability; review for shared connector, webhook, API client, or protocol adapter.",integration-score:55 | observability-score:55 | security-score:55 | ai-score:45,92943d9cfcfe1a24
a684c456878a26cc53e0051f,mbarbine__vanagain-dot-com-prod,integration,"integration,observability,security,ai",integration-module,observability,de,de,shopify-theme/locales/de.json,.json,352,,,,next-react,pnpm,65,50,catalog-only,True,none,none,none,"Integration component for observability; review for shared connector, webhook, API client, or protocol adapter.",integration-score:55 | observability-score:55 | security-score:55 | ai-score:45,2acf01f38345cd42
399031629493aeb75b2c44af,mbarbine__vanagain-dot-com-prod,integration,"integration,observability,security,ai",integration-module,observability,ru,ru,shopify-theme/locales/ru.json,.json,366,,,,next-react,pnpm,65,50,catalog-only,True,none,none,none,"Integration component for observability; review for shared connector, webhook, API client, or protocol adapter.",integration-score:55 | observability-score:55 | security-score:55 | ai-score:45,ec787b33e87e9214
97c7eb4228d9f7b4f080f0cf,mbarbine__vanagain-dot-com-prod,integration,"integration,observability,security,ai",integration-module,observability,pl,pl,shopify-theme/locales/pl.json,.json,366,,,,next-react,pnpm,65,50,catalog-only,True,none,none,none,"Integration component for observability; review for shared connector, webhook, API client, or protocol adapter.",integration-score:55 | observability-score:55 | security-score:55 | ai-score:45,0469bf5114d27972
575e3ac5ac0dcb1cdbd21a08,mbarbine__vanagain-dot-com-prod,integration,"integration,observability,security,ai",integration-module,observability,fi,fi,shopify-theme/locales/fi.json,.json,352,,,,next-react,pnpm,65,50,catalog-only,True,none,none,none,"Integration component for observability; review for shared connector, webhook, API client, or protocol adapter.",integration-score:55 | observability-score:55 | security-score:55 | ai-score:45,99c7b36b4ad25ee7
4901b6fe3379f66ebba19138,mbarbine__vanagain-dot-com-prod,integration,"integration,observability,security,ai",integration-module,observability,zh-CN,zh-cn,shopify-theme/locales/zh-CN.json,.json,352,,,,next-react,pnpm,65,50,catalog-only,True,none,none,none,"Integration component for observability; review for shared connector, webhook, API client, or protocol adapter.",integration-score:55 | observability-score:55 | security-score:55 | ai-score:45,e40a7658314fe70c
2e7cb60295fc260233318af3,mbarbine__vanagain-dot-com-prod,integration,"integration,observability,security,ai",integration-module,observability,sk,sk,shopify-theme/locales/sk.json,.json,366,,,,next-react,pnpm,65,50,catalog-only,True,none,none,none,"Integration component for observability; review for shared connector, webhook, API client, or protocol adapter.",integration-score:55 | observability-score:55 | security-score:55 | ai-score:45,2b29d11f769d8ae7
4140e38c322687ab21f51000,mbarbine__vanagain-dot-com-prod,integration,"integration,observability,security,ai",integration-module,observability,pt-PT,pt-pt,shopify-theme/locales/pt-PT.json,.json,359,,,,next-react,pnpm,65,50,catalog-only,True,none,none,none,"Integration component for observability; review for shared connector, webhook, API client, or protocol adapter.",integration-score:55 | observability-score:55 | security-score:55 | ai-score:45,e637e1026d23e101
c2f2e515fb7d250ebb16bfa7,mbarbine__vanagain-dot-com-prod,integration,"integration,observability,security,ai",integration-module,observability,it,it,shopify-theme/locales/it.json,.json,359,,,,next-react,pnpm,65,50,catalog-only,True,none,none,none,"Integration component for observability; review for shared connector, webhook, API client, or protocol adapter.",integration-score:55 | observability-score:55 | security-score:55 | ai-score:45,54a87a9886eea394
ea1cc7d287b4a7162d7ed9f3,mbarbine__vanagain-dot-com-prod,integration,"integration,observability,security,ai",integration-module,observability,hr,hr,shopify-theme/locales/hr.json,.json,359,,,,next-react,pnpm,65,50,catalog-only,True,none,none,none,"Integration component for observability; review for shared connector, webhook, API client, or protocol adapter.",integration-score:55 | observability-score:55 | security-score:55 | ai-score:45,c854264fd8e447c2
1bb8b1c28ae84d4f7045831a,mbarbine__vanagain-dot-com-prod,integration,"integration,observability,security,ai",integration-module,observability,fr,fr,shopify-theme/locales/fr.json,.json,359,,,,next-react,pnpm,65,50,catalog-only,True,none,none,none,"Integration component for observability; review for shared connector, webhook, API client, or protocol adapter.",integration-score:55 | observability-score:55 | security-score:55 | ai-score:45,4b324762ea460ebd
da2b734488e5f74b10ceb56c,mbarbine__vanagain-dot-com-prod,integration,"integration,observability,security,ai",integration-module,observability,el,el,shopify-theme/locales/el.json,.json,352,,,,next-react,pnpm,65,50,catalog-only,True,none,none,none,"Integration component for observability; review for shared connector, webhook, API client, or protocol adapter.",integration-score:55 | observability-score:55 | security-score:55 | ai-score:45,7eceab4177feda55
55789be7406d4e7ac4ab1ba7,mbarbine__vanagain-dot-com-prod,integration,"integration,observability,security,ai",integration-module,observability,bg,bg,shopify-theme/locales/bg.json,.json,352,,,,next-react,pnpm,65,50,catalog-only,True,none,none,none,"Integration component for observability; review for shared connector, webhook, API client, or protocol adapter.",integration-score:55 | observability-score:55 | security-score:55 | ai-score:45,3a164379249e0729
5f6d779b5ffb86b8999b9277,mbarbine__vanagain-dot-com-prod,integration,"integration,observability,security,ai",integration-module,observability,ro,ro,shopify-theme/locales/ro.json,.json,359,,,,next-react,pnpm,65,50,catalog-only,True,none,none,none,"Integration component for observability; review for shared connector, webhook, API client, or protocol adapter.",integration-score:55 | observability-score:55 | security-score:55 | ai-score:45,e90121d3d0f008c8
6e7149594e1a8fbc4c539016,mbarbine__vanagain-dot-com-prod,integration,"integration,observability,security,ai",integration-module,observability,pt-BR,pt-br,shopify-theme/locales/pt-BR.json,.json,359,,,,next-react,pnpm,65,50,catalog-only,True,none,none,none,"Integration component for observability; review for shared connector, webhook, API client, or protocol adapter.",integration-score:55 | observability-score:55 | security-score:55 | ai-score:45,dc38219585786846
f7ffb2144ab3fe11333289cc,mbarbine__vanagain-dot-com-prod,integration,"integration,observability,security,ai",integration-module,observability,ko,ko,shopify-theme/locales/ko.json,.json,352,,,,next-react,pnpm,65,50,catalog-only,True,none,none,none,"Integration component for observability; review for shared connector, webhook, API client, or protocol adapter.",integration-score:55 | observability-score:55 | security-score:55 | ai-score:45,2b1d40b475c0b5d5
136541aa87537e58963c2b31,mbarbine__vanagain-dot-com-prod,integration,"integration,observability,security,ai",integration-module,observability,zh-TW,zh-tw,shopify-theme/locales/zh-TW.json,.json,352,,,,next-react,pnpm,65,50,catalog-only,True,none,none,none,"Integration component for observability; review for shared connector, webhook, API client, or protocol adapter.",integration-score:55 | observability-score:55 | security-score:55 | ai-score:45,f5027e32547fc05d
e835f983e1df1715b2a00567,mbarbine__vanagain-dot-com-prod,integration,"integration,observability,security,ai",integration-module,observability,vi,vi,shopify-theme/locales/vi.json,.json,352,,,,next-react,pnpm,65,50,catalog-only,True,none,none,none,"Integration component for observability; review for shared connector, webhook, API client, or protocol adapter.",integration-score:55 | observability-score:55 | security-score:55 | ai-score:45,83566a3fc17acd34
a2c1e0ac78c4e98d980e42c0,mbarbine__vanagain-dot-com-prod,integration,"integration,observability,security,ai",integration-module,observability,cs,cs,shopify-theme/locales/cs.json,.json,366,,,,next-react,pnpm,65,50,catalog-only,True,none,none,none,"Integration component for observability; review for shared connector, webhook, API client, or protocol adapter.",integration-score:55 | observability-score:55 | security-score:55 | ai-score:45,39de6c20979c157e
083986a3143157a5ceaa4692,mbarbine__vanagain-dot-com-prod,integration,"integration,observability,security,ai",integration-module,observability,id,id,shopify-theme/locales/id.json,.json,352,,,,next-react,pnpm,65,50,catalog-only,True,none,none,none,"Integration component for observability; review for shared connector, webhook, API client, or protocol adapter.",integration-score:55 | observability-score:55 | security-score:55 | ai-score:45,81c3645409f7566d
e003de6d8fbbecb17a65a3e5,mbarbine__vanagain-dot-com-prod,integration,"integration,observability,security,ai",integration-module,observability,da,da,shopify-theme/locales/da.json,.json,352,,,,next-react,pnpm,65,50,catalog-only,True,none,none,none,"Integration component for observability; review for shared connector, webhook, API client, or protocol adapter.",integration-score:55 | observability-score:55 | security-score:55 | ai-score:45,058f61b9a41b52ab
f40d2244f71d50c521574936,mbarbine__vanagain-dot-com-prod,integration,"integration,observability,security,ai",integration-module,observability,th,th,shopify-theme/locales/th.json,.json,352,,,,next-react,pnpm,65,50,catalog-only,True,none,none,none,"Integration component for observability; review for shared connector, webhook, API client, or protocol adapter.",integration-score:55 | observability-score:55 | security-score:55 | ai-score:45,e358bdcf428fb6ad
e5dfc4638647c94cd1119c24,mbarbine__vanagain-dot-com-prod,integration,"integration,observability,security,ai",integration-module,observability,sv,sv,shopify-theme/locales/sv.json,.json,352,,,,next-react,pnpm,65,50,catalog-only,True,none,none,none,"Integration component for observability; review for shared connector, webhook, API client, or protocol adapter.",integration-score:55 | observability-score:55 | security-score:55 | ai-score:45,692360ead6a19d13
6c3b7ca6b45dde60c3437280,mbarbine__vanagain-dot-com-prod,integration,"integration,observability,security,ai",integration-module,observability,es,es,shopify-theme/locales/es.json,.json,359,,,,next-react,pnpm,65,50,catalog-only,True,none,none,none,"Integration component for observability; review for shared connector, webhook, API client, or protocol adapter.",integration-score:55 | observability-score:55 | security-score:55 | ai-score:45,fd8812bd43b49256
771122051dd7cac5f3257a89,mbarbine__vanagain-dot-com-prod,integration,"integration,observability,security,ai",integration-module,observability,nb,nb,shopify-theme/locales/nb.json,.json,352,,,,next-react,pnpm,65,50,catalog-only,True,none,none,none,"Integration component for observability; review for shared connector, webhook, API client, or protocol adapter.",integration-score:55 | observability-score:55 | security-score:55 | ai-score:45,017fd06a73a9c8b8
e51b6d6697517f663b98207e,mbarbine__vanagain-dot-com-prod,integration,"integration,observability",integration-module,observability,settings_data,settings-data,shopify-theme/config/settings_data.json,.json,637,,,,next-react,pnpm,65,40,site-specific-or-low-confidence,True,none,none,none,"Integration component for observability; review for shared connector, webhook, API client, or protocol adapter.",integration-score:55 | observability-score:55,f0473e63e7a22221
9f52c59300aa50d32170bd8e,mbarbine__vanagain-dot-com-prod,integration,"integration,observability",integration-module,observability,password,password,shopify-theme/templates/password.json,.json,147,,,,next-react,pnpm,65,55,catalog-only,True,none,none,none,"Integration component for observability; review for shared connector, webhook, API client, or protocol adapter.",integration-score:55 | observability-score:55,73be2751ed4d7037
f079d364ccf0b87242a0933f,mbarbine__vanagain-dot-com-prod,integration,integration,integration-module,ai,cart,cart,shopify-theme/templates/cart.json,.json,265,,,,next-react,pnpm,55,50,catalog-only,True,none,none,none,"Integration component for ai; review for shared connector, webhook, API client, or protocol adapter.",integration-score:55,c5c717b85b6469a8
e87d4990ce835aec9414db93,mbarbine__vanagain-dot-com-prod,integration,integration,integration-module,commerce,page.track-order,page-track-order,shopify-theme/templates/page.track-order.json,.json,11,,,,next-react,pnpm,55,40,site-specific-or-low-confidence,False,none,none,none,"Integration component for commerce; review for shared connector, webhook, API client, or protocol adapter.",integration-score:55,2db9281e4e7db83b
069ca11a2054c26ef5e50333,mbarbine__vanagain-dot-com-prod,integration,integration,integration-module,ai,search,search,shopify-theme/templates/search.json,.json,191,,,,next-react,pnpm,55,55,catalog-only,True,none,none,none,"Integration component for ai; review for shared connector, webhook, API client, or protocol adapter.",integration-score:55,cd46eca8384faa0d
783f4df6903c8c237a165253,mbarbine__vanagain-dot-com-prod,integration,integration,integration-module,editor,page.contact,page-contact,shopify-theme/templates/page.contact.json,.json,151,,,,next-react,pnpm,55,40,site-specific-or-low-confidence,True,none,none,none,"Integration component for editor; review for shared connector, webhook, API client, or protocol adapter.",integration-score:55,f391b0d3dc643d17
a7d9b4b83c0fe7d56c548fce,mbarbine__vanagain-dot-com-prod,integration,integration,integration-module,editor,page.about,page-about,shopify-theme/templates/page.about.json,.json,20,,,,next-react,pnpm,55,40,site-specific-or-low-confidence,True,none,none,none,"Integration component for editor; review for shared connector, webhook, API client, or protocol adapter.",integration-score:55,870c5079503b6635
59e249499d1eaad066af8c17,mbarbine__vanagain-dot-com-prod,integration,integration,integration-module,ai,404,404,shopify-theme/templates/404.json,.json,282,,,,next-react,pnpm,55,50,catalog-only,True,none,none,none,"Integration component for ai; review for shared connector, webhook, API client, or protocol adapter.",integration-score:55,64492ae02a8a9a6c
0934d793ee629b8f1709f1bc,mbarbine__vanagain-dot-com-prod,integration,integration,integration-module,commerce,page.returns,page-returns,shopify-theme/templates/page.returns.json,.json,11,,,,next-react,pnpm,55,40,site-specific-or-low-confidence,False,none,none,none,"Integration component for commerce; review for shared connector, webhook, API client, or protocol adapter.",integration-score:55,05df71730fc31f8a
4b402ee894aeaf5305bbbe92,mbarbine__vanagain-dot-com-prod,integration,"integration,observability,security",integration-module,observability,article,article,shopify-theme/templates/article.json,.json,97,,,,next-react,pnpm,65,55,catalog-only,True,none,none,none,"Integration component for observability; review for shared connector, webhook, API client, or protocol adapter.",integration-score:55 | observability-score:55 | security-score:55,3579db31e1420c5a
bbe9b6fd813a97bb15fa7b48,mbarbine__vanagain-dot-com-prod,integration,"integration,observability",integration-module,observability,collection,collection,shopify-theme/templates/collection.json,.json,240,,,,next-react,pnpm,65,50,catalog-only,True,none,none,none,"Integration component for observability; review for shared connector, webhook, API client, or protocol adapter.",integration-score:55 | observability-score:55,243dbfc4fa54b316
36646375b131dfd70b551226,mbarbine__vanagain-dot-com-prod,integration,integration,integration-module,ai,product,product,shopify-theme/templates/product.json,.json,413,,,,next-react,pnpm,55,50,catalog-only,True,none,none,none,"Integration component for ai; review for shared connector, webhook, API client, or protocol adapter.",integration-score:55,8fc66ede3b62a5b0
20162edfa636ad383994e881,mbarbine__vanagain-dot-com-prod,integration,"integration,observability",integration-module,observability,index,index,shopify-theme/templates/index.json,.json,248,,,,next-react,pnpm,65,50,catalog-only,True,none,none,none,"Integration component for observability; review for shared connector, webhook, API client, or protocol adapter.",integration-score:55 | observability-score:55,c2144ace48f2ffaa
1f24f2bd99344759ce2ad0cb,mbarbine__vanagain-dot-com-prod,integration,"integration,observability,security",integration-module,observability,blog,blog,shopify-theme/templates/blog.json,.json,92,,,,next-react,pnpm,65,55,catalog-only,True,none,none,none,"Integration component for observability; review for shared connector, webhook, API client, or protocol adapter.",integration-score:55 | observability-score:55 | security-score:55,15b6fe703389629e
26792dfa63f04ffa66f34ffc,mbarbine__vanagain-dot-com-prod,integration,integration,integration-module,editor,list-collections,list-collections,shopify-theme/templates/list-collections.json,.json,174,,,,next-react,pnpm,55,40,site-specific-or-low-confidence,True,none,none,none,"Integration component for editor; review for shared connector, webhook, API client, or protocol adapter.",integration-score:55,ec5adac1fbde6cee
0d4b2d09a5a0a542c1eb6830,mbarbine__vanagain-dot-com-prod,integration,integration,integration-module,editor,page,page,shopify-theme/templates/page.json,.json,62,,,,next-react,pnpm,55,40,site-specific-or-low-confidence,True,none,none,none,"Integration component for editor; review for shared connector, webhook, API client, or protocol adapter.",integration-score:55,f46158ef39ff4ff8
ae1d82b8ac5c6bcf10dda5a3,mbarbine__vanagain-dot-com-prod,integration,integration,integration-module,commerce,page.rewards,page-rewards,shopify-theme/templates/page.rewards.json,.json,11,,,,next-react,pnpm,55,40,site-specific-or-low-confidence,False,none,none,none,"Integration component for commerce; review for shared connector, webhook, API client, or protocol adapter.",integration-score:55,3c7ec5c5f81f8a38
21f28eb764a59c56266acbf1,mbarbine__vanagain-dot-com-prod,integration,integration,integration-module,commerce,page.faq,page-faq,shopify-theme/templates/page.faq.json,.json,11,,,,next-react,pnpm,55,40,site-specific-or-low-confidence,False,none,none,none,"Integration component for commerce; review for shared connector, webhook, API client, or protocol adapter.",integration-score:55,5b181f497767aaca
d6d951b132860b7d458f3af2,mbarbine__vanagain-dot-com-prod,integration,integration,integration-module,commerce,page.shipping,page-shipping,shopify-theme/templates/page.shipping.json,.json,11,,,,next-react,pnpm,55,40,site-specific-or-low-confidence,True,none,none,none,"Integration component for commerce; review for shared connector, webhook, API client, or protocol adapter.",integration-score:55,c678096d7e5207fb
a6826c8fc70f1f8e753e6922,mbarbine__vanagain-dot-com-prod,integration,"integration,security",integration-module,editor,product-card,product-card,shopify-theme/assets/product-card.js,.js,621,"ProductCard,ProductCardLink","@theme/component,@theme/events,@theme/morph,@theme/overflow-list,@theme/utilities,@theme/variant-picker,quick-add,slideshow","@theme/component,@theme/events,@theme/morph,@theme/overflow-list,@theme/utilities,@theme/variant-picker,quick-add,slideshow",next-react,pnpm,90,25,site-specific-or-low-confidence,True,none,none,none,"Integration component for editor; review for shared connector, webhook, API client, or protocol adapter.","exports:ProductCard, ProductCardLink | imports:@theme/component, @theme/events, @theme/morph, @theme/overflow-list, @theme/utilities, @theme/variant-picker, quick-add, slideshow | integration-score:55 | security-score:55",534d6fa7868c5bfd
06b72de400d21c0ee9da6995,mbarbine__vanagain-dot-com-prod,integration,"integration,observability",integration-module,observability,local-pickup,local-pickup,shopify-theme/assets/local-pickup.js,.js,79,LocalPickup,"@theme/component,@theme/events,@theme/morph","@theme/component,@theme/events,@theme/morph",next-react,pnpm,90,55,catalog-only,True,none,none,none,"Integration component for observability; review for shared connector, webhook, API client, or protocol adapter.","exports:LocalPickup | imports:@theme/component, @theme/events, @theme/morph | integration-score:55 | observability-score:55",8faeba02146d2325
8b9278c04a9972f6a302d528,mbarbine__vanagain-dot-com-prod,integration,"integration,observability,security",integration-module,observability,zoom-dialog,zoom-dialog,shopify-theme/assets/zoom-dialog.js,.js,289,ZoomDialog,"./media-gallery,@theme/component,@theme/dialog,@theme/events,@theme/scrolling,@theme/utilities","@theme/component,@theme/dialog,@theme/events,@theme/scrolling,@theme/utilities",next-react,pnpm,90,50,catalog-only,True,none,none,none,"Integration component for observability; review for shared connector, webhook, API client, or protocol adapter.","exports:ZoomDialog | imports:./media-gallery, @theme/component, @theme/dialog, @theme/events, @theme/scrolling, @theme/utilities | integration-score:55 | observability-score:55 | security-score:55",372c5d38c934c5c6
98f10cfefaf94dff18286bc2,mbarbine__vanagain-dot-com-prod,integration,"integration,security",integration-module,analytics,collection-links,collection-links,shopify-theme/assets/collection-links.js,.js,232,CollectionLinks,"@theme/component,@theme/events,@theme/focus,@theme/scrolling,@theme/utilities,slideshow","@theme/component,@theme/events,@theme/focus,@theme/scrolling,@theme/utilities,slideshow",next-react,pnpm,90,35,site-specific-or-low-confidence,True,none,none,none,"Integration component for analytics; review for shared connector, webhook, API client, or protocol adapter.","exports:CollectionLinks | imports:@theme/component, @theme/events, @theme/focus, @theme/scrolling, @theme/utilities, slideshow | integration-score:55 | security-score:55",d22a877a9e7bd733
4c6523487a44fcfd4ebb36c9,mbarbine__vanagain-dot-com-prod,integration,integration,integration-module,commerce,jsconfig,jsconfig,shopify-theme/assets/jsconfig.json,.json,14,,,,next-react,pnpm,55,40,site-specific-or-low-confidence,False,none,none,none,"Integration component for commerce; review for shared connector, webhook, API client, or protocol adapter.",integration-score:55,cde48f38aaf7fe80
459bde87da19d3e5e465a2e8,mbarbine__vanagain-dot-com-prod,integration,"integration,observability,security,ai",integration-module,observability,events,events,shopify-theme/assets/events.js,.js,290,"CartAddEvent,CartErrorEvent,CartUpdateEvent,DiscountUpdateEvent,FilterUpdateEvent,MediaStartedPlayingEvent,MegaMenuHoverEvent,QuantitySelectorUpdateEvent,SlideshowSelectEvent,ThemeEvents,VariantSelectedEvent,VariantUpdateEvent,ZoomMediaSelectedEvent",,,next-react,pnpm,80,50,catalog-only,True,none,none,none,"Integration component for observability; review for shared connector, webhook, API client, or protocol adapter.","exports:CartAddEvent, CartErrorEvent, CartUpdateEvent, DiscountUpdateEvent, FilterUpdateEvent, MediaStartedPlayingEvent, MegaMenuHoverEvent, QuantitySelectorUpdateEvent | integration-score:55 | observability-score:55 | security-score:55 | ai-score:45",1290bc43167daaa1
bc966ffd41468141e1780319,mbarbine__vanagain-dot-com-prod,integration,"integration,automation",integration-module,analytics,jumbo-text,jumbo-text,shopify-theme/assets/jumbo-text.js,.js,199,JumboText,"@theme/component,@theme/utilities","@theme/component,@theme/utilities",next-react,pnpm,90,40,site-specific-or-low-confidence,True,none,secondary,none,"Integration component for analytics; review for shared connector, webhook, API client, or protocol adapter.","exports:JumboText | imports:@theme/component, @theme/utilities | integration-score:55 | automation-score:45",dcfff1bbfefcf37f
bada0bcd7f4899ff3c9f574e,mbarbine__vanagain-dot-com-prod,integration,"integration,observability",integration-module,observability,product-form,product-form,shopify-theme/assets/product-form.js,.js,781,AddToCartComponent,"./events,@theme/component,@theme/events,@theme/morph,@theme/performance,@theme/utilities","@theme/component,@theme/events,@theme/morph,@theme/performance,@theme/utilities",next-react,pnpm,90,35,site-specific-or-low-confidence,False,none,none,none,"Integration component for observability; review for shared connector, webhook, API client, or protocol adapter.","exports:AddToCartComponent | imports:./events, @theme/component, @theme/events, @theme/morph, @theme/performance, @theme/utilities | integration-score:55 | observability-score:55",212dec3e9fb72270
5a677363919588c6e13f05b8,mbarbine__vanagain-dot-com-prod,integration,integration,integration-module,analytics,product-title-truncation,product-title-truncation,shopify-theme/assets/product-title-truncation.js,.js,86,ProductTitle,@theme/component,@theme/component,next-react,pnpm,80,40,site-specific-or-low-confidence,True,none,none,none,"Integration component for analytics; review for shared connector, webhook, API client, or protocol adapter.",exports:ProductTitle | imports:@theme/component | integration-score:55,232e189de28ef153
0146008de76edd0f713b793c,mbarbine__vanagain-dot-com-prod,integration,"integration,observability",integration-module,observability,quick-add,quick-add,shopify-theme/assets/quick-add.js,.js,343,QuickAddComponent,"./product-card,./product-hotspot,@theme/component,@theme/dialog,@theme/events,@theme/morph,@theme/utilities,@theme/variant-picker","@theme/component,@theme/dialog,@theme/events,@theme/morph,@theme/utilities,@theme/variant-picker",next-react,pnpm,90,50,catalog-only,True,none,none,none,"Integration component for observability; review for shared connector, webhook, API client, or protocol adapter.","exports:QuickAddComponent | imports:./product-card, ./product-hotspot, @theme/component, @theme/dialog, @theme/events, @theme/morph, @theme/utilities, @theme/variant-picker | integration-score:55 | observability-score:55",f7f1c8496cb32e09
6ee7a8144c8dbaeb49826f95,mbarbine__vanagain-dot-com-prod,integration,"integration,observability",integration-module,observability,paginated-list,paginated-list,shopify-theme/assets/paginated-list.js,.js,355,PaginatedList,"@theme/component,@theme/events,@theme/paginated-list-aspect-ratio,@theme/section-renderer,@theme/utilities","@theme/component,@theme/events,@theme/paginated-list-aspect-ratio,@theme/section-renderer,@theme/utilities",next-react,pnpm,90,50,catalog-only,False,none,none,none,"Integration component for observability; review for shared connector, webhook, API client, or protocol adapter.","exports:PaginatedList | imports:@theme/component, @theme/events, @theme/paginated-list-aspect-ratio, @theme/section-renderer, @theme/utilities | integration-score:55 | observability-score:55",e7287e33145082e3
0d3f9cffda70c9eea70eb742,mbarbine__vanagain-dot-com-prod,integration,integration,integration-module,commerce,rte-formatter,rte-formatter,shopify-theme/assets/rte-formatter.js,.js,29,RTEFormatter,@theme/component,@theme/component,next-react,pnpm,80,40,site-specific-or-low-confidence,True,none,none,none,"Integration component for commerce; review for shared connector, webhook, API client, or protocol adapter.",exports:RTEFormatter | imports:@theme/component | integration-score:55,39057b63bc6ffe44
e2dee37ffbcf3d7bd5d8cb71,mbarbine__vanagain-dot-com-prod,integration,integration,integration-module,auth-and-keys,cart-icon,cart-icon,shopify-theme/assets/cart-icon.js,.js,134,CartIcon,"@theme/component,@theme/events,@theme/utilities","@theme/component,@theme/events,@theme/utilities",next-react,pnpm,80,55,catalog-only,True,none,none,none,"Integration component for auth-and-keys; review for shared connector, webhook, API client, or protocol adapter.","exports:CartIcon | imports:@theme/component, @theme/events, @theme/utilities | integration-score:55",66f8ee19fae4dfa4
4780c04d88c45f6f00c41183,mbarbine__vanagain-dot-com-prod,integration,integration,integration-module,editor,paginated-list-aspect-ratio,paginated-list-aspect-ratio,shopify-theme/assets/paginated-list-aspect-ratio.js,.js,171,PaginatedListAspectRatioHelper,,,next-react,pnpm,70,40,site-specific-or-low-confidence,True,none,none,none,"Integration component for editor; review for shared connector, webhook, API client, or protocol adapter.",exports:PaginatedListAspectRatioHelper | integration-score:55,e7e077509bf3d61c
95135d8a7f020ce5bcb6b283,mbarbine__vanagain-dot-com-prod,integration,integration,integration-module,commerce,qr-code-image,qr-code-image,shopify-theme/assets/qr-code-image.js,.js,35,QRCodeImage,"@theme/component,@theme/qr-code-generator","@theme/component,@theme/qr-code-generator",next-react,pnpm,80,40,site-specific-or-low-confidence,False,none,none,none,"Integration component for commerce; review for shared connector, webhook, API client, or protocol adapter.","exports:QRCodeImage | imports:@theme/component, @theme/qr-code-generator | integration-score:55",c10aba53d8ab5cef
4fdda826dd8bd9e8128d39e8,mbarbine__vanagain-dot-com-prod,integration,"integration,observability,security",integration-module,observability,morph,morph,shopify-theme/assets/morph.js,.js,571,"MORPH_OPTIONS,morph",@theme/component,@theme/component,next-react,pnpm,90,40,site-specific-or-low-confidence,True,none,none,none,"Integration component for observability; review for shared connector, webhook, API client, or protocol adapter.","exports:MORPH_OPTIONS, morph | imports:@theme/component | integration-score:55 | observability-score:55 | security-score:55",a198d7b71c44ba79
7b298a2094010c2e48624de1,mbarbine__vanagain-dot-com-prod,integration,"integration,security",integration-module,analytics,search-page-input,search-page-input,shopify-theme/assets/search-page-input.js,.js,49,SearchPageInputComponent,"@theme/component,@theme/utilities","@theme/component,@theme/utilities",next-react,pnpm,90,40,site-specific-or-low-confidence,True,none,none,none,"Integration component for analytics; review for shared connector, webhook, API client, or protocol adapter.","exports:SearchPageInputComponent | imports:@theme/component, @theme/utilities | integration-score:55 | security-score:55",ce69d896f4a27663
dfbd43101a6731bf5f496d68,mbarbine__vanagain-dot-com-prod,integration,integration,integration-module,analytics,auto-close-details,auto-close-details,shopify-theme/assets/auto-close-details.js,.js,15,,,,next-react,pnpm,55,40,site-specific-or-low-confidence,True,none,none,none,"Integration component for analytics; review for shared connector, webhook, API client, or protocol adapter.",integration-score:55,ad1346312bafa09a
07ef7fa1ba1992e927f6fbfa,mbarbine__vanagain-dot-com-prod,integration,"integration,security",integration-module,analytics,header-drawer,header-drawer,shopify-theme/assets/header-drawer.js,.js,188,HeaderDrawer,"@theme/component,@theme/focus,@theme/utilities","@theme/component,@theme/focus,@theme/utilities",next-react,pnpm,90,40,site-specific-or-low-confidence,True,none,none,none,"Integration component for analytics; review for shared connector, webhook, API client, or protocol adapter.","exports:HeaderDrawer | imports:@theme/component, @theme/focus, @theme/utilities | integration-score:55 | security-score:55",1b3b60391c5d60fd
ad755e1014d1fb22dbf2f35c,mbarbine__vanagain-dot-com-prod,integration,integration,integration-module,analytics,show-more,show-more,shopify-theme/assets/show-more.js,.js,162,ShowMoreComponent,"@theme/component,@theme/utilities","@theme/component,@theme/utilities",next-react,pnpm,80,40,site-specific-or-low-confidence,True,none,none,none,"Integration component for analytics; review for shared connector, webhook, API client, or protocol adapter.","exports:ShowMoreComponent | imports:@theme/component, @theme/utilities | integration-score:55",03cbeab23333bbcd
c5e2397b1cb672785f6a97b8,mbarbine__vanagain-dot-com-prod,integration,"integration,observability,security,automation",integration-module,observability,theme-editor,theme-editor,shopify-theme/assets/theme-editor.js,.js,418,EDITOR_PREFIX,"./layered-slideshow,./slideshow,@theme/utilities",@theme/utilities,next-react,pnpm,90,50,catalog-only,True,none,secondary,none,"Integration component for observability; review for shared connector, webhook, API client, or protocol adapter.","exports:EDITOR_PREFIX | imports:./layered-slideshow, ./slideshow, @theme/utilities | integration-score:55 | observability-score:55 | security-score:55 | automation-score:45",f1d1cd778663a393
097db3af7b63319103032754,mbarbine__vanagain-dot-com-prod,integration,integration,integration-module,editor,sticky-add-to-cart,sticky-add-to-cart,shopify-theme/assets/sticky-add-to-cart.js,.js,359,StickyAddToCartComponent,"@theme/component,@theme/events,@theme/morph,@theme/utilities","@theme/component,@theme/events,@theme/morph,@theme/utilities",next-react,pnpm,80,35,site-specific-or-low-confidence,True,none,none,none,"Integration component for editor; review for shared connector, webhook, API client, or protocol adapter.","exports:StickyAddToCartComponent | imports:@theme/component, @theme/events, @theme/morph, @theme/utilities | integration-score:55",0f26fac36bfa1b8d
b943937c1eddc2412fe259e2,mbarbine__vanagain-dot-com-prod,integration,"integration,security",integration-module,analytics,accordion-custom,accordion-custom,shopify-theme/assets/accordion-custom.js,.js,107,AccordionCustom,@theme/utilities,@theme/utilities,next-react,pnpm,90,40,site-specific-or-low-confidence,True,none,none,none,"Integration component for analytics; review for shared connector, webhook, API client, or protocol adapter.",exports:AccordionCustom | imports:@theme/utilities | integration-score:55 | security-score:55,54fe7ceb1f102e66
2711a42fd4e53b5e12dee1c1,mbarbine__vanagain-dot-com-prod,integration,"integration,observability,ai",integration-module,observability,media,media,shopify-theme/assets/media.js,.js,248,"DeferredMedia,ProductModel","@theme/component,@theme/dialog,@theme/events","@theme/component,@theme/dialog,@theme/events",next-react,pnpm,90,50,catalog-only,True,none,none,none,"Integration component for observability; review for shared connector, webhook, API client, or protocol adapter.","exports:DeferredMedia, ProductModel | imports:@theme/component, @theme/dialog, @theme/events | integration-score:55 | observability-score:55 | ai-score:45",3355a7d400b9e1eb
4505285c12ee75d3a8bf0eec,mbarbine__vanagain-dot-com-prod,integration,integration,integration-module,seo-and-metadata,floating-panel,floating-panel,shopify-theme/assets/floating-panel.js,.js,63,FloatingPanelComponent,"@theme/component,@theme/utilities","@theme/component,@theme/utilities",next-react,pnpm,80,55,catalog-only,False,none,none,none,"Integration component for seo-and-metadata; review for shared connector, webhook, API client, or protocol adapter.","exports:FloatingPanelComponent | imports:@theme/component, @theme/utilities | integration-score:55",9f49b96b5dfdadaa
283325561395e867210f5d3a,mbarbine__vanagain-dot-com-prod,integration,integration,integration-module,seo-and-metadata,anchored-popover,anchored-popover,shopify-theme/assets/anchored-popover.js,.js,132,AnchoredPopoverComponent,"@theme/component,@theme/utilities","@theme/component,@theme/utilities",next-react,pnpm,80,55,catalog-only,True,none,none,none,"Integration component for seo-and-metadata; review for shared connector, webhook, API client, or protocol adapter.","exports:AnchoredPopoverComponent | imports:@theme/component, @theme/utilities | integration-score:55",f021076d8321d95b
1d6cdead72afa0ad8ca47c12,mbarbine__vanagain-dot-com-prod,integration,"integration,automation",integration-module,analytics,overflow-list,overflow-list,shopify-theme/assets/overflow-list.js,.js,386,"OverflowList,OverflowMinimumEvent","@theme/component,@theme/utilities","@theme/component,@theme/utilities",next-react,pnpm,90,35,site-specific-or-low-confidence,True,none,secondary,none,"Integration component for analytics; review for shared connector, webhook, API client, or protocol adapter.","exports:OverflowList, OverflowMinimumEvent | imports:@theme/component, @theme/utilities | integration-score:55 | automation-score:45",460d7740e69b64fc
24ebd47cb5170447dab71d1d,mbarbine__vanagain-dot-com-prod,integration,"integration,observability,security",integration-module,observability,view-transitions,view-transitions,shopify-theme/assets/view-transitions.js,.js,105,RENDER_BLOCKER_TIMEOUT_MS,,,next-react,pnpm,80,55,catalog-only,True,none,none,none,"Integration component for observability; review for shared connector, webhook, API client, or protocol adapter.",exports:RENDER_BLOCKER_TIMEOUT_MS | integration-score:55 | observability-score:55 | security-score:55,77a36aaa2a974ced
14177eaf70b99fc2248cf4a2,mbarbine__vanagain-dot-com-prod,integration,integration,integration-module,analytics,marquee,marquee,shopify-theme/assets/marquee.js,.js,276,"ANIMATION_OPTIONS,MarqueeComponent","@theme/component,@theme/utilities","@theme/component,@theme/utilities",next-react,pnpm,80,35,site-specific-or-low-confidence,True,none,none,none,"Integration component for analytics; review for shared connector, webhook, API client, or protocol adapter.","exports:ANIMATION_OPTIONS, MarqueeComponent | imports:@theme/component, @theme/utilities | integration-score:55",2f0a9e09220c53ac
fc214cf44369822f4b4eaf37,mbarbine__vanagain-dot-com-prod,integration,"integration,observability",integration-module,observability,media-gallery,media-gallery,shopify-theme/assets/media-gallery.js,.js,95,MediaGallery,"./slideshow,./zoom-dialog,@theme/component,@theme/events","@theme/component,@theme/events",next-react,pnpm,90,55,catalog-only,True,none,none,none,"Integration component for observability; review for shared connector, webhook, API client, or protocol adapter.","exports:MediaGallery | imports:./slideshow, ./zoom-dialog, @theme/component, @theme/events | integration-score:55 | observability-score:55",0dd60c2c1f2c6919
a991be62d0ec40c82b4e4dac,mbarbine__vanagain-dot-com-prod,integration,"integration,observability,security",integration-module,observability,product-hotspot,product-hotspot,shopify-theme/assets/product-hotspot.js,.js,338,ProductHotspotComponent,"@theme/component,@theme/quick-add,@theme/utilities","@theme/component,@theme/quick-add,@theme/utilities",next-react,pnpm,90,50,catalog-only,True,none,none,none,"Integration component for observability; review for shared connector, webhook, API client, or protocol adapter.","exports:ProductHotspotComponent | imports:@theme/component, @theme/quick-add, @theme/utilities | integration-score:55 | observability-score:55 | security-score:55",8d0079339b08bf99
66fb4fb17bf7400ce264742a,mbarbine__vanagain-dot-com-prod,integration,integration,integration-module,commerce,volume-pricing,volume-pricing,shopify-theme/assets/volume-pricing.js,.js,20,VolumePricingComponent,@theme/component,@theme/component,next-react,pnpm,80,40,site-specific-or-low-confidence,False,none,none,none,"Integration component for commerce; review for shared connector, webhook, API client, or protocol adapter.",exports:VolumePricingComponent | imports:@theme/component | integration-score:55,4d83981b1106303a
3856f74bea5c187d35c0d506,mbarbine__vanagain-dot-com-prod,integration,"integration,security",integration-module,auth-and-keys,recently-viewed-products,recently-viewed-products,shopify-theme/assets/recently-viewed-products.js,.js,35,RecentlyViewed,,,next-react,pnpm,80,55,catalog-only,False,none,none,none,"Integration component for auth-and-keys; review for shared connector, webhook, API client, or protocol adapter.",exports:RecentlyViewed | integration-score:55 | security-score:55,e9e2d9475c0ca242
a392315150d838dd3224321a,mbarbine__vanagain-dot-com-prod,integration,"integration,observability",integration-module,analytics,header,header,shopify-theme/assets/header.js,.js,274,HeaderComponent,"@theme/component,@theme/utilities","@theme/component,@theme/utilities",next-react,pnpm,90,35,site-specific-or-low-confidence,True,none,none,none,"Integration component for analytics; review for shared connector, webhook, API client, or protocol adapter.","exports:HeaderComponent | imports:@theme/component, @theme/utilities | integration-score:55 | observability-score:55",d629f22bf3d302bf
17695a67202650460c34357b,mbarbine__vanagain-dot-com-prod,integration,"integration,security,ai",integration-module,auth-and-keys,qr-code-generator,qr-code-generator,shopify-theme/assets/qr-code-generator.js,.js,1663,QRCode,,,next-react,pnpm,80,35,site-specific-or-low-confidence,True,none,none,none,"Integration component for auth-and-keys; review for shared connector, webhook, API client, or protocol adapter.",exports:QRCode | integration-score:55 | security-score:55 | ai-score:45,a32a8f0ca1db47eb
a24aad466a185436c007ff21,mbarbine__vanagain-dot-com-prod,integration,"integration,observability,security",integration-module,observability,variant-picker,variant-picker,shopify-theme/assets/variant-picker.js,.js,505,"SECTION_ID_MAP,VariantPicker","@theme/component,@theme/events,@theme/morph,@theme/overflow-list,@theme/utilities","@theme/component,@theme/events,@theme/morph,@theme/overflow-list,@theme/utilities",next-react,pnpm,90,40,site-specific-or-low-confidence,True,none,none,none,"Integration component for observability; review for shared connector, webhook, API client, or protocol adapter.","exports:SECTION_ID_MAP, VariantPicker | imports:@theme/component, @theme/events, @theme/morph, @theme/overflow-list, @theme/utilities | integration-score:55 | observability-score:55 | security-score:55",4357c80adaf5e671
afadc6637a4e6fdff7ff011d,mbarbine__vanagain-dot-com-prod,integration,"integration,observability,security,automation",integration-module,observability,predictive-search,predictive-search,shopify-theme/assets/predictive-search.js,.js,430,PredictiveSearchComponent,"@theme/component,@theme/dialog,@theme/morph,@theme/recently-viewed-products,@theme/section-renderer,@theme/utilities","@theme/component,@theme/dialog,@theme/morph,@theme/recently-viewed-products,@theme/section-renderer,@theme/utilities",next-react,pnpm,90,50,catalog-only,True,none,secondary,none,"Integration component for observability; review for shared connector, webhook, API client, or protocol adapter.","exports:PredictiveSearchComponent | imports:@theme/component, @theme/dialog, @theme/morph, @theme/recently-viewed-products, @theme/section-renderer, @theme/utilities | integration-score:55 | observability-score:55 | security-score:55 | automation-score:45",50bdc4a90bd32d9e
ee22df9b2aabe63c66d9a19f,mbarbine__vanagain-dot-com-prod,integration,"integration,observability",integration-module,observability,cart-drawer,cart-drawer,shopify-theme/assets/cart-drawer.js,.js,131,CartDrawerComponent,"@theme/dialog,@theme/events,@theme/utilities","@theme/dialog,@theme/events,@theme/utilities",next-react,pnpm,90,55,catalog-only,True,none,none,none,"Integration component for observability; review for shared connector, webhook, API client, or protocol adapter.","exports:CartDrawerComponent | imports:@theme/dialog, @theme/events, @theme/utilities | integration-score:55 | observability-score:55",c6ec4200ae19ed2a
94bdac6a9b2c8f60c53c5242,mbarbine__vanagain-dot-com-prod,integration,"integration,observability",integration-module,observability,blog-posts-list,blog-posts-list,shopify-theme/assets/blog-posts-list.js,.js,10,BlogPostsList,@theme/paginated-list,@theme/paginated-list,next-react,pnpm,85,55,catalog-only,True,none,none,none,"Integration component for observability; review for shared connector, webhook, API client, or protocol adapter.",exports:BlogPostsList | imports:@theme/paginated-list | integration-score:55 | observability-score:55,43f079c8eb383525
d058da9b569bb06e65d5b258,mbarbine__vanagain-dot-com-prod,integration,integration,integration-module,auth-and-keys,results-list,results-list,shopify-theme/assets/results-list.js,.js,78,ResultsList,"@theme/paginated-list,@theme/utilities","@theme/paginated-list,@theme/utilities",next-react,pnpm,80,55,catalog-only,False,none,none,none,"Integration component for auth-and-keys; review for shared connector, webhook, API client, or protocol adapter.","exports:ResultsList | imports:@theme/paginated-list, @theme/utilities | integration-score:55",865be9c00b20fd5d
ef4aa5ecd0b970155a7537c4,mbarbine__vanagain-dot-com-prod,integration,"integration,security,automation",integration-module,analytics,component,component,shopify-theme/assets/component.js,.js,348,"Component,DeclarativeShadowElement",@theme/utilities,@theme/utilities,next-react,pnpm,90,35,site-specific-or-low-confidence,True,none,secondary,none,"Integration component for analytics; review for shared connector, webhook, API client, or protocol adapter.","exports:Component, DeclarativeShadowElement | imports:@theme/utilities | integration-score:55 | security-score:55 | automation-score:45",3798455f28383ddc
200e21fc49c3c0359e69fe36,mbarbine__vanagain-dot-com-prod,integration,"integration,observability",integration-module,observability,product-inventory,product-inventory,shopify-theme/assets/product-inventory.js,.js,39,ProductInventory,"@theme/component,@theme/events,@theme/morph","@theme/component,@theme/events,@theme/morph",next-react,pnpm,90,55,catalog-only,True,none,none,none,"Integration component for observability; review for shared connector, webhook, API client, or protocol adapter.","exports:ProductInventory | imports:@theme/component, @theme/events, @theme/morph | integration-score:55 | observability-score:55",737fbe846406c39f
d79195aacd7305841dea4bd3,mbarbine__vanagain-dot-com-prod,integration,integration,integration-module,analytics,scrolling,scrolling,shopify-theme/assets/scrolling.js,.js,422,"Scroller,scrollIntoView",@theme/utilities,@theme/utilities,next-react,pnpm,80,35,site-specific-or-low-confidence,True,none,none,none,"Integration component for analytics; review for shared connector, webhook, API client, or protocol adapter.","exports:Scroller, scrollIntoView | imports:@theme/utilities | integration-score:55",e486398862852eea
aca514c34c3df5f5b11030dd,mbarbine__vanagain-dot-com-prod,integration,integration,integration-module,commerce,fly-to-cart,fly-to-cart,shopify-theme/assets/fly-to-cart.js,.js,80,FlyToCart,"@theme/component,@theme/utilities","@theme/component,@theme/utilities",next-react,pnpm,80,40,site-specific-or-low-confidence,False,none,none,none,"Integration component for commerce; review for shared connector, webhook, API client, or protocol adapter.","exports:FlyToCart | imports:@theme/component, @theme/utilities | integration-score:55",c32ac9fd6265ec8f
d07bddf501d0144b12a3e932,mbarbine__vanagain-dot-com-prod,integration,"integration,observability",integration-module,analytics,performance,performance,shopify-theme/assets/performance.js,.js,62,cartPerformance,,,next-react,pnpm,80,40,site-specific-or-low-confidence,True,none,none,none,"Integration component for analytics; review for shared connector, webhook, API client, or protocol adapter.",exports:cartPerformance | integration-score:55 | observability-score:55,45537124b25b6fa5
478190383c78532637e7e023,mbarbine__vanagain-dot-com-prod,integration,"integration,observability",integration-module,editor,product-recommendations,product-recommendations,shopify-theme/assets/product-recommendations.js,.js,155,ProductRecommendations,"@theme/component,@theme/section-renderer","@theme/component,@theme/section-renderer",next-react,pnpm,90,40,site-specific-or-low-confidence,True,none,none,none,"Integration component for editor; review for shared connector, webhook, API client, or protocol adapter.","exports:ProductRecommendations | imports:@theme/component, @theme/section-renderer | integration-score:55 | observability-score:55",4325b93280df4202
8725cb1cb761fd3c67176f4f,mbarbine__vanagain-dot-com-prod,integration,integration,integration-module,commerce,volume-pricing-info,volume-pricing-info,shopify-theme/assets/volume-pricing-info.js,.js,69,VolumePricingInfoComponent,@theme/component,@theme/component,next-react,pnpm,80,40,site-specific-or-low-confidence,False,none,none,none,"Integration component for commerce; review for shared connector, webhook, API client, or protocol adapter.",exports:VolumePricingInfoComponent | imports:@theme/component | integration-score:55,16f5e02eba761cdb
f47ec0cce7c84e4a6c4b1216,mbarbine__vanagain-dot-com-prod,integration,integration,integration-module,i18n,header-actions,header-actions,shopify-theme/assets/header-actions.js,.js,39,HeaderActions,"@theme/component,@theme/events","@theme/component,@theme/events",next-react,pnpm,80,55,catalog-only,True,none,none,none,"Integration component for i18n; review for shared connector, webhook, API client, or protocol adapter.","exports:HeaderActions | imports:@theme/component, @theme/events | integration-score:55",1c9ec8d156f3154f
aaae9223122b84706827d0b8,mbarbine__vanagain-dot-com-prod,integration,integration,integration-module,commerce,product-custom-property,product-custom-property,shopify-theme/assets/product-custom-property.js,.js,33,ProductCustomProperty,@theme/component,@theme/component,next-react,pnpm,80,40,site-specific-or-low-confidence,True,none,none,none,"Integration component for commerce; review for shared connector, webhook, API client, or protocol adapter.",exports:ProductCustomProperty | imports:@theme/component | integration-score:55,aa8eda1e6d81ae64
fe822d164e4f1e9b2a57e1d8,mbarbine__vanagain-dot-com-prod,integration,"integration,security",integration-module,analytics,focus,focus,shopify-theme/assets/focus.js,.js,104,"cycleFocus,removeTrapFocus,trapFocus",,,next-react,pnpm,80,40,site-specific-or-low-confidence,True,none,none,none,"Integration component for analytics; review for shared connector, webhook, API client, or protocol adapter.","exports:cycleFocus, removeTrapFocus, trapFocus | integration-score:55 | security-score:55",0234bc60da5d3a92
5a1a9af9d597c096880d713c,mbarbine__vanagain-dot-com-prod,integration,integration,integration-module,commerce,money-formatting,money-formatting,shopify-theme/assets/money-formatting.js,.js,206,"convertMoneyToMinorUnits,formatMoney",,,next-react,pnpm,70,35,site-specific-or-low-confidence,False,none,none,none,"Integration component for commerce; review for shared connector, webhook, API client, or protocol adapter.","exports:convertMoneyToMinorUnits, formatMoney | integration-score:55",d50fd6b1b844f551
a44151ba18f9dabbfc1d1ceb,mbarbine__vanagain-dot-com-prod,integration,"integration,security",integration-module,analytics,section-renderer,section-renderer,shopify-theme/assets/section-renderer.js,.js,213,"buildSectionSelector,normalizeSectionId,sectionRenderer",@theme/morph,@theme/morph,next-react,pnpm,90,35,site-specific-or-low-confidence,True,none,none,none,"Integration component for analytics; review for shared connector, webhook, API client, or protocol adapter.","exports:buildSectionSelector, normalizeSectionId, sectionRenderer | imports:@theme/morph | integration-score:55 | security-score:55",f7c0fd37fbf25ce9
9477e7210458f40617f2c03e,mbarbine__vanagain-dot-com-prod,integration,"integration,observability",integration-module,observability,drag-zoom-wrapper,drag-zoom-wrapper,shopify-theme/assets/drag-zoom-wrapper.js,.js,510,DragZoomWrapper,"./dialog.js,./utilities.js,@theme/component",@theme/component,next-react,pnpm,90,40,site-specific-or-low-confidence,True,none,none,none,"Integration component for observability; review for shared connector, webhook, API client, or protocol adapter.","exports:DragZoomWrapper | imports:./dialog.js, ./utilities.js, @theme/component | integration-score:55 | observability-score:55",0003509854d84396
a1c2f2a53e20fad3dcb16856,mbarbine__vanagain-dot-com-prod,integration,"integration,security",integration-module,commerce,section-hydration,section-hydration,shopify-theme/assets/section-hydration.js,.js,35,,"@theme/section-renderer,@theme/utilities","@theme/section-renderer,@theme/utilities",next-react,pnpm,75,40,site-specific-or-low-confidence,False,none,none,none,"Integration component for commerce; review for shared connector, webhook, API client, or protocol adapter.","imports:@theme/section-renderer, @theme/utilities | integration-score:55 | security-score:55",213b99ed940dfb48
ab55584f498d45b7c321804d,mbarbine__vanagain-dot-com-prod,integration,integration,integration-module,analytics,price-per-item,price-per-item,shopify-theme/assets/price-per-item.js,.js,134,PricePerItemComponent,"@theme/component,@theme/events","@theme/component,@theme/events",next-react,pnpm,80,40,site-specific-or-low-confidence,True,none,none,none,"Integration component for analytics; review for shared connector, webhook, API client, or protocol adapter.","exports:PricePerItemComponent | imports:@theme/component, @theme/events | integration-score:55",566045aac57f0119
eb63e0d632db246e572f1973,mbarbine__vanagain-dot-com-prod,integration,integration,integration-module,auth-and-keys,comparison-slider,comparison-slider,shopify-theme/assets/comparison-slider.js,.js,157,ComparisonSliderComponent,"@theme/component,@theme/utilities","@theme/component,@theme/utilities",next-react,pnpm,80,55,catalog-only,True,none,none,none,"Integration component for auth-and-keys; review for shared connector, webhook, API client, or protocol adapter.","exports:ComparisonSliderComponent | imports:@theme/component, @theme/utilities | integration-score:55",cf5e5e660851597e
c1cfb0bb503482b2918aa7cf,mbarbine__vanagain-dot-com-prod,integration,"integration,observability",integration-module,analytics,header-menu,header-menu,shopify-theme/assets/header-menu.js,.js,393,HeaderMenu,"@theme/component,@theme/events,@theme/utilities","@theme/component,@theme/events,@theme/utilities",next-react,pnpm,90,35,site-specific-or-low-confidence,True,none,none,none,"Integration component for analytics; review for shared connector, webhook, API client, or protocol adapter.","exports:HeaderMenu | imports:@theme/component, @theme/events, @theme/utilities | integration-score:55 | observability-score:55",9178c80c4581d3c2
596ee5a117b0b0a3db766f77,mbarbine__vanagain-dot-com-prod,integration,"integration,observability,security,ai",integration-module,observability,quick-order-list,quick-order-list,shopify-theme/assets/quick-order-list.js,.js,556,QuickOrderListComponent,"./utilities,@theme/component,@theme/events,@theme/section-renderer,@theme/utilities","@theme/component,@theme/events,@theme/section-renderer,@theme/utilities",next-react,pnpm,90,40,site-specific-or-low-confidence,True,none,none,none,"Integration component for observability; review for shared connector, webhook, API client, or protocol adapter.","exports:QuickOrderListComponent | imports:./utilities, @theme/component, @theme/events, @theme/section-renderer, @theme/utilities | integration-score:55 | observability-score:55 | security-score:55 | ai-score:45",1ce51fed02857141
a6419e066546263f4c2b15ef,mbarbine__vanagain-dot-com-prod,integration,"integration,automation,ai",integration-module,i18n,global.d,global-d,shopify-theme/assets/global.d.ts,.ts,73,,,,next-react,pnpm,65,55,catalog-only,True,none,secondary,none,"Integration component for i18n; review for shared connector, webhook, API client, or protocol adapter.",integration-score:55 | automation-score:45 | ai-score:45,7f542cd04669f762
88281f669e578cd0191bd49f,mbarbine__vanagain-dot-com-prod,integration,"integration,observability,security",integration-module,observability,facets,facets,shopify-theme/assets/facets.js,.js,843,"FacetClearComponent,FacetInputsComponent,FacetRemoveComponent,FacetStatusComponent,FacetsFormComponent,PriceFacetComponent,SEARCH_QUERY,SortingFilterComponent","@theme/component,@theme/events,@theme/money-formatting,@theme/section-renderer,@theme/utilities","@theme/component,@theme/events,@theme/money-formatting,@theme/section-renderer,@theme/utilities",next-react,pnpm,90,35,site-specific-or-low-confidence,True,none,none,none,"Integration component for observability; review for shared connector, webhook, API client, or protocol adapter.","exports:FacetClearComponent, FacetInputsComponent, FacetRemoveComponent, FacetStatusComponent, FacetsFormComponent, PriceFacetComponent, SEARCH_QUERY, SortingFilterComponent | imports:@theme/component, @theme/events, @theme/money-formatting, @theme/section-renderer, @theme/utilities | integration-score:55 | observability-score:55 | security-score:55",914e75241e4fb9d0
faa68545a4f5cb6d93d89a98,mbarbine__vanagain-dot-com-prod,integration,integration,integration-module,commerce,component-cart-quantity-selector,component-cart-quantity-selector,shopify-theme/assets/component-cart-quantity-selector.js,.js,38,CartQuantitySelectorComponent,@theme/component-quantity-selector,@theme/component-quantity-selector,next-react,pnpm,80,40,site-specific-or-low-confidence,False,none,none,none,"Integration component for commerce; review for shared connector, webhook, API client, or protocol adapter.",exports:CartQuantitySelectorComponent | imports:@theme/component-quantity-selector | integration-score:55,abd5813bc8b0f870
78d32bbb33ecf82bfa19e1e6,mbarbine__vanagain-dot-com-prod,integration,integration,integration-module,analytics,cart-note,cart-note,shopify-theme/assets/cart-note.js,.js,46,CartNote,"@theme/component,@theme/performance,@theme/utilities","@theme/component,@theme/performance,@theme/utilities",next-react,pnpm,80,40,site-specific-or-low-confidence,True,none,none,none,"Integration component for analytics; review for shared connector, webhook, API client, or protocol adapter.","exports:CartNote | imports:@theme/component, @theme/performance, @theme/utilities | integration-score:55",fa5c7f2db0b81a3c
06f194a5f91a72942f383caf,mbarbine__vanagain-dot-com-prod,integration,integration,integration-module,media,video-background,video-background,shopify-theme/assets/video-background.js,.js,32,VideoBackgroundComponent,@theme/component,@theme/component,next-react,pnpm,80,40,site-specific-or-low-confidence,False,none,none,none,"Integration component for media; review for shared connector, webhook, API client, or protocol adapter.",exports:VideoBackgroundComponent | imports:@theme/component | integration-score:55,99d24369ebd0a179
55a12dd256dc4c3bd0f5d249,mbarbine__vanagain-dot-com-prod,integration,"integration,observability,security",integration-module,observability,layered-slideshow,layered-slideshow,shopify-theme/assets/layered-slideshow.js,.js,602,LayeredSlideshowComponent,"@theme/component,@theme/utilities","@theme/component,@theme/utilities",next-react,pnpm,90,40,site-specific-or-low-confidence,True,none,none,none,"Integration component for observability; review for shared connector, webhook, API client, or protocol adapter.","exports:LayeredSlideshowComponent | imports:@theme/component, @theme/utilities | integration-score:55 | observability-score:55 | security-score:55",ae67490c432b9722
fd8a2c72a0c5718a5e5e0807,mbarbine__vanagain-dot-com-prod,integration,integration,integration-module,analytics,announcement-bar,announcement-bar,shopify-theme/assets/announcement-bar.js,.js,130,AnnouncementBar,@theme/component,@theme/component,next-react,pnpm,80,40,site-specific-or-low-confidence,True,none,none,none,"Integration component for analytics; review for shared connector, webhook, API client, or protocol adapter.",exports:AnnouncementBar | imports:@theme/component | integration-score:55,9aedef562165209b
9ab6e6dfa41aa65aee8860c7,mbarbine__vanagain-dot-com-prod,integration,"integration,observability,security",integration-module,observability,localization,localization,shopify-theme/assets/localization.js,.js,552,"DrawerLocalizationComponent,DropdownLocalizationComponent,LocalizationFormComponent","@theme/component,@theme/utilities","@theme/component,@theme/utilities",next-react,pnpm,90,40,site-specific-or-low-confidence,True,none,none,none,"Integration component for observability; review for shared connector, webhook, API client, or protocol adapter.","exports:DrawerLocalizationComponent, DropdownLocalizationComponent, LocalizationFormComponent | imports:@theme/component, @theme/utilities | integration-score:55 | observability-score:55 | security-score:55",a91ed232f7ebcbb5
6076b64f680149719d1fffd6,mbarbine__vanagain-dot-com-prod,integration,"integration,observability,security",integration-module,observability,cart-discount,cart-discount,shopify-theme/assets/cart-discount.js,.js,203,CartDiscount,"@theme/component,@theme/events,@theme/performance,@theme/section-renderer,@theme/utilities","@theme/component,@theme/events,@theme/performance,@theme/section-renderer,@theme/utilities",next-react,pnpm,90,50,catalog-only,True,none,none,none,"Integration component for observability; review for shared connector, webhook, API client, or protocol adapter.","exports:CartDiscount | imports:@theme/component, @theme/events, @theme/performance, @theme/section-renderer, @theme/utilities | integration-score:55 | observability-score:55 | security-score:55",7b911591eac2a6ec
e03fc6df9176e34c01b8036f,mbarbine__vanagain-dot-com-prod,integration,"integration,security",integration-module,analytics,component-cart-items,component-cart-items,shopify-theme/assets/component-cart-items.js,.js,334,CartItemsComponent,"./utilities,@theme/component,@theme/events,@theme/performance,@theme/section-renderer,@theme/utilities","@theme/component,@theme/events,@theme/performance,@theme/section-renderer,@theme/utilities",next-react,pnpm,90,35,site-specific-or-low-confidence,True,none,none,none,"Integration component for analytics; review for shared connector, webhook, API client, or protocol adapter.","exports:CartItemsComponent | imports:./utilities, @theme/component, @theme/events, @theme/performance, @theme/section-renderer, @theme/utilities | integration-score:55 | security-score:55",27bdc259dc6d9833
8a575d06f7bc96d65c4fd475,mbarbine__vanagain-dot-com-prod,integration,"integration,observability,automation",integration-module,observability,popover-polyfill,popover-polyfill,shopify-theme/assets/popover-polyfill.js,.js,785,,,,next-react,pnpm,65,35,site-specific-or-low-confidence,True,none,secondary,none,"Integration component for observability; review for shared connector, webhook, API client, or protocol adapter.",integration-score:55 | observability-score:55 | automation-score:45,70ad95f196dbe03f
a0390046720ed65e86ad8684,mbarbine__vanagain-dot-com-prod,integration,"integration,observability",integration-module,observability,product-sku,product-sku,shopify-theme/assets/product-sku.js,.js,67,ProductSkuComponent,"@theme/component,@theme/events","@theme/component,@theme/events",next-react,pnpm,90,55,catalog-only,True,none,none,none,"Integration component for observability; review for shared connector, webhook, API client, or protocol adapter.","exports:ProductSkuComponent | imports:@theme/component, @theme/events | integration-score:55 | observability-score:55",1eaf00b480796b79
73ed65b53e6e77b054ecb9d7,mbarbine__vanagain-dot-com-prod,integration,"integration,observability,ai",integration-module,observability,gift-card-recipient-form,gift-card-recipient-form,shopify-theme/assets/gift-card-recipient-form.js,.js,414,GiftCardRecipientForm,"@theme/component,@theme/events","@theme/component,@theme/events",next-react,pnpm,90,50,catalog-only,True,none,none,none,"Integration component for observability; review for shared connector, webhook, API client, or protocol adapter.","exports:GiftCardRecipientForm | imports:@theme/component, @theme/events | integration-score:55 | observability-score:55 | ai-score:45",30ffc3be483c2da1
ccaba6d67c69963f124a80d8,mbarbine__vanagain-dot-com-prod,integration,"integration,observability,automation",integration-module,analytics,slideshow,slideshow,shopify-theme/assets/slideshow.js,.js,943,Slideshow,"@theme/component,@theme/events,@theme/scrolling,@theme/utilities","@theme/component,@theme/events,@theme/scrolling,@theme/utilities",next-react,pnpm,90,20,site-specific-or-low-confidence,True,none,secondary,none,"Integration component for analytics; review for shared connector, webhook, API client, or protocol adapter.","exports:Slideshow | imports:@theme/component, @theme/events, @theme/scrolling, @theme/utilities | integration-score:55 | observability-score:55 | automation-score:45",5d05771258c704e3
ef702a3dd2d926fec8b74f19,mbarbine__vanagain-dot-com-prod,integration,"integration,observability",integration-module,observability,product-price,product-price,shopify-theme/assets/product-price.js,.js,82,ProductPrice,"@theme/component,@theme/events","@theme/component,@theme/events",next-react,pnpm,90,55,catalog-only,True,none,none,none,"Integration component for observability; review for shared connector, webhook, API client, or protocol adapter.","exports:ProductPrice | imports:@theme/component, @theme/events | integration-score:55 | observability-score:55",897c9a44ab49831b
b5e965076c7a67230494c4ec,mbarbine__vanagain-dot-com-prod,integration,integration,integration-module,analytics,copy-to-clipboard,copy-to-clipboard,shopify-theme/assets/copy-to-clipboard.js,.js,26,CopyToClipboardComponent,@theme/component,@theme/component,next-react,pnpm,80,40,site-specific-or-low-confidence,True,none,none,none,"Integration component for analytics; review for shared connector, webhook, API client, or protocol adapter.",exports:CopyToClipboardComponent | imports:@theme/component | integration-score:55,afbfeedf77b83409
dd49272a530146c23b9d145e,mbarbine__vanagain-dot-com-prod,integration,integration,integration-module,analytics,component-quantity-selector,component-quantity-selector,shopify-theme/assets/component-quantity-selector.js,.js,297,QuantitySelectorComponent,"@theme/component,@theme/events,@theme/utilities","@theme/component,@theme/events,@theme/utilities",next-react,pnpm,80,35,site-specific-or-low-confidence,True,none,none,none,"Integration component for analytics; review for shared connector, webhook, API client, or protocol adapter.","exports:QuantitySelectorComponent | imports:@theme/component, @theme/events, @theme/utilities | integration-score:55",37e2bd5e160d762f
3bdfb3ccec2e5a68688ce03f,mbarbine__vanagain-site,integration,"integration,security",integration-module,i18n,fullcalendar,fullcalendar,admin/public/assets/admin/plugins/fullcalendar/fullcalendar.js,.js,9732,"Calendar,Class,EventManager,Header",bg,bg,next-react,unknown,90,35,site-specific-or-low-confidence,True,none,none,none,"Integration component for i18n; review for shared connector, webhook, API client, or protocol adapter.","exports:Calendar, Class, EventManager, Header | imports:bg | integration-score:55 | security-score:55",db3d2d6ca5bb8a41
f3e42659c9ee26ccbca952c1,mbarbine__vanagain-site,integration,"integration,observability,security",integration-module,auth-and-keys,fullcalendar.min,fullcalendar-min,admin/public/assets/admin/plugins/fullcalendar/fullcalendar.min.js,.js,8,"A,B,C,D,E,F,G,H,I,J,K,L,M,N,O,P,Q,R,S,T,U,V,W,X,Y,Z",,,unknown,unknown,75,50,catalog-only,True,none,none,none,"Integration component for auth-and-keys; review for shared connector, webhook, API client, or protocol adapter.","exports:A, B, C, D, E, F, G, H | integration-score:55 | observability-score:55 | security-score:55",b1ce322d0eb87a86
c352c08f26cc0574f9b5faae,ph3ar__mailthing-webby,integration,"integration,security,logic",integration-module,auth-and-keys,stripeClient,stripe-client,utils/stripeClient.ts,.ts,7,stripe,stripe,stripe,next-react,npm,85,45,site-specific-or-low-confidence,True,none,none,secondary,"Integration component for auth-and-keys; review for shared connector, webhook, API client, or protocol adapter.",exports:stripe | imports:stripe | integration-score:55 | security-score:55 | logic-score:45 | uses-env,0e07d01b458d9528
c7e2be8d856b68538b6e5de2,ph3ar__ph3ar-docs-enhanced-labs,integration,"integration,security,automation",integration-module,auth-and-keys,vercel,vercel,vercel.json,.json,8,,,,next-react,unknown,60,50,catalog-only,True,none,secondary,none,"Integration component for auth-and-keys; review for shared connector, webhook, API client, or protocol adapter.",integration-score:55 | security-score:55 | automation-score:50,54e3885bbe9b0279
483e689cb7f5841bbe48fc6c,ph3ar__stripe-subscription-starter,integration,"integration,security,logic,automation",integration-module,auth-and-keys,config,config,utils/stripe/config.ts,.ts,18,stripe,stripe,stripe,next-react,pnpm,90,50,catalog-only,True,none,secondary,secondary,"Integration component for auth-and-keys; review for shared connector, webhook, API client, or protocol adapter.",exports:stripe | imports:stripe | integration-score:55 | security-score:55 | logic-score:45 | automation-score:45 | uses-env,3bd26a901a81239d
8b6e1de62a682156d5d7dd0f,ph3ar__stripe-subscription-starter,integration,integration,integration-module,seo-and-metadata,stripe-fixtures,stripe-fixtures,fixtures/stripe-fixtures.json,.json,91,,,,next-react,pnpm,55,55,catalog-only,False,none,none,none,"Integration component for seo-and-metadata; review for shared connector, webhook, API client, or protocol adapter.",integration-score:55,fc1133469c0600cc
