component_id,repo,primary_category,categories,component_kind,capability,name,normalized_name,path,extension,lines,exports,imports,dependency_roots,framework,package_manager,confidence,reuse_score,extraction_status,ai_scaffold_recommended,process_relevance,automation_relevance,logic_relevance,description,evidence,file_hash
9ccd8f8542878c18bb78f849,mbarbine__PH3AR-WEBBY,security,security,security-module,ai,env,env,src/__mocks__/env.js,.js,4,env,,,svelte,bun,65,50,catalog-only,False,none,none,none,"Security component for ai; review for shared auth, key handling, fingerprinting, or trust signal module.",exports:env | security-score:55 | model-provider,266baf8f6164019e
c3db3dc795145e975ed6200c,mbarbine__Scripts,security,security,security-module,auth-and-keys,Contents,contents,h4x/dagah-ios/Assets.xcassets/AppIcon.appiconset/Contents.json,.json,93,,,,unknown,unknown,55,55,catalog-only,True,none,none,none,"Security component for auth-and-keys; review for shared auth, key handling, fingerprinting, or trust signal module.",security-score:55,c14cb0cf778c7343
d9f967517b3adeb0266d7fa4,mbarbine__Scripts,security,security,security-module,auth-and-keys,kumar_asshole,kumar-asshole,nodejs/kumar_asshole.js,.js,113,,"imap,mailparser,nodemailer","imap,mailparser,nodemailer",unknown,unknown,65,50,catalog-only,True,none,none,none,"Security component for auth-and-keys; review for shared auth, key handling, fingerprinting, or trust signal module.","imports:imap, mailparser, nodemailer | security-score:55 | uses-env",dea5e285d7b9b6ed
de0a9ae260b8b26bbcc91967,mbarbine__Scripts,security,"security,ai",security-module,auth-and-keys,smack_my_bitch_up,smack-my-bitch-up,go/smack_my_bitch_up.go,.go,38,,,,go,unknown,65,55,catalog-only,True,none,none,none,"Security component for auth-and-keys; review for shared auth, key handling, fingerprinting, or trust signal module.",security-score:55 | ai-score:45,bf714f5ef70454a2
04581ed309c01ec9a4455a78,mbarbine__Scripts,security,"security,automation",security-module,auth-and-keys,__opsclick__,opsclick,SORT/OpsClick_BE_Ansible/clouds/digitalocean/__opsclick__.py,.py,38,,,,python,unknown,65,55,catalog-only,False,none,secondary,none,"Security component for auth-and-keys; review for shared auth, key handling, fingerprinting, or trust signal module.",security-score:55 | automation-score:50,bb60d7676babe9c4
a13ace2cc936eabb43fff6fd,mbarbine__Scripts,security,"security,automation",security-module,auth-and-keys,main,main,SORT/OpsClick_BE_Ansible/clouds/digitalocean/main.yml,.yml,8,,,,unknown,unknown,60,50,catalog-only,False,none,secondary,none,"Security component for auth-and-keys; review for shared auth, key handling, fingerprinting, or trust signal module.",security-score:55 | automation-score:50,f4d5ebc4aea35459
aec1f399a5461a4e9868e79a,mbarbine__Scripts,security,"security,automation",security-module,auth-and-keys,main,main,SORT/OpsClick_BE_Ansible/clouds/digitalocean/roles/digitalocean/tasks/main.yml,.yml,28,,,,unknown,unknown,65,55,catalog-only,False,none,secondary,none,"Security component for auth-and-keys; review for shared auth, key handling, fingerprinting, or trust signal module.",security-score:55 | automation-score:50,24e5d5cc2a4eed10
aee2fd9f90cf6b746439a62a,mbarbine__Scripts,security,"security,automation",security-module,auth-and-keys,__opsclick__,opsclick,SORT/OpsClick_BE_Ansible/clouds/aws/__opsclick__.py,.py,13,,,,python,unknown,65,55,catalog-only,False,none,secondary,none,"Security component for auth-and-keys; review for shared auth, key handling, fingerprinting, or trust signal module.",security-score:55 | automation-score:50,e7b9115d73361965
5e69ce6c161d00e89793885c,mbarbine__Scripts,security,security,security-module,auth-and-keys,local_settings,local-settings,SORT/OpsClick_website/opsclick/local_settings.py,.py,54,,,,python,unknown,55,55,catalog-only,False,none,none,none,"Security component for auth-and-keys; review for shared auth, key handling, fingerprinting, or trust signal module.",security-score:55,a22389f0e80bc386
cbbe0fe3a4a6708e39a9ad19,mbarbine__Scripts,security,"security,ai",key-management,shipping,0004_opsuser_vkey,0004-opsuser-vkey,SORT/OpsClick_website/sign_up/migrations/0004_opsuser_vkey.py,.py,20,Migration,"__future__,django.db","__future__,django.db",python,unknown,90,40,site-specific-or-low-confidence,True,none,none,none,"Security component for shipping; review for shared auth, key handling, fingerprinting, or trust signal module.","exports:Migration | imports:__future__, django.db | security-score:55 | ai-score:45",81cd875c10a5dafe
aa6cce681aee5aa45562b44c,mbarbine__Scripts,security,"security,ai",security-module,shipping,0001_initial,0001-initial,SORT/OpsClick_website/sign_up/migrations/0001_initial.py,.py,31,Migration,"__future__,django.db","__future__,django.db",python,unknown,90,40,site-specific-or-low-confidence,True,none,none,none,"Security component for shipping; review for shared auth, key handling, fingerprinting, or trust signal module.","exports:Migration | imports:__future__, django.db | security-score:55 | ai-score:45",1a5c6da1f729648a
d6b7013e85c0a240ca1e4867,mbarbine__Scripts,security,security,security-module,auth-and-keys,ec2_pricing,ec2-pricing,SORT/OpsClick_BE_Pricing/cloud_pricing/ec2_pricing.py,.py,826,"ResultsCacheBase,SimpleResultsCache,TimeBasedResultsCache,_get_args,_get_data,_load_data,dict2obj,fixup_js_literal_with_comments,get_ec2_instances_prices,get_ec2_ondemand_instances_prices,get_ec2_reserved_instances_prices,get_ec2_spot_instances_prices,get_elb_instances_prices,get_emr_instances_prices,get_price_on_demand_ec2_instance,get_prices,merge_instances,none_as_string","StringIO,__future__,argparse,collections,datetime,io,json,re,token,tokenize,urllib.request,urllib2","StringIO,__future__,argparse,collections,datetime,io,json,re,token,tokenize,urllib.request,urllib2",python,unknown,80,35,site-specific-or-low-confidence,False,none,none,none,"Security component for auth-and-keys; review for shared auth, key handling, fingerprinting, or trust signal module.","exports:ResultsCacheBase, SimpleResultsCache, TimeBasedResultsCache, _get_args, _get_data, _load_data, dict2obj, fixup_js_literal_with_comments | imports:StringIO, __future__, argparse, collections, datetime, io, json, re | security-score:55",a51132bf49799e89
a5e2bef85bf0bb6cf0d7cb40,mbarbine__Scripts,security,security,security-module,general,digital_ocean_pricing,digital-ocean-pricing,SORT/OpsClick_BE_Pricing/cloud_pricing/digital_ocean_pricing.py,.py,60,get_price_DO_droplet,json,json,python,unknown,80,40,site-specific-or-low-confidence,False,none,none,none,"Security component for general; review for shared auth, key handling, fingerprinting, or trust signal module.",exports:get_price_DO_droplet | imports:json | security-score:55,101554dfc9e3a07b
efa246d21a135685e7a08a9d,mbarbine__Scripts,security,"security,ai",security-module,auth-and-keys,settings,settings,SORT/OpsClick_BE_Pricing/cloud_pricing/settings.py,.py,120,,os,os,python,unknown,75,55,catalog-only,True,none,none,none,"Security component for auth-and-keys; review for shared auth, key handling, fingerprinting, or trust signal module.",imports:os | security-score:55 | ai-score:45,f2db89f7b164a389
069776f5bc4454f2ca3ed247,mbarbine__Scripts,security,security,security-module,auth-and-keys,views,views,SORT/OpsClick_BE_Pricing/cloud_pricing/views.py,.py,34,get_cloud_pricing,"digital_ocean_pricing,django.http,django.views.decorators.csrf,ec2_pricing,json","digital_ocean_pricing,django.http,django.views.decorators.csrf,ec2_pricing,json",python,unknown,80,55,catalog-only,True,none,none,none,"Security component for auth-and-keys; review for shared auth, key handling, fingerprinting, or trust signal module.","exports:get_cloud_pricing | imports:digital_ocean_pricing, django.http, django.views.decorators.csrf, ec2_pricing, json | security-score:55",798b33603df6b267
b08ac25cd18440496bdee0bc,mbarbine__Scripts,security,security,security-module,analytics,package,package,SORT/OpsClick_UI/package.json,.json,92,,,,unknown,unknown,55,40,site-specific-or-low-confidence,True,none,none,none,"Security component for analytics; review for shared auth, key handling, fingerprinting, or trust signal module.",security-score:55,a196a3656894f042
0157fd391b1d1889a27bb653,mbarbine__Scripts,security,security,auth,auth-and-keys,authentication.module,authentication-module,SORT/OpsClick_UI/public/app/modules/authentication/authentication.module.js,.js,7,,,,next-react,unknown,60,50,catalog-only,False,none,none,none,"Security component for auth-and-keys; review for shared auth, key handling, fingerprinting, or trust signal module.",security-score:55,a773d779183ab8c7
0530a34ee9cdc6608c28a8d7,mbarbine__Scripts,security,security,auth,auth-and-keys,auth.config,auth-config,SORT/OpsClick_UI/public/app/modules/authentication/config/auth.config.js,.js,19,,,,next-react,unknown,65,55,catalog-only,False,none,none,none,"Security component for auth-and-keys; review for shared auth, key handling, fingerprinting, or trust signal module.",security-score:55,559f1e906dcf0904
18116dd144e5d7854b6e2b3d,mbarbine__Scripts,security,security,security-module,auth-and-keys,tooltip.directive,tooltip-directive,SORT/OpsClick_UI/public/app/modules/grid/directives/tooltip.directive.js,.js,40,,,,next-react,unknown,65,55,catalog-only,False,none,none,none,"Security component for auth-and-keys; review for shared auth, key handling, fingerprinting, or trust signal module.",security-score:55,4106c9bfb33b1f72
c77a5af4d40ca960679669bb,mbarbine__Scripts,security,"security,automation",security-module,editor,countries,countries,SORT/OpsClick_UI/public/app/assets/countries.json,.json,730,,,,next-react,unknown,75,25,site-specific-or-low-confidence,True,none,secondary,none,"Security component for editor; review for shared auth, key handling, fingerprinting, or trust signal module.",security-score:55 | automation-score:45 | cron-or-schedule,c2d721b3d3cdfd01
10d229fdb6fae590223eb43f,mbarbine__Scripts,security,security,security-module,auth-and-keys,jquery.easing,jquery-easing,SORT/OpsClick_UI/static/about/js/jquery.easing.js,.js,205,,,,unknown,unknown,55,50,catalog-only,True,none,none,none,"Security component for auth-and-keys; review for shared auth, key handling, fingerprinting, or trust signal module.",security-score:55,cda4b38b39e069aa
dc44112da7dcd112ddc588c9,mbarbine__Scripts,security,security,security-module,general,to-array,to-array,SORT/OpsClick_UI/src/js/filters/to-array.js,.js,17,,,,unknown,unknown,55,40,site-specific-or-low-confidence,False,none,none,none,"Security component for general; review for shared auth, key handling, fingerprinting, or trust signal module.",security-score:55,867fca278dc8ba2b
02f27bd4ad4ef4f94adb109f,mbarbine__Scripts,security,security,security-module,general,config-constants,config-constants,SORT/OpsClick_UI/src/js/constants/config-constants.js,.js,14,,,,unknown,unknown,55,40,site-specific-or-low-confidence,True,none,none,none,"Security component for general; review for shared auth, key handling, fingerprinting, or trust signal module.",security-score:55,a2508ddc5400fd63
dd5cbc6b23c7f5142f06e033,mbarbine__Scripts,security,security,security-module,auth-and-keys,feature-request,feature-request,SORT/OpsClick_UI/src/js/components/feature-request.js,.js,39,,"../actions/alert-actions,../actions/app-actions,../actions/auth-actions",,unknown,unknown,75,55,catalog-only,False,none,none,none,"Security component for auth-and-keys; review for shared auth, key handling, fingerprinting, or trust signal module.","imports:../actions/alert-actions, ../actions/app-actions, ../actions/auth-actions | security-score:55",9337e3dc9f347870
8fb97da589b20d119a5b2895,mbarbine__Scripts,security,security,security-module,general,config-actions,config-actions,SORT/OpsClick_UI/src/js/actions/config-actions.js,.js,128,,"../constants/config-constants,../dispatcher/app-dispatcher",,unknown,unknown,65,40,site-specific-or-low-confidence,True,none,none,none,"Security component for general; review for shared auth, key handling, fingerprinting, or trust signal module.","imports:../constants/config-constants, ../dispatcher/app-dispatcher | security-score:55",681be4bf78f39bef
99526b577225c277965a4898,mbarbine__Scripts,security,"security,ai",security-module,analytics,forgot-password,forgot-password,SORT/OpsClick_UI/src/js/templates/forgot-password.js,.js,27,,,,unknown,unknown,65,40,site-specific-or-low-confidence,True,none,none,none,"Security component for analytics; review for shared auth, key handling, fingerprinting, or trust signal module.",security-score:55 | ai-score:45,3996796f154e4ab0
cd8721809ceadf65fdb75ecf,mbarbine__Scripts,security,"security,automation,ai",security-module,analytics,signup,signup,SORT/OpsClick_UI/src/js/templates/signup.js,.js,96,,,,unknown,unknown,65,40,site-specific-or-low-confidence,True,none,secondary,none,"Security component for analytics; review for shared auth, key handling, fingerprinting, or trust signal module.",security-score:55 | automation-score:45 | ai-score:45,80cbc13eb4950c09
2cbe7c6d5c69e00814d1372f,mbarbine__Scripts,security,"security,ai",security-module,analytics,recover-password,recover-password,SORT/OpsClick_UI/src/js/templates/recover-password.js,.js,41,,,,unknown,unknown,65,40,site-specific-or-low-confidence,True,none,none,none,"Security component for analytics; review for shared auth, key handling, fingerprinting, or trust signal module.",security-score:55 | ai-score:45,72ef7a91b95565dc
5d878aafdeb07f6fff463190,mbarbine__Scripts,security,"security,automation,ai",security-module,workflow,jobs,jobs,SORT/OpsClick_UI/src/js/templates/jobs.js,.js,26,,,,unknown,unknown,65,40,site-specific-or-low-confidence,True,none,secondary,none,"Security component for workflow; review for shared auth, key handling, fingerprinting, or trust signal module.",security-score:55 | automation-score:50 | ai-score:45,515c9f80ec3515ad
78a07687cc093d1b5b65ade3,mbarbine__Scripts,security,"security,ai",security-module,commerce,assets,assets,SORT/OpsClick_UI/src/js/templates/assets.js,.js,25,,,,unknown,unknown,65,40,site-specific-or-low-confidence,True,none,none,none,"Security component for commerce; review for shared auth, key handling, fingerprinting, or trust signal module.",security-score:55 | ai-score:45,92f640da544de330
78c97fd50e13f1c30976d28d,mbarbine__Scripts,security,"security,automation,ai",security-module,workflow,jobs-list-header,jobs-list-header,SORT/OpsClick_UI/src/js/templates/jobs-list-header.js,.js,8,,,,unknown,unknown,60,35,site-specific-or-low-confidence,True,none,secondary,none,"Security component for workflow; review for shared auth, key handling, fingerprinting, or trust signal module.",security-score:55 | automation-score:50 | ai-score:45,6665866517ec88c3
36b27386193fab06c9429527,mbarbine__Scripts,security,"security,automation",security-module,editor,countries,countries,SORT/OpsClick_UI/src/json/countries.json,.json,730,,,,unknown,unknown,65,25,site-specific-or-low-confidence,True,none,secondary,none,"Security component for editor; review for shared auth, key handling, fingerprinting, or trust signal module.",security-score:55 | automation-score:45 | cron-or-schedule,c2d721b3d3cdfd01
259265a77c55460bbc42cf49,mbarbine__Scripts,security,"security,automation",security-module,workflow,tutorial,tutorial,SORT/ansible-azure/tutorial.yml,.yml,58,,,,unknown,unknown,65,40,site-specific-or-low-confidence,True,none,secondary,none,"Security component for workflow; review for shared auth, key handling, fingerprinting, or trust signal module.",security-score:55 | automation-score:50,1adbffd637c58799
27660f4995047df6a073c69f,mbarbine__Scripts,security,"security,ai",security-module,auth-and-keys,sms,sms,python/sms.py,.py,11,,twilio.rest,twilio.rest,python,unknown,75,55,catalog-only,True,none,none,none,"Security component for auth-and-keys; review for shared auth, key handling, fingerprinting, or trust signal module.",imports:twilio.rest | security-score:55 | ai-score:45,58c54be9acf0d8be
81e6b3946ced15c13ffbf566,mbarbine__Scripts,security,"security,ai",security-module,auth-and-keys,ICMP6,icmp6,python/impacket/ICMP6.py,.py,526,ICMP6,"array,impacket.IP6_Address,impacket.ImpactPacket,struct","array,impacket.IP6_Address,impacket.ImpactPacket,struct",python,unknown,90,40,site-specific-or-low-confidence,True,none,none,none,"Security component for auth-and-keys; review for shared auth, key handling, fingerprinting, or trust signal module.","exports:ICMP6 | imports:array, impacket.IP6_Address, impacket.ImpactPacket, struct | security-score:55 | ai-score:45",151582c90199028c
b531ce3533c6a356d7fcd790,mbarbine__Scripts,security,security,security-module,auth-and-keys,version,version,python/impacket/version.py,.py,20,getInstallationPath,"impacket,pkg_resources","impacket,pkg_resources",python,unknown,80,55,catalog-only,False,none,none,none,"Security component for auth-and-keys; review for shared auth, key handling, fingerprinting, or trust signal module.","exports:getInstallationPath | imports:impacket, pkg_resources | security-score:55",389881949d7f0a98
a4f471170bd0bd84a21bbba1,mbarbine__Scripts,security,security,security-module,auth-and-keys,pcapfile,pcapfile,python/impacket/pcapfile.py,.py,116,"PCapFileHeader,PCapFilePacket,PcapFile",impacket,impacket,python,unknown,80,55,catalog-only,False,none,none,none,"Security component for auth-and-keys; review for shared auth, key handling, fingerprinting, or trust signal module.","exports:PCapFileHeader, PCapFilePacket, PcapFile | imports:impacket | security-score:55",a3a6b1232c6534ad
7a9c661d073821374fe328d9,mbarbine__Scripts,security,security,security-module,auth-and-keys,IP6_Address,ip6-address,python/impacket/IP6_Address.py,.py,249,IP6_Address,"array,six","array,six",python,unknown,80,50,catalog-only,False,none,none,none,"Security component for auth-and-keys; review for shared auth, key handling, fingerprinting, or trust signal module.","exports:IP6_Address | imports:array, six | security-score:55",3ffae547c5484a34
514fdd57de84cf7ae2cbdc17,mbarbine__Scripts,security,security,security-module,auth-and-keys,NDP,ndp,python/impacket/NDP.py,.py,165,"NDP,NDP_Option","array,impacket,impacket.ICMP6,struct","array,impacket,impacket.ICMP6,struct",python,unknown,80,55,catalog-only,False,none,none,none,"Security component for auth-and-keys; review for shared auth, key handling, fingerprinting, or trust signal module.","exports:NDP, NDP_Option | imports:array, impacket, impacket.ICMP6, struct | security-score:55",bf7e7cade710b42a
a024dbdcc52b74344998fa63,mbarbine__Scripts,security,security,key-management,auth-and-keys,Dot11KeyManager,dot11-key-manager,python/impacket/Dot11KeyManager.py,.py,54,KeyManager,array,array,python,unknown,80,55,catalog-only,False,none,none,none,"Security component for auth-and-keys; review for shared auth, key handling, fingerprinting, or trust signal module.",exports:KeyManager | imports:array | security-score:55,a0c1e77366ea6873
67589f0f2e1b47489fb94320,mbarbine__Scripts,security,security,security-module,auth-and-keys,dot11,dot11,python/impacket/dot11.py,.py,3087,"DOT11_AUTH_ALGORITHMS,DOT11_AUTH_STATUS_CODES,DOT11_MANAGEMENT_ELEMENTS,DOT11_REASON_CODES,Dot11,Dot11ControlFrameACK,Dot11ControlFrameCFEnd,Dot11ControlFrameCFEndCFACK,Dot11ControlFrameCTS,Dot11ControlFramePSPoll,Dot11ControlFrameRTS,Dot11DataAddr4Frame,Dot11DataAddr4QoSFrame,Dot11DataFrame,Dot11DataQoSFrame,Dot11ManagementAssociationRequest,Dot11ManagementAssociationResponse,Dot11ManagementAuthentication,Dot11ManagementBeacon,Dot11ManagementCapabilities,Dot11ManagementDeauthentication,Dot11ManagementDisassociation,Dot11ManagementFrame,Dot11ManagementHelper,Dot11ManagementProbeRequest,Dot11ManagementProbeResponse,Dot11ManagementReassociationRequest,Dot11ManagementReassociationResponse,Dot11Types,Dot11WEP,Dot11WEPData,Dot11WPA,Dot11WPA2,Dot11WPA2Data,Dot11WPAData,LLC,RadioTap,SAPTypes,SNAP","binascii,impacket.Dot11Crypto,impacket.ImpactPacket,struct","binascii,impacket.Dot11Crypto,impacket.ImpactPacket,struct",python,unknown,80,35,site-specific-or-low-confidence,False,none,none,none,"Security component for auth-and-keys; review for shared auth, key handling, fingerprinting, or trust signal module.","exports:DOT11_AUTH_ALGORITHMS, DOT11_AUTH_STATUS_CODES, DOT11_MANAGEMENT_ELEMENTS, DOT11_REASON_CODES, Dot11, Dot11ControlFrameACK, Dot11ControlFrameCFEnd, Dot11ControlFrameCFEndCFACK | imports:binascii, impacket.Dot11Crypto, impacket.ImpactPacket, struct | security-score:55",4a5f89135f5ea70b
008072be520da66fe719cfa6,mbarbine__Scripts,security,security,security-module,auth-and-keys,spnego,spnego,python/impacket/spnego.py,.py,385,"GSSAPI,SPNEGO_NegTokenInit,SPNEGO_NegTokenResp,asn1decode,asn1encode","__future__,struct","__future__,struct",python,unknown,80,50,catalog-only,True,none,none,none,"Security component for auth-and-keys; review for shared auth, key handling, fingerprinting, or trust signal module.","exports:GSSAPI, SPNEGO_NegTokenInit, SPNEGO_NegTokenResp, asn1decode, asn1encode | imports:__future__, struct | security-score:55",f7d4ec40a119acd7
519bda3444d527db024e9ca6,mbarbine__Scripts,security,"security,ai",security-module,auth-and-keys,wps,wps,python/impacket/wps.py,.py,404,"ArrayBuilder,AssocState,AuthTypeFlag,ByteBuilder,ConfigError,ConfigMethod,ConnectionTypeFlag,DevicePasswordId,EncryptionTypeFlag,MessageType,NumBuilder,OpCode,SCElem,SimpleConfig,StringBuilder,TLVContainer,WpsState","array,functools,impacket.helper,struct","array,functools,impacket.helper,struct",python,unknown,90,50,catalog-only,True,none,none,none,"Security component for auth-and-keys; review for shared auth, key handling, fingerprinting, or trust signal module.","exports:ArrayBuilder, AssocState, AuthTypeFlag, ByteBuilder, ConfigError, ConfigMethod, ConnectionTypeFlag, DevicePasswordId | imports:array, functools, impacket.helper, struct | security-score:55 | ai-score:45",26fa8f66794e2532
c236ac0a853bfad67c1ef254,mbarbine__Scripts,security,security,security-module,auth-and-keys,helper,helper,python/impacket/helper.py,.py,150,"Bit,Byte,Field,Long,ProtocolPacket,ProtocolPacketMetaklass,ThreeBytesBigEndian,Word,rebind","functools,impacket.ImpactPacket,six,struct","functools,impacket.ImpactPacket,six,struct",python,unknown,80,55,catalog-only,False,none,none,none,"Security component for auth-and-keys; review for shared auth, key handling, fingerprinting, or trust signal module.","exports:Bit, Byte, Field, Long, ProtocolPacket, ProtocolPacketMetaklass, ThreeBytesBigEndian, Word | imports:functools, impacket.ImpactPacket, six, struct | security-score:55",9603f24e0555e6ee
10ffee5fb6a43b81b2365fcb,mbarbine__Scripts,security,security,security-module,auth-and-keys,structure,structure,python/impacket/structure.py,.py,658,"Structure,hexdump,parse_bitmask,pretty_print","__future__,six,struct","__future__,six,struct",python,unknown,80,40,site-specific-or-low-confidence,True,none,none,none,"Security component for auth-and-keys; review for shared auth, key handling, fingerprinting, or trust signal module.","exports:Structure, hexdump, parse_bitmask, pretty_print | imports:__future__, six, struct | security-score:55",64805e844fcc45b6
287c691be0a40737e7cc68d0,mbarbine__Scripts,security,"security,automation",security-module,auth-and-keys,ImpactPacket,impact-packet,python/impacket/ImpactPacket.py,.py,2130,"ARP,Data,Ethernet,EthernetTag,Header,ICMP,IGMP,IP,IPOption,ImpactPacketException,LinuxSLL,PacketBuffer,ProtocolLayer,ProtocolPacket,TCP,TCPOption,UDP,example","__future__,array,binascii,functools,ip_string,socket,string,struct,sys","__future__,array,binascii,functools,ip_string,socket,string,struct,sys",python,unknown,90,35,site-specific-or-low-confidence,False,none,secondary,none,"Security component for auth-and-keys; review for shared auth, key handling, fingerprinting, or trust signal module.","exports:ARP, Data, Ethernet, EthernetTag, Header, ICMP, IGMP, IP | imports:__future__, array, binascii, functools, ip_string, socket, string, struct | security-score:55 | automation-score:45",912391d9262a28ba
c93e47fb06793ceea817c330,mbarbine__Scripts,security,"security,automation",security-module,auth-and-keys,IP6_Extension_Headers,ip6-extension-headers,python/impacket/IP6_Extension_Headers.py,.py,326,"Basic_Extension_Header,Destination_Options,Extension_Option,Hop_By_Hop,IP6_Extension_Header,Option_PAD1,Option_PADN,Routing_Options",".,array,impacket,impacket.ImpactPacket","array,impacket,impacket.ImpactPacket",python,unknown,90,50,catalog-only,False,none,secondary,none,"Security component for auth-and-keys; review for shared auth, key handling, fingerprinting, or trust signal module.","exports:Basic_Extension_Header, Destination_Options, Extension_Option, Hop_By_Hop, IP6_Extension_Header, Option_PAD1, Option_PADN, Routing_Options | imports:., array, impacket, impacket.ImpactPacket | security-score:55 | automation-score:45",ed4f4c2bd81f0adb
59ac8d3fd967d7b1fc96caa7,mbarbine__Scripts,security,security,security-module,auth-and-keys,uuid,uuid,python/impacket/uuid.py,.py,79,"bin_to_string,bin_to_uuidtup,generate,string_to_bin,string_to_uuidtup,stringver_to_bin,uuidtup_to_bin,uuidtup_to_string","__future__,binascii,random,re,struct","__future__,binascii,random,re,struct",python,unknown,80,55,catalog-only,True,none,none,none,"Security component for auth-and-keys; review for shared auth, key handling, fingerprinting, or trust signal module.","exports:bin_to_string, bin_to_uuidtup, generate, string_to_bin, string_to_uuidtup, stringver_to_bin, uuidtup_to_bin, uuidtup_to_string | imports:__future__, binascii, random, re, struct | security-score:55",c9e2c1240d97d621
77f77b1590409c30d253365d,mbarbine__Scripts,security,"security,ai",security-module,auth-and-keys,mimilib,mimilib,python/impacket/dcerpc/v5/mimilib.py,.py,236,"BYTE_ARRAY,DCERPCSessionError,DHPUBKEY,MIMI_HANDLE,MIMI_PUBLICKEY,MimiBind,MimiBindResponse,MimiCommand,MimiCommandResponse,MimiDiffeH,MimiUnbind,MimiUnbindResponse,PBYTE_ARRAY,PMIMI_PUBLICKEY,PUBLICKEYBLOB,PUBLICKEYSTRUC,hMimiBind,hMimiCommand","__future__,binascii,impacket,impacket.dcerpc.v5.dtypes,impacket.dcerpc.v5.ndr,impacket.dcerpc.v5.rpcrt,impacket.structure,impacket.uuid,impacket.winregistry,random","__future__,binascii,impacket,impacket.dcerpc.v5.dtypes,impacket.dcerpc.v5.ndr,impacket.dcerpc.v5.rpcrt,impacket.structure,impacket.uuid,impacket.winregistry,random",python,unknown,90,50,catalog-only,True,none,none,none,"Security component for auth-and-keys; review for shared auth, key handling, fingerprinting, or trust signal module.","exports:BYTE_ARRAY, DCERPCSessionError, DHPUBKEY, MIMI_HANDLE, MIMI_PUBLICKEY, MimiBind, MimiBindResponse, MimiCommand | imports:__future__, binascii, impacket, impacket.dcerpc.v5.dtypes, impacket.dcerpc.v5.ndr, impacket.dcerpc.v5.rpcrt, impacket.structure, impacket.uuid | security-score:55 | ai-score:45",8561b6536cfb1fc5
356689abece0997f3824b605,mbarbine__Scripts,security,"security,automation",security-module,commerce,enum,enum,python/impacket/dcerpc/v5/enum.py,.py,754,"EnumMeta,IntEnum,_EnumDict,_RouteClassAttributeToGetattr,__dir__,__eq__,__format__,__getnewargs__,__hash__,__ne__,__new__,__repr__,__str__,_is_descriptor,_is_dunder,_is_sunder,_make_class_unpicklable,name,unique,value",sys,sys,python,unknown,90,20,site-specific-or-low-confidence,False,none,secondary,none,"Security component for commerce; review for shared auth, key handling, fingerprinting, or trust signal module.","exports:EnumMeta, IntEnum, _EnumDict, _RouteClassAttributeToGetattr, __dir__, __eq__, __format__, __getnewargs__ | imports:sys | security-score:55 | automation-score:45",2596e059eaa6d8e2
ca94640620a2cb69d5919463,mbarbine__Scripts,security,security,security-module,ai,ldapasn1,ldapasn1,python/impacket/ldap/ldapasn1.py,.py,699,"AbandonRequest,AddRequest,AddResponse,AssertionValue,Attribute,AttributeDescription,AttributeList,AttributeSelection,AttributeValue,AttributeValueAssertion,AuthenticationChoice,BindRequest,BindResponse,CompareRequest,CompareResponse,Control,Controls,DefaultSequenceAndSetBaseMixin,DelRequest,DelResponse,DerefAliases,ExtendedRequest,ExtendedResponse,Filter,IntermediateResponse,LDAPDN,LDAPMessage,LDAPOID,LDAPResult,LDAPString,MatchingRuleAssertion,MatchingRuleID,MessageID,ModifyDNRequest,ModifyDNResponse,ModifyRequest,ModifyResponse,Operation,PartialAttribute,PartialAttributeList,Referral,RelativeLDAPDN,ResultCode,SDFlagsControl,SDFlagsControlValue,SaslCredentials,Scope,SearchRequest,SearchResultDone,SearchResultEntry,SearchResultReference,SimplePagedResultsControl,SimplePagedResultsControlValue,SubstringFilter,URI,UnbindRequest","pyasn1.codec.ber,pyasn1.type","pyasn1.codec.ber,pyasn1.type",python,unknown,80,40,site-specific-or-low-confidence,True,none,none,none,"Security component for ai; review for shared auth, key handling, fingerprinting, or trust signal module.","exports:AbandonRequest, AddRequest, AddResponse, AssertionValue, Attribute, AttributeDescription, AttributeList, AttributeSelection | imports:pyasn1.codec.ber, pyasn1.type | security-score:55",69d39e251e3b88af
beba58cba5748214839aee4e,mbarbine__Scripts,security,security,security-module,auth-and-keys,ldaptypes,ldaptypes,python/impacket/ldap/ldaptypes.py,.py,491,"ACCESS_ALLOWED_ACE,ACCESS_ALLOWED_CALLBACK_ACE,ACCESS_ALLOWED_CALLBACK_OBJECT_ACE,ACCESS_ALLOWED_OBJECT_ACE,ACCESS_DENIED_ACE,ACCESS_DENIED_CALLBACK_ACE,ACCESS_DENIED_CALLBACK_OBJECT_ACE,ACCESS_DENIED_OBJECT_ACE,ACCESS_MASK,ACE,ACL,LDAP_SID,LDAP_SID_IDENTIFIER_AUTHORITY,SR_SECURITY_DESCRIPTOR,SYSTEM_AUDIT_ACE,SYSTEM_AUDIT_CALLBACK_ACE,SYSTEM_AUDIT_CALLBACK_OBJECT_ACE,SYSTEM_AUDIT_OBJECT_ACE,SYSTEM_MANDATORY_LABEL_ACE,SYSTEM_RESOURCE_ATTRIBUTE_ACE,SYSTEM_SCOPED_POLICY_ID_ACE","impacket.structure,struct","impacket.structure,struct",python,unknown,80,50,catalog-only,True,none,none,none,"Security component for auth-and-keys; review for shared auth, key handling, fingerprinting, or trust signal module.","exports:ACCESS_ALLOWED_ACE, ACCESS_ALLOWED_CALLBACK_ACE, ACCESS_ALLOWED_CALLBACK_OBJECT_ACE, ACCESS_ALLOWED_OBJECT_ACE, ACCESS_DENIED_ACE, ACCESS_DENIED_CALLBACK_ACE, ACCESS_DENIED_CALLBACK_OBJECT_ACE, ACCESS_DENIED_OBJECT_ACE | imports:impacket.structure, struct | security-score:55",28da0030dd4f68b9
2b3c9d466dcedd98f8f1f34a,mbarbine__Scripts,security,security,security-module,analytics,types,types,python/impacket/krb5/types.py,.py,274,"Address,EncryptedData,KerberosException,KerberosTime,Principal,Ticket,_asn1_decode",".,datetime,pyasn1.codec.der,re,socket,struct","datetime,pyasn1.codec.der,re,socket,struct",python,unknown,80,35,site-specific-or-low-confidence,True,none,none,none,"Security component for analytics; review for shared auth, key handling, fingerprinting, or trust signal module.","exports:Address, EncryptedData, KerberosException, KerberosTime, Principal, Ticket, _asn1_decode | imports:., datetime, pyasn1.codec.der, re, socket, struct | security-score:55",9943c93e65a827bb
0b798f2c4007833fd6b8c87b,mbarbine__Scripts,security,security,security-module,auth-and-keys,gssapi,gssapi,python/impacket/krb5/gssapi.py,.py,295,"CheckSumField,GSSAPI,GSSAPI_AES,GSSAPI_AES128,GSSAPI_AES256,GSSAPI_RC4","Cryptodome.Cipher,Cryptodome.Hash,builtins,impacket.dcerpc.v5.rpcrt,impacket.krb5,impacket.structure,random,six,string,struct","Cryptodome.Cipher,Cryptodome.Hash,builtins,impacket.dcerpc.v5.rpcrt,impacket.krb5,impacket.structure,random,six,string,struct",python,unknown,80,50,catalog-only,True,none,none,none,"Security component for auth-and-keys; review for shared auth, key handling, fingerprinting, or trust signal module.","exports:CheckSumField, GSSAPI, GSSAPI_AES, GSSAPI_AES128, GSSAPI_AES256, GSSAPI_RC4 | imports:Cryptodome.Cipher, Cryptodome.Hash, builtins, impacket.dcerpc.v5.rpcrt, impacket.krb5, impacket.structure, random, six | security-score:55",852a5b520128ffbe
5b72d10671e583367bd412b3,mbarbine__Scripts,security,security,security-module,auth-and-keys,asn1,asn1,python/impacket/krb5/asn1.py,.py,509,"AD_AND_OR,AD_IF_RELEVANT,AD_KDCIssued,AD_MANDATORY_FOR_KDC,APOptions,AP_REP,AP_REQ,AS_REP,AS_REQ,Authenticator,AuthorizationData,Checksum,ETYPE_INFO,ETYPE_INFO2,ETYPE_INFO2_ENTRY,ETYPE_INFO_ENTRY,EncAPRepPart,EncASRepPart,EncKDCRepPart,EncKrbCredPart,EncKrbPrivPart,EncTGSRepPart,EncTicketPart,EncryptedData,EncryptionKey,HostAddress,HostAddresses,Int32,KDCOptions,KDC_REP,KDC_REQ,KDC_REQ_BODY,KERB_ERROR_DATA,KERB_KEY_LIST_REP,KERB_KEY_LIST_REQ,KERB_PA_PAC_REQUEST,KRB_CRED,KRB_ERROR,KRB_PRIV,KRB_SAFE,KRB_SAFE_BODY,KerberosFlags,KerberosString,KerberosTime,KrbCredInfo,LastReq,METHOD_DATA,Microseconds,PA_DATA,PA_ENC_TIMESTAMP,PA_ENC_TS_ENC,PA_FOR_USER_ENC,PA_PAC_OPTIONS,PrincipalName,Realm,TGS_REP,TGS_REQ,TYPED_DATA,Ticket,TicketFlags,TransitedEncoding,UInt32,_application_tag,_msg_type_component,_sequence_component,_sequence_optional_component,_vno_component,seq_append,seq_set,seq_set_dict,seq_set_flags,seq_set_iter",".,pyasn1.type",pyasn1.type,python,unknown,80,40,site-specific-or-low-confidence,True,none,none,none,"Security component for auth-and-keys; review for shared auth, key handling, fingerprinting, or trust signal module.","exports:AD_AND_OR, AD_IF_RELEVANT, AD_KDCIssued, AD_MANDATORY_FOR_KDC, APOptions, AP_REP, AP_REQ, AS_REP | imports:., pyasn1.type | security-score:55",99ca1faef3ca4fc2
388ece54197c0459cd196b5d,mbarbine__Scripts,security,security,security-module,auth-and-keys,remcomsvc,remcomsvc,python/impacket/examples/remcomsvc.py,.py,1669,RemComSvc,binascii,binascii,python,unknown,80,35,site-specific-or-low-confidence,False,none,none,none,"Security component for auth-and-keys; review for shared auth, key handling, fingerprinting, or trust signal module.",exports:RemComSvc | imports:binascii | security-score:55,68f1543f9d435a52
72da3e677b92b41ace10d0fa,mbarbine__Scripts,security,security,security-module,auth-and-keys,rpcdatabase,rpcdatabase,python/impacket/examples/rpcdatabase.py,.py,268,fix_ndr_uuid,"impacket,impacket.dcerpc.v5.epm,struct","impacket,impacket.dcerpc.v5.epm,struct",python,unknown,80,50,catalog-only,False,none,none,none,"Security component for auth-and-keys; review for shared auth, key handling, fingerprinting, or trust signal module.","exports:fix_ndr_uuid | imports:impacket, impacket.dcerpc.v5.epm, struct | security-score:55",5d3be10292a48c33
32773daf4d72bf39606dd4f9,mbarbine__Scripts,security,"security,automation",security-module,auth-and-keys,dcsyncattack,dcsyncattack,python/impacket/examples/ntlmrelayx/attacks/dcsyncattack.py,.py,32,DCSYNCAttack,"impacket.examples.ntlmrelayx.attacks,impacket.examples.secretsdump","impacket.examples.ntlmrelayx.attacks,impacket.examples.secretsdump",python,unknown,90,55,catalog-only,False,none,secondary,none,"Security component for auth-and-keys; review for shared auth, key handling, fingerprinting, or trust signal module.","exports:DCSYNCAttack | imports:impacket.examples.ntlmrelayx.attacks, impacket.examples.secretsdump | security-score:55 | automation-score:45",e4dac12c00d4c196
f89f0a84e13feb28510545fd,mbarbine__Scripts,security,security,security-module,testing,test_structure,test-structure,python/tests/misc/test_structure.py,.py,215,"Test_AAA,Test_AsciiZArray,Test_Optional,Test_Optional_sparse,Test_UnpackCode,Test_fixedLength,Test_nested,Test_simple,Test_simple_aligned4,_StructureTest,hexl","__future__,binascii,impacket.structure,unittest","__future__,binascii,impacket.structure,unittest",python,unknown,80,35,site-specific-or-low-confidence,False,none,none,none,"Security component for testing; review for shared auth, key handling, fingerprinting, or trust signal module.","exports:Test_AAA, Test_AsciiZArray, Test_Optional, Test_Optional_sparse, Test_UnpackCode, Test_fixedLength, Test_nested, Test_simple | imports:__future__, binascii, impacket.structure, unittest | security-score:55",3d4f0aaa69b8c876
f5e5f43e803839a2422448ee,mbarbine__Scripts,security,security,security-module,shipping,test_crypto,test-crypto,python/tests/misc/test_crypto.py,.py,70,"CryptoTests,by8,hex8,pp","__future__,binascii,impacket.crypto,unittest","__future__,binascii,impacket.crypto,unittest",python,unknown,80,40,site-specific-or-low-confidence,True,none,none,none,"Security component for shipping; review for shared auth, key handling, fingerprinting, or trust signal module.","exports:CryptoTests, by8, hex8, pp | imports:__future__, binascii, impacket.crypto, unittest | security-score:55",76bb3b469e636286
f6a7ee9d215e26e26f0468dd,mbarbine__Scripts,security,security,security-module,analytics,test_krb5_crypto,test-krb5-crypto,python/tests/misc/test_krb5_crypto.py,.py,190,"AESTests,h","__future__,binascii,impacket.krb5.crypto,unittest","__future__,binascii,impacket.krb5.crypto,unittest",python,unknown,80,40,site-specific-or-low-confidence,True,none,none,none,"Security component for analytics; review for shared auth, key handling, fingerprinting, or trust signal module.","exports:AESTests, h | imports:__future__, binascii, impacket.krb5.crypto, unittest | security-score:55",448ed9bd8e87db95
28df3c4ed69453584f7e6a60,mbarbine__Scripts,security,security,security-module,testing,test_dpapi,test-dpapi,python/tests/misc/test_dpapi.py,.py,206,DPAPITests,"Cryptodome.Cipher,Cryptodome.Hash,binascii,impacket.dpapi,unittest","Cryptodome.Cipher,Cryptodome.Hash,binascii,impacket.dpapi,unittest",python,unknown,80,35,site-specific-or-low-confidence,False,none,none,none,"Security component for testing; review for shared auth, key handling, fingerprinting, or trust signal module.","exports:DPAPITests | imports:Cryptodome.Cipher, Cryptodome.Hash, binascii, impacket.dpapi, unittest | security-score:55",e9285a39bf753650
d455fba3d87f3824cf74e2e8,mbarbine__Scripts,security,security,security-module,auth-and-keys,test_dns,test-dns,python/tests/misc/test_dns.py,.py,137,DNSTests,"impacket.dns,unittest","impacket.dns,unittest",python,unknown,80,55,catalog-only,False,none,none,none,"Security component for auth-and-keys; review for shared auth, key handling, fingerprinting, or trust signal module.","exports:DNSTests | imports:impacket.dns, unittest | security-score:55",5f9e2790f929ff3c
22623af6a83607d54cc10f0d,mbarbine__Scripts,security,security,security-module,auth-and-keys,test_spnego,test-spnego,python/tests/SMB_RPC/test_spnego.py,.py,51,Test,"impacket,unittest","impacket,unittest",python,unknown,80,55,catalog-only,True,none,none,none,"Security component for auth-and-keys; review for shared auth, key handling, fingerprinting, or trust signal module.","exports:Test | imports:impacket, unittest | security-score:55",5652c7647f07bcba
954e2680e88bfadf40fc0ce6,mbarbine__Scripts,security,security,security-module,ai,test_bkrp,test-bkrp,python/tests/SMB_RPC/test_bkrp.py,.py,233,"BKRPTests,SMBTransport,SMBTransport64","ConfigParser,__future__,configparser,cryptography,cryptography.hazmat.backends,impacket.dcerpc.v5,impacket.dcerpc.v5.dtypes,impacket.dcerpc.v5.rpcrt,sys,unittest","ConfigParser,__future__,configparser,cryptography,cryptography.hazmat.backends,impacket.dcerpc.v5,impacket.dcerpc.v5.dtypes,impacket.dcerpc.v5.rpcrt,sys,unittest",python,unknown,80,50,catalog-only,False,none,none,none,"Security component for ai; review for shared auth, key handling, fingerprinting, or trust signal module.","exports:BKRPTests, SMBTransport, SMBTransport64 | imports:ConfigParser, __future__, configparser, cryptography, cryptography.hazmat.backends, impacket.dcerpc.v5, impacket.dcerpc.v5.dtypes, impacket.dcerpc.v5.rpcrt | security-score:55",585eed418e83d4a4
7c99770ab6e0fc997b6b9078,mbarbine__Scripts,security,security,security-module,auth-and-keys,test_mgmt,test-mgmt,python/tests/SMB_RPC/test_mgmt.py,.py,188,"MGMTTests,SMBTransport,SMBTransport64,TCPTransport,TCPTransport64","ConfigParser,__future__,configparser,impacket.dcerpc.v5,sys,unittest","ConfigParser,__future__,configparser,impacket.dcerpc.v5,sys,unittest",python,unknown,80,55,catalog-only,False,none,none,none,"Security component for auth-and-keys; review for shared auth, key handling, fingerprinting, or trust signal module.","exports:MGMTTests, SMBTransport, SMBTransport64, TCPTransport, TCPTransport64 | imports:ConfigParser, __future__, configparser, impacket.dcerpc.v5, sys, unittest | security-score:55",21f716ed169d4b95
dfad4121ad68f2285c1a821c,mbarbine__Scripts,security,security,security-module,auth-and-keys,test_rpch,test-rpch,python/tests/SMB_RPC/test_rpch.py,.py,299,"RPCHTest,RPCHTransport","ConfigParser,__future__,configparser,impacket.dcerpc.v5,impacket.dcerpc.v5.ndr,struct,sys,unittest","ConfigParser,__future__,configparser,impacket.dcerpc.v5,impacket.dcerpc.v5.ndr,struct,sys,unittest",python,unknown,80,50,catalog-only,False,none,none,none,"Security component for auth-and-keys; review for shared auth, key handling, fingerprinting, or trust signal module.","exports:RPCHTest, RPCHTransport | imports:ConfigParser, __future__, configparser, impacket.dcerpc.v5, impacket.dcerpc.v5.ndr, struct, sys, unittest | security-score:55",e441f289221b98ed
e89f32da8141e7d229e7f47b,mbarbine__Scripts,security,security,security-module,auth-and-keys,test_fasp,test-fasp,python/tests/SMB_RPC/test_fasp.py,.py,105,"FASPTests,TCPTransport,TCPTransport64","impacket.dcerpc.v5,impacket.dcerpc.v5.rpcrt,six.moves,sys,unittest","impacket.dcerpc.v5,impacket.dcerpc.v5.rpcrt,six.moves,sys,unittest",python,unknown,80,55,catalog-only,True,none,none,none,"Security component for auth-and-keys; review for shared auth, key handling, fingerprinting, or trust signal module.","exports:FASPTests, TCPTransport, TCPTransport64 | imports:impacket.dcerpc.v5, impacket.dcerpc.v5.rpcrt, six.moves, sys, unittest | security-score:55",b92d519f44b62b68
d67a6eba80fab4fb6de11c47,mbarbine__Scripts,security,security,security-module,auth-and-keys,test_ntlm,test-ntlm,python/tests/SMB_RPC/test_ntlm.py,.py,342,NTLMTests,"Cryptodome.Cipher,__future__,impacket,impacket.structure,six,struct,sys,unittest","Cryptodome.Cipher,__future__,impacket,impacket.structure,six,struct,sys,unittest",python,unknown,80,50,catalog-only,False,none,none,none,"Security component for auth-and-keys; review for shared auth, key handling, fingerprinting, or trust signal module.","exports:NTLMTests | imports:Cryptodome.Cipher, __future__, impacket, impacket.structure, six, struct, sys, unittest | security-score:55",f2fe5e4b43856e79
306337a14cf1c356ea656834,mbarbine__Scripts,security,"security,automation",security-module,auth-and-keys,test_dcomrt,test-dcomrt,python/tests/SMB_RPC/test_dcomrt.py,.py,341,"DCOMTests,TCPTransport,TCPTransport64","ConfigParser,__future__,configparser,impacket,impacket.dcerpc.v5,impacket.dcerpc.v5.dcom,impacket.uuid,sys,unittest","ConfigParser,__future__,configparser,impacket,impacket.dcerpc.v5,impacket.dcerpc.v5.dcom,impacket.uuid,sys,unittest",python,unknown,90,50,catalog-only,False,none,secondary,none,"Security component for auth-and-keys; review for shared auth, key handling, fingerprinting, or trust signal module.","exports:DCOMTests, TCPTransport, TCPTransport64 | imports:ConfigParser, __future__, configparser, impacket, impacket.dcerpc.v5, impacket.dcerpc.v5.dcom, impacket.uuid, sys | security-score:55 | automation-score:45",eb701df80bea38ea
dc4f44159586b7fec0f2ce0b,mbarbine__Scripts,security,security,security-module,auth-and-keys,test_rprn,test-rprn,python/tests/SMB_RPC/test_rprn.py,.py,239,"RPRNTests,SMBTransport,SMBTransport64","__future__,impacket.dcerpc.v5,impacket.dcerpc.v5.dtypes,impacket.structure,six.moves,sys,unittest","__future__,impacket.dcerpc.v5,impacket.dcerpc.v5.dtypes,impacket.structure,six.moves,sys,unittest",python,unknown,80,50,catalog-only,False,none,none,none,"Security component for auth-and-keys; review for shared auth, key handling, fingerprinting, or trust signal module.","exports:RPRNTests, SMBTransport, SMBTransport64 | imports:__future__, impacket.dcerpc.v5, impacket.dcerpc.v5.dtypes, impacket.structure, six.moves, sys, unittest | security-score:55",70709c996f781ee5
b39b1e6379af689596fd0b7d,mbarbine__Scripts,security,security,security-module,auth-and-keys,test_dhcpm,test-dhcpm,python/tests/SMB_RPC/test_dhcpm.py,.py,211,"DHCPMTests,SMBTransport,SMBTransport64,TCPTransport,TCPTransport64","__future__,impacket.dcerpc.v5,impacket.dcerpc.v5.dtypes,impacket.dcerpc.v5.rpcrt,six.moves,socket,struct,sys,unittest","__future__,impacket.dcerpc.v5,impacket.dcerpc.v5.dtypes,impacket.dcerpc.v5.rpcrt,six.moves,socket,struct,sys,unittest",python,unknown,80,50,catalog-only,True,none,none,none,"Security component for auth-and-keys; review for shared auth, key handling, fingerprinting, or trust signal module.","exports:DHCPMTests, SMBTransport, SMBTransport64, TCPTransport, TCPTransport64 | imports:__future__, impacket.dcerpc.v5, impacket.dcerpc.v5.dtypes, impacket.dcerpc.v5.rpcrt, six.moves, socket, struct, sys | security-score:55",cd795b9883f02a36
11a0262ec089b99b7a360639,mbarbine__Scripts,security,security,security-module,shipping,test_ndr,test-ndr,python/tests/SMB_RPC/test_ndr.py,.py,391,NDRTests,"__future__,impacket.dcerpc.v5,impacket.dcerpc.v5.dcomrt,impacket.dcerpc.v5.drsuapi,impacket.dcerpc.v5.dtypes,impacket.dcerpc.v5.epm,impacket.dcerpc.v5.lsat,impacket.dcerpc.v5.rrp,impacket.dcerpc.v5.samr,impacket.dcerpc.v5.scmr,impacket.uuid,impacket.winregistry,socket,sys,unittest","__future__,impacket.dcerpc.v5,impacket.dcerpc.v5.dcomrt,impacket.dcerpc.v5.drsuapi,impacket.dcerpc.v5.dtypes,impacket.dcerpc.v5.epm,impacket.dcerpc.v5.lsat,impacket.dcerpc.v5.rrp,impacket.dcerpc.v5.samr,impacket.dcerpc.v5.scmr,impacket.uuid,impacket.winregistry,socket,sys,unittest",python,unknown,80,35,site-specific-or-low-confidence,True,none,none,none,"Security component for shipping; review for shared auth, key handling, fingerprinting, or trust signal module.","exports:NDRTests | imports:__future__, impacket.dcerpc.v5, impacket.dcerpc.v5.dcomrt, impacket.dcerpc.v5.drsuapi, impacket.dcerpc.v5.dtypes, impacket.dcerpc.v5.epm, impacket.dcerpc.v5.lsat, impacket.dcerpc.v5.rrp | security-score:55",e7ace1b67af93316
9aeb77e1cd51702367c90227,mbarbine__Scripts,security,security,security-module,testing,test_Dot11Decoder,test-dot11-decoder,python/tests/dot11/test_Dot11Decoder.py,.py,73,TestDot11Decoder,"impacket.ImpactDecoder,six,sys,unittest","impacket.ImpactDecoder,six,sys,unittest",python,unknown,80,40,site-specific-or-low-confidence,False,none,none,none,"Security component for testing; review for shared auth, key handling, fingerprinting, or trust signal module.","exports:TestDot11Decoder | imports:impacket.ImpactDecoder, six, sys, unittest | security-score:55",4de12e7c7fa8f75e
4999dbd8df17027c74f8a140,mbarbine__Scripts,security,security,security-module,testing,test_WEPDecoder,test-wepdecoder,python/tests/dot11/test_WEPDecoder.py,.py,142,TestDot11WEPData,"binascii,impacket.Dot11KeyManager,impacket.ImpactDecoder,impacket.ImpactPacket,impacket.dot11,six,sys,unittest","binascii,impacket.Dot11KeyManager,impacket.ImpactDecoder,impacket.ImpactPacket,impacket.dot11,six,sys,unittest",python,unknown,80,40,site-specific-or-low-confidence,False,none,none,none,"Security component for testing; review for shared auth, key handling, fingerprinting, or trust signal module.","exports:TestDot11WEPData | imports:binascii, impacket.Dot11KeyManager, impacket.ImpactDecoder, impacket.ImpactPacket, impacket.dot11, six, sys, unittest | security-score:55",16c8d880ab089830
661e40b910381046027c1dc1,mbarbine__Scripts,security,security,security-module,commerce,test_WEPEncoder,test-wepencoder,python/tests/dot11/test_WEPEncoder.py,.py,123,TestDot11WEPData,"binascii,impacket.Dot11KeyManager,impacket.ImpactPacket,impacket.dot11,sys,unittest","binascii,impacket.Dot11KeyManager,impacket.ImpactPacket,impacket.dot11,sys,unittest",python,unknown,80,40,site-specific-or-low-confidence,False,none,none,none,"Security component for commerce; review for shared auth, key handling, fingerprinting, or trust signal module.","exports:TestDot11WEPData | imports:binascii, impacket.Dot11KeyManager, impacket.ImpactPacket, impacket.dot11, sys, unittest | security-score:55",e52ec25f1d66bf34
725b23346c9236528ebd6903,mbarbine__Scripts,security,security,security-module,testing,test_WPA2,test-wpa2,python/tests/dot11/test_WPA2.py,.py,98,TestDot11WPA2Data,"impacket.dot11,sys,unittest","impacket.dot11,sys,unittest",python,unknown,80,40,site-specific-or-low-confidence,False,none,none,none,"Security component for testing; review for shared auth, key handling, fingerprinting, or trust signal module.","exports:TestDot11WPA2Data | imports:impacket.dot11, sys, unittest | security-score:55",e454058cf4fa9e00
9496fe503fa7cd9a81ec1884,mbarbine__Scripts,security,security,security-module,testing,test_WPA,test-wpa,python/tests/dot11/test_WPA.py,.py,113,TestDot11WPAData,"impacket.dot11,sys,unittest","impacket.dot11,sys,unittest",python,unknown,80,40,site-specific-or-low-confidence,False,none,none,none,"Security component for testing; review for shared auth, key handling, fingerprinting, or trust signal module.","exports:TestDot11WPAData | imports:impacket.dot11, sys, unittest | security-score:55",21f628912dcd8222
c22f0825ac7326a9a3d4d8c9,mbarbine__Scripts,security,security,auth,auth-and-keys,test_FrameManagementDeauthentication,test-frame-management-deauthentication,python/tests/dot11/test_FrameManagementDeauthentication.py,.py,130,TestDot11ManagementBeaconFrames,"impacket.ImpactDecoder,impacket.dot11,six,sys,unittest","impacket.ImpactDecoder,impacket.dot11,six,sys,unittest",python,unknown,80,55,catalog-only,False,none,none,none,"Security component for auth-and-keys; review for shared auth, key handling, fingerprinting, or trust signal module.","exports:TestDot11ManagementBeaconFrames | imports:impacket.ImpactDecoder, impacket.dot11, six, sys, unittest | security-score:55",c283dae2f67dbe56
7dfe487d155ff985158037fc,mbarbine__Scripts,security,"security,automation",security-module,ai,launch,launch,o365/o365-Scripts/Office 365 for IT Pros/.vscode/launch.json,.json,27,,,,unknown,unknown,75,55,catalog-only,False,none,secondary,none,"Security component for ai; review for shared auth, key handling, fingerprinting, or trust signal module.",security-score:55 | automation-score:50,f4ee89ae29009e95
c48d4d6633e707aaa5745e2b,mbarbine__Scripts,security,"security,automation",security-module,workflow,jmeter_ami,jmeter-ami,svs-automation/Auto-Pipeline/jmeter_ami/packer/jmeter_ami.json,.json,54,,,,unknown,unknown,65,40,site-specific-or-low-confidence,True,none,secondary,none,"Security component for workflow; review for shared auth, key handling, fingerprinting, or trust signal module.",security-score:55 | automation-score:50,dc740500d4f4fbd1
1065cb0c7210b1bb9ea0d478,mbarbine__Scripts,security,"security,automation",security-module,auth-and-keys,cases,cases,svs-automation/svs-rails-app/app/assets/javascripts/cases.js,.js,152,,,,next-react,unknown,75,55,catalog-only,True,none,secondary,none,"Security component for auth-and-keys; review for shared auth, key handling, fingerprinting, or trust signal module.",security-score:55 | automation-score:50,e0b23fc864b59f31
4104b8a9bdbdde248dad6b4b,mbarbine__Scripts,security,"security,automation,ai",security-module,auth-and-keys,case_resolution_tnc_types,case-resolution-tnc-types,svs-automation/svs-rails-app/test/fixtures/reference_data/case_resolution_tnc_types.yml,.yml,71,,,,next-react,unknown,75,55,catalog-only,True,none,secondary,none,"Security component for auth-and-keys; review for shared auth, key handling, fingerprinting, or trust signal module.",security-score:55 | automation-score:50 | ai-score:45,c2d4f077005e3ad6
56142d0ec2db6749534b3c77,mbarbine__Scripts,security,"security,automation",security-module,workflow,search_options,search-options,svs-automation/svs-rails-app/test/fixtures/reference_data/search_options.yml,.yml,27,,,,next-react,unknown,75,40,site-specific-or-low-confidence,True,none,secondary,none,"Security component for workflow; review for shared auth, key handling, fingerprinting, or trust signal module.",security-score:55 | automation-score:50,63298983e6b8a4c7
a8efb5e7ad155fe27c9c4d34,mbarbine__Scripts,security,"security,automation",security-module,auth-and-keys,case_resolutions,case-resolutions,svs-automation/svs-rails-app/test/fixtures/reference_data/case_resolutions.yml,.yml,86,,,,next-react,unknown,75,55,catalog-only,True,none,secondary,none,"Security component for auth-and-keys; review for shared auth, key handling, fingerprinting, or trust signal module.",security-score:55 | automation-score:50,4b8c34b1eacfe003
d825228174ad780bb3e5fab8,mbarbine__Scripts,security,"security,automation",security-module,auth-and-keys,secrets,secrets,svs-automation/svs-rails-app/config/secrets.yml,.yml,29,,,,next-react,unknown,75,55,catalog-only,True,none,secondary,none,"Security component for auth-and-keys; review for shared auth, key handling, fingerprinting, or trust signal module.",security-score:55 | automation-score:50,98af476f9e1d2a48
7fcd9a0cfa19b8cff5c9aec5,mbarbine__Scripts,security,"security,automation",security-module,auth-and-keys,icam,icam,svs-automation/svs-rails-app/config/icam.yml,.yml,131,,,,next-react,unknown,75,55,catalog-only,True,none,secondary,none,"Security component for auth-and-keys; review for shared auth, key handling, fingerprinting, or trust signal module.",security-score:55 | automation-score:50,15464054acbbd9b6
28c13d71cd985851bf5294b2,mbarbine__Scripts,security,"security,automation,ai",security-module,auth-and-keys,list_bc_document_data,list-bc-document-data,svs-automation/svs-vis-mock/test/fixtures/list_bc_document_data.yml,.yml,30,,,,unknown,unknown,65,55,catalog-only,True,none,secondary,none,"Security component for auth-and-keys; review for shared auth, key handling, fingerprinting, or trust signal module.",security-score:55 | automation-score:50 | ai-score:45,08de5033225ee3ab
435905de8e82a3875768f21a,mbarbine__Scripts,security,"security,automation,ai",security-module,auth-and-keys,resolutions,resolutions,svs-automation/svs-vis-mock/test/fixtures/resolutions.yml,.yml,22,,,,unknown,unknown,65,55,catalog-only,True,none,secondary,none,"Security component for auth-and-keys; review for shared auth, key handling, fingerprinting, or trust signal module.",security-score:55 | automation-score:50 | ai-score:45,3cf8ed2a1fe1f989
f299cfea4fabca7e0d6a76e0,mbarbine__Scripts,security,"security,automation,ai",security-module,auth-and-keys,employer_inputs,employer-inputs,svs-automation/svs-vis-mock/test/fixtures/employer_inputs.yml,.yml,56,,,,unknown,unknown,65,55,catalog-only,True,none,secondary,none,"Security component for auth-and-keys; review for shared auth, key handling, fingerprinting, or trust signal module.",security-score:55 | automation-score:50 | ai-score:45,75d2d52976bcdccc
ffd41a299eccd12509aa730f,mbarbine__Scripts,security,"security,automation",security-module,auth-and-keys,secrets,secrets,svs-automation/svs-vis-mock/config/secrets.yml,.yml,22,,,,unknown,unknown,65,55,catalog-only,True,none,secondary,none,"Security component for auth-and-keys; review for shared auth, key handling, fingerprinting, or trust signal module.",security-score:55 | automation-score:50,c7b966219cac5b97
8235787ee5374e1bb63a174b,mbarbine__Scripts,security,"security,automation",security-module,ai,svs_vis_mock_ami,svs-vis-mock-ami,svs-automation/svs-vis-mock/.pipeline/config/packer/svs_vis_mock_ami.json,.json,132,,,,unknown,unknown,65,55,catalog-only,True,none,secondary,none,"Security component for ai; review for shared auth, key handling, fingerprinting, or trust signal module.",security-score:55 | automation-score:50,e1344e287f199e96
f6bd29f8094492b4d6ff8fec,mbarbine__Scripts,security,"security,automation",security-module,workflow,jenkins,jenkins,svs-automation/uscis-jenkins/env/jenkins.yml,.yml,16,,,,unknown,unknown,65,40,site-specific-or-low-confidence,True,none,secondary,none,"Security component for workflow; review for shared auth, key handling, fingerprinting, or trust signal module.",security-score:55 | automation-score:50,f7aedc53b914fccc
ed8577c7a8bdc422a1b117c4,mbarbine__Scripts,security,"security,automation",security-module,workflow,jenkins,jenkins,svs-automation/uscis-jenkins/packer/jenkins.json,.json,174,,,,unknown,unknown,65,40,site-specific-or-low-confidence,True,none,secondary,none,"Security component for workflow; review for shared auth, key handling, fingerprinting, or trust signal module.",security-score:55 | automation-score:50,ed3723ef05494bd0
6d788482993b337a3f82cdf0,mbarbine__Scripts,security,"security,automation",security-module,workflow,jmeter_ami,jmeter-ami,svs-automation/svs-pipeline/jmeter_ami/packer/jmeter_ami.json,.json,54,,,,unknown,unknown,65,40,site-specific-or-low-confidence,True,none,secondary,none,"Security component for workflow; review for shared auth, key handling, fingerprinting, or trust signal module.",security-score:55 | automation-score:50,dc740500d4f4fbd1
67621b84b723b96e58a9e84a,mbarbine__Scripts,security,"security,automation,process",security-module,auth-and-keys,secrets,secrets,svs-automation/style-guide/test/dummy/config/secrets.yml,.yml,22,,,,unknown,unknown,65,55,catalog-only,True,secondary,secondary,none,"Security component for auth-and-keys; review for shared auth, key handling, fingerprinting, or trust signal module.",security-score:55 | automation-score:50 | process-score:45,9281c0421a82bd9f
5c3eb130c15995ed96913c83,mbarbine__Scripts,security,"security,automation",security-module,security,100-get-vpc,100-get-vpc,bash/100-get-vpc.py,.py,147,,"argparse,json,os,subprocess,sys","argparse,json,os,subprocess,sys",python,unknown,75,40,site-specific-or-low-confidence,True,none,secondary,none,"Security component for security; review for shared auth, key handling, fingerprinting, or trust signal module.","imports:argparse, json, os, subprocess, sys | security-score:55 | automation-score:45",491d9930114b414d
a927e1c2cdbabf251df9de18,mbarbine__Scripts,security,security,security-module,logic,rpi-pin56-power,rpi-pin56-power,bash/rpi-pin56-power.py,.py,32,shutdown,"RPi.GPIO,argparse,os","RPi.GPIO,argparse,os",python,unknown,80,55,catalog-only,True,none,none,none,"Security component for logic; review for shared auth, key handling, fingerprinting, or trust signal module.","exports:shutdown | imports:RPi.GPIO, argparse, os | security-score:55",bafa90a30a17386d
67d3bdeeae9dd5b0de63e63b,mbarbine__Scripts,security,security,security-module,auth-and-keys,send_xmpp_message,send-xmpp-message,bash/send_xmpp_message.py,.py,21,,xmpp,xmpp,python,unknown,65,55,catalog-only,False,none,none,none,"Security component for auth-and-keys; review for shared auth, key handling, fingerprinting, or trust signal module.",imports:xmpp | security-score:55,f3577f6e496f5601
05ec6354422fdb88819c7295,mbarbine__Scripts,security,"security,automation",security-module,ai,select-version,select-version,ansible/magento/magento2/repos/magento2/setup/pub/magento/setup/select-version.js,.js,187,,,,unknown,unknown,65,55,catalog-only,True,none,secondary,none,"Security component for ai; review for shared auth, key handling, fingerprinting, or trust signal module.",security-score:55 | automation-score:50,535e5ce9f3f231a0
671613c513cedcf8794b4441,mbarbine__Scripts,security,"security,automation",security-module,ai,component-grid,component-grid,ansible/magento/magento2/repos/magento2/setup/pub/magento/setup/component-grid.js,.js,183,,,,unknown,unknown,65,55,catalog-only,True,none,secondary,none,"Security component for ai; review for shared auth, key handling, fingerprinting, or trust signal module.",security-score:55 | automation-score:50,4b42401200c350b0
a2925d27b8aaacaad8f52e3f,mbarbine__Scripts,security,"security,automation",security-module,ai,web-configuration,web-configuration,ansible/magento/magento2/repos/magento2/setup/pub/magento/setup/web-configuration.js,.js,122,,,,unknown,unknown,65,55,catalog-only,False,none,secondary,none,"Security component for ai; review for shared auth, key handling, fingerprinting, or trust signal module.",security-score:55 | automation-score:50,11168a49c82e8dce
d7f2f1ce4f9f98d675b22fc4,mbarbine__Scripts,security,"security,automation",security-module,ai,angular-ui-router.min,angular-ui-router-min,ansible/magento/magento2/repos/magento2/setup/pub/angular-ui-router/angular-ui-router.min.js,.js,7,"A,B",,,unknown,unknown,75,50,catalog-only,True,none,secondary,none,"Security component for ai; review for shared auth, key handling, fingerprinting, or trust signal module.","exports:A, B | security-score:55 | automation-score:50",c1e9510079704b81
66d38cd6db4ae102b6862d12,mbarbine__Scripts,security,"security,automation",security-module,ai,angular-ng-storage.min,angular-ng-storage-min,ansible/magento/magento2/repos/magento2/setup/pub/angular-ng-storage/angular-ng-storage.min.js,.js,1,,,,unknown,unknown,60,50,catalog-only,False,none,secondary,none,"Security component for ai; review for shared auth, key handling, fingerprinting, or trust signal module.",security-score:55 | automation-score:50,b680e461353bdee1
1f02ee9fda1f70b3517a4b50,mbarbine__Scripts,security,"security,automation,logic",security-module,ai,VK,vk,ansible/magento/magento2/repos/magento2/lib/web/tiny_mce/classes/util/VK.js,.js,15,,,,unknown,unknown,75,55,catalog-only,False,none,secondary,secondary,"Security component for ai; review for shared auth, key handling, fingerprinting, or trust signal module.",security-score:55 | automation-score:50 | logic-score:45,d65181d70e5f1aac
4dd3cba12d3da94d600c9fcc,mbarbine__Scripts,security,"security,automation,logic",security-module,ai,editor_plugin,editor-plugin,ansible/magento/magento2/repos/magento2/lib/web/tiny_mce/plugins/directionality/editor_plugin.js,.js,1,,,,unknown,unknown,70,50,catalog-only,True,none,secondary,secondary,"Security component for ai; review for shared auth, key handling, fingerprinting, or trust signal module.",security-score:55 | automation-score:50 | logic-score:45,5769cb7a9d38163e
3b86bab6a0007c4c62f2dfb0,mbarbine__Scripts,security,"security,automation,logic",security-module,ai,editor_plugin,editor-plugin,ansible/magento/magento2/repos/magento2/lib/web/tiny_mce/plugins/iespell/editor_plugin.js,.js,1,,,,unknown,unknown,70,50,catalog-only,True,none,secondary,secondary,"Security component for ai; review for shared auth, key handling, fingerprinting, or trust signal module.",security-score:55 | automation-score:50 | logic-score:45,9f82bde8cbf2ac77
f6bf9afcb19b64fb75fc9e4a,mbarbine__Scripts,security,"security,automation,logic",security-module,ai,attributes,attributes,ansible/magento/magento2/repos/magento2/lib/web/tiny_mce/plugins/xhtmlxtras/js/attributes.js,.js,111,,,,unknown,unknown,75,55,catalog-only,True,none,secondary,secondary,"Security component for ai; review for shared auth, key handling, fingerprinting, or trust signal module.",security-score:55 | automation-score:50 | logic-score:45,15e177d213dd728b
780afa1d99cca2517b456a27,mbarbine__Scripts,security,"security,automation,logic",security-module,ai,editor_plugin,editor-plugin,ansible/magento/magento2/repos/magento2/lib/web/tiny_mce/plugins/print/editor_plugin.js,.js,1,,,,unknown,unknown,70,50,catalog-only,True,none,secondary,secondary,"Security component for ai; review for shared auth, key handling, fingerprinting, or trust signal module.",security-score:55 | automation-score:50 | logic-score:45,5a76c9d6c65468a7
9c28bead5b16e286a26f8037,mbarbine__Scripts,security,"security,automation,logic",security-module,ai,editor_plugin,editor-plugin,ansible/magento/magento2/repos/magento2/lib/web/tiny_mce/plugins/example_dependency/editor_plugin.js,.js,1,,,,unknown,unknown,70,50,catalog-only,True,none,secondary,secondary,"Security component for ai; review for shared auth, key handling, fingerprinting, or trust signal module.",security-score:55 | automation-score:50 | logic-score:45,190a41d49f0d99f1
14880b9b557626cea933a1d1,mbarbine__Scripts,security,"security,automation,logic",security-module,ai,en_dlg,en-dlg,ansible/magento/magento2/repos/magento2/lib/web/tiny_mce/plugins/fullpage/langs/en_dlg.js,.js,1,,,,unknown,unknown,70,50,catalog-only,True,none,secondary,secondary,"Security component for ai; review for shared auth, key handling, fingerprinting, or trust signal module.",security-score:55 | automation-score:50 | logic-score:45,759144ef7f8d035a
8e6788f499d1f8cabd7ad876,mbarbine__Scripts,security,"security,automation,logic",security-module,ai,editor_plugin,editor-plugin,ansible/magento/magento2/repos/magento2/lib/web/tiny_mce/plugins/fullscreen/editor_plugin.js,.js,1,,,,unknown,unknown,70,50,catalog-only,True,none,secondary,secondary,"Security component for ai; review for shared auth, key handling, fingerprinting, or trust signal module.",security-score:55 | automation-score:50 | logic-score:45,c6b5ff4a6a138b24
2bc9dc7faeffccc905513072,mbarbine__Scripts,security,"security,automation,logic",security-module,ai,editor_plugin,editor-plugin,ansible/magento/magento2/repos/magento2/lib/web/tiny_mce/plugins/save/editor_plugin.js,.js,1,,,,unknown,unknown,70,50,catalog-only,True,none,secondary,secondary,"Security component for ai; review for shared auth, key handling, fingerprinting, or trust signal module.",security-score:55 | automation-score:50 | logic-score:45,652a1d3ad24f49b1
335b441b3e3de11e36c24305,mbarbine__Scripts,security,"security,automation,logic",security-module,ai,en_dlg,en-dlg,ansible/magento/magento2/repos/magento2/lib/web/tiny_mce/plugins/paste/langs/en_dlg.js,.js,1,,,,unknown,unknown,70,50,catalog-only,False,none,secondary,secondary,"Security component for ai; review for shared auth, key handling, fingerprinting, or trust signal module.",security-score:55 | automation-score:50 | logic-score:45,ea272f751b07fc95
df71512fdaa1f341439be1a8,mbarbine__Scripts,security,"security,automation,logic",security-module,ai,about,about,ansible/magento/magento2/repos/magento2/lib/web/tiny_mce/themes/advanced/js/about.js,.js,73,,,,unknown,unknown,75,55,catalog-only,True,none,secondary,secondary,"Security component for ai; review for shared auth, key handling, fingerprinting, or trust signal module.",security-score:55 | automation-score:50 | logic-score:45,2faf296879ac0ed1
9ec74c958740a8fdda06c3e2,mbarbine__Scripts,security,"security,automation",security-module,ai,suggest-test,suggest-test,ansible/magento/magento2/repos/magento2/dev/tests/js/JsTestDriver/testsuite/mage/suggest/suggest-test.js,.js,952,,,,unknown,unknown,65,35,site-specific-or-low-confidence,True,none,secondary,none,"Security component for ai; review for shared auth, key handling, fingerprinting, or trust signal module.",security-score:55 | automation-score:50,f2eae2bf9563b85c
08d3acf5b8c69070b40aff58,mbarbine__Scripts,security,"security,automation",security-module,ai,form-test,form-test,ansible/magento/magento2/repos/magento2/dev/tests/js/JsTestDriver/testsuite/mage/form/form-test.js,.js,241,,,,unknown,unknown,65,50,catalog-only,True,none,secondary,none,"Security component for ai; review for shared auth, key handling, fingerprinting, or trust signal module.",security-score:55 | automation-score:50,629a8dda5f30ef70
22a5aad7cc740fa363d50bc2,mbarbine__Scripts,security,"security,automation",security-module,ai,translate-test,translate-test,ansible/magento/magento2/repos/magento2/dev/tests/js/JsTestDriver/testsuite/mage/translate/translate-test.js,.js,47,,,,unknown,unknown,65,55,catalog-only,False,none,secondary,none,"Security component for ai; review for shared auth, key handling, fingerprinting, or trust signal module.",security-score:55 | automation-score:50,feeed56dbc9e0781
72662b97f80f988a5935aa1c,mbarbine__Scripts,security,"security,automation",security-module,ai,test-collapsible,test-collapsible,ansible/magento/magento2/repos/magento2/dev/tests/js/JsTestDriver/testsuite/mage/collapsible/test-collapsible.js,.js,180,,,,unknown,unknown,65,55,catalog-only,True,none,secondary,none,"Security component for ai; review for shared auth, key handling, fingerprinting, or trust signal module.",security-score:55 | automation-score:50,c683a5ec2466a5a6
a209877d3e66cd6ecb4b3a20,mbarbine__Scripts,security,"security,automation,logic",security-module,ai,test-storage,test-storage,ansible/magento/magento2/repos/magento2/dev/tests/js/JsTestDriver/testsuite/lib/storage/test-storage.js,.js,23,,,,unknown,unknown,75,55,catalog-only,False,none,secondary,secondary,"Security component for ai; review for shared auth, key handling, fingerprinting, or trust signal module.",security-score:55 | automation-score:50 | logic-score:45,0b373184310b6c08
ae083207992a73292efe3601,mbarbine__Scripts,security,"security,automation",security-module,ai,dev,dev,ansible/magento/magento2/ansible/dev.yml,.yml,15,,,,unknown,unknown,65,55,catalog-only,False,none,secondary,none,"Security component for ai; review for shared auth, key handling, fingerprinting, or trust signal module.",security-score:55 | automation-score:50,f24c6de25ee97a3a
aa0f01a66e9913749f41df77,mbarbine__Scripts,security,"security,automation",security-module,ai,dev_sample,dev-sample,ansible/magento/magento2/ansible/group_vars/dev_sample.yml,.yml,15,,,,unknown,unknown,65,55,catalog-only,False,none,secondary,none,"Security component for ai; review for shared auth, key handling, fingerprinting, or trust signal module.",security-score:55 | automation-score:50,8400e70aa91dac19
5d6cf0a451d6ff1d6daae42b,mbarbine__Scripts,security,"security,automation",security-module,ai,install,install,ansible/magento/magento2/ansible/roles/magento2/tasks/install.yml,.yml,22,,,,unknown,unknown,65,55,catalog-only,False,none,secondary,none,"Security component for ai; review for shared auth, key handling, fingerprinting, or trust signal module.",security-score:55 | automation-score:50,945d165f887bb71b
9279f4e656b44c9af4af09fb,mbarbine__Scripts,security,"security,automation",security-module,ai,main,main,ansible/magento/magento2/ansible/roles/magento2/tasks/main.yml,.yml,32,,,,unknown,unknown,65,55,catalog-only,False,none,secondary,none,"Security component for ai; review for shared auth, key handling, fingerprinting, or trust signal module.",security-score:55 | automation-score:50,9f8fd21859684a76
360654bea0db86dcc5457453,mbarbine__Scripts,security,"security,automation",security-module,ai,main,main,ansible/magento/magento2/ansible/roles/magento2/defaults/main.yml,.yml,11,,,,unknown,unknown,65,55,catalog-only,False,none,secondary,none,"Security component for ai; review for shared auth, key handling, fingerprinting, or trust signal module.",security-score:55 | automation-score:50,a2619a239af2adac
a3484d53caa7fa5416b33693,mbarbine__Scripts,security,"security,automation",security-module,ai,dev,dev,ansible/magento/magento2-2.0.15/dev.yml,.yml,15,,,,unknown,unknown,65,55,catalog-only,False,none,secondary,none,"Security component for ai; review for shared auth, key handling, fingerprinting, or trust signal module.",security-score:55 | automation-score:50,0aadaffe98728da6
6539422056f4ee6fb8523dec,mbarbine__Scripts,security,"security,automation",security-module,ai,install,install,ansible/magento/magento2-2.0.15/roles/magento2/tasks/install.yml,.yml,22,,,,unknown,unknown,65,55,catalog-only,False,none,secondary,none,"Security component for ai; review for shared auth, key handling, fingerprinting, or trust signal module.",security-score:55 | automation-score:50,945d165f887bb71b
d4d5c36f09df6af58c7a8c9e,mbarbine__Scripts,security,"security,automation",security-module,ai,main,main,ansible/magento/magento2-2.0.15/roles/magento2/tasks/main.yml,.yml,32,,,,unknown,unknown,65,55,catalog-only,False,none,secondary,none,"Security component for ai; review for shared auth, key handling, fingerprinting, or trust signal module.",security-score:55 | automation-score:50,9f8fd21859684a76
9f9b3daf99d99d59be4ff552,mbarbine__Scripts,security,"security,automation",security-module,ai,main,main,ansible/magento/magento2-2.0.15/roles/magento2/defaults/main.yml,.yml,11,,,,unknown,unknown,65,55,catalog-only,False,none,secondary,none,"Security component for ai; review for shared auth, key handling, fingerprinting, or trust signal module.",security-score:55 | automation-score:50,651b5238dbcc1752
43b510be0708f1240f163abf,mbarbine__Scripts,security,"security,automation",security-module,ai,install,install,ansible/magento/magento2-2.0.15/roles/magento2-2.0.15/tasks/install.yml,.yml,47,,,,unknown,unknown,65,55,catalog-only,False,none,secondary,none,"Security component for ai; review for shared auth, key handling, fingerprinting, or trust signal module.",security-score:55 | automation-score:50,673e05dcaad6fa29
c8c0c4fb4c207d60ee02be90,mbarbine__Scripts,security,"security,automation",security-module,ai,main,main,ansible/magento/magento2-2.0.15/roles/magento2-2.0.15/tasks/main.yml,.yml,32,,,,unknown,unknown,65,55,catalog-only,False,none,secondary,none,"Security component for ai; review for shared auth, key handling, fingerprinting, or trust signal module.",security-score:55 | automation-score:50,9bdf87d551f683f9
74b463ca17589a3b69f64e95,mbarbine__Scripts,security,"security,automation",security-module,ai,main,main,ansible/magento/magento2-2.0.15/roles/magento2-2.0.15/defaults/main.yml,.yml,10,,,,unknown,unknown,60,55,catalog-only,False,none,secondary,none,"Security component for ai; review for shared auth, key handling, fingerprinting, or trust signal module.",security-score:55 | automation-score:50,9eff506e2cd82a88
849b6e56963900d175852335,mbarbine__Scripts,security,"security,automation",security-module,discovery,packer_clone_provision_ami,packer-clone-provision-ami,aws_automation/packer_clone_provision_ami.json,.json,56,,,,unknown,unknown,65,55,catalog-only,True,none,secondary,none,"Security component for discovery; review for shared auth, key handling, fingerprinting, or trust signal module.",security-score:55 | automation-score:50,a9cd0d3913ed8650
b29e5c4417638ed701bbdd53,mbarbine__Scripts,security,"security,automation",security-module,shipping,infrastructure,infrastructure,aws/multi/devel/infrastructure.yml,.yml,17,,,,unknown,unknown,65,40,site-specific-or-low-confidence,True,none,secondary,none,"Security component for shipping; review for shared auth, key handling, fingerprinting, or trust signal module.",security-score:55 | automation-score:50,cafcec3e12a2607b
c7d9d8ffcc132d139398303f,mbarbine__Scripts,security,security,security-module,shipping,instances,instances,aws/multi/devel/instances.yml,.yml,43,,,,unknown,unknown,55,40,site-specific-or-low-confidence,True,none,none,none,"Security component for shipping; review for shared auth, key handling, fingerprinting, or trust signal module.",security-score:55,7da06cea453c027c
f25598c2fb1b826305d39a28,mbarbine__Scripts,security,"security,automation",security-module,shipping,infrastructure,infrastructure,aws/multi/prod/infrastructure.yml,.yml,17,,,,unknown,unknown,65,40,site-specific-or-low-confidence,True,none,secondary,none,"Security component for shipping; review for shared auth, key handling, fingerprinting, or trust signal module.",security-score:55 | automation-score:50,cafcec3e12a2607b
e70dbbd664c39066c672d15f,mbarbine__Scripts,security,security,security-module,shipping,instances,instances,aws/multi/prod/instances.yml,.yml,59,,,,unknown,unknown,55,40,site-specific-or-low-confidence,True,none,none,none,"Security component for shipping; review for shared auth, key handling, fingerprinting, or trust signal module.",security-score:55,fe1b9d5d1e79f72f
f3541d5ba23d69eeb2cf9452,mbarbine__Scripts,security,"security,automation",security-module,shipping,infrastructure,infrastructure,aws/multi/stage/infrastructure.yml,.yml,17,,,,unknown,unknown,65,40,site-specific-or-low-confidence,True,none,secondary,none,"Security component for shipping; review for shared auth, key handling, fingerprinting, or trust signal module.",security-score:55 | automation-score:50,cafcec3e12a2607b
7f486ac21107eb81722e5bf9,mbarbine__Scripts,security,security,security-module,shipping,instances,instances,aws/multi/stage/instances.yml,.yml,57,,,,unknown,unknown,55,40,site-specific-or-low-confidence,True,none,none,none,"Security component for shipping; review for shared auth, key handling, fingerprinting, or trust signal module.",security-score:55,d818862ed1c83053
8f985a8bb7e9f561b985d091,mbarbine__Scripts,security,"security,automation",security-module,shipping,infrastructure,infrastructure,jenkins/deployScripts/slave/infrastructure.yml,.yml,17,,,,unknown,unknown,75,40,site-specific-or-low-confidence,True,none,secondary,none,"Security component for shipping; review for shared auth, key handling, fingerprinting, or trust signal module.",security-score:55 | automation-score:50,859a517ab388255d
e2e09a34c56114eb78d44968,mbarbine__Scripts,security,security,security-module,shipping,instances,instances,jenkins/deployScripts/slave/instances.yml,.yml,17,,,,unknown,unknown,65,40,site-specific-or-low-confidence,True,none,none,none,"Security component for shipping; review for shared auth, key handling, fingerprinting, or trust signal module.",security-score:55,859a517ab388255d
c2d4a0ea7981874258a9581f,mbarbine__Scripts,security,"security,automation",security-module,shipping,instances,instances,jenkins/ansible/jenkins-auto/jenkins/instances.yml,.yml,15,,,,unknown,unknown,65,40,site-specific-or-low-confidence,True,none,secondary,none,"Security component for shipping; review for shared auth, key handling, fingerprinting, or trust signal module.",security-score:55 | automation-score:50,53285b17c105dccb
01cdb4362f46fead9ea7c36a,mbarbine__Scripts,security,"security,automation",security-module,workflow,main,main,jenkins/ansible/jenkins-auto/jenkins/provisioning/roles/jenkins/tasks/main.yml,.yml,16,,,,unknown,unknown,65,40,site-specific-or-low-confidence,True,none,secondary,none,"Security component for workflow; review for shared auth, key handling, fingerprinting, or trust signal module.",security-score:55 | automation-score:50,473eb97ab9633a59
ee74343788bd6ecfb1ad7c4e,mbarbine__Scripts,security,"security,ai",security-module,auth-and-keys,patents,patents,helm/HHLP-DEV/HelmCharts/devOps/patents.json,.json,120,,,,unknown,unknown,65,55,catalog-only,True,none,none,none,"Security component for auth-and-keys; review for shared auth, key handling, fingerprinting, or trust signal module.",security-score:55 | ai-score:45,ac38def643197a85
9352d02cfa59ef2c341da5f4,mbarbine__Scripts,security,security,security-module,auth-and-keys,values,values,helm/HHLP-DEV/HelmCharts/helm/document-uploader/values.yaml,.yaml,62,,,,unknown,unknown,55,55,catalog-only,True,none,none,none,"Security component for auth-and-keys; review for shared auth, key handling, fingerprinting, or trust signal module.",security-score:55,107db539cbc0614f
0561490fbe27df84ed8d52c5,mbarbine__Scripts,security,security,security-module,auth-and-keys,ingress,ingress,helm/HHLP-DEV/HelmCharts/helm/document-uploader/templates/ingress.yaml,.yaml,39,,,,unknown,unknown,55,55,catalog-only,False,none,none,none,"Security component for auth-and-keys; review for shared auth, key handling, fingerprinting, or trust signal module.",security-score:55,d709907de8dea8ed
4f781e52c6815b71856e7e02,mbarbine__Scripts,security,security,security-module,auth-and-keys,ingress,ingress,helm/HHLP-DEV/HelmCharts/helm/forms/templates/ingress.yaml,.yaml,39,,,,unknown,unknown,55,55,catalog-only,False,none,none,none,"Security component for auth-and-keys; review for shared auth, key handling, fingerprinting, or trust signal module.",security-score:55,d62d1947b0740bf6
f5cb6f95c50b001808b860ad,mbarbine__Scripts,security,security,security-module,auth-and-keys,ingress,ingress,helm/HHLP-DEV/HelmCharts/helm/template-storage/templates/ingress.yaml,.yaml,39,,,,unknown,unknown,55,55,catalog-only,False,none,none,none,"Security component for auth-and-keys; review for shared auth, key handling, fingerprinting, or trust signal module.",security-score:55,098eebb88a63be6e
57a29495b721d01096ae0336,mbarbine__Scripts,security,security,security-module,auth-and-keys,ingress,ingress,helm/HHLP-DEV/HelmCharts/helm/config/templates/ingress.yaml,.yaml,39,,,,unknown,unknown,55,55,catalog-only,False,none,none,none,"Security component for auth-and-keys; review for shared auth, key handling, fingerprinting, or trust signal module.",security-score:55,125ef28c89e41a9e
40e20b4eae14a52575488ce3,mbarbine__Scripts,security,"security,automation,process",auth,auth-and-keys,deployment,deployment,helm/HHLP-DEV/HelmCharts/helm/auth/templates/deployment.yaml,.yaml,48,,,,unknown,unknown,65,55,catalog-only,False,secondary,secondary,none,"Security component for auth-and-keys; review for shared auth, key handling, fingerprinting, or trust signal module.",security-score:55 | automation-score:50 | process-score:45,bcaaa88c6680af59
a80b78f02d2c7389b31a6df2,mbarbine__Scripts,security,security,auth,auth-and-keys,ingress,ingress,helm/HHLP-DEV/HelmCharts/helm/auth/templates/ingress.yaml,.yaml,39,,,,unknown,unknown,55,55,catalog-only,False,none,none,none,"Security component for auth-and-keys; review for shared auth, key handling, fingerprinting, or trust signal module.",security-score:55,5efe71a332538509
ebfe3ed3b67cc0a848e7f6a1,mbarbine__Scripts,security,security,auth,auth-and-keys,post-install,post-install,helm/HHLP-DEV/HelmCharts/helm/auth/templates/post-install.yaml,.yaml,21,,,,unknown,unknown,55,55,catalog-only,True,none,none,none,"Security component for auth-and-keys; review for shared auth, key handling, fingerprinting, or trust signal module.",security-score:55,ca7f7a7dcdc66e08
6c10a3b485925fe50b3ae2f8,mbarbine__Scripts,security,security,auth,auth-and-keys,test-connection,test-connection,helm/HHLP-DEV/HelmCharts/helm/auth/templates/tests/test-connection.yaml,.yaml,18,,,,unknown,unknown,55,55,catalog-only,False,none,none,none,"Security component for auth-and-keys; review for shared auth, key handling, fingerprinting, or trust signal module.",security-score:55,a00fb5d3f30d68cc
598e3cbd1c59d776fdf307d0,mbarbine__Scripts,security,security,security-module,auth-and-keys,ingress,ingress,helm/HHLP-DEV/HelmCharts/helm/processing/templates/ingress.yaml,.yaml,39,,,,unknown,unknown,55,55,catalog-only,True,none,none,none,"Security component for auth-and-keys; review for shared auth, key handling, fingerprinting, or trust signal module.",security-score:55,404e4e326e63065c
dedea5ed95d0e052e0ad9dac,mbarbine__Scripts,security,security,security-module,auth-and-keys,ingress,ingress,helm/HHLP-DEV/HelmCharts/helm/dispatcher/templates/ingress.yaml,.yaml,39,,,,unknown,unknown,55,55,catalog-only,False,none,none,none,"Security component for auth-and-keys; review for shared auth, key handling, fingerprinting, or trust signal module.",security-score:55,bf6ce0f50a17a616
bf9924734d9994333335fab9,mbarbine__Scripts,security,security,security-module,auth-and-keys,values,values,helm/HHLP-DEV/HelmCharts/helm/pdf-image-generation/values.yaml,.yaml,55,,,,unknown,unknown,55,55,catalog-only,False,none,none,none,"Security component for auth-and-keys; review for shared auth, key handling, fingerprinting, or trust signal module.",security-score:55,6b3ae288d4996cad
27fae2a4da0642fa790347c6,mbarbine__Scripts,security,security,security-module,auth-and-keys,ingress,ingress,helm/HHLP-DEV/HelmCharts/helm/pdf-image-generation/templates/ingress.yaml,.yaml,39,,,,unknown,unknown,55,55,catalog-only,False,none,none,none,"Security component for auth-and-keys; review for shared auth, key handling, fingerprinting, or trust signal module.",security-score:55,31a775f71d4a5888
4434ba82565b0eeadc4b8fd7,mbarbine__Scripts,security,security,security-module,auth-and-keys,ingress,ingress,helm/HHLP-DEV/HelmCharts/helm/backoffice/templates/ingress.yaml,.yaml,39,,,,unknown,unknown,55,55,catalog-only,False,none,none,none,"Security component for auth-and-keys; review for shared auth, key handling, fingerprinting, or trust signal module.",security-score:55,1044cd76a3008d35
504996b06b8bcb28594e6dbd,mbarbine__Scripts,security,security,security-module,seo-and-metadata,nginx-configmap,nginx-configmap,helm/HHLP-DEV/HelmCharts/helm/backoffice/templates/nginx-configmap.yaml,.yaml,16,,,,unknown,unknown,55,55,catalog-only,False,none,none,none,"Security component for seo-and-metadata; review for shared auth, key handling, fingerprinting, or trust signal module.",security-score:55,c316cdee5c6fe649
8936ffd6e981d683dbc7ef99,mbarbine__Scripts,security,security,security-module,auth-and-keys,values,values,helm/HHLP-DEV/HelmCharts/helm/application-storage/values.yaml,.yaml,76,,,,unknown,unknown,55,55,catalog-only,False,none,none,none,"Security component for auth-and-keys; review for shared auth, key handling, fingerprinting, or trust signal module.",security-score:55,e732a2a329bffc74
7e559c3628135def66b2816e,mbarbine__Scripts,security,security,security-module,auth-and-keys,ingress,ingress,helm/HHLP-DEV/HelmCharts/helm/application-storage/templates/ingress.yaml,.yaml,39,,,,unknown,unknown,55,55,catalog-only,False,none,none,none,"Security component for auth-and-keys; review for shared auth, key handling, fingerprinting, or trust signal module.",security-score:55,29333cb102e388b7
1daa23ba505a1a53e6872573,mbarbine__Scripts,security,security,security-module,auth-and-keys,post-install,post-install,helm/HHLP-DEV/HelmCharts/helm/application-storage/templates/post-install.yaml,.yaml,37,,,,unknown,unknown,55,55,catalog-only,True,none,none,none,"Security component for auth-and-keys; review for shared auth, key handling, fingerprinting, or trust signal module.",security-score:55,b84ff4e7f007f377
267bc6a0f4e02c60463487d3,mbarbine__Scripts,security,"security,discovery",security-module,discovery,ingress,ingress,helm/HHLP-DEV/HelmCharts/helm/feedback/templates/ingress.yaml,.yaml,39,,,,unknown,unknown,65,55,catalog-only,True,none,none,none,"Security component for discovery; review for shared auth, key handling, fingerprinting, or trust signal module.",security-score:55 | discovery-score:55,6997382a561c31ac
7527d5e620b1c56f22c38969,mbarbine__Scripts,security,security,security-module,auth-and-keys,values,values,helm/HHLP-DEV/HelmCharts/helm/forms-generation/values.yaml,.yaml,55,,,,unknown,unknown,55,55,catalog-only,False,none,none,none,"Security component for auth-and-keys; review for shared auth, key handling, fingerprinting, or trust signal module.",security-score:55,2eda01d35de11ffa
1948fd01ddcc787cae9e32a4,mbarbine__Scripts,security,security,security-module,auth-and-keys,ingress,ingress,helm/HHLP-DEV/HelmCharts/helm/forms-generation/templates/ingress.yaml,.yaml,39,,,,unknown,unknown,55,55,catalog-only,False,none,none,none,"Security component for auth-and-keys; review for shared auth, key handling, fingerprinting, or trust signal module.",security-score:55,3a8da41e3b559285
f1ed79d06f4a1e77f217c93a,mbarbine__Scripts,security,security,security-module,auth-and-keys,values,values,helm/HHLP-DEV/HelmCharts/helm/tiller/values.yaml,.yaml,68,,,,unknown,unknown,55,55,catalog-only,True,none,none,none,"Security component for auth-and-keys; review for shared auth, key handling, fingerprinting, or trust signal module.",security-score:55,273777523348d1cd
ca5d7aeb8413e5126191fafc,mbarbine__Scripts,security,"security,automation,process",security-module,auth-and-keys,deployment,deployment,helm/HHLP-DEV/HelmCharts/helm/tiller/templates/deployment.yaml,.yaml,57,,,,unknown,unknown,65,55,catalog-only,True,secondary,secondary,none,"Security component for auth-and-keys; review for shared auth, key handling, fingerprinting, or trust signal module.",security-score:55 | automation-score:50 | process-score:45,20b0b1310fb26df0
f1c1bd2399095d4ad918f1a0,mbarbine__Scripts,security,security,security-module,auth-and-keys,ingress,ingress,helm/HHLP-DEV/HelmCharts/helm/tiller/templates/ingress.yaml,.yaml,41,,,,unknown,unknown,55,55,catalog-only,False,none,none,none,"Security component for auth-and-keys; review for shared auth, key handling, fingerprinting, or trust signal module.",security-score:55,b4695b6e5794b4f8
537ba1dca5b8f8483d598487,mbarbine__Scripts,security,security,security-module,auth-and-keys,values,values,helm/HHLP-DEV/HelmCharts/helm/nlp/values.yaml,.yaml,56,,,,unknown,unknown,55,55,catalog-only,False,none,none,none,"Security component for auth-and-keys; review for shared auth, key handling, fingerprinting, or trust signal module.",security-score:55,8e2858b930e1b7c3
974d64521c9ef9c33575732e,mbarbine__Scripts,security,security,security-module,auth-and-keys,ingress,ingress,helm/HHLP-DEV/HelmCharts/helm/nlp/templates/ingress.yaml,.yaml,39,,,,unknown,unknown,55,55,catalog-only,False,none,none,none,"Security component for auth-and-keys; review for shared auth, key handling, fingerprinting, or trust signal module.",security-score:55,60a3827885c375dd
a7360441661a3073d71a892c,mbarbine__Scripts,security,security,security-module,discovery,values,values,helm/HHLP-DEV/HelmCharts/helm/patent-search-web/values.yaml,.yaml,60,,,,unknown,unknown,55,55,catalog-only,True,none,none,none,"Security component for discovery; review for shared auth, key handling, fingerprinting, or trust signal module.",security-score:55,383fc68efad1c4e1
00f3007bef14f1e78657ba49,mbarbine__Scripts,security,security,security-module,auth-and-keys,ingress,ingress,helm/HHLP-DEV/HelmCharts/helm/patent-search-web/templates/ingress.yaml,.yaml,39,,,,unknown,unknown,55,55,catalog-only,True,none,none,none,"Security component for auth-and-keys; review for shared auth, key handling, fingerprinting, or trust signal module.",security-score:55,dff026cc19a89f23
83816b1bab0178119a00fdaa,mbarbine__Scripts,security,security,security-module,auth-and-keys,ingress,ingress,helm/HHLP-DEV/HelmCharts/helm/portfolio/templates/ingress.yaml,.yaml,39,,,,unknown,unknown,55,55,catalog-only,False,none,none,none,"Security component for auth-and-keys; review for shared auth, key handling, fingerprinting, or trust signal module.",security-score:55,e558c36b7a153f34
28e60e9baffdc4cb6dd212c1,mbarbine__Scripts,security,security,security-module,auth-and-keys,values,values,helm/HHLP-DEV/HelmCharts/helm/redis-ui/values.yaml,.yaml,59,,,,unknown,unknown,55,55,catalog-only,False,none,none,none,"Security component for auth-and-keys; review for shared auth, key handling, fingerprinting, or trust signal module.",security-score:55,d96c6e0f77313006
1fc8b9e04d8b9975ded86d97,mbarbine__Scripts,security,security,security-module,auth-and-keys,ingress,ingress,helm/HHLP-DEV/HelmCharts/helm/redis-ui/templates/ingress.yaml,.yaml,39,,,,unknown,unknown,55,55,catalog-only,False,none,none,none,"Security component for auth-and-keys; review for shared auth, key handling, fingerprinting, or trust signal module.",security-score:55,ceab7780d02bf6ae
be34d2c5304abb6071eccbc1,mbarbine__Scripts,security,"security,ai",security-module,auth-and-keys,patents,patents,helm/HHLP-DEV/HelmCharts/helm/devops-supplement/files/patents.json,.json,156,,,,unknown,unknown,65,55,catalog-only,True,none,none,none,"Security component for auth-and-keys; review for shared auth, key handling, fingerprinting, or trust signal module.",security-score:55 | ai-score:45,dd4e55449aebefe3
305ccd8278be243218e78a0a,mbarbine__Scripts,security,security,security-module,auth-and-keys,ingress,ingress,helm/HHLP-DEV/HelmCharts/helm/devops-supplement/templates/ingress.yaml,.yaml,39,,,,unknown,unknown,55,55,catalog-only,False,none,none,none,"Security component for auth-and-keys; review for shared auth, key handling, fingerprinting, or trust signal module.",security-score:55,e04963d09cf97d1e
68f699126105171a423d4532,mbarbine__Scripts,security,security,security-module,auth-and-keys,ingress,ingress,helm/HHLP-DEV/HelmCharts/helm/fs/templates/ingress.yaml,.yaml,39,,,,unknown,unknown,55,55,catalog-only,False,none,none,none,"Security component for auth-and-keys; review for shared auth, key handling, fingerprinting, or trust signal module.",security-score:55,efb555f676e91d26
5725e1ccd6ffd6e168e3590b,mbarbine__Scripts,security,security,security-module,auth-and-keys,default-cert-secret,default-cert-secret,helm/HHLP-DEV/HelmCharts/helm/traefik/templates/default-cert-secret.yaml,.yaml,23,,,,unknown,unknown,55,55,catalog-only,False,none,none,none,"Security component for auth-and-keys; review for shared auth, key handling, fingerprinting, or trust signal module.",security-score:55,7ed249add8cef82b
c273daf8366755f7cdb5b95d,mbarbine__Scripts,security,security,security-module,auth-and-keys,dns-provider-secret,dns-provider-secret,helm/HHLP-DEV/HelmCharts/helm/traefik/templates/dns-provider-secret.yaml,.yaml,18,,,,unknown,unknown,55,55,catalog-only,False,none,none,none,"Security component for auth-and-keys; review for shared auth, key handling, fingerprinting, or trust signal module.",security-score:55,252f219da7fa2088
859bb8e8fafad76c426bcb26,mbarbine__Scripts,security,security,security-module,auth-and-keys,secret-files,secret-files,helm/HHLP-DEV/HelmCharts/helm/traefik/templates/secret-files.yaml,.yaml,16,,,,unknown,unknown,55,55,catalog-only,True,none,none,none,"Security component for auth-and-keys; review for shared auth, key handling, fingerprinting, or trust signal module.",security-score:55,2c15552d29ba8a41
4591e342e55466246077e538,mbarbine__Scripts,security,security,security-module,seo-and-metadata,dashboard-ingress,dashboard-ingress,helm/HHLP-DEV/HelmCharts/helm/traefik/templates/dashboard-ingress.yaml,.yaml,34,,,,unknown,unknown,55,55,catalog-only,False,none,none,none,"Security component for seo-and-metadata; review for shared auth, key handling, fingerprinting, or trust signal module.",security-score:55,70c2ca3903b9894c
522fcc5070229c27a21e895e,mbarbine__Scripts,security,"security,ai",security-module,auth-and-keys,patents,patents,helm/HHLP/bandwidth/HelmCharts/devOps/patents.json,.json,120,,,,unknown,unknown,65,55,catalog-only,True,none,none,none,"Security component for auth-and-keys; review for shared auth, key handling, fingerprinting, or trust signal module.",security-score:55 | ai-score:45,ac38def643197a85
4d6bc3920ce663e02f122c4a,mbarbine__Scripts,security,security,security-module,auth-and-keys,values,values,helm/HHLP/bandwidth/HelmCharts/helm/document-uploader/values.yaml,.yaml,62,,,,unknown,unknown,55,55,catalog-only,True,none,none,none,"Security component for auth-and-keys; review for shared auth, key handling, fingerprinting, or trust signal module.",security-score:55,107db539cbc0614f
ee4f0590f6bc5cca26faa4c5,mbarbine__Scripts,security,security,security-module,auth-and-keys,ingress,ingress,helm/HHLP/bandwidth/HelmCharts/helm/document-uploader/templates/ingress.yaml,.yaml,39,,,,unknown,unknown,55,55,catalog-only,False,none,none,none,"Security component for auth-and-keys; review for shared auth, key handling, fingerprinting, or trust signal module.",security-score:55,d709907de8dea8ed
47e7791e433652278cfd5538,mbarbine__Scripts,security,security,security-module,auth-and-keys,ingress,ingress,helm/HHLP/bandwidth/HelmCharts/helm/forms/templates/ingress.yaml,.yaml,39,,,,unknown,unknown,55,55,catalog-only,False,none,none,none,"Security component for auth-and-keys; review for shared auth, key handling, fingerprinting, or trust signal module.",security-score:55,d62d1947b0740bf6
f88c01e5b5286ae4d373f3d8,mbarbine__Scripts,security,security,security-module,auth-and-keys,ingress,ingress,helm/HHLP/bandwidth/HelmCharts/helm/template-storage/templates/ingress.yaml,.yaml,39,,,,unknown,unknown,55,55,catalog-only,False,none,none,none,"Security component for auth-and-keys; review for shared auth, key handling, fingerprinting, or trust signal module.",security-score:55,098eebb88a63be6e
8b88dbe051f23d0a8add8839,mbarbine__Scripts,security,security,security-module,auth-and-keys,ingress,ingress,helm/HHLP/bandwidth/HelmCharts/helm/config/templates/ingress.yaml,.yaml,39,,,,unknown,unknown,55,55,catalog-only,False,none,none,none,"Security component for auth-and-keys; review for shared auth, key handling, fingerprinting, or trust signal module.",security-score:55,125ef28c89e41a9e
4844f798c6364cd14acddd32,mbarbine__Scripts,security,"security,automation,process",auth,auth-and-keys,deployment,deployment,helm/HHLP/bandwidth/HelmCharts/helm/auth/templates/deployment.yaml,.yaml,48,,,,unknown,unknown,65,55,catalog-only,False,secondary,secondary,none,"Security component for auth-and-keys; review for shared auth, key handling, fingerprinting, or trust signal module.",security-score:55 | automation-score:50 | process-score:45,bcaaa88c6680af59
6d4b25f0d3fc452d5767fc2c,mbarbine__Scripts,security,security,auth,auth-and-keys,ingress,ingress,helm/HHLP/bandwidth/HelmCharts/helm/auth/templates/ingress.yaml,.yaml,39,,,,unknown,unknown,55,55,catalog-only,False,none,none,none,"Security component for auth-and-keys; review for shared auth, key handling, fingerprinting, or trust signal module.",security-score:55,5efe71a332538509
a8fb705c2ff003c86acf5087,mbarbine__Scripts,security,security,auth,auth-and-keys,post-install,post-install,helm/HHLP/bandwidth/HelmCharts/helm/auth/templates/post-install.yaml,.yaml,21,,,,unknown,unknown,55,55,catalog-only,True,none,none,none,"Security component for auth-and-keys; review for shared auth, key handling, fingerprinting, or trust signal module.",security-score:55,ca7f7a7dcdc66e08
000cabfd84ee60cab8951bf9,mbarbine__Scripts,security,security,auth,auth-and-keys,test-connection,test-connection,helm/HHLP/bandwidth/HelmCharts/helm/auth/templates/tests/test-connection.yaml,.yaml,18,,,,unknown,unknown,55,55,catalog-only,False,none,none,none,"Security component for auth-and-keys; review for shared auth, key handling, fingerprinting, or trust signal module.",security-score:55,a00fb5d3f30d68cc
18a3a48f5f70857516c7affa,mbarbine__Scripts,security,security,security-module,auth-and-keys,ingress,ingress,helm/HHLP/bandwidth/HelmCharts/helm/processing/templates/ingress.yaml,.yaml,39,,,,unknown,unknown,55,55,catalog-only,True,none,none,none,"Security component for auth-and-keys; review for shared auth, key handling, fingerprinting, or trust signal module.",security-score:55,404e4e326e63065c
5f2aed704629a2c97799d2be,mbarbine__Scripts,security,security,security-module,auth-and-keys,ingress,ingress,helm/HHLP/bandwidth/HelmCharts/helm/dispatcher/templates/ingress.yaml,.yaml,39,,,,unknown,unknown,55,55,catalog-only,False,none,none,none,"Security component for auth-and-keys; review for shared auth, key handling, fingerprinting, or trust signal module.",security-score:55,bf6ce0f50a17a616
352f795eda33549981872c50,mbarbine__Scripts,security,security,security-module,auth-and-keys,values,values,helm/HHLP/bandwidth/HelmCharts/helm/pdf-image-generation/values.yaml,.yaml,55,,,,unknown,unknown,55,55,catalog-only,False,none,none,none,"Security component for auth-and-keys; review for shared auth, key handling, fingerprinting, or trust signal module.",security-score:55,6b3ae288d4996cad
3965edd6f109edf9f19439f5,mbarbine__Scripts,security,security,security-module,auth-and-keys,ingress,ingress,helm/HHLP/bandwidth/HelmCharts/helm/pdf-image-generation/templates/ingress.yaml,.yaml,39,,,,unknown,unknown,55,55,catalog-only,False,none,none,none,"Security component for auth-and-keys; review for shared auth, key handling, fingerprinting, or trust signal module.",security-score:55,31a775f71d4a5888
fb63a45dd7c252e8f660350f,mbarbine__Scripts,security,security,security-module,auth-and-keys,ingress,ingress,helm/HHLP/bandwidth/HelmCharts/helm/backoffice/templates/ingress.yaml,.yaml,39,,,,unknown,unknown,55,55,catalog-only,False,none,none,none,"Security component for auth-and-keys; review for shared auth, key handling, fingerprinting, or trust signal module.",security-score:55,1044cd76a3008d35
26c3021de2d2df348851bf93,mbarbine__Scripts,security,security,security-module,seo-and-metadata,nginx-configmap,nginx-configmap,helm/HHLP/bandwidth/HelmCharts/helm/backoffice/templates/nginx-configmap.yaml,.yaml,16,,,,unknown,unknown,55,55,catalog-only,False,none,none,none,"Security component for seo-and-metadata; review for shared auth, key handling, fingerprinting, or trust signal module.",security-score:55,c316cdee5c6fe649
0291dd5267f7d83f0643a227,mbarbine__Scripts,security,security,security-module,auth-and-keys,values,values,helm/HHLP/bandwidth/HelmCharts/helm/application-storage/values.yaml,.yaml,76,,,,unknown,unknown,55,55,catalog-only,False,none,none,none,"Security component for auth-and-keys; review for shared auth, key handling, fingerprinting, or trust signal module.",security-score:55,e732a2a329bffc74
a5acf826ec68ceedf89ff90c,mbarbine__Scripts,security,security,security-module,auth-and-keys,ingress,ingress,helm/HHLP/bandwidth/HelmCharts/helm/application-storage/templates/ingress.yaml,.yaml,39,,,,unknown,unknown,55,55,catalog-only,False,none,none,none,"Security component for auth-and-keys; review for shared auth, key handling, fingerprinting, or trust signal module.",security-score:55,29333cb102e388b7
5d2ef00f2250ea1a816f30ac,mbarbine__Scripts,security,security,security-module,auth-and-keys,post-install,post-install,helm/HHLP/bandwidth/HelmCharts/helm/application-storage/templates/post-install.yaml,.yaml,37,,,,unknown,unknown,55,55,catalog-only,True,none,none,none,"Security component for auth-and-keys; review for shared auth, key handling, fingerprinting, or trust signal module.",security-score:55,b84ff4e7f007f377
393f1d506e89889783d0585b,mbarbine__Scripts,security,"security,discovery",security-module,discovery,ingress,ingress,helm/HHLP/bandwidth/HelmCharts/helm/feedback/templates/ingress.yaml,.yaml,39,,,,unknown,unknown,65,55,catalog-only,True,none,none,none,"Security component for discovery; review for shared auth, key handling, fingerprinting, or trust signal module.",security-score:55 | discovery-score:55,6997382a561c31ac
709767233508a6d26b187632,mbarbine__Scripts,security,security,security-module,auth-and-keys,values,values,helm/HHLP/bandwidth/HelmCharts/helm/forms-generation/values.yaml,.yaml,55,,,,unknown,unknown,55,55,catalog-only,False,none,none,none,"Security component for auth-and-keys; review for shared auth, key handling, fingerprinting, or trust signal module.",security-score:55,2eda01d35de11ffa
1fd29418a31b3676c2785f26,mbarbine__Scripts,security,security,security-module,auth-and-keys,ingress,ingress,helm/HHLP/bandwidth/HelmCharts/helm/forms-generation/templates/ingress.yaml,.yaml,39,,,,unknown,unknown,55,55,catalog-only,False,none,none,none,"Security component for auth-and-keys; review for shared auth, key handling, fingerprinting, or trust signal module.",security-score:55,3a8da41e3b559285
f6a773d347796246bdf6a664,mbarbine__Scripts,security,security,security-module,auth-and-keys,values,values,helm/HHLP/bandwidth/HelmCharts/helm/nlp/values.yaml,.yaml,56,,,,unknown,unknown,55,55,catalog-only,False,none,none,none,"Security component for auth-and-keys; review for shared auth, key handling, fingerprinting, or trust signal module.",security-score:55,8e2858b930e1b7c3
07ca8fe4580e7f274c92d1b0,mbarbine__Scripts,security,security,security-module,auth-and-keys,ingress,ingress,helm/HHLP/bandwidth/HelmCharts/helm/nlp/templates/ingress.yaml,.yaml,39,,,,unknown,unknown,55,55,catalog-only,False,none,none,none,"Security component for auth-and-keys; review for shared auth, key handling, fingerprinting, or trust signal module.",security-score:55,60a3827885c375dd
dd7587e85f789bf90e725a8b,mbarbine__Scripts,security,security,security-module,discovery,values,values,helm/HHLP/bandwidth/HelmCharts/helm/patent-search-web/values.yaml,.yaml,60,,,,unknown,unknown,55,55,catalog-only,True,none,none,none,"Security component for discovery; review for shared auth, key handling, fingerprinting, or trust signal module.",security-score:55,383fc68efad1c4e1
d0cca94f5a0ab31dc496a34b,mbarbine__Scripts,security,security,security-module,auth-and-keys,ingress,ingress,helm/HHLP/bandwidth/HelmCharts/helm/patent-search-web/templates/ingress.yaml,.yaml,39,,,,unknown,unknown,55,55,catalog-only,True,none,none,none,"Security component for auth-and-keys; review for shared auth, key handling, fingerprinting, or trust signal module.",security-score:55,dff026cc19a89f23
67dd9b254743fa2df7a72bac,mbarbine__Scripts,security,security,security-module,auth-and-keys,ingress,ingress,helm/HHLP/bandwidth/HelmCharts/helm/portfolio/templates/ingress.yaml,.yaml,39,,,,unknown,unknown,55,55,catalog-only,False,none,none,none,"Security component for auth-and-keys; review for shared auth, key handling, fingerprinting, or trust signal module.",security-score:55,e558c36b7a153f34
2f00db3c660e35a05872cad2,mbarbine__Scripts,security,security,security-module,auth-and-keys,values,values,helm/HHLP/bandwidth/HelmCharts/helm/redis-ui/values.yaml,.yaml,59,,,,unknown,unknown,55,55,catalog-only,False,none,none,none,"Security component for auth-and-keys; review for shared auth, key handling, fingerprinting, or trust signal module.",security-score:55,78ce69aa9d3a6984
85e7839728d9cffb2dcd3808,mbarbine__Scripts,security,security,security-module,auth-and-keys,ingress,ingress,helm/HHLP/bandwidth/HelmCharts/helm/redis-ui/templates/ingress.yaml,.yaml,39,,,,unknown,unknown,55,55,catalog-only,False,none,none,none,"Security component for auth-and-keys; review for shared auth, key handling, fingerprinting, or trust signal module.",security-score:55,ceab7780d02bf6ae
bbf1f89a6c2c152dc0759ad7,mbarbine__Scripts,security,"security,ai",security-module,auth-and-keys,patents,patents,helm/HHLP/bandwidth/HelmCharts/helm/devops-supplement/files/patents.json,.json,156,,,,unknown,unknown,65,55,catalog-only,True,none,none,none,"Security component for auth-and-keys; review for shared auth, key handling, fingerprinting, or trust signal module.",security-score:55 | ai-score:45,dd4e55449aebefe3
78a0187717314495e81232d8,mbarbine__Scripts,security,security,security-module,auth-and-keys,ingress,ingress,helm/HHLP/bandwidth/HelmCharts/helm/devops-supplement/templates/ingress.yaml,.yaml,39,,,,unknown,unknown,55,55,catalog-only,False,none,none,none,"Security component for auth-and-keys; review for shared auth, key handling, fingerprinting, or trust signal module.",security-score:55,e04963d09cf97d1e
5a078250bf24456be4af61e6,mbarbine__Scripts,security,security,security-module,auth-and-keys,ingress,ingress,helm/HHLP/bandwidth/HelmCharts/helm/fs/templates/ingress.yaml,.yaml,39,,,,unknown,unknown,55,55,catalog-only,False,none,none,none,"Security component for auth-and-keys; review for shared auth, key handling, fingerprinting, or trust signal module.",security-score:55,efb555f676e91d26
b83931ed1e7c5acaaea24e9f,mbarbine__Scripts,security,security,security-module,auth-and-keys,default-cert-secret,default-cert-secret,helm/HHLP/bandwidth/HelmCharts/helm/traefik/templates/default-cert-secret.yaml,.yaml,23,,,,unknown,unknown,55,55,catalog-only,False,none,none,none,"Security component for auth-and-keys; review for shared auth, key handling, fingerprinting, or trust signal module.",security-score:55,7ed249add8cef82b
5f09656427e9790ab0ea4803,mbarbine__Scripts,security,security,security-module,auth-and-keys,dns-provider-secret,dns-provider-secret,helm/HHLP/bandwidth/HelmCharts/helm/traefik/templates/dns-provider-secret.yaml,.yaml,18,,,,unknown,unknown,55,55,catalog-only,False,none,none,none,"Security component for auth-and-keys; review for shared auth, key handling, fingerprinting, or trust signal module.",security-score:55,252f219da7fa2088
479f0f7090ba3cb4db28e463,mbarbine__Scripts,security,security,security-module,auth-and-keys,secret-files,secret-files,helm/HHLP/bandwidth/HelmCharts/helm/traefik/templates/secret-files.yaml,.yaml,16,,,,unknown,unknown,55,55,catalog-only,True,none,none,none,"Security component for auth-and-keys; review for shared auth, key handling, fingerprinting, or trust signal module.",security-score:55,2c15552d29ba8a41
71def7a2052d9cc37c9d517c,mbarbine__Scripts,security,security,security-module,seo-and-metadata,dashboard-ingress,dashboard-ingress,helm/HHLP/bandwidth/HelmCharts/helm/traefik/templates/dashboard-ingress.yaml,.yaml,34,,,,unknown,unknown,55,55,catalog-only,False,none,none,none,"Security component for seo-and-metadata; review for shared auth, key handling, fingerprinting, or trust signal module.",security-score:55,70c2ca3903b9894c
a56ca75f7317b4bd245b2666,mbarbine__Scripts,security,"security,automation",security-module,general,modules,modules,helm/HHLP/.terraform/modules/modules.json,.json,1,,,,unknown,unknown,60,35,site-specific-or-low-confidence,False,none,secondary,none,"Security component for general; review for shared auth, key handling, fingerprinting, or trust signal module.",security-score:55 | automation-score:50,81027a98f071455e
29cf8b4afd151b2ff45ef04f,mbarbine__Scripts,security,"security,ai",security-module,auth-and-keys,patents,patents,helm/HHLP/HelmCharts/devOps/patents.json,.json,120,,,,unknown,unknown,65,55,catalog-only,True,none,none,none,"Security component for auth-and-keys; review for shared auth, key handling, fingerprinting, or trust signal module.",security-score:55 | ai-score:45,ac38def643197a85
892205499df26e6b48519692,mbarbine__Scripts,security,security,security-module,auth-and-keys,k8s-dashboard,k8s-dashboard,helm/HHLP/HelmCharts/helm/k8s-dashboard.yaml,.yaml,19,,,,unknown,unknown,55,55,catalog-only,False,none,none,none,"Security component for auth-and-keys; review for shared auth, key handling, fingerprinting, or trust signal module.",security-score:55,ffa600ba5eec10b7
884fa6cc783f4c724af1fea5,mbarbine__Scripts,security,security,security-module,auth-and-keys,values,values,helm/HHLP/HelmCharts/helm/document-uploader/values.yaml,.yaml,60,,,,unknown,unknown,55,55,catalog-only,True,none,none,none,"Security component for auth-and-keys; review for shared auth, key handling, fingerprinting, or trust signal module.",security-score:55,df08382ecf54cfef
4f9033e80c03ae16812e3515,mbarbine__Scripts,security,"security,automation,process",security-module,auth-and-keys,deployment,deployment,helm/HHLP/HelmCharts/helm/document-uploader/templates/deployment.yaml,.yaml,54,,,,unknown,unknown,65,55,catalog-only,False,secondary,secondary,none,"Security component for auth-and-keys; review for shared auth, key handling, fingerprinting, or trust signal module.",security-score:55 | automation-score:50 | process-score:45,7e2cb22ae8b4422d
8a186f7fbb5ff9327fdbae02,mbarbine__Scripts,security,security,security-module,auth-and-keys,ingress,ingress,helm/HHLP/HelmCharts/helm/document-uploader/templates/ingress.yaml,.yaml,39,,,,unknown,unknown,55,55,catalog-only,False,none,none,none,"Security component for auth-and-keys; review for shared auth, key handling, fingerprinting, or trust signal module.",security-score:55,99cd8fd66768c57c
895042f0c7e918f78ca260e1,mbarbine__Scripts,security,"security,automation,process",security-module,auth-and-keys,deployment,deployment,helm/HHLP/HelmCharts/helm/forms/templates/deployment.yaml,.yaml,53,,,,unknown,unknown,65,55,catalog-only,False,secondary,secondary,none,"Security component for auth-and-keys; review for shared auth, key handling, fingerprinting, or trust signal module.",security-score:55 | automation-score:50 | process-score:45,ba45721c32eca74e
76a233f8ac2ef3bb54f50c37,mbarbine__Scripts,security,security,security-module,auth-and-keys,ingress,ingress,helm/HHLP/HelmCharts/helm/forms/templates/ingress.yaml,.yaml,39,,,,unknown,unknown,55,55,catalog-only,False,none,none,none,"Security component for auth-and-keys; review for shared auth, key handling, fingerprinting, or trust signal module.",security-score:55,da7a139c3e387667
b5f765ef3478c442d084be3a,mbarbine__Scripts,security,"security,automation,process",security-module,auth-and-keys,deployment,deployment,helm/HHLP/HelmCharts/helm/template-storage/templates/deployment.yaml,.yaml,54,,,,unknown,unknown,65,55,catalog-only,False,secondary,secondary,none,"Security component for auth-and-keys; review for shared auth, key handling, fingerprinting, or trust signal module.",security-score:55 | automation-score:50 | process-score:45,5e675ab765f37b30
b240a99711cb15ea14c08e26,mbarbine__Scripts,security,security,security-module,auth-and-keys,ingress,ingress,helm/HHLP/HelmCharts/helm/template-storage/templates/ingress.yaml,.yaml,39,,,,unknown,unknown,55,55,catalog-only,False,none,none,none,"Security component for auth-and-keys; review for shared auth, key handling, fingerprinting, or trust signal module.",security-score:55,8161631368efd7c7
0e68218829bc736b27cb1af4,mbarbine__Scripts,security,"security,automation,process",security-module,auth-and-keys,deployment,deployment,helm/HHLP/HelmCharts/helm/config/templates/deployment.yaml,.yaml,54,,,,unknown,unknown,65,55,catalog-only,False,secondary,secondary,none,"Security component for auth-and-keys; review for shared auth, key handling, fingerprinting, or trust signal module.",security-score:55 | automation-score:50 | process-score:45,1ae74e39775337ef
13df23e68b99fb7bee90bf7c,mbarbine__Scripts,security,security,security-module,auth-and-keys,ingress,ingress,helm/HHLP/HelmCharts/helm/config/templates/ingress.yaml,.yaml,39,,,,unknown,unknown,55,55,catalog-only,False,none,none,none,"Security component for auth-and-keys; review for shared auth, key handling, fingerprinting, or trust signal module.",security-score:55,4e6dcd24b31b7ede
13034acf92b008b37f498af4,mbarbine__Scripts,security,"security,automation,process",auth,auth-and-keys,deployment,deployment,helm/HHLP/HelmCharts/helm/auth/templates/deployment.yaml,.yaml,54,,,,unknown,unknown,65,55,catalog-only,False,secondary,secondary,none,"Security component for auth-and-keys; review for shared auth, key handling, fingerprinting, or trust signal module.",security-score:55 | automation-score:50 | process-score:45,d0d9a7ac029c74c5
953d33b081e7c09aaaa48ef6,mbarbine__Scripts,security,security,auth,auth-and-keys,ingress,ingress,helm/HHLP/HelmCharts/helm/auth/templates/ingress.yaml,.yaml,39,,,,unknown,unknown,55,55,catalog-only,False,none,none,none,"Security component for auth-and-keys; review for shared auth, key handling, fingerprinting, or trust signal module.",security-score:55,c6013c05bc9d7453
a5e71039a89de0fa92d5d1fe,mbarbine__Scripts,security,security,auth,auth-and-keys,post-install,post-install,helm/HHLP/HelmCharts/helm/auth/templates/post-install.yaml,.yaml,21,,,,unknown,unknown,55,55,catalog-only,True,none,none,none,"Security component for auth-and-keys; review for shared auth, key handling, fingerprinting, or trust signal module.",security-score:55,26f23c3e6c4a31e0
acd8f19799e26def2cf8dd22,mbarbine__Scripts,security,security,auth,auth-and-keys,test-connection,test-connection,helm/HHLP/HelmCharts/helm/auth/templates/tests/test-connection.yaml,.yaml,18,,,,unknown,unknown,55,55,catalog-only,False,none,none,none,"Security component for auth-and-keys; review for shared auth, key handling, fingerprinting, or trust signal module.",security-score:55,a00fb5d3f30d68cc
1446036e6321931fa3db9ba8,mbarbine__Scripts,security,security,security-module,auth-and-keys,ingress,ingress,helm/HHLP/HelmCharts/helm/processing/templates/ingress.yaml,.yaml,39,,,,unknown,unknown,55,55,catalog-only,True,none,none,none,"Security component for auth-and-keys; review for shared auth, key handling, fingerprinting, or trust signal module.",security-score:55,e70d374f554f3ee3
0d3511c8c9cb88902caf46be,mbarbine__Scripts,security,"security,automation,process",security-module,auth-and-keys,deployment,deployment,helm/HHLP/HelmCharts/helm/dispatcher/templates/deployment.yaml,.yaml,54,,,,unknown,unknown,65,55,catalog-only,False,secondary,secondary,none,"Security component for auth-and-keys; review for shared auth, key handling, fingerprinting, or trust signal module.",security-score:55 | automation-score:50 | process-score:45,31488753a5dd8d6a
059010f2fc879d8600b63cdd,mbarbine__Scripts,security,security,security-module,auth-and-keys,ingress,ingress,helm/HHLP/HelmCharts/helm/dispatcher/templates/ingress.yaml,.yaml,39,,,,unknown,unknown,55,55,catalog-only,False,none,none,none,"Security component for auth-and-keys; review for shared auth, key handling, fingerprinting, or trust signal module.",security-score:55,183a8e2c82f14eab
c7d01083e4e2b7fb9077ebbb,mbarbine__Scripts,security,security,security-module,auth-and-keys,values,values,helm/HHLP/HelmCharts/helm/pdf-image-generation/values.yaml,.yaml,56,,,,unknown,unknown,55,55,catalog-only,False,none,none,none,"Security component for auth-and-keys; review for shared auth, key handling, fingerprinting, or trust signal module.",security-score:55,372a3186f42dfab3
ff782373014e1c4607af2904,mbarbine__Scripts,security,"security,automation,process",security-module,auth-and-keys,deployment,deployment,helm/HHLP/HelmCharts/helm/pdf-image-generation/templates/deployment.yaml,.yaml,54,,,,unknown,unknown,65,55,catalog-only,False,secondary,secondary,none,"Security component for auth-and-keys; review for shared auth, key handling, fingerprinting, or trust signal module.",security-score:55 | automation-score:50 | process-score:45,7c96194f5102888c
e8eff199701c11a9925ef159,mbarbine__Scripts,security,security,security-module,auth-and-keys,ingress,ingress,helm/HHLP/HelmCharts/helm/pdf-image-generation/templates/ingress.yaml,.yaml,39,,,,unknown,unknown,55,55,catalog-only,False,none,none,none,"Security component for auth-and-keys; review for shared auth, key handling, fingerprinting, or trust signal module.",security-score:55,a6cd63afa274d8f5
a1d3a04a1130762d673247ab,mbarbine__Scripts,security,"security,automation,process",security-module,auth-and-keys,deployment,deployment,helm/HHLP/HelmCharts/helm/backoffice/templates/deployment.yaml,.yaml,72,,,,unknown,unknown,65,55,catalog-only,False,secondary,secondary,none,"Security component for auth-and-keys; review for shared auth, key handling, fingerprinting, or trust signal module.",security-score:55 | automation-score:50 | process-score:45,f422fecd457fc9bf
5e028e9402bd2a40e1ec6cab,mbarbine__Scripts,security,security,security-module,auth-and-keys,ingress,ingress,helm/HHLP/HelmCharts/helm/backoffice/templates/ingress.yaml,.yaml,39,,,,unknown,unknown,55,55,catalog-only,False,none,none,none,"Security component for auth-and-keys; review for shared auth, key handling, fingerprinting, or trust signal module.",security-score:55,e70fa389af566a0f
d06b314e532d995d3c86d3f4,mbarbine__Scripts,security,security,security-module,seo-and-metadata,nginx-configmap,nginx-configmap,helm/HHLP/HelmCharts/helm/backoffice/templates/nginx-configmap.yaml,.yaml,16,,,,unknown,unknown,55,55,catalog-only,False,none,none,none,"Security component for seo-and-metadata; review for shared auth, key handling, fingerprinting, or trust signal module.",security-score:55,9429335c99165835
242f1894a52410a0c6d11d78,mbarbine__Scripts,security,security,security-module,auth-and-keys,values,values,helm/HHLP/HelmCharts/helm/application-storage/values.yaml,.yaml,68,,,,unknown,unknown,55,55,catalog-only,False,none,none,none,"Security component for auth-and-keys; review for shared auth, key handling, fingerprinting, or trust signal module.",security-score:55,9f86d2314dd8c3a8
a3f35b102b98afb8a91de8ac,mbarbine__Scripts,security,"security,automation,process",security-module,auth-and-keys,deployment,deployment,helm/HHLP/HelmCharts/helm/application-storage/templates/deployment.yaml,.yaml,54,,,,unknown,unknown,65,55,catalog-only,False,secondary,secondary,none,"Security component for auth-and-keys; review for shared auth, key handling, fingerprinting, or trust signal module.",security-score:55 | automation-score:50 | process-score:45,a914963ab11c3678
bb6551a9aeda0d4c1ff07aca,mbarbine__Scripts,security,security,security-module,auth-and-keys,ingress,ingress,helm/HHLP/HelmCharts/helm/application-storage/templates/ingress.yaml,.yaml,39,,,,unknown,unknown,55,55,catalog-only,False,none,none,none,"Security component for auth-and-keys; review for shared auth, key handling, fingerprinting, or trust signal module.",security-score:55,f657ca58425f536b
ee64fe64db561b67df6c8afd,mbarbine__Scripts,security,security,security-module,auth-and-keys,post-install,post-install,helm/HHLP/HelmCharts/helm/application-storage/templates/post-install.yaml,.yaml,37,,,,unknown,unknown,55,55,catalog-only,True,none,none,none,"Security component for auth-and-keys; review for shared auth, key handling, fingerprinting, or trust signal module.",security-score:55,4a3dda52bcac3d9b
1a4cf6ad546a4f3154eb9d4f,mbarbine__Scripts,security,"security,discovery,automation,process",security-module,discovery,deployment,deployment,helm/HHLP/HelmCharts/helm/feedback/templates/deployment.yaml,.yaml,54,,,,unknown,unknown,65,55,catalog-only,True,secondary,secondary,none,"Security component for discovery; review for shared auth, key handling, fingerprinting, or trust signal module.",security-score:55 | discovery-score:55 | automation-score:50 | process-score:45,dbecca8f530cffd7
f18ff4d3fb8542cf64e382f0,mbarbine__Scripts,security,"security,discovery",security-module,discovery,ingress,ingress,helm/HHLP/HelmCharts/helm/feedback/templates/ingress.yaml,.yaml,39,,,,unknown,unknown,65,55,catalog-only,True,none,none,none,"Security component for discovery; review for shared auth, key handling, fingerprinting, or trust signal module.",security-score:55 | discovery-score:55,e77597f6cd85dd14
c69699559f7015fc57678529,mbarbine__Scripts,security,security,security-module,auth-and-keys,values,values,helm/HHLP/HelmCharts/helm/forms-generation/values.yaml,.yaml,56,,,,unknown,unknown,55,55,catalog-only,False,none,none,none,"Security component for auth-and-keys; review for shared auth, key handling, fingerprinting, or trust signal module.",security-score:55,b000d8cc8235c627
b4e7be2d50d7ed75a28010b6,mbarbine__Scripts,security,"security,automation,process",security-module,auth-and-keys,deployment,deployment,helm/HHLP/HelmCharts/helm/forms-generation/templates/deployment.yaml,.yaml,53,,,,unknown,unknown,65,55,catalog-only,False,secondary,secondary,none,"Security component for auth-and-keys; review for shared auth, key handling, fingerprinting, or trust signal module.",security-score:55 | automation-score:50 | process-score:45,4a335de1fe677586
2430ff9df1550455cef4bfdd,mbarbine__Scripts,security,security,security-module,auth-and-keys,ingress,ingress,helm/HHLP/HelmCharts/helm/forms-generation/templates/ingress.yaml,.yaml,39,,,,unknown,unknown,55,55,catalog-only,False,none,none,none,"Security component for auth-and-keys; review for shared auth, key handling, fingerprinting, or trust signal module.",security-score:55,8f531c8d94a048a6
b88897c8cc9f16317a9c24ee,mbarbine__Scripts,security,"security,automation",security-module,discovery,values-demo,values-demo,helm/HHLP/HelmCharts/helm/patenthub-values/values-demo.yaml,.yaml,177,,,,unknown,unknown,65,55,catalog-only,True,none,secondary,none,"Security component for discovery; review for shared auth, key handling, fingerprinting, or trust signal module.",security-score:55 | automation-score:45,879dc5b71ee94ddb
febf9691254298bcc7183214,mbarbine__Scripts,security,security,security-module,auth-and-keys,values,values,helm/HHLP/HelmCharts/helm/nlp/values.yaml,.yaml,57,,,,unknown,unknown,55,55,catalog-only,False,none,none,none,"Security component for auth-and-keys; review for shared auth, key handling, fingerprinting, or trust signal module.",security-score:55,ce66a5d92f2e2d3a
81d6452f3a4320209d493f10,mbarbine__Scripts,security,"security,automation,process",security-module,auth-and-keys,deployment,deployment,helm/HHLP/HelmCharts/helm/nlp/templates/deployment.yaml,.yaml,54,,,,unknown,unknown,65,55,catalog-only,False,secondary,secondary,none,"Security component for auth-and-keys; review for shared auth, key handling, fingerprinting, or trust signal module.",security-score:55 | automation-score:50 | process-score:45,d1628ae2648e2525
704c8dbde69bb905a498a42c,mbarbine__Scripts,security,security,security-module,auth-and-keys,ingress,ingress,helm/HHLP/HelmCharts/helm/nlp/templates/ingress.yaml,.yaml,39,,,,unknown,unknown,55,55,catalog-only,False,none,none,none,"Security component for auth-and-keys; review for shared auth, key handling, fingerprinting, or trust signal module.",security-score:55,e5481a50d8c96b0e
1b64c81ec2b05061aaaeb563,mbarbine__Scripts,security,security,security-module,discovery,values,values,helm/HHLP/HelmCharts/helm/patent-search-web/values.yaml,.yaml,58,,,,unknown,unknown,55,55,catalog-only,True,none,none,none,"Security component for discovery; review for shared auth, key handling, fingerprinting, or trust signal module.",security-score:55,3344b5448b63c9f5
51d6a08d27548eb5f4c4aa15,mbarbine__Scripts,security,"security,automation,process",security-module,auth-and-keys,deployment,deployment,helm/HHLP/HelmCharts/helm/patent-search-web/templates/deployment.yaml,.yaml,61,,,,unknown,unknown,65,55,catalog-only,True,secondary,secondary,none,"Security component for auth-and-keys; review for shared auth, key handling, fingerprinting, or trust signal module.",security-score:55 | automation-score:50 | process-score:45,4d919f7de95e5228
a890afbb07db472ed83647fa,mbarbine__Scripts,security,security,security-module,auth-and-keys,ingress,ingress,helm/HHLP/HelmCharts/helm/patent-search-web/templates/ingress.yaml,.yaml,39,,,,unknown,unknown,55,55,catalog-only,True,none,none,none,"Security component for auth-and-keys; review for shared auth, key handling, fingerprinting, or trust signal module.",security-score:55,5ff301b5e0660678
428f5148b6931425b6e03ead,mbarbine__Scripts,security,"security,automation,process",security-module,auth-and-keys,deployment,deployment,helm/HHLP/HelmCharts/helm/portfolio/templates/deployment.yaml,.yaml,54,,,,unknown,unknown,65,55,catalog-only,False,secondary,secondary,none,"Security component for auth-and-keys; review for shared auth, key handling, fingerprinting, or trust signal module.",security-score:55 | automation-score:50 | process-score:45,7f16b69265b25142
65d06dbc111ce06a98646f0d,mbarbine__Scripts,security,security,security-module,auth-and-keys,ingress,ingress,helm/HHLP/HelmCharts/helm/portfolio/templates/ingress.yaml,.yaml,39,,,,unknown,unknown,55,55,catalog-only,False,none,none,none,"Security component for auth-and-keys; review for shared auth, key handling, fingerprinting, or trust signal module.",security-score:55,1334fd793ecca32e
9898d27a39b288007d76693b,mbarbine__Scripts,security,security,security-module,auth-and-keys,values,values,helm/HHLP/HelmCharts/helm/redis-ui/values.yaml,.yaml,59,,,,unknown,unknown,55,55,catalog-only,False,none,none,none,"Security component for auth-and-keys; review for shared auth, key handling, fingerprinting, or trust signal module.",security-score:55,647d2f106bff6500
0866d21c9b2a2396a05f623e,mbarbine__Scripts,security,security,security-module,auth-and-keys,ingress,ingress,helm/HHLP/HelmCharts/helm/redis-ui/templates/ingress.yaml,.yaml,39,,,,unknown,unknown,55,55,catalog-only,False,none,none,none,"Security component for auth-and-keys; review for shared auth, key handling, fingerprinting, or trust signal module.",security-score:55,ceab7780d02bf6ae
574a38e7ff894ebc83a3a297,mbarbine__Scripts,security,"security,ai",security-module,auth-and-keys,patents,patents,helm/HHLP/HelmCharts/helm/devops-supplement/files/patents.json,.json,156,,,,unknown,unknown,65,55,catalog-only,True,none,none,none,"Security component for auth-and-keys; review for shared auth, key handling, fingerprinting, or trust signal module.",security-score:55 | ai-score:45,dd4e55449aebefe3
2d4861a7422bee3b47bdd2ac,mbarbine__Scripts,security,"security,automation,process",security-module,auth-and-keys,deployment,deployment,helm/HHLP/HelmCharts/helm/devops-supplement/templates/deployment.yaml,.yaml,54,,,,unknown,unknown,65,55,catalog-only,False,secondary,secondary,none,"Security component for auth-and-keys; review for shared auth, key handling, fingerprinting, or trust signal module.",security-score:55 | automation-score:50 | process-score:45,4356698302526933
b696c910fd38bbea3367d134,mbarbine__Scripts,security,security,security-module,auth-and-keys,ingress,ingress,helm/HHLP/HelmCharts/helm/devops-supplement/templates/ingress.yaml,.yaml,39,,,,unknown,unknown,55,55,catalog-only,False,none,none,none,"Security component for auth-and-keys; review for shared auth, key handling, fingerprinting, or trust signal module.",security-score:55,75a53080b17328d0
86e93057b308476dd05c3dac,mbarbine__Scripts,security,"security,automation,process",security-module,auth-and-keys,deployment,deployment,helm/HHLP/HelmCharts/helm/fs/templates/deployment.yaml,.yaml,54,,,,unknown,unknown,65,55,catalog-only,False,secondary,secondary,none,"Security component for auth-and-keys; review for shared auth, key handling, fingerprinting, or trust signal module.",security-score:55 | automation-score:50 | process-score:45,b9677a004206b8d0
2867c88c25c8e183d659c0bd,mbarbine__Scripts,security,security,security-module,auth-and-keys,ingress,ingress,helm/HHLP/HelmCharts/helm/fs/templates/ingress.yaml,.yaml,39,,,,unknown,unknown,55,55,catalog-only,False,none,none,none,"Security component for auth-and-keys; review for shared auth, key handling, fingerprinting, or trust signal module.",security-score:55,f6428492e75eee05
76dea3ab75901c01f9ffa711,mbarbine__Scripts,security,security,security-module,auth-and-keys,default-cert-secret,default-cert-secret,helm/HHLP/HelmCharts/helm/traefik/templates/default-cert-secret.yaml,.yaml,23,,,,unknown,unknown,55,55,catalog-only,False,none,none,none,"Security component for auth-and-keys; review for shared auth, key handling, fingerprinting, or trust signal module.",security-score:55,7ed249add8cef82b
4cebb5a4dcfe97017ad17d5f,mbarbine__Scripts,security,security,security-module,auth-and-keys,dns-provider-secret,dns-provider-secret,helm/HHLP/HelmCharts/helm/traefik/templates/dns-provider-secret.yaml,.yaml,18,,,,unknown,unknown,55,55,catalog-only,False,none,none,none,"Security component for auth-and-keys; review for shared auth, key handling, fingerprinting, or trust signal module.",security-score:55,252f219da7fa2088
f88a62d528b6b36e15ad460b,mbarbine__Scripts,security,security,security-module,auth-and-keys,secret-files,secret-files,helm/HHLP/HelmCharts/helm/traefik/templates/secret-files.yaml,.yaml,16,,,,unknown,unknown,55,55,catalog-only,True,none,none,none,"Security component for auth-and-keys; review for shared auth, key handling, fingerprinting, or trust signal module.",security-score:55,2c15552d29ba8a41
1f94bcea4990168911aeec0e,mbarbine__Scripts,security,security,security-module,seo-and-metadata,dashboard-ingress,dashboard-ingress,helm/HHLP/HelmCharts/helm/traefik/templates/dashboard-ingress.yaml,.yaml,34,,,,unknown,unknown,55,55,catalog-only,False,none,none,none,"Security component for seo-and-metadata; review for shared auth, key handling, fingerprinting, or trust signal module.",security-score:55,70c2ca3903b9894c
489f8c315adf6de0c3abbd32,mbarbine__Starphone-CMS,security,security,security-module,auth-and-keys,package,package,package.json,.json,21,,,,unknown,unknown,55,55,catalog-only,False,none,none,none,"Security component for auth-and-keys; review for shared auth, key handling, fingerprinting, or trust signal module.",security-score:55,1ddf03af6b56a611
24db3edd4d65aed5e1bf4217,mbarbine__ai-chat-interface-webby,security,security,security-module,auth-and-keys,next.config,next-config,next.config.mjs,.mjs,27,,next,next,next-react,pnpm,65,55,catalog-only,True,none,none,none,"Security component for auth-and-keys; review for shared auth, key handling, fingerprinting, or trust signal module.",imports:next | security-score:55,0ddba4100e2a3cdd
dc0316bb21cd40b3231b791a,mbarbine__ai-chat-interface-webby,security,security,security-module,commerce,tailwind.config,tailwind-config,tailwind.config.ts,.ts,97,,"tailwindcss,tailwindcss-animate","tailwindcss,tailwindcss-animate",next-react,pnpm,65,40,site-specific-or-low-confidence,True,none,none,none,"Security component for commerce; review for shared auth, key handling, fingerprinting, or trust signal module.","imports:tailwindcss, tailwindcss-animate | security-score:55",21c6044f8d8ccac1
f71a6b523ebc438100b4eb1d,mbarbine__autographed-bibles-webby,security,security,security-module,auth-and-keys,proxy,proxy,proxy.ts,.ts,25,"config,proxy",next/server,next,next-react,pnpm,80,55,catalog-only,True,none,none,none,"Security component for auth-and-keys; review for shared auth, key handling, fingerprinting, or trust signal module.","exports:config, proxy | imports:next/server | security-score:55",e952b459b3bdc133
8efd1c6930955fadfbd3d6e1,mbarbine__automotive-flamethrower-webby,security,"security,automation",security-module,analytics,next.config,next-config,next.config.mjs,.mjs,44,,next,next,next-react,pnpm,75,40,site-specific-or-low-confidence,True,none,secondary,none,"Security component for analytics; review for shared auth, key handling, fingerprinting, or trust signal module.",imports:next | security-score:55 | automation-score:45,f44b3626fae056ca
d9003a06850c5ac2d787c930,mbarbine__aws-lab,security,security,security-module,discovery,middlewares,middlewares,traefik/config/middlewares.yml,.yml,72,,,,unknown,unknown,55,55,catalog-only,True,none,none,none,"Security component for discovery; review for shared auth, key handling, fingerprinting, or trust signal module.",security-score:55,d5a8d0e8470921d5
14b36a65032725e2506e27f0,mbarbine__barbine-worldwide-2025-wwww,security,security,security-module,commerce,tailwind.config,tailwind-config,tailwind.config.ts,.ts,96,,"tailwindcss,tailwindcss-animate","tailwindcss,tailwindcss-animate",svelte,pnpm,65,40,site-specific-or-low-confidence,True,none,none,none,"Security component for commerce; review for shared auth, key handling, fingerprinting, or trust signal module.","imports:tailwindcss, tailwindcss-animate | security-score:55",58c78ffd25a3691a
be675d24e9c9c488db4ebf73,mbarbine__barbine-worldwide-2025-wwww,security,security,security-module,auth-and-keys,use-sound,use-sound,hooks/use-sound.ts,.ts,213,useSound,react,react,svelte,pnpm,80,50,catalog-only,False,none,none,none,"Security component for auth-and-keys; review for shared auth, key handling, fingerprinting, or trust signal module.",exports:useSound | imports:react | security-score:55,d99e0e5d3ff03e13
14647fd23d2a14ddbee12cdb,mbarbine__barbineworldwide-2026-metahack,security,security,security-module,ai,next.config,next-config,next.config.mjs,.mjs,55,,next,next,next-react,pnpm,65,55,catalog-only,True,none,none,none,"Security component for ai; review for shared auth, key handling, fingerprinting, or trust signal module.",imports:next | security-score:55,36a3e16071d4a19a
34fad4c551dcfa5533704ff2,mbarbine__biocyber-xr-training-nasa-webby-v0,security,"security,automation",security-module,commerce,next.config,next-config,next.config.mjs,.mjs,52,,next,next,next-react,pnpm,75,40,site-specific-or-low-confidence,True,none,secondary,none,"Security component for commerce; review for shared auth, key handling, fingerprinting, or trust signal module.",imports:next | security-score:55 | automation-score:45,3f3d422960a3d239
bc4752ff94723f079d6a0268,mbarbine__burrito-dealer-www,security,security,security-module,commerce,tailwind.config,tailwind-config,tailwind.config.ts,.ts,98,,"tailwindcss,tailwindcss-animate","tailwindcss,tailwindcss-animate",next-react,pnpm,65,40,site-specific-or-low-confidence,True,none,none,none,"Security component for commerce; review for shared auth, key handling, fingerprinting, or trust signal module.","imports:tailwindcss, tailwindcss-animate | security-score:55",521fe85443e06f8a
5b325f24b7443ca2a77814fd,mbarbine__calendar-app-webby,security,security,security-module,commerce,tailwind.config,tailwind-config,tailwind.config.js,.js,103,,"tailwindcss,tailwindcss-animate","tailwindcss,tailwindcss-animate",next-react,pnpm,65,40,site-specific-or-low-confidence,True,none,none,none,"Security component for commerce; review for shared auth, key handling, fingerprinting, or trust signal module.","imports:tailwindcss, tailwindcss-animate | security-score:55",3d11b8f70e4baa50
83b1c4d758da2df3f067e056,mbarbine__calendar-app-webby,security,security,security-module,mcp,ecosystem.test,ecosystem,__tests__/integration/ecosystem.test.ts,.ts,32,,@/lib/constants,@/lib,next-react,pnpm,65,45,site-specific-or-low-confidence,True,none,none,none,"Security component for mcp; review for shared auth, key handling, fingerprinting, or trust signal module.",imports:@/lib/constants | security-score:55,35bf051e88494ac0
8f11e1656542134102344cc2,mbarbine__calendar-app-webby,security,"security,discovery",security-module,discovery,sitemap.test,sitemap,__tests__/feeds/sitemap.test.ts,.ts,66,,@/app/sitemap,@/app,next-react,pnpm,75,45,site-specific-or-low-confidence,True,none,none,none,"Security component for discovery; review for shared auth, key handling, fingerprinting, or trust signal module.",imports:@/app/sitemap | security-score:55 | discovery-score:55,9b2e6087f20cd432
2c6336e009d61d130ae7231f,mbarbine__calendar-app-webby,security,security,fingerprinting,ai,use-fingerprint.test,use-fingerprint,__tests__/hooks/use-fingerprint.test.ts,.ts,108,STORAGE_KEY,"@/hooks/use-fingerprint,@testing-library/react","@/hooks,@testing-library/react",next-react,pnpm,80,45,site-specific-or-low-confidence,True,none,none,none,"Security component for ai; review for shared auth, key handling, fingerprinting, or trust signal module.","exports:STORAGE_KEY | imports:@/hooks/use-fingerprint, @testing-library/react | security-score:55",ad9ca9a31ec77658
d1d18a76422c8a3a4404d91d,mbarbine__calendar-app-webby,security,security,fingerprinting,auth-and-keys,use-fingerprint,use-fingerprint,hooks/use-fingerprint.ts,.ts,46,"clearVolatilePlatformApiKey,getAuthHeaders,saveApiKey,setVolatilePlatformApiKey,useFingerprint",react,react,next-react,pnpm,80,55,catalog-only,True,none,none,none,"Security component for auth-and-keys; review for shared auth, key handling, fingerprinting, or trust signal module.","exports:clearVolatilePlatformApiKey, getAuthHeaders, saveApiKey, setVolatilePlatformApiKey, useFingerprint | imports:react | security-score:55",5f96bee6a2fcdafb
95da11d0367902227bf0bcaf,mbarbine__cdf-sanitize,security,"security,ai",security-module,analytics,conftest,conftest,app/tests/conftest.py,.py,26,"DummyNLP,disable_spacy","pytest,spacy","pytest,spacy",next-react,python,100,40,site-specific-or-low-confidence,True,none,none,none,"Security component for analytics; review for shared auth, key handling, fingerprinting, or trust signal module.","exports:DummyNLP, disable_spacy | imports:pytest, spacy | security-score:55 | ai-score:45",a17e3ac5612e456e
91749eb00904bbc87a7d0e56,mbarbine__desert-bus,security,"security,discovery",security-module,discovery,manifest,manifest,public/manifest.json,.json,74,,,,next-react,pnpm,65,55,catalog-only,False,none,none,none,"Security component for discovery; review for shared auth, key handling, fingerprinting, or trust signal module.",security-score:55 | discovery-score:55,d682a3e2443a2127
e53b6e9b585df53e3f056b6b,mbarbine__desert-bus,security,"security,ai",security-module,ai,use-pwa-install,use-pwa-install,hooks/use-pwa-install.ts,.ts,111,"PwaInstallState,usePwaInstall",react,react,next-react,pnpm,90,55,catalog-only,True,none,none,none,"Security component for ai; review for shared auth, key handling, fingerprinting, or trust signal module.","exports:PwaInstallState, usePwaInstall | imports:react | security-score:55 | ai-score:45",18eef8ea3a78d347
4740b9dfc0a3ad83278367f1,mbarbine__doflo-clone,security,security,security-module,commerce,tailwind.config,tailwind-config,tailwind.config.ts,.ts,75,,"tailwindcss,tailwindcss-animate","tailwindcss,tailwindcss-animate",next-react,pnpm,65,40,site-specific-or-low-confidence,True,none,none,none,"Security component for commerce; review for shared auth, key handling, fingerprinting, or trust signal module.","imports:tailwindcss, tailwindcss-animate | security-score:55",1cfa1ea3b7cccb5f
6fb39f352e3af2403905597e,mbarbine__drone-reel-webby,security,security,security-module,discovery,next.config,next-config,next.config.mjs,.mjs,30,,next,next,next-react,pnpm,65,55,catalog-only,True,none,none,none,"Security component for discovery; review for shared auth, key handling, fingerprinting, or trust signal module.",imports:next | security-score:55,fa87008b521e201e
721d4fb0b324ce22ec8011e1,mbarbine__drone-reel-webby,security,security,security-module,commerce,tailwind.config,tailwind-config,tailwind.config.ts,.ts,99,,"tailwindcss,tailwindcss-animate","tailwindcss,tailwindcss-animate",next-react,pnpm,65,40,site-specific-or-low-confidence,True,none,none,none,"Security component for commerce; review for shared auth, key handling, fingerprinting, or trust signal module.","imports:tailwindcss, tailwindcss-animate | security-score:55",6c7458f2b07d6423
2d1ca938e8e34f1e3e0c022a,mbarbine__email-reading-service-webby,security,security,security-module,security,next.config,next-config,next.config.mjs,.mjs,43,,next,next,next-react,npm,65,40,site-specific-or-low-confidence,True,none,none,none,"Security component for security; review for shared auth, key handling, fingerprinting, or trust signal module.",imports:next | security-score:55,a65afda30ae186f4
8ae1f4faf19f0fd0a6dad75e,mbarbine__evernote-js,security,security,security-module,auth-and-keys,package,package,package.json,.json,50,,,,react,pnpm,55,55,catalog-only,True,none,none,none,"Security component for auth-and-keys; review for shared auth, key handling, fingerprinting, or trust signal module.",security-score:55,1fbf5386604565ef
35a8f5ff81c90a94452e878c,mbarbine__fortune-cookie-webby,security,security,security-module,commerce,tailwind.config,tailwind-config,tailwind.config.ts,.ts,100,,"tailwindcss,tailwindcss-animate","tailwindcss,tailwindcss-animate",next-react,pnpm,65,40,site-specific-or-low-confidence,True,none,none,none,"Security component for commerce; review for shared auth, key handling, fingerprinting, or trust signal module.","imports:tailwindcss, tailwindcss-animate | security-score:55",762b53bfd63f4d5f
9758abc0db0c63609b344b89,mbarbine__fortune-cookie-webby-yj,security,security,security-module,commerce,tailwind.config,tailwind-config,tailwind.config.ts,.ts,99,,"tailwindcss,tailwindcss-animate","tailwindcss,tailwindcss-animate",next-react,pnpm,65,40,site-specific-or-low-confidence,True,none,none,none,"Security component for commerce; review for shared auth, key handling, fingerprinting, or trust signal module.","imports:tailwindcss, tailwindcss-animate | security-score:55",f46cbda15d4acc91
14dfb90c8874af0f50d6018d,mbarbine__fortune-cookie-webby-yj,security,"security,automation",security-module,ai,life-goals-math.test,life-goals-math,tests/life-goals-math.test.ts,.ts,333,N,"@/lib/life-goals,vitest","@/lib,vitest",next-react,pnpm,90,40,site-specific-or-low-confidence,False,none,secondary,none,"Security component for ai; review for shared auth, key handling, fingerprinting, or trust signal module.","exports:N | imports:@/lib/life-goals, vitest | security-score:55 | automation-score:45",fe77ed57a4e2ebfd
10371bd7cc41ce398e284d7a,mbarbine__fortune-cookie-webby-yj,security,security,key-management,analytics,keyboard-shortcuts.test,keyboard-shortcuts,tests/keyboard-shortcuts.test.ts,.ts,160,,"@/hooks/use-keyboard-shortcuts,@testing-library/react,vitest","@/hooks,@testing-library/react,vitest",next-react,pnpm,65,30,site-specific-or-low-confidence,True,none,none,none,"Security component for analytics; review for shared auth, key handling, fingerprinting, or trust signal module.","imports:@/hooks/use-keyboard-shortcuts, @testing-library/react, vitest | security-score:55",583c7d8d992ea59d
8e175a266729819efa0363e9,mbarbine__fortune-cookie-webby-yj,security,security,security-module,auth-and-keys,fortune-data-integrity.test,fortune-data-integrity,tests/fortune-data-integrity.test.ts,.ts,135,,"@/lib/life-goals,vitest","@/lib,vitest",next-react,pnpm,65,45,site-specific-or-low-confidence,False,none,none,none,"Security component for auth-and-keys; review for shared auth, key handling, fingerprinting, or trust signal module.","imports:@/lib/life-goals, vitest | security-score:55",312a22f91b0e3878
989bb881a5e3ca306d828793,mbarbine__fortune-cookie-webby-yj,security,security,security-module,ai,session-management.test,session-management,tests/session-management.test.ts,.ts,165,,"@/lib/life-goals,vitest","@/lib,vitest",next-react,pnpm,65,45,site-specific-or-low-confidence,False,none,none,none,"Security component for ai; review for shared auth, key handling, fingerprinting, or trust signal module.","imports:@/lib/life-goals, vitest | security-score:55",5a8a69d8c8466293
e7654057d143cd2a538934fa,mbarbine__fortune-cookie-webby-yj,security,security,security-module,analytics,setup,setup,tests/setup.ts,.ts,38,,vitest,vitest,next-react,pnpm,65,40,site-specific-or-low-confidence,True,none,none,none,"Security component for analytics; review for shared auth, key handling, fingerprinting, or trust signal module.",imports:vitest | security-score:55,04afa0a08b8d4e1e
63004c7e4da0808415f03aa8,mbarbine__fortune-cookie-webby-yj,security,security,security-module,logic,use-fortune-stats,use-fortune-stats,hooks/use-fortune-stats.ts,.ts,181,useFortuneStats,"@/lib/life-goals,react","@/lib,react",next-react,pnpm,80,45,site-specific-or-low-confidence,True,none,none,none,"Security component for logic; review for shared auth, key handling, fingerprinting, or trust signal module.","exports:useFortuneStats | imports:@/lib/life-goals, react | security-score:55",2574a96920b96ae6
d6ae67c7daeff122a2b25fc8,mbarbine__fortune-cookie-webby-yj,security,security,security-module,auth-and-keys,use-analytics,use-analytics,hooks/use-analytics.ts,.ts,156,useAnalytics,"@/lib/life-goals,react","@/lib,react",next-react,pnpm,80,45,site-specific-or-low-confidence,True,none,none,none,"Security component for auth-and-keys; review for shared auth, key handling, fingerprinting, or trust signal module.","exports:useAnalytics | imports:@/lib/life-goals, react | security-score:55",51360891161997c2
3c5aed734aef5b2ee0b2f1d4,mbarbine__fortune-cookie-webby-yj,security,security,key-management,analytics,use-keyboard-shortcuts,use-keyboard-shortcuts,hooks/use-keyboard-shortcuts.ts,.ts,59,useKeyboardShortcuts,react,react,next-react,pnpm,80,40,site-specific-or-low-confidence,True,none,none,none,"Security component for analytics; review for shared auth, key handling, fingerprinting, or trust signal module.",exports:useKeyboardShortcuts | imports:react | security-score:55,220866f1c830c262
b6b0819e2b5390f523d8ccf2,mbarbine__foxio-labs,security,"security,ai",security-module,ai,next.config,next-config,next.config.js,.js,72,,nextra,nextra,unknown,unknown,75,55,catalog-only,True,none,none,none,"Security component for ai; review for shared auth, key handling, fingerprinting, or trust signal module.",imports:nextra | security-score:55 | ai-score:45,c4e31d2aa466b8fe
69af022d3bdd07e4a5c3dc17,mbarbine__foxio-labs,security,"security,ai",security-module,ai,global.d,global-d,types/global.d.ts,.ts,30,,,,unknown,unknown,65,55,catalog-only,True,none,none,none,"Security component for ai; review for shared auth, key handling, fingerprinting, or trust signal module.",security-score:55 | ai-score:45 | model-provider,ee82e45ffd1c8ab4
cb77584feeb31315eb78fa8f,mbarbine__foxio-labs,security,security,auth,auth-and-keys,auth-config,auth-config,config/auth-config.ts,.ts,17,authOptions,"next-auth,next-auth/providers/google",next-auth,unknown,unknown,80,50,catalog-only,True,none,none,none,"Security component for auth-and-keys; review for shared auth, key handling, fingerprinting, or trust signal module.","exports:authOptions | imports:next-auth, next-auth/providers/google | security-score:55 | uses-env",0611814ed01ff369
b0fe09f315ead9baaabb789d,mbarbine__front-runners-webby,security,security,security-module,security,next.config,next-config,next.config.mjs,.mjs,48,,next,next,next-react,pnpm,65,40,site-specific-or-low-confidence,True,none,none,none,"Security component for security; review for shared auth, key handling, fingerprinting, or trust signal module.",imports:next | security-score:55,c45eab6a7a675648
c11536a12e6a7d5ce1d7c9c1,mbarbine__game-porting-service-webby,security,security,security-module,security,next.config,next-config,next.config.mjs,.mjs,40,,next,next,next-react,pnpm,65,40,site-specific-or-low-confidence,True,none,none,none,"Security component for security; review for shared auth, key handling, fingerprinting, or trust signal module.",imports:next | security-score:55,285121f615832631
2e744ff0cda5342817cc213c,mbarbine__gamer,security,security,security-module,commerce,tailwind.config,tailwind-config,tailwind.config.ts,.ts,96,,"tailwindcss,tailwindcss-animate","tailwindcss,tailwindcss-animate",next-react,pnpm,65,40,site-specific-or-low-confidence,True,none,none,none,"Security component for commerce; review for shared auth, key handling, fingerprinting, or trust signal module.","imports:tailwindcss, tailwindcss-animate | security-score:55",58c78ffd25a3691a
2905eb647ec35f505c280787,mbarbine__gta-6-countdown-webby,security,security,security-module,commerce,next.config,next-config,next.config.mjs,.mjs,63,,next,next,next-react,pnpm,65,40,site-specific-or-low-confidence,True,none,none,none,"Security component for commerce; review for shared auth, key handling, fingerprinting, or trust signal module.",imports:next | security-score:55,bf82820e246f4a3a
6649dbfa1bcf1a0c0e660979,mbarbine__instant-snap-postcard,security,security,security-module,commerce,tailwind.config,tailwind-config,tailwind.config.ts,.ts,91,,"tailwindcss,tailwindcss-animate","tailwindcss,tailwindcss-animate",react,npm,65,40,site-specific-or-low-confidence,True,none,none,none,"Security component for commerce; review for shared auth, key handling, fingerprinting, or trust signal module.","imports:tailwindcss, tailwindcss-animate | security-score:55",51966aebfd6890a6
c0be139639b444d540293933,mbarbine__instant-snap-postcard,security,security,security-module,auth-and-keys,client,client,src/integrations/supabase/client.ts,.ts,17,supabase,"./types,@/integrations/supabase/client,@supabase/supabase-js","@/integrations,@supabase/supabase-js",react,npm,80,45,site-specific-or-low-confidence,False,none,none,none,"Security component for auth-and-keys; review for shared auth, key handling, fingerprinting, or trust signal module.","exports:supabase | imports:./types, @/integrations/supabase/client, @supabase/supabase-js | security-score:55",b0ca77b4eaebb21d
ca7bb4205855c2f7cf7b3ee6,mbarbine__ja4-sidecar,security,"security,automation",security-module,auth-and-keys,wildduck-dbs,wildduck-dbs,config/wildduck-dbs.toml,.toml,28,,,,unknown,unknown,65,55,catalog-only,False,none,secondary,none,"Security component for auth-and-keys; review for shared auth, key handling, fingerprinting, or trust signal module.",security-score:55 | automation-score:45,fe1ffecb53001f6e
774db9804814e1258b30b709,mbarbine__ja4-sidecar,security,security,security-module,general,traefik,traefik,config/certs/traefik.toml,.toml,48,,,,unknown,unknown,55,40,site-specific-or-low-confidence,False,none,none,none,"Security component for general; review for shared auth, key handling, fingerprinting, or trust signal module.",security-score:55,cfd4e2808ad076a0
6cd1f5afaf1be4f67cc8f0f5,mbarbine__ja4-sidecar,security,"security,automation,ai",security-module,auth-and-keys,roles,roles,config/wildduck/roles.toml,.toml,247,,,,unknown,unknown,65,50,catalog-only,True,none,secondary,none,"Security component for auth-and-keys; review for shared auth, key handling, fingerprinting, or trust signal module.",security-score:55 | automation-score:45 | ai-score:45,9b0f893cf00466bb
a8dc0982ae4610aa28642ace,mbarbine__ja4-sidecar,security,security,security-module,general,dynamic-config,dynamic-config,config/traefik/dynamic-config.toml,.toml,29,,,,unknown,unknown,55,40,site-specific-or-low-confidence,False,none,none,none,"Security component for general; review for shared auth, key handling, fingerprinting, or trust signal module.",security-score:55,cb07e78ac192d346
a406858b6c703e85d49d34a7,mbarbine__ja4-sidecar,security,"security,automation",fingerprinting,auth-and-keys,ja4-sniffer-daemonset,ja4-sniffer-daemonset,k8s/ja4-sniffer-daemonset.yaml,.yaml,119,,,,unknown,unknown,65,55,catalog-only,True,none,secondary,none,"Security component for auth-and-keys; review for shared auth, key handling, fingerprinting, or trust signal module.",security-score:55 | automation-score:45,6863d2a9e292cafd
6b719268a905c2879f92e61a,mbarbine__ja4-sidecar,security,"security,automation",fingerprinting,security,package,package,ja4-alerts/package.json,.json,23,,,,unknown,unknown,65,40,site-specific-or-low-confidence,True,none,secondary,none,"Security component for security; review for shared auth, key handling, fingerprinting, or trust signal module.",security-score:55 | automation-score:45 | cron-or-schedule,86249ccac5cb6103
0c16b42a35efa987074af3a7,mbarbine__ja4-sidecar,security,security,fingerprinting,auth-and-keys,package,package,ja4-sniffer/package.json,.json,27,,,,unknown,unknown,55,55,catalog-only,True,none,none,none,"Security component for auth-and-keys; review for shared auth, key handling, fingerprinting, or trust signal module.",security-score:55,79bf720575fbdad0
099a88eb9faedc8b4f44a89e,mbarbine__ja4-sidecar,security,security,fingerprinting,auth-and-keys,package,package,ja4-cli/package.json,.json,42,,,,unknown,unknown,55,55,catalog-only,False,none,none,none,"Security component for auth-and-keys; review for shared auth, key handling, fingerprinting, or trust signal module.",security-score:55,358ce5437649f48f
0fc38d862afd62135a26fced,mbarbine__ja4-vercel-lab-2,security,"security,logic",security-module,general,supabase,supabase,app/lib/supabase.ts,.ts,8,supabase,@supabase/supabase-js,@supabase/supabase-js,next-react,pnpm,95,30,site-specific-or-low-confidence,True,none,none,secondary,"Security component for general; review for shared auth, key handling, fingerprinting, or trust signal module.",exports:supabase | imports:@supabase/supabase-js | security-score:55 | logic-score:45 | uses-env,165323d6a8098a2d
f2233638c8550c9362ec0c2a,mbarbine__ja4mlab,security,security,fingerprinting,security,ja4l,ja4l,delivery artifacts/technical-evidence/scenarios/03-final-exhaustive-tls/fingerprints/aggregate/ja4l.json,.json,2070,,,,unknown,python,55,20,site-specific-or-low-confidence,True,none,none,none,"Security component for security; review for shared auth, key handling, fingerprinting, or trust signal module.",security-score:55,f0f1e2b8a085adb5
ec6f9085a74f1d33b177024a,mbarbine__ja4mlab,security,"security,process,ai",security-module,security,test_repo_docs,test-repo-docs,tests/integration/test_repo_docs.py,.py,29,"test_core_docs_exist,test_docs_define_ja4m_client_server_split,test_docs_do_not_describe_mock_service_substitutes",pathlib,pathlib,python,python,90,40,site-specific-or-low-confidence,True,secondary,none,none,"Security component for security; review for shared auth, key handling, fingerprinting, or trust signal module.","exports:test_core_docs_exist, test_docs_define_ja4m_client_server_split, test_docs_do_not_describe_mock_service_substitutes | imports:pathlib | security-score:55 | process-score:45 | ai-score:45",d907669a10853d5d
48c5d2b4a1e28130562a0b5e,mbarbine__ja4mlab,security,"security,logic",fingerprinting,security,declared-vs-actual,declared-vs-actual,review/ja4m-security-review/validation/final-exhaustive-tls/declared-vs-actual.json,.json,0,,,,unknown,python,60,35,site-specific-or-low-confidence,True,none,none,secondary,"Security component for security; review for shared auth, key handling, fingerprinting, or trust signal module.",security-score:55 | logic-score:45,0b9edaef45130062
5c63cb5e9a6cce9bfda083eb,mbarbine__ja4mlab,security,security,fingerprinting,security,package,package,packages/shared-fingerprint/package.json,.json,5,,,,unknown,python,50,35,site-specific-or-low-confidence,True,none,none,none,"Security component for security; review for shared auth, key handling, fingerprinting, or trust signal module.",security-score:55,b2881a3bc8457f54
d3781e1f3eb4599e20be8685,mbarbine__ja4mlab,security,security,fingerprinting,mcp,ja4m-x,ja4m-x,packages/shared-fingerprint/src/ja4m-x.ts,.ts,19,buildJa4mExchangeFingerprint,"./buckets,./graphs,./normalize",,unknown,python,80,55,catalog-only,True,none,none,none,"Security component for mcp; review for shared auth, key handling, fingerprinting, or trust signal module.","exports:buildJa4mExchangeFingerprint | imports:./buckets, ./graphs, ./normalize | security-score:55",dc12704b1543d272
b70b366930bfaed9585ec9f9,mbarbine__ja4mlab,security,security,fingerprinting,security,index,index,packages/shared-fingerprint/src/index.ts,.ts,6,,"./buckets,./graphs,./ja4m-c,./ja4m-s,./ja4m-x,./normalize",,unknown,python,60,35,site-specific-or-low-confidence,True,none,none,none,"Security component for security; review for shared auth, key handling, fingerprinting, or trust signal module.","imports:./buckets, ./graphs, ./ja4m-c, ./ja4m-s, ./ja4m-x, ./normalize | security-score:55",d9b69a7d57579013
f03d12df4ad51d61ef21825b,mbarbine__ja4mlab,security,"security,discovery",security-module,ai,llms,llms,packages/shared-http/src/llms.ts,.ts,68,"LlmsInput,buildLlmsFullText,buildLlmsText",./capabilities,,unknown,python,90,55,catalog-only,True,none,none,none,"Security component for ai; review for shared auth, key handling, fingerprinting, or trust signal module.","exports:LlmsInput, buildLlmsFullText, buildLlmsText | imports:./capabilities | security-score:55 | discovery-score:55",6ff4482a14812a85
c00d4d4983444b4841e6bbcf,mbarbine__ja4mlab,security,security,security-module,mcp,capabilities,capabilities,packages/shared-http/src/capabilities.ts,.ts,36,"CapabilitiesInput,Capability,buildCapabilitiesResponse,sortCapabilities",,,unknown,python,70,55,catalog-only,True,none,none,none,"Security component for mcp; review for shared auth, key handling, fingerprinting, or trust signal module.","exports:CapabilitiesInput, Capability, buildCapabilitiesResponse, sortCapabilities | security-score:55",e5dc224193c2392e
b84d267b4d3bd3115042c73d,mbarbine__ja4mlab,security,security,security-module,mcp,assertions,assertions,packages/shared-scenarios/src/assertions.ts,.ts,21,"BundleAssertionInput,assertBundleShape,assertNoJa4mOnNonMcpLeg",,,unknown,python,70,55,catalog-only,True,none,none,none,"Security component for mcp; review for shared auth, key handling, fingerprinting, or trust signal module.","exports:BundleAssertionInput, assertBundleShape, assertNoJa4mOnNonMcpLeg | security-score:55",16b3351c23b5ffdd
a466d4e26a27107ba17daad1,mbarbine__ja4mlab,security,"security,discovery",auth,mcp,034-auth-error,034-auth-error,scenarios/manifests/034-auth-error.json,.json,16,,,,unknown,python,65,55,catalog-only,True,none,none,none,"Security component for mcp; review for shared auth, key handling, fingerprinting, or trust signal module.",security-score:55 | discovery-score:55,569573d3bb1f3d9e
859cf926b2d5c89f9f94d12a,mbarbine__job-manager,security,"security,automation",security-module,workflow,app,app,.do/app.yaml,.yaml,114,,,,unknown,npm,65,40,site-specific-or-low-confidence,True,none,secondary,none,"Security component for workflow; review for shared auth, key handling, fingerprinting, or trust signal module.",security-score:55 | automation-score:45,0d5b18f29030511f
5af9f603afe0f054327d39cd,mbarbine__legacy-platphorm-news,security,"security,automation",security-module,auth-and-keys,package,package,package.json,.json,76,,,,svelte,unknown,65,55,catalog-only,True,none,secondary,none,"Security component for auth-and-keys; review for shared auth, key handling, fingerprinting, or trust signal module.",security-score:55 | automation-score:45,6ba1e0b8090982cc
eb20171db3cc4ac5a8347825,mbarbine__legacy-platphorm-news,security,security,security-module,testing,tsconfig,tsconfig,tsconfig.json,.json,45,,,,svelte,unknown,55,40,site-specific-or-low-confidence,False,none,none,none,"Security component for testing; review for shared auth, key handling, fingerprinting, or trust signal module.",security-score:55,bf4ae2827d4f118a
2430f358ba5606e278802e35,mbarbine__legacy-platphorm-news,security,"security,automation",security-module,auth-and-keys,settings,settings,.vscode/settings.json,.json,34,,,,svelte,unknown,65,55,catalog-only,True,none,secondary,none,"Security component for auth-and-keys; review for shared auth, key handling, fingerprinting, or trust signal module.",security-score:55 | automation-score:45,4e3acb820237a48f
89dc08d29e1cece254d604e9,mbarbine__legacy-platphorm-news,security,security,security-module,auth-and-keys,news,news,src/types/news.ts,.ts,103,"NewsArticleType,NewsItem,NewsItemType,NewsItemTypeWithAllFeatures,NewsItemTypeWithArticle,NewsItemTypeWithBackground,NewsItemTypeWithBorder,NewsItemTypeWithChildren,NewsItemTypeWithIcon,NewsItemTypeWithSource,NewsSource,NewsSourceIcon",,,svelte,unknown,70,55,catalog-only,True,none,none,none,"Security component for auth-and-keys; review for shared auth, key handling, fingerprinting, or trust signal module.","exports:NewsArticleType, NewsItem, NewsItemType, NewsItemTypeWithAllFeatures, NewsItemTypeWithArticle, NewsItemTypeWithBackground, NewsItemTypeWithBorder, NewsItemTypeWithChildren | security-score:55",35a5a079dd565ece
9348371491dff89e540f494a,mbarbine__legacy-platphorm-news,security,security,security-module,workflow,newsStore.d,news-store-d,src/types/newsStore.d.ts,.ts,45,"NewsStore,NewsStoreType","app,svelte/store","app,svelte",svelte,unknown,80,40,site-specific-or-low-confidence,True,none,none,none,"Security component for workflow; review for shared auth, key handling, fingerprinting, or trust signal module.","exports:NewsStore, NewsStoreType | imports:app, svelte/store | security-score:55",ca91e667cd1486c1
23124c1b77b0671e7a8d6fc3,mbarbine__legacy-platphorm-news,security,"security,automation",security-module,logic,useLocalStorage,use-local-storage,src/hooks/useLocalStorage.ts,.ts,82,useLocalStorage,svelte/store,svelte,svelte,unknown,90,55,catalog-only,True,none,secondary,none,"Security component for logic; review for shared auth, key handling, fingerprinting, or trust signal module.",exports:useLocalStorage | imports:svelte/store | security-score:55 | automation-score:45,4fab6b91d6ba6027
2072079b04fcb9e72b25d39a,mbarbine__lettuce,security,"security,ai",security-module,auth-and-keys,test,test,module-lwe/src/test.rs,.rs,57,,,,rust,cargo,65,55,catalog-only,True,none,none,none,"Security component for auth-and-keys; review for shared auth, key handling, fingerprinting, or trust signal module.",security-score:55 | ai-score:45,6ddfd06ad2ddea81
57662ee7591688eff7c09a52,mbarbine__lettuce,security,security,security-module,auth-and-keys,decrypt,decrypt,module-lwe/src/decrypt.rs,.rs,98,,,,rust,cargo,55,55,catalog-only,False,none,none,none,"Security component for auth-and-keys; review for shared auth, key handling, fingerprinting, or trust signal module.",security-score:55,269040ba5580ebe0
313773525e12be3441f5418f,mbarbine__lettuce,security,"security,logic",security-module,shipping,lib,lib,module-lwe/src/lib.rs,.rs,8,,,,rust,cargo,60,35,site-specific-or-low-confidence,True,none,none,secondary,"Security component for shipping; review for shared auth, key handling, fingerprinting, or trust signal module.",security-score:55 | logic-score:45,85900385d9d40b4b
6ee49d806cab527e144dea02,mbarbine__lettuce,security,security,security-module,auth-and-keys,encrypt,encrypt,module-lwe/src/encrypt.rs,.rs,120,,,,rust,cargo,55,55,catalog-only,False,none,none,none,"Security component for auth-and-keys; review for shared auth, key handling, fingerprinting, or trust signal module.",security-score:55,961e97e8c5f2d725
da2444665d13e1386c0453c9,mbarbine__lettuce,security,security,key-management,auth-and-keys,keygen,keygen,module-lwe/src/keygen.rs,.rs,84,,,,rust,cargo,55,55,catalog-only,False,none,none,none,"Security component for auth-and-keys; review for shared auth, key handling, fingerprinting, or trust signal module.",security-score:55,1fa4213118f9b283
4f5334a3f0cc8528b6ece494,mbarbine__lettuce,security,security,security-module,auth-and-keys,main,main,module-lwe/src/main.rs,.rs,64,,,,rust,cargo,55,55,catalog-only,False,none,none,none,"Security component for auth-and-keys; review for shared auth, key handling, fingerprinting, or trust signal module.",security-score:55,39aba55941a093ae
6783264c079aa7369a129ddb,mbarbine__lettuce,security,security,security-module,testing,main,main,ring-lwe/main.rs,.rs,5,,,,rust,cargo,50,35,site-specific-or-low-confidence,False,none,none,none,"Security component for testing; review for shared auth, key handling, fingerprinting, or trust signal module.",security-score:55,6eb3883f95108239
47aab099a7ffe1f6a1378482,mbarbine__lettuce,security,"security,ai",security-module,auth-and-keys,test,test,ring-lwe/src/test.rs,.rs,124,,,,rust,cargo,65,55,catalog-only,True,none,none,none,"Security component for auth-and-keys; review for shared auth, key handling, fingerprinting, or trust signal module.",security-score:55 | ai-score:45,9e39bde98ba40461
8a13f6fb7fe4172d576f63bf,mbarbine__lettuce,security,security,security-module,auth-and-keys,decrypt,decrypt,ring-lwe/src/decrypt.rs,.rs,81,,,,rust,cargo,55,55,catalog-only,False,none,none,none,"Security component for auth-and-keys; review for shared auth, key handling, fingerprinting, or trust signal module.",security-score:55,485c3b68077c220a
08ccaf2aeb3a850c9bbf68fc,mbarbine__lettuce,security,"security,logic",security-module,shipping,lib,lib,ring-lwe/src/lib.rs,.rs,8,,,,rust,cargo,60,35,site-specific-or-low-confidence,True,none,none,secondary,"Security component for shipping; review for shared auth, key handling, fingerprinting, or trust signal module.",security-score:55 | logic-score:45,480fb35c0f61ec97
6043d345661da53ff8a084b3,mbarbine__lettuce,security,security,security-module,shipping,encrypt,encrypt,ring-lwe/src/encrypt.rs,.rs,88,,,,rust,cargo,55,40,site-specific-or-low-confidence,True,none,none,none,"Security component for shipping; review for shared auth, key handling, fingerprinting, or trust signal module.",security-score:55,114cd2960d930b5e
93c287c232b7be3bb5dec989,mbarbine__lettuce,security,security,key-management,auth-and-keys,keygen,keygen,ring-lwe/src/keygen.rs,.rs,57,,,,rust,cargo,55,55,catalog-only,False,none,none,none,"Security component for auth-and-keys; review for shared auth, key handling, fingerprinting, or trust signal module.",security-score:55,309b2a41dee28393
5c1af1eb26be82d051f7efaf,mbarbine__lettuce,security,security,security-module,auth-and-keys,main,main,ring-lwe/src/main.rs,.rs,70,,,,rust,cargo,55,55,catalog-only,False,none,none,none,"Security component for auth-and-keys; review for shared auth, key handling, fingerprinting, or trust signal module.",security-score:55,ae47ff4de34ebb87
1aea3d5cf3c14e57d4696787,mbarbine__lettuce,security,security,security-module,general,benchmark_encaps,benchmark-encaps,benches/benchmark_encaps.rs,.rs,51,,,,rust,cargo,55,40,site-specific-or-low-confidence,False,none,none,none,"Security component for general; review for shared auth, key handling, fingerprinting, or trust signal module.",security-score:55,4c995b9e52678d89
674b1d4270dde8967b575a92,mbarbine__lettuce,security,security,key-management,general,benchmark_keygen,benchmark-keygen,benches/benchmark_keygen.rs,.rs,21,,,,rust,cargo,55,40,site-specific-or-low-confidence,False,none,none,none,"Security component for general; review for shared auth, key handling, fingerprinting, or trust signal module.",security-score:55,f46e8b4cd70d8138
6db72dfeb804b472a78132ef,mbarbine__lettuce,security,security,security-module,general,benchmark_encrypt,benchmark-encrypt,benches/benchmark_encrypt.rs,.rs,29,,,,rust,cargo,55,40,site-specific-or-low-confidence,False,none,none,none,"Security component for general; review for shared auth, key handling, fingerprinting, or trust signal module.",security-score:55,49e58d9abbb7d1dc
518479fbb56696a3ef120ef2,mbarbine__lettuce,security,security,security-module,auth-and-keys,benchmark_decrypt,benchmark-decrypt,benches/benchmark_decrypt.rs,.rs,33,,,,rust,cargo,55,55,catalog-only,False,none,none,none,"Security component for auth-and-keys; review for shared auth, key handling, fingerprinting, or trust signal module.",security-score:55,d3a05e2cef5c24c7
b51164d1c3319991d1bd6613,mbarbine__lettuce,security,security,security-module,general,benchmark_decaps,benchmark-decaps,benches/benchmark_decaps.rs,.rs,63,,,,rust,cargo,55,40,site-specific-or-low-confidence,False,none,none,none,"Security component for general; review for shared auth, key handling, fingerprinting, or trust signal module.",security-score:55,eb3bf071eb926341
196eab5694e52091da7cb9fb,mbarbine__mailthing,security,security,security-module,auth-and-keys,package,package,package.json,.json,29,,,,unknown,unknown,55,55,catalog-only,False,none,none,none,"Security component for auth-and-keys; review for shared auth, key handling, fingerprinting, or trust signal module.",security-score:55,37a746696ba9d6f4
b6634ab107f5720977ecd301,mbarbine__mailthing,security,security,security-module,general,supabase,supabase,src/config/supabase.ts,.ts,8,supabaseClient,"./env,@supabase/supabase-js",@supabase/supabase-js,unknown,unknown,75,35,site-specific-or-low-confidence,False,none,none,none,"Security component for general; review for shared auth, key handling, fingerprinting, or trust signal module.","exports:supabaseClient | imports:./env, @supabase/supabase-js | security-score:55",674d22fb25bf5631
05e6cc15aa27910d9adf3322,mbarbine__mailthing,security,security,security-module,auth-and-keys,env,env,src/config/env.ts,.ts,38,ENV,dotenv,dotenv,unknown,unknown,80,50,catalog-only,True,none,none,none,"Security component for auth-and-keys; review for shared auth, key handling, fingerprinting, or trust signal module.",exports:ENV | imports:dotenv | security-score:55 | uses-env,88fc19a146a9e0df
8bc14edaef26999266b9ba6c,mbarbine__mailthing-api,security,"security,automation",security-module,analytics,package,package,package.json,.json,38,,,,next-react,pnpm,65,40,site-specific-or-low-confidence,True,none,secondary,none,"Security component for analytics; review for shared auth, key handling, fingerprinting, or trust signal module.",security-score:55 | automation-score:45,64b03ce8ab5e3aba
8051d2e5cc8a5998809e00e1,mbarbine__mailthing-api,security,security,security-module,commerce,app,app,app/src/app.ts,.ts,28,createApp,"../src/routes/credits,../src/routes/payments,../src/routes/user,cors,express","cors,express",next-react,pnpm,90,40,site-specific-or-low-confidence,False,none,none,none,"Security component for commerce; review for shared auth, key handling, fingerprinting, or trust signal module.","exports:createApp | imports:../src/routes/credits, ../src/routes/payments, ../src/routes/user, cors, express | security-score:55",33df7479c6b64585
ac172f6854dffff3b0b97b22,mbarbine__mailthing-client,security,"security,automation",security-module,auth-and-keys,package,package,package.json,.json,49,,,,react,pnpm,65,55,catalog-only,True,none,secondary,none,"Security component for auth-and-keys; review for shared auth, key handling, fingerprinting, or trust signal module.",security-score:55 | automation-score:45,a2d6be221f6ffd16
64182b220e027a6d3300516b,mbarbine__mailthing-client,security,security,security-module,auth-and-keys,env.d,env-d,src/env.d.ts,.ts,16,,,,react,pnpm,55,55,catalog-only,False,none,none,none,"Security component for auth-and-keys; review for shared auth, key handling, fingerprinting, or trust signal module.",security-score:55,8392be4ff17a219a
8c5699cb64c2d52da07dc5a4,mbarbine__mailthing-client,security,security,security-module,auth-and-keys,userContext,user-context,src/context/userContext.js,.js,47,"UserProvider,useUser","@auth0/auth0-react,react,react/jsx-runtime","@auth0/auth0-react,react",react,pnpm,80,55,catalog-only,False,none,none,none,"Security component for auth-and-keys; review for shared auth, key handling, fingerprinting, or trust signal module.","exports:UserProvider, useUser | imports:@auth0/auth0-react, react, react/jsx-runtime | security-score:55",2c5e56a36ad66599
cd6e4f154fcc55542de0880e,mbarbine__mailthing-client,security,security,auth,auth-and-keys,auth0,auth0,src/config/auth0.ts,.ts,18,authConfig,,,react,pnpm,70,55,catalog-only,False,none,none,none,"Security component for auth-and-keys; review for shared auth, key handling, fingerprinting, or trust signal module.",exports:authConfig | security-score:55,19f0fcf3f2e19a45
f32f24b58594d56f7b515cd8,mbarbine__mailthing-main,security,security,security-module,design-system,tailwind.config,tailwind-config,tailwind.config.js,.js,40,,"tailwindcss,tailwindcss-animate,tailwindcss/defaultTheme","tailwindcss,tailwindcss-animate",next-react,pnpm,65,55,catalog-only,True,none,none,none,"Security component for design-system; review for shared auth, key handling, fingerprinting, or trust signal module.","imports:tailwindcss, tailwindcss-animate, tailwindcss/defaultTheme | security-score:55",789dd1c156aeea0e
518c7a22e69717e77a2f0f83,mbarbine__microwave-stickers-,security,security,security-module,commerce,tailwind.config,tailwind-config,tailwind.config.ts,.ts,98,,"tailwindcss,tailwindcss-animate","tailwindcss,tailwindcss-animate",next-react,pnpm,65,40,site-specific-or-low-confidence,True,none,none,none,"Security component for commerce; review for shared auth, key handling, fingerprinting, or trust signal module.","imports:tailwindcss, tailwindcss-animate | security-score:55",521fe85443e06f8a
79b980c0215b6b2717db7489,mbarbine__news-api,security,"security,automation",security-module,auth-and-keys,package,package,package.json,.json,66,,,,svelte,pnpm,65,55,catalog-only,True,none,secondary,none,"Security component for auth-and-keys; review for shared auth, key handling, fingerprinting, or trust signal module.",security-score:55 | automation-score:45,f24ca7036dfa68b2
455325c2adf80684d6dc1873,mbarbine__news-api,security,security,security-module,auth-and-keys,app.d,app-d,src/app.d.ts,.ts,89,"HackerNewsStoryType,MenuItem,NewsArticleType,NewsItem,Page,Route,RouteMatch,RouteParams,SiteData,Story",,,svelte,pnpm,70,55,catalog-only,True,none,none,none,"Security component for auth-and-keys; review for shared auth, key handling, fingerprinting, or trust signal module.","exports:HackerNewsStoryType, MenuItem, NewsArticleType, NewsItem, Page, Route, RouteMatch, RouteParams | security-score:55",1a391c0e5cf2256c
d2b67fbc46b510546ca9e4ef,mbarbine__news-api,security,security,security-module,auth-and-keys,news,news,src/types/news.ts,.ts,41,NewsItem,,,svelte,pnpm,70,55,catalog-only,False,none,none,none,"Security component for auth-and-keys; review for shared auth, key handling, fingerprinting, or trust signal module.",exports:NewsItem | security-score:55,773956e9da8a389d
5368285ecde4cd69f4a83258,mbarbine__news-api,security,security,security-module,auth-and-keys,newsItem.d,news-item-d,src/types/newsItem.d.ts,.ts,41,NewsItem,,,svelte,pnpm,70,55,catalog-only,False,none,none,none,"Security component for auth-and-keys; review for shared auth, key handling, fingerprinting, or trust signal module.",exports:NewsItem | security-score:55,f153b2ddd5242dd0
ecf694290a0c89d4a4e69ded,mbarbine__news-api,security,security,security-module,logic,useLocalStorage,use-local-storage,src/hooks/useLocalStorage.ts,.ts,12,useLocalStorage,svelte/store,svelte,svelte,pnpm,80,55,catalog-only,True,none,none,none,"Security component for logic; review for shared auth, key handling, fingerprinting, or trust signal module.",exports:useLocalStorage | imports:svelte/store | security-score:55,73ff6eea2321d2b3
ff7713b15b44a11e091d857c,mbarbine__nextjs-ai-4,security,security,auth,auth-and-keys,auth,auth,app/(auth)/auth.ts,.ts,55,,"./auth.config,@/lib/db/queries,bcrypt-ts,next-auth,next-auth/providers/credentials","@/lib,bcrypt-ts,next-auth",next-react,pnpm,75,45,site-specific-or-low-confidence,False,none,none,none,"Security component for auth-and-keys; review for shared auth, key handling, fingerprinting, or trust signal module.","imports:./auth.config, @/lib/db/queries, bcrypt-ts, next-auth, next-auth/providers/credentials | security-score:55",6a1d67c35026cd18
72b9c4d5a2ab0317be6b1857,mbarbine__nextjs-ai-chatbot,security,security,auth,auth-and-keys,auth,auth,app/(auth)/auth.ts,.ts,55,,"./auth.config,@/lib/db/queries,bcrypt-ts,next-auth,next-auth/providers/credentials","@/lib,bcrypt-ts,next-auth",next-react,pnpm,75,45,site-specific-or-low-confidence,False,none,none,none,"Security component for auth-and-keys; review for shared auth, key handling, fingerprinting, or trust signal module.","imports:./auth.config, @/lib/db/queries, bcrypt-ts, next-auth, next-auth/providers/credentials | security-score:55",6a1d67c35026cd18
208b570f07ee32742d57dc76,mbarbine__nova-hackers-webby,security,security,security-module,security,next.config,next-config,next.config.mjs,.mjs,41,,next,next,next-react,pnpm,65,40,site-specific-or-low-confidence,True,none,none,none,"Security component for security; review for shared auth, key handling, fingerprinting, or trust signal module.",imports:next | security-score:55,ead33a204ef30f95
a78a238fa9ac6b18d7fde7e2,mbarbine__nova-hackers-webby,security,security,security-module,commerce,tailwind.config,tailwind-config,tailwind.config.ts,.ts,81,,"tailwindcss,tailwindcss-animate","tailwindcss,tailwindcss-animate",next-react,pnpm,65,40,site-specific-or-low-confidence,True,none,none,none,"Security component for commerce; review for shared auth, key handling, fingerprinting, or trust signal module.","imports:tailwindcss, tailwindcss-animate | security-score:55",515f89588e186ee9
8959d77e5729c80f0ae6abbf,mbarbine__nuclear-power-plant-webby-NPaaS,security,security,security-module,auth-and-keys,next.config,next-config,next.config.mjs,.mjs,44,,next,next,next-react,pnpm,65,55,catalog-only,True,none,none,none,"Security component for auth-and-keys; review for shared auth, key handling, fingerprinting, or trust signal module.",imports:next | security-score:55,2a689f137d16a268
9677152af9bfd2e6581a865a,mbarbine__onboard-platphorm-boilerplate-repo,security,security,security-module,general,next.config,next-config,next.config.mjs,.mjs,47,,next,next,next-react,pnpm,65,40,site-specific-or-low-confidence,True,none,none,none,"Security component for general; review for shared auth, key handling, fingerprinting, or trust signal module.",imports:next | security-score:55,8a95767b4590b731
1611f7a76156abff641adc66,mbarbine__ph3ar-admin-dashboard,security,security,security-module,commerce,tailwind.config,tailwind-config,tailwind.config.ts,.ts,78,,"tailwindcss,tailwindcss-animate","tailwindcss,tailwindcss-animate",next-react,pnpm,65,40,site-specific-or-low-confidence,True,none,none,none,"Security component for commerce; review for shared auth, key handling, fingerprinting, or trust signal module.","imports:tailwindcss, tailwindcss-animate | security-score:55",030823d5ae24eabe
19f5f997ab404df995312259,mbarbine__ph3ar-admin-dashboard,security,"security,logic",auth,auth-and-keys,auth,auth,lib/auth.ts,.ts,6,,"next-auth,next-auth/providers/github",next-auth,next-react,pnpm,80,50,catalog-only,False,none,none,secondary,"Security component for auth-and-keys; review for shared auth, key handling, fingerprinting, or trust signal module.","imports:next-auth, next-auth/providers/github | security-score:55 | logic-score:45",3d4094f5befcbb9d
b78acf6f29132c080bc3b00a,mbarbine__ph3ar-blog,security,security,auth,auth-and-keys,author,author,src/interfaces/author.ts,.ts,14,"Author,Post",,,next-react,pnpm,70,55,catalog-only,True,none,none,none,"Security component for auth-and-keys; review for shared auth, key handling, fingerprinting, or trust signal module.","exports:Author, Post | security-score:55",c5c89042c01059fa
3ac2ad620b302baaa5e26430,mbarbine__ph3ar-blog,security,security,security-module,auth-and-keys,post,post,src/interfaces/post.ts,.ts,48,"Author,OgImage,Post,SEO",,,next-react,pnpm,70,55,catalog-only,True,none,none,none,"Security component for auth-and-keys; review for shared auth, key handling, fingerprinting, or trust signal module.","exports:Author, OgImage, Post, SEO | security-score:55",cbfd157b04670b03
1d9ba3afa658e8e6504607cb,mbarbine__ph3ar-chatbot,security,security,auth,auth-and-keys,auth,auth,app/(auth)/auth.ts,.ts,61,,"./auth.config,@/lib/db/queries,bcrypt-ts,next-auth,next-auth/providers/credentials","@/lib,bcrypt-ts,next-auth",next-react,pnpm,75,40,site-specific-or-low-confidence,True,none,none,none,"Security component for auth-and-keys; review for shared auth, key handling, fingerprinting, or trust signal module.","imports:./auth.config, @/lib/db/queries, bcrypt-ts, next-auth, next-auth/providers/credentials | security-score:55 | uses-env",22f45b7f8a4d0d9a
526c05021caee07597204bfe,mbarbine__ph3ar-web,security,security,security-module,auth-and-keys,package,package,package.json,.json,26,,,,unknown,npm,55,55,catalog-only,False,none,none,none,"Security component for auth-and-keys; review for shared auth, key handling, fingerprinting, or trust signal module.",security-score:55,322da7069d5e62d6
3f905e9275594fa7b36e5c29,mbarbine__ph3ar-web,security,"security,automation",security-module,auth-and-keys,docker-compose,docker-compose,docker-compose.yml,.yml,14,,,,unknown,npm,65,55,catalog-only,False,none,secondary,none,"Security component for auth-and-keys; review for shared auth, key handling, fingerprinting, or trust signal module.",security-score:55 | automation-score:50,b8e595ed54a7dfd6
7e74e26febdee636609d746d,mbarbine__ph3ar-web,security,security,security-module,auth-and-keys,bootstrap.bundle.min,bootstrap-bundle-min,public/js/bootstrap.bundle.min.js,.js,7,"A,B,Dt,Et,F,G,H,I,J,K,L,M,N,O,P,Q,R,Wt,X,Z",jquery,jquery,unknown,npm,75,50,catalog-only,False,none,none,none,"Security component for auth-and-keys; review for shared auth, key handling, fingerprinting, or trust signal module.","exports:A, B, Dt, Et, F, G, H, I | imports:jquery | security-score:55",f67b782ec5a62c8f
05739fbcdda3837a60efa8dd,mbarbine__ph3ar-web,security,"security,discovery,automation,process",security-module,discovery,deployment,deployment,manifests/deployment.yaml,.yaml,23,,,,unknown,npm,65,55,catalog-only,False,secondary,secondary,none,"Security component for discovery; review for shared auth, key handling, fingerprinting, or trust signal module.",security-score:55 | discovery-score:55 | automation-score:50 | process-score:45,812943122dc1c4bf
2f217bbd06cd1b05a33d4171,mbarbine__platphorm-404,security,security,security-module,security,next.config,next-config,next.config.mjs,.mjs,37,,next,next,next-react,pnpm,65,40,site-specific-or-low-confidence,True,none,none,none,"Security component for security; review for shared auth, key handling, fingerprinting, or trust signal module.",imports:next | security-score:55,f8e01e697dd7a44c
157d7e6cbcceda4ee0fc5ada,mbarbine__platphorm-agentui,security,"security,automation",security-module,auth-and-keys,proxy,proxy,proxy.ts,.ts,22,"config,proxy",next/server,next,next-react,pnpm,90,55,catalog-only,False,none,secondary,none,"Security component for auth-and-keys; review for shared auth, key handling, fingerprinting, or trust signal module.","exports:config, proxy | imports:next/server | security-score:55 | automation-score:45",993fb155955bae68
dc5ab30e632b86cea434f997,mbarbine__platphorm-agentui,security,security,security-module,auth-and-keys,use-local-storage,use-local-storage,hooks/use-local-storage.ts,.ts,75,"useLocalStorage,useSessionStorage",react,react,next-react,pnpm,80,55,catalog-only,False,none,none,none,"Security component for auth-and-keys; review for shared auth, key handling, fingerprinting, or trust signal module.","exports:useLocalStorage, useSessionStorage | imports:react | security-score:55",c4476857b12d69bf
e34b5752c261b92ec29b6090,mbarbine__platphorm-agentui,security,"security,logic",security-module,mcp,policy,policy,lib/config/policy.ts,.ts,7,policy,,,next-react,pnpm,85,50,catalog-only,True,none,none,secondary,"Security component for mcp; review for shared auth, key handling, fingerprinting, or trust signal module.",exports:policy | security-score:55 | logic-score:45,702b2c6869096a90
df7edcd9b1cddb7a90dc5925,mbarbine__platphorm-agentui,security,"security,discovery,logic,automation,ai",security-module,ai,metadata,metadata,lib/standards/metadata.ts,.ts,55,defaultMetadata,"@/lib/config/service,next","@/lib,next",next-react,pnpm,100,45,site-specific-or-low-confidence,True,none,secondary,secondary,"Security component for ai; review for shared auth, key handling, fingerprinting, or trust signal module.","exports:defaultMetadata | imports:@/lib/config/service, next | security-score:55 | discovery-score:55 | logic-score:45 | automation-score:45 | ai-score:45",1eeea8708374f391
8570dad35f664b59824c2ae0,mbarbine__platphorm-ascii,security,security,security-module,ai,next.config,next-config,next.config.mjs,.mjs,50,,next,next,next-react,pnpm,65,55,catalog-only,True,none,none,none,"Security component for ai; review for shared auth, key handling, fingerprinting, or trust signal module.",imports:next | security-score:55,6d6ba575a4768ad9
ef4bb14cc13249f698744d88,mbarbine__platphorm-auction-vice,security,"security,automation",security-module,auth-and-keys,setup,setup,tests/setup.ts,.ts,88,,vitest,vitest,next-react,pnpm,75,50,catalog-only,True,none,secondary,none,"Security component for auth-and-keys; review for shared auth, key handling, fingerprinting, or trust signal module.",imports:vitest | security-score:55 | automation-score:45 | uses-env,8037e5b013462dbb
bccaed389869c07064767707,mbarbine__platphorm-auction-vice,security,"security,ai",security-module,ai,ebay-import.test,ebay-import,tests/features/ebay-import.test.ts,.ts,275,,vitest,vitest,next-react,pnpm,75,50,catalog-only,True,none,none,none,"Security component for ai; review for shared auth, key handling, fingerprinting, or trust signal module.",imports:vitest | security-score:55 | ai-score:45,d1dfac3675583a0a
3bd3b32d85dd9ef5442eb0c9,mbarbine__platphorm-auction-vice,security,security,fingerprinting,auth-and-keys,use-fingerprint,use-fingerprint,hooks/use-fingerprint.ts,.ts,103,"getStoredFingerprintHash,getStoredFingerprintId,useFingerprint","@/lib/integrations/fingerprint,react","@/lib,react",next-react,pnpm,80,45,site-specific-or-low-confidence,True,none,none,none,"Security component for auth-and-keys; review for shared auth, key handling, fingerprinting, or trust signal module.","exports:getStoredFingerprintHash, getStoredFingerprintId, useFingerprint | imports:@/lib/integrations/fingerprint, react | security-score:55",1f6e0fbbc6384ae4
00eb84125b1319586f5ae416,mbarbine__platphorm-base,security,"security,automation",security-module,workflow,verify_job_input,verify-job-input,verify_job_input.py,.py,38,run_cuj,"os,playwright.sync_api","os,playwright.sync_api",next-react,pnpm,90,40,site-specific-or-low-confidence,True,none,secondary,none,"Security component for workflow; review for shared auth, key handling, fingerprinting, or trust signal module.","exports:run_cuj | imports:os, playwright.sync_api | security-score:55 | automation-score:50",f7360952604ef6e8
bed1b74d402b0f91f88d328b,mbarbine__platphorm-bbs,security,security,security-module,analytics,vitest.setup,vitest-setup,vitest.setup.ts,.ts,64,,"@testing-library/react,vitest","@testing-library/react,vitest",next-react,pnpm,65,40,site-specific-or-low-confidence,True,none,none,none,"Security component for analytics; review for shared auth, key handling, fingerprinting, or trust signal module.","imports:@testing-library/react, vitest | security-score:55",3beefc807b148aa9
a7f1d12182f5ab3b91c002c4,mbarbine__platphorm-business-EmployerServicesIncorporated,security,"security,ai",security-module,shipping,resource,resource,lob-python/lob/resource.py,.py,199,"APIResource,Address,BankAccount,Check,CreateableAPIResource,DeleteableAPIResource,IntlVerification,Letter,ListableAPIResource,LobObject,Postcard,USAutocompletion,USVerification,USZipLookup,VerifiableAPIResource,lob_format","__future__,json,lob,lob.compat","__future__,json,lob,lob.compat",next-react,pnpm,90,40,site-specific-or-low-confidence,True,none,none,none,"Security component for shipping; review for shared auth, key handling, fingerprinting, or trust signal module.","exports:APIResource, Address, BankAccount, Check, CreateableAPIResource, DeleteableAPIResource, IntlVerification, Letter | imports:__future__, json, lob, lob.compat | security-score:55 | ai-score:45",c6d14892784decf8
c3d11fe53b5ecd4471759d26,mbarbine__platphorm-business-EmployerServicesIncorporated,security,"security,ai",security-module,general,__init__,init,lob-python/lob/__init__.py,.py,9,,"lob.resource,lob.version","lob.resource,lob.version",next-react,pnpm,70,35,site-specific-or-low-confidence,True,none,none,none,"Security component for general; review for shared auth, key handling, fingerprinting, or trust signal module.","imports:lob.resource, lob.version | security-score:55 | ai-score:45",ac8c954571894dc1
42f1947cef00ea75dc1b953c,mbarbine__platphorm-business-EmployerServicesIncorporated,security,security,security-module,testing,lob,lob,lob-python/tests/lob.py,.py,57,TestAddressFunctions,"lob,os,unittest","lob,os,unittest",next-react,pnpm,80,40,site-specific-or-low-confidence,False,none,none,none,"Security component for testing; review for shared auth, key handling, fingerprinting, or trust signal module.","exports:TestAddressFunctions | imports:lob, os, unittest | security-score:55",26865f24385740de
a53185fe610f5132150abf75,mbarbine__platphorm-business-EmployerServicesIncorporated,security,security,security-module,testing,test_address,test-address,lob-python/tests/test_address.py,.py,56,TestAddressFunctions,"lob,os,unittest","lob,os,unittest",next-react,pnpm,80,40,site-specific-or-low-confidence,False,none,none,none,"Security component for testing; review for shared auth, key handling, fingerprinting, or trust signal module.","exports:TestAddressFunctions | imports:lob, os, unittest | security-score:55",e4b48fd2266578f4
209a5e9c613a287e8c589aae,mbarbine__platphorm-business-EmployerServicesIncorporated,security,security,security-module,testing,test_letter,test-letter,lob-python/tests/test_letter.py,.py,56,LetterFunctions,"lob,os,unittest","lob,os,unittest",next-react,pnpm,80,40,site-specific-or-low-confidence,False,none,none,none,"Security component for testing; review for shared auth, key handling, fingerprinting, or trust signal module.","exports:LetterFunctions | imports:lob, os, unittest | security-score:55",f4bd6b2d0f30bcbd
9a3322e058fa8d16c96e6f5a,mbarbine__platphorm-business-EmployerServicesIncorporated,security,security,security-module,auth-and-keys,test_lob,test-lob,lob-python/tests/test_lob.py,.py,17,TestLob,"lob,unittest","lob,unittest",next-react,pnpm,80,55,catalog-only,False,none,none,none,"Security component for auth-and-keys; review for shared auth, key handling, fingerprinting, or trust signal module.","exports:TestLob | imports:lob, unittest | security-score:55",4daf28dc66777e1e
b55517dba2de3fa9272ba5e2,mbarbine__platphorm-business-EmployerServicesIncorporated,security,"security,ai",security-module,testing,test_us_autocompletion,test-us-autocompletion,lob-python/tests/test_us_autocompletion.py,.py,18,TestUSAutocompletionFunctions,"lob,os,unittest","lob,os,unittest",next-react,pnpm,90,40,site-specific-or-low-confidence,True,none,none,none,"Security component for testing; review for shared auth, key handling, fingerprinting, or trust signal module.","exports:TestUSAutocompletionFunctions | imports:lob, os, unittest | security-score:55 | ai-score:45",154ba00e508060e9
c7f4762560bdbac08f00e98f,mbarbine__platphorm-business-EmployerServicesIncorporated,security,security,security-module,testing,import unittest,import-unittest,lob-python/tests/import unittest.py,.py,57,TestAddressFunctions,"lob,os,unittest","lob,os,unittest",next-react,pnpm,80,40,site-specific-or-low-confidence,False,none,none,none,"Security component for testing; review for shared auth, key handling, fingerprinting, or trust signal module.","exports:TestAddressFunctions | imports:lob, os, unittest | security-score:55",26865f24385740de
c34c04dbe5b3b1aaffdaac5f,mbarbine__platphorm-business-EmployerServicesIncorporated,security,security,security-module,testing,test_bankaccount,test-bankaccount,lob-python/tests/test_bankaccount.py,.py,59,BankAccountFunctions,"lob,os,unittest","lob,os,unittest",next-react,pnpm,80,40,site-specific-or-low-confidence,False,none,none,none,"Security component for testing; review for shared auth, key handling, fingerprinting, or trust signal module.","exports:BankAccountFunctions | imports:lob, os, unittest | security-score:55",1ad94d407e8ae700
3151eacbdeec15880c63d760,mbarbine__platphorm-business-EmployerServicesIncorporated,security,security,security-module,testing,test_us_verification,test-us-verification,lob-python/tests/test_us_verification.py,.py,45,TestUSVerificationFunctions,"lob,os,unittest","lob,os,unittest",next-react,pnpm,80,40,site-specific-or-low-confidence,False,none,none,none,"Security component for testing; review for shared auth, key handling, fingerprinting, or trust signal module.","exports:TestUSVerificationFunctions | imports:lob, os, unittest | security-score:55",bdc176d985c5ba8d
33a59f20deb0fbd8a102394a,mbarbine__platphorm-business-EmployerServicesIncorporated,security,security,security-module,testing,test_check,test-check,lob-python/tests/test_check.py,.py,95,CheckFunctions,"lob,os,unittest","lob,os,unittest",next-react,pnpm,80,40,site-specific-or-low-confidence,False,none,none,none,"Security component for testing; review for shared auth, key handling, fingerprinting, or trust signal module.","exports:CheckFunctions | imports:lob, os, unittest | security-score:55",2097be1ed157a7fd
fc657ea044dbb546e1767980,mbarbine__platphorm-business-EmployerServicesIncorporated,security,security,security-module,seo-and-metadata,test_postcard,test-postcard,lob-python/tests/test_postcard.py,.py,138,PostcardFunctions,"lob,os,unittest","lob,os,unittest",next-react,pnpm,80,55,catalog-only,False,none,none,none,"Security component for seo-and-metadata; review for shared auth, key handling, fingerprinting, or trust signal module.","exports:PostcardFunctions | imports:lob, os, unittest | security-score:55",9deec453aea7ebf9
eba10460e1203b5e43365b8c,mbarbine__platphorm-business-EmployerServicesIncorporated,security,security,security-module,testing,test_us_zip_lookup,test-us-zip-lookup,lob-python/tests/test_us_zip_lookup.py,.py,16,TestUSZipLookupFunctions,"lob,os,unittest","lob,os,unittest",next-react,pnpm,80,40,site-specific-or-low-confidence,False,none,none,none,"Security component for testing; review for shared auth, key handling, fingerprinting, or trust signal module.","exports:TestUSZipLookupFunctions | imports:lob, os, unittest | security-score:55",0a2d5f5b36ff8827
4a1e5a59cc71d3a262b3bd35,mbarbine__platphorm-business-EmployerServicesIncorporated,security,security,security-module,auth-and-keys,letter,letter,lob-python/examples/letter.py,.py,77,,"lob,os,sys","lob,os,sys",next-react,pnpm,65,55,catalog-only,False,none,none,none,"Security component for auth-and-keys; review for shared auth, key handling, fingerprinting, or trust signal module.","imports:lob, os, sys | security-score:55",5abf5580af38e523
c0a51ef7b33d22fd63a2e33e,mbarbine__platphorm-business-EmployerServicesIncorporated,security,security,security-module,auth-and-keys,postcard,postcard,lob-python/examples/postcard.py,.py,68,,"lob,os,sys","lob,os,sys",next-react,pnpm,65,55,catalog-only,False,none,none,none,"Security component for auth-and-keys; review for shared auth, key handling, fingerprinting, or trust signal module.","imports:lob, os, sys | security-score:55",15e2fe4d0faded69
ad02a9fe44f8c34a26827a03,mbarbine__platphorm-codex,security,security,security-module,discovery,use-cinematic-scroll,use-cinematic-scroll,hooks/use-cinematic-scroll.ts,.ts,305,useCinematicScroll,react,react,next-react,pnpm,80,50,catalog-only,False,none,none,none,"Security component for discovery; review for shared auth, key handling, fingerprinting, or trust signal module.",exports:useCinematicScroll | imports:react | security-score:55,00ee5fd05283e63f
c30955f5328d85ecdcb03a5f,mbarbine__platphorm-codex,security,"security,automation",security-module,discovery,use-ambient-audio,use-ambient-audio,hooks/use-ambient-audio.ts,.ts,261,useAmbientAudio,react,react,next-react,pnpm,90,50,catalog-only,False,none,secondary,none,"Security component for discovery; review for shared auth, key handling, fingerprinting, or trust signal module.",exports:useAmbientAudio | imports:react | security-score:55 | automation-score:45,a883d3a7d95d7800
2e4e39cb320c01c962d23c0c,mbarbine__platphorm-content-showback-dashboard,security,security,auth,auth-and-keys,auth,auth,app/actions/auth.ts,.ts,63,,@/lib/auth,@/lib,next-react,pnpm,75,45,site-specific-or-low-confidence,True,none,none,none,"Security component for auth-and-keys; review for shared auth, key handling, fingerprinting, or trust signal module.",imports:@/lib/auth | security-score:55,77c091ecf5b79744
178277dffdcf50120eff1728,mbarbine__platphorm-content-showback-dashboard,security,"security,ai",security-module,discovery,well-known.test,well-known,__tests__/well-known.test.ts,.ts,33,,"fs,path,vitest","fs,path,vitest",next-react,pnpm,75,55,catalog-only,True,none,none,none,"Security component for discovery; review for shared auth, key handling, fingerprinting, or trust signal module.","imports:fs, path, vitest | security-score:55 | ai-score:45",b7199d5b8aa3edc8
99edd427ebda29a6cef765cc,mbarbine__platphorm-content-showback-dashboard,security,security,security-module,testing,mock-data.test,mock-data,__tests__/mock-data.test.ts,.ts,125,,"@/lib/mock-data,vitest","@/lib,vitest",next-react,pnpm,65,30,site-specific-or-low-confidence,True,none,none,none,"Security component for testing; review for shared auth, key handling, fingerprinting, or trust signal module.","imports:@/lib/mock-data, vitest | security-score:55",5c63a6c2697092d7
9a5345affd5a8978c312e5a4,mbarbine__platphorm-decks,security,"security,automation",security-module,shipping,cinematic-slideshow.cy,cinematic-slideshow,cypress/e2e/cinematic-slideshow.cy.ts,.ts,429,,,,next-react,pnpm,65,35,site-specific-or-low-confidence,True,none,secondary,none,"Security component for shipping; review for shared auth, key handling, fingerprinting, or trust signal module.",security-score:55 | automation-score:45,d6e4f6e4e23a0760
3392c6540ce0482f555e066e,mbarbine__platphorm-decks,security,"security,automation",security-module,analytics,use-scroll-progress,use-scroll-progress,hooks/use-scroll-progress.ts,.ts,421,"ScrollActions,ScrollContext,ScrollContextValue,ScrollProgressProvider,ScrollState,useResponsiveAdjustments,useScrollInterpolate,useScrollProgress,useScrollVisibility,useStaggeredProgress","@/config/animations.config,@/config/slides.config,react","@/config,react",next-react,pnpm,90,25,site-specific-or-low-confidence,True,none,secondary,none,"Security component for analytics; review for shared auth, key handling, fingerprinting, or trust signal module.","exports:ScrollActions, ScrollContext, ScrollContextValue, ScrollProgressProvider, ScrollState, useResponsiveAdjustments, useScrollInterpolate, useScrollProgress | imports:@/config/animations.config, @/config/slides.config, react | security-score:55 | automation-score:45",f11a05b9028a2b52
3c5e135e7c85cef1a634f49b,mbarbine__platphorm-desa,security,"security,discovery",security-module,mcp,manifest,manifest,public/manifest.json,.json,93,,,,next-react,pnpm,65,55,catalog-only,True,none,none,none,"Security component for mcp; review for shared auth, key handling, fingerprinting, or trust signal module.",security-score:55 | discovery-score:55,0630649bd273c4de
2912ae4977de253a8c3c429d,mbarbine__platphorm-design,security,security,security-module,testing,next.config,next-config,next.config.mjs,.mjs,25,,next,next,next-react,pnpm,65,40,site-specific-or-low-confidence,True,none,none,none,"Security component for testing; review for shared auth, key handling, fingerprinting, or trust signal module.",imports:next | security-score:55,ff5226ea330c1de6
0729ae9ea3830c0c89824588,mbarbine__platphorm-design,security,security,security-module,testing,vitest.setup,vitest-setup,vitest.setup.ts,.ts,26,,"@testing-library/react,vitest","@testing-library/react,vitest",next-react,pnpm,65,40,site-specific-or-low-confidence,False,none,none,none,"Security component for testing; review for shared auth, key handling, fingerprinting, or trust signal module.","imports:@testing-library/react, vitest | security-score:55",1c2e09ffd5062a30
28d3abc91e9b5d8503cffa03,mbarbine__platphorm-emoji,security,security,security-module,auth-and-keys,next.config,next-config,next.config.mjs,.mjs,37,,next,next,next-react,pnpm,65,55,catalog-only,True,none,none,none,"Security component for auth-and-keys; review for shared auth, key handling, fingerprinting, or trust signal module.",imports:next | security-score:55,5ac5b5530aa635cf
a5a1f764303e11a4d80b56bb,mbarbine__platphorm-emoji,security,security,security-module,commerce,tailwind.config,tailwind-config,tailwind.config.ts,.ts,108,,"tailwindcss,tailwindcss-animate","tailwindcss,tailwindcss-animate",next-react,pnpm,65,40,site-specific-or-low-confidence,True,none,none,none,"Security component for commerce; review for shared auth, key handling, fingerprinting, or trust signal module.","imports:tailwindcss, tailwindcss-animate | security-score:55",e0b0cc1f1b106326
ac33e8a9fb818f7bc3a08de0,mbarbine__platphorm-emoji,security,security,security-module,commerce,types.test,types,tests/types.test.ts,.ts,199,,"@/lib/types,vitest","@/lib,vitest",next-react,pnpm,65,30,site-specific-or-low-confidence,False,none,none,none,"Security component for commerce; review for shared auth, key handling, fingerprinting, or trust signal module.","imports:@/lib/types, vitest | security-score:55",4e311d73388fd640
4ba5b13cb25c98a7dc01aed2,mbarbine__platphorm-emoji,security,"security,ai",security-module,i18n,i18n.test,i18n,tests/i18n.test.ts,.ts,131,,"@/lib/i18n,vitest","@/lib,vitest",next-react,pnpm,75,45,site-specific-or-low-confidence,True,none,none,none,"Security component for i18n; review for shared auth, key handling, fingerprinting, or trust signal module.","imports:@/lib/i18n, vitest | security-score:55 | ai-score:45",6a33e78536fc3dca
c86f5a940a398d3208c62a07,mbarbine__platphorm-emoji,security,security,security-module,finance,local-proposal-draft,local-proposal-draft,components/submit/local-proposal-draft.ts,.ts,89,LocalDraftEnvelope,,,next-react,pnpm,80,40,site-specific-or-low-confidence,True,none,none,none,"Security component for finance; review for shared auth, key handling, fingerprinting, or trust signal module.",exports:LocalDraftEnvelope | security-score:55,13fbe4c13b538cea
112623e5d4a901d2c0c82514,mbarbine__platphorm-insights,security,security,security-module,mcp,zh,zh,messages/zh.json,.json,201,,,,next-react,pnpm,55,50,catalog-only,True,none,none,none,"Security component for mcp; review for shared auth, key handling, fingerprinting, or trust signal module.",security-score:55,633848b382b837d5
0991b21e3e9e6843edef63b2,mbarbine__platphorm-insights,security,security,security-module,mcp,ja,ja,messages/ja.json,.json,201,,,,next-react,pnpm,55,50,catalog-only,True,none,none,none,"Security component for mcp; review for shared auth, key handling, fingerprinting, or trust signal module.",security-score:55,159092cb08639861
293919b1d104b4cfb08ccd5a,mbarbine__platphorm-insights,security,security,security-module,ai,de,de,messages/de.json,.json,201,,,,next-react,pnpm,55,50,catalog-only,True,none,none,none,"Security component for ai; review for shared auth, key handling, fingerprinting, or trust signal module.",security-score:55,b2ba3121ef6b0418
77911eda51a713a7726638ce,mbarbine__platphorm-insights,security,security,security-module,mcp,hi,hi,messages/hi.json,.json,201,,,,next-react,pnpm,55,50,catalog-only,True,none,none,none,"Security component for mcp; review for shared auth, key handling, fingerprinting, or trust signal module.",security-score:55,9919a6aa218263f7
e51355a9df673c256eebd485,mbarbine__platphorm-insights,security,security,security-module,mcp,ko,ko,messages/ko.json,.json,201,,,,next-react,pnpm,55,50,catalog-only,True,none,none,none,"Security component for mcp; review for shared auth, key handling, fingerprinting, or trust signal module.",security-score:55,13402722d1204c89
22a080b39fb966cde6d70642,mbarbine__platphorm-insights,security,security,security-module,mcp,ar,ar,messages/ar.json,.json,201,,,,next-react,pnpm,55,50,catalog-only,True,none,none,none,"Security component for mcp; review for shared auth, key handling, fingerprinting, or trust signal module.",security-score:55,404bbcb4727a8409
a545e71f1dd1ea89788589b9,mbarbine__platphorm-insights,security,security,security-module,shipping,security-headers.test,security-headers,tests/security/security-headers.test.ts,.ts,406,,vitest,vitest,next-react,pnpm,65,35,site-specific-or-low-confidence,True,none,none,none,"Security component for shipping; review for shared auth, key handling, fingerprinting, or trust signal module.",imports:vitest | security-score:55,f20b6747a76604bd
5bac322f8782743abfe76461,mbarbine__platphorm-insights,security,security,security-module,i18n,screenshot-viewer.test,screenshot-viewer,tests/components/screenshot-viewer.test.ts,.ts,276,,vitest,vitest,next-react,pnpm,75,50,catalog-only,True,none,none,none,"Security component for i18n; review for shared auth, key handling, fingerprinting, or trust signal module.",imports:vitest | security-score:55,a75bdd629b4cdec5
9202131ad3bfcb9de2956bbb,mbarbine__platphorm-insights,security,security,security-module,auth-and-keys,compliance.test,compliance,tests/scoring/compliance.test.ts,.ts,147,,"../../lib/scoring/compliance,vitest",vitest,next-react,pnpm,65,55,catalog-only,True,none,none,none,"Security component for auth-and-keys; review for shared auth, key handling, fingerprinting, or trust signal module.","imports:../../lib/scoring/compliance, vitest | security-score:55",62fb2ca6e3a50511
5288a4eb8ca5f3cd0f1f18ec,mbarbine__platphorm-insights,security,security,security-module,ai,rate-limit.test,rate-limit,tests/rate-limit/rate-limit.test.ts,.ts,208,,"@/lib/rate-limit,vitest","@/lib,vitest",next-react,pnpm,65,40,site-specific-or-low-confidence,True,none,none,none,"Security component for ai; review for shared auth, key handling, fingerprinting, or trust signal module.","imports:@/lib/rate-limit, vitest | security-score:55",ae833f225b0b2b7a
3be84256ce55626cd722142d,mbarbine__platphorm-insights,security,security,security-module,analytics,use-ph3ar,use-ph3ar,hooks/use-ph3ar.ts,.ts,89,usePH3AR,react,react,next-react,pnpm,80,40,site-specific-or-low-confidence,True,none,none,none,"Security component for analytics; review for shared auth, key handling, fingerprinting, or trust signal module.",exports:usePH3AR | imports:react | security-score:55,f3ae928b0f4a02c4
0b039e0a337064e0ef5b6729,mbarbine__platphorm-jobs,security,security,security-module,testing,setup,setup,__tests__/setup.ts,.ts,31,,,,next-react,pnpm,55,40,site-specific-or-low-confidence,True,none,none,none,"Security component for testing; review for shared auth, key handling, fingerprinting, or trust signal module.",security-score:55,8d1cde3da058b1f1
f5e9f211e6f4a1a21fcc1489,mbarbine__platphorm-jules,security,"security,automation",security-module,testing,vitest.setup,vitest-setup,vitest.setup.ts,.ts,34,,"@testing-library/jest-dom/matchers,vitest","@testing-library/jest-dom,vitest",next-react,pnpm,75,40,site-specific-or-low-confidence,True,none,secondary,none,"Security component for testing; review for shared auth, key handling, fingerprinting, or trust signal module.","imports:@testing-library/jest-dom/matchers, vitest | security-score:55 | automation-score:45",f5db8a7fb49af5ef
13d83b23c2be78241a6cf4e3,mbarbine__platphorm-jules,security,security,security-module,auth-and-keys,use-settings,use-settings,hooks/use-settings.ts,.ts,117,"SettingsContext,useSettings,useSettingsProvider","@/lib/i18n,@/lib/types,react","@/lib,react",next-react,pnpm,80,45,site-specific-or-low-confidence,False,none,none,none,"Security component for auth-and-keys; review for shared auth, key handling, fingerprinting, or trust signal module.","exports:SettingsContext, useSettings, useSettingsProvider | imports:@/lib/i18n, @/lib/types, react | security-score:55",8e6421b46a22bb22
dd87d35300acf1a732a68aea,mbarbine__platphorm-kanban,security,"security,automation",security-module,ai,next.config,next-config,next.config.mjs,.mjs,116,runtime,next,next,next-react,pnpm,90,55,catalog-only,True,none,secondary,none,"Security component for ai; review for shared auth, key handling, fingerprinting, or trust signal module.",exports:runtime | imports:next | security-score:55 | automation-score:45,c191bb7ffdb1a62a
eccc6c3a2698ad8c3b712314,mbarbine__platphorm-kanban,security,security,security-module,commerce,tailwind.config,tailwind-config,tailwind.config.ts,.ts,98,,"tailwindcss,tailwindcss-animate","tailwindcss,tailwindcss-animate",next-react,pnpm,65,40,site-specific-or-low-confidence,True,none,none,none,"Security component for commerce; review for shared auth, key handling, fingerprinting, or trust signal module.","imports:tailwindcss, tailwindcss-animate | security-score:55",b4bc3db2611603a0
d6c950ba2eadd0025e1ce7b8,mbarbine__platphorm-kanban,security,"security,automation",security-module,testing,vitest.setup,vitest-setup,vitest.setup.ts,.ts,47,Request,vitest,vitest,next-react,pnpm,90,40,site-specific-or-low-confidence,True,none,secondary,none,"Security component for testing; review for shared auth, key handling, fingerprinting, or trust signal module.",exports:Request | imports:vitest | security-score:55 | automation-score:45,d91028718391be20
0baabc5d1b529e815adf561e,mbarbine__platphorm-keys,security,security,security-module,testing,vitest.config,vitest-config,vitest.config.ts,.ts,22,,"path,vitest/config","path,vitest",next-react,pnpm,65,40,site-specific-or-low-confidence,False,none,none,none,"Security component for testing; review for shared auth, key handling, fingerprinting, or trust signal module.","imports:path, vitest/config | security-score:55",3ded8b96628a4899
03de81438ae023071a981f94,mbarbine__platphorm-keys,security,"security,automation",security-module,auth-and-keys,setup,setup,__tests__/setup.ts,.ts,23,,vitest,vitest,next-react,pnpm,75,50,catalog-only,True,none,secondary,none,"Security component for auth-and-keys; review for shared auth, key handling, fingerprinting, or trust signal module.",imports:vitest | security-score:55 | automation-score:45 | uses-env,cc885ccf903813ac
7c073ce887f5598a2f8b3b6e,mbarbine__platphorm-mcp,security,security,security-module,ai,next.config,next-config,next.config.mjs,.mjs,70,,next,next,next-react,pnpm,65,50,catalog-only,True,none,none,none,"Security component for ai; review for shared auth, key handling, fingerprinting, or trust signal module.",imports:next | security-score:55 | uses-env,19a6336f982c7b00
2250bbab1c764f1e2ee270f7,mbarbine__platphorm-mcp,security,"security,automation",security-module,auth-and-keys,test_callback,test-callback,tests/test_callback.ts,.ts,23,,"crypto,next/server","crypto,next",next-react,pnpm,75,50,catalog-only,True,none,secondary,none,"Security component for auth-and-keys; review for shared auth, key handling, fingerprinting, or trust signal module.","imports:crypto, next/server | security-score:55 | automation-score:45 | uses-env",29ad72a617717c8f
b03e09af56b69453fc7b1440,mbarbine__platphorm-mcp,security,"security,automation",security-module,ai,security.test,security,tests/__tests__/security.test.ts,.ts,476,PLATFORM_KEY,"@/lib/mcp/security,crypto,vitest","@/lib,crypto,vitest",next-react,pnpm,90,35,site-specific-or-low-confidence,True,none,secondary,none,"Security component for ai; review for shared auth, key handling, fingerprinting, or trust signal module.","exports:PLATFORM_KEY | imports:@/lib/mcp/security, crypto, vitest | security-score:55 | automation-score:45 | uses-env | cron-or-schedule | model-provider",0f8fbab409ef42c0
589fecfc4040fafab05a2e23,mbarbine__platphorm-mcp,security,"security,automation",security-module,mcp,dynamo.test,dynamo,tests/__tests__/dynamo.test.ts,.ts,475,Command,"../lib/mcp/dynamo,vitest",vitest,next-react,pnpm,90,50,catalog-only,True,none,secondary,none,"Security component for mcp; review for shared auth, key handling, fingerprinting, or trust signal module.","exports:Command | imports:../lib/mcp/dynamo, vitest | security-score:55 | automation-score:45",94750ca81991ce89
a30e41ff0b9dff2fa903c502,mbarbine__platphorm-mcp,security,security,security-module,mcp,security_vulnerability.test,security-vulnerability,tests/__tests__/security_vulnerability.test.ts,.ts,61,,"../lib/mcp/security,crypto,vitest","crypto,vitest",next-react,pnpm,65,50,catalog-only,True,none,none,none,"Security component for mcp; review for shared auth, key handling, fingerprinting, or trust signal module.","imports:../lib/mcp/security, crypto, vitest | security-score:55 | uses-env",2dd9ed87a56f4ebc
d426f547f392c84014b8422e,mbarbine__platphorm-mcp,security,security,security-module,mcp,sites.test,sites,tests/__tests__/tools/sites.test.ts,.ts,52,,"../../lib/mcp/tools/sites,vitest",vitest,next-react,pnpm,65,55,catalog-only,True,none,none,none,"Security component for mcp; review for shared auth, key handling, fingerprinting, or trust signal module.","imports:../../lib/mcp/tools/sites, vitest | security-score:55",ae5a56f798d5d4c9
3b9db01025a3690de917ed60,mbarbine__platphorm-mcp,security,security,security-module,game,mock,mock,tests/__tests__/redis/mock.ts,.ts,225,MockRedis,,,next-react,pnpm,70,35,site-specific-or-low-confidence,True,none,none,none,"Security component for game; review for shared auth, key handling, fingerprinting, or trust signal module.",exports:MockRedis | security-score:55,42960690ad0aa8af
bfa3194eb120881155f6d5dc,mbarbine__platphorm-mcp,security,security,security-module,mcp,config.test,config,tests/__tests__/redis/config.test.ts,.ts,65,,"@/lib/mcp/redis,vitest","@/lib,vitest",next-react,pnpm,65,40,site-specific-or-low-confidence,True,none,none,none,"Security component for mcp; review for shared auth, key handling, fingerprinting, or trust signal module.","imports:@/lib/mcp/redis, vitest | security-score:55 | uses-env",07455ad3ab9314d8
91f061f4c160ade610ccfdf8,mbarbine__platphorm-mini-games-webby,security,security,security-module,ai,next.config,next-config,next.config.mjs,.mjs,45,,next,next,next-react,pnpm,65,55,catalog-only,True,none,none,none,"Security component for ai; review for shared auth, key handling, fingerprinting, or trust signal module.",imports:next | security-score:55,f6d261b745f0895f
a2c4e053a3895759a68e8a94,mbarbine__platphorm-mini-games-webby,security,security,security-module,commerce,tailwind.config,tailwind-config,tailwind.config.ts,.ts,102,,"tailwindcss,tailwindcss-animate","tailwindcss,tailwindcss-animate",next-react,pnpm,65,40,site-specific-or-low-confidence,True,none,none,none,"Security component for commerce; review for shared auth, key handling, fingerprinting, or trust signal module.","imports:tailwindcss, tailwindcss-animate | security-score:55",60ddcc5d5f680c51
2fcee67643eefe97b576ae8b,mbarbine__platphorm-mini-games-webby,security,"security,process",security-module,shipping,homepage.spec,homepage,e2e/homepage.spec.ts,.ts,124,,"../lib/games-registry,@playwright/test",@playwright/test,next-react,pnpm,75,40,site-specific-or-low-confidence,True,secondary,none,none,"Security component for shipping; review for shared auth, key handling, fingerprinting, or trust signal module.","imports:../lib/games-registry, @playwright/test | security-score:55 | process-score:45",3e45c5b195aeb8b8
69c885be11e449d81a69f27e,mbarbine__platphorm-monitor,security,"security,automation",security-module,analytics,next.config,next-config,next.config.mjs,.mjs,71,,next,next,next-react,pnpm,75,40,site-specific-or-low-confidence,True,none,secondary,none,"Security component for analytics; review for shared auth, key handling, fingerprinting, or trust signal module.",imports:next | security-score:55 | automation-score:45,378b8941dee8a467
394da0cb23d3e0a90f5cf4a5,mbarbine__platphorm-monitor,security,security,security-module,ai,proxy.test,proxy,__tests__/proxy.test.ts,.ts,54,,"../proxy,vitest",vitest,next-react,pnpm,65,55,catalog-only,True,none,none,none,"Security component for ai; review for shared auth, key handling, fingerprinting, or trust signal module.","imports:../proxy, vitest | security-score:55",1912977b72c4e853
3ec724b461656ed96d09596a,mbarbine__platphorm-onboard,security,security,security-module,ai,zh,zh,messages/zh.json,.json,194,,,,next-react,pnpm,55,55,catalog-only,True,none,none,none,"Security component for ai; review for shared auth, key handling, fingerprinting, or trust signal module.",security-score:55,87e641e61586de26
15cd859a410c8cee9911cbbe,mbarbine__platphorm-onboard,security,security,security-module,ai,ja,ja,messages/ja.json,.json,194,,,,next-react,pnpm,55,55,catalog-only,True,none,none,none,"Security component for ai; review for shared auth, key handling, fingerprinting, or trust signal module.",security-score:55,bcf10bad8a4f0789
92b6d99198e17c9938905eab,mbarbine__platphorm-onboard,security,security,security-module,ai,ar,ar,messages/ar.json,.json,194,,,,next-react,pnpm,55,55,catalog-only,True,none,none,none,"Security component for ai; review for shared auth, key handling, fingerprinting, or trust signal module.",security-score:55,4cacf81a88810ad0
535979f2f1756a2afc032d8f,mbarbine__platphorm-openclaw,security,security,security-module,auth-and-keys,timing-attack.test,timing-attack,tests/security/timing-attack.test.ts,.ts,27,,"@/lib/crypto,vitest","@/lib,vitest",next-react,pnpm,65,45,site-specific-or-low-confidence,True,none,none,none,"Security component for auth-and-keys; review for shared auth, key handling, fingerprinting, or trust signal module.","imports:@/lib/crypto, vitest | security-score:55",ea4523c698a0871b
2a57767177b45fd60ce32389,mbarbine__platphorm-openclaw,security,security,security-module,testing,use-toast.test,use-toast,tests/hooks/use-toast.test.ts,.ts,13,,"@/hooks/use-toast,vitest","@/hooks,vitest",next-react,pnpm,65,30,site-specific-or-low-confidence,False,none,none,none,"Security component for testing; review for shared auth, key handling, fingerprinting, or trust signal module.","imports:@/hooks/use-toast, vitest | security-score:55",f37cb26f31f6bc51
9690b454fab9b09ae48c82a0,mbarbine__platphorm-opencontent,security,security,security-module,general,next.config,next-config,next.config.mjs,.mjs,47,,next,next,next-react,pnpm,65,40,site-specific-or-low-confidence,True,none,none,none,"Security component for general; review for shared auth, key handling, fingerprinting, or trust signal module.",imports:next | security-score:55,8a95767b4590b731
616bc60fba05eca051859eff,mbarbine__platphorm-opendocs,security,security,security-module,general,next.config,next-config,next.config.mjs,.mjs,47,,next,next,next-react,pnpm,65,40,site-specific-or-low-confidence,True,none,none,none,"Security component for general; review for shared auth, key handling, fingerprinting, or trust signal module.",imports:next | security-score:55,8a95767b4590b731
ee23172f2d046167274f91c7,mbarbine__platphorm-podcasts,security,"security,discovery",security-module,discovery,images-manifest,images-manifest,.next.preverify-20260419-2027/images-manifest.json,.json,68,,,,next-react,pnpm,65,55,catalog-only,True,none,none,none,"Security component for discovery; review for shared auth, key handling, fingerprinting, or trust signal module.",security-score:55 | discovery-score:55,02f3de7dfab268ee
a13f61b34d3da905d19490b1,mbarbine__platphorm-podcasts,security,"security,ai",security-module,auth-and-keys,0nv4vh_.urisx,0nv4vh-urisx,.next.preverify-20260419-2027/static/chunks/0nv4vh_.urisx.js,.js,1,"C,D,G,H,K,M,O,Q,R,T,U,X",,,next-react,pnpm,75,50,catalog-only,True,none,none,none,"Security component for auth-and-keys; review for shared auth, key handling, fingerprinting, or trust signal module.","exports:C, D, G, H, K, M, O, Q | security-score:55 | ai-score:45 | cron-or-schedule",a08533d3bc93c27d
0b55484c9bd52b54d113e2e1,mbarbine__platphorm-podcasts,security,security,security-module,ai,03~yq9q893hmn,03-yq9q893hmn,.next.preverify-20260419-2027/static/chunks/03~yq9q893hmn.js,.js,3,"Jm,Qm,Zm",,,next-react,pnpm,65,50,catalog-only,True,none,none,none,"Security component for ai; review for shared auth, key handling, fingerprinting, or trust signal module.","exports:Jm, Qm, Zm | security-score:55",0973c1d64c88adc8
1fb43700bfc09c6b41ff34a4,mbarbine__platphorm-podcasts,security,"security,ai",security-module,testing,0sobb.8_qkzqm,0sobb-8-qkzqm,.next.preverify-20260419-2027/static/chunks/0sobb.8_qkzqm.js,.js,1,"A,E,M,S,T,U",,,next-react,pnpm,75,35,site-specific-or-low-confidence,True,none,none,none,"Security component for testing; review for shared auth, key handling, fingerprinting, or trust signal module.","exports:A, E, M, S, T, U | security-score:55 | ai-score:45",e6ea9c07826fd3ca
8aaa4d5102dd225983b7c3ec,mbarbine__platphorm-podcasts,security,security,security-module,discovery,0hgskzq5095.i,0hgskzq5095-i,.next.preverify-20260419-2027/static/chunks/0hgskzq5095.i.js,.js,1,"E,N,O,P",,,next-react,pnpm,65,50,catalog-only,True,none,none,none,"Security component for discovery; review for shared auth, key handling, fingerprinting, or trust signal module.","exports:E, N, O, P | security-score:55",abc7da40d60eb523
5553349e805db34ee6944541,mbarbine__platphorm-podcasts,security,security,security-module,workflow,sentiment.test,sentiment,__tests__/sentiment.test.ts,.ts,71,,"@/lib/sentiment,vitest","@/lib,vitest",next-react,pnpm,65,30,site-specific-or-low-confidence,True,none,none,none,"Security component for workflow; review for shared auth, key handling, fingerprinting, or trust signal module.","imports:@/lib/sentiment, vitest | security-score:55",123e185b6b10c9d3
505f6b44002d4565cb565346,mbarbine__platphorm-podcasts,security,"security,automation",security-module,ai,seo.test,seo,__tests__/seo.test.ts,.ts,383,,vitest,vitest,next-react,pnpm,75,50,catalog-only,True,none,secondary,none,"Security component for ai; review for shared auth, key handling, fingerprinting, or trust signal module.",imports:vitest | security-score:55 | automation-score:45,531d55c456d39723
3aae54f13a40a07ac382fd7a,mbarbine__platphorm-podcasts,security,"security,discovery",security-module,discovery,podcast-feed-url.test,podcast-feed-url,__tests__/podcast-feed-url.test.ts,.ts,109,,"../lib/podcast/feed-url,vitest",vitest,next-react,pnpm,75,55,catalog-only,True,none,none,none,"Security component for discovery; review for shared auth, key handling, fingerprinting, or trust signal module.","imports:../lib/podcast/feed-url, vitest | security-score:55 | discovery-score:55",a2382cc48f53e3f7
f7d91ad96fe5c5cfbc2f351d,mbarbine__platphorm-podcasts,security,security,security-module,ai,discovery.test,discovery,__tests__/discovery.test.ts,.ts,32,,"@/lib/platform/discovery,vitest","@/lib,vitest",next-react,pnpm,65,45,site-specific-or-low-confidence,True,none,none,none,"Security component for ai; review for shared auth, key handling, fingerprinting, or trust signal module.","imports:@/lib/platform/discovery, vitest | security-score:55",db0e0985dc4c6c0f
f49c61673c516946dce90405,mbarbine__platphorm-podcasts,security,security,security-module,discovery,podcast-streams.test,podcast-streams,__tests__/podcast-streams.test.ts,.ts,163,,"@/lib/podcast-streams,vitest","@/lib,vitest",next-react,pnpm,65,45,site-specific-or-low-confidence,True,none,none,none,"Security component for discovery; review for shared auth, key handling, fingerprinting, or trust signal module.","imports:@/lib/podcast-streams, vitest | security-score:55",f167e2927f656ab5
1d4d695c91f03acc4f3f83e7,mbarbine__platphorm-podcasts,security,security,security-module,ai,admin.test,admin,__tests__/supabase/admin.test.ts,.ts,57,,"@/lib/supabase/admin,@supabase/supabase-js,vitest","@/lib,@supabase/supabase-js,vitest",next-react,pnpm,65,45,site-specific-or-low-confidence,True,none,none,none,"Security component for ai; review for shared auth, key handling, fingerprinting, or trust signal module.","imports:@/lib/supabase/admin, @supabase/supabase-js, vitest | security-score:55",be2efc85e6a6d3aa
fef9c8542beacf80e823c0e5,mbarbine__platphorm-podcasts,security,security,security-module,media,dedupe.test,dedupe,__tests__/podcast/dedupe.test.ts,.ts,95,,"../../lib/podcast/dedupe,../../lib/podcast/types,vitest",vitest,next-react,pnpm,65,40,site-specific-or-low-confidence,True,none,none,none,"Security component for media; review for shared auth, key handling, fingerprinting, or trust signal module.","imports:../../lib/podcast/dedupe, ../../lib/podcast/types, vitest | security-score:55",9456bde2c0de1cf3
cb84f7f7cb07942b49a22c2e,mbarbine__platphorm-politics,security,security,security-module,general,patch,patch,patch.js,.js,42,FECForm2,fs,fs,next-react,pnpm,80,40,site-specific-or-low-confidence,False,none,none,none,"Security component for general; review for shared auth, key handling, fingerprinting, or trust signal module.",exports:FECForm2 | imports:fs | security-score:55,ec42673c0f631a64
fbc5eb0775435318bf6ad495,mbarbine__platphorm-polymarket-rss-feed,security,security,security-module,security,next.config,next-config,next.config.mjs,.mjs,51,,next,next,next-react,pnpm,65,40,site-specific-or-low-confidence,True,none,none,none,"Security component for security; review for shared auth, key handling, fingerprinting, or trust signal module.",imports:next | security-score:55,d8f4368fc595f1ed
c93736de77bf7f8fdacef182,mbarbine__platphorm-polymarket-rss-feed,security,security,security-module,analytics,cache.test,cache,tests/unit/cache.test.ts,.ts,221,,"@/lib/cache,vitest","@/lib,vitest",next-react,pnpm,65,25,site-specific-or-low-confidence,True,none,none,none,"Security component for analytics; review for shared auth, key handling, fingerprinting, or trust signal module.","imports:@/lib/cache, vitest | security-score:55",0de663e59c63707d
f083922cf449bb58f6ff3ee9,mbarbine__platphorm-polymarket-rss-feed,security,security,security-module,discovery,atom-generator.test,atom-generator,tests/unit/atom-generator.test.ts,.ts,73,"DEFAULT_OPTIONS,SAFE_FIXTURES","../msw/fixtures,@/lib/atom-generator,vitest","@/lib,vitest",next-react,pnpm,80,45,site-specific-or-low-confidence,True,none,none,none,"Security component for discovery; review for shared auth, key handling, fingerprinting, or trust signal module.","exports:DEFAULT_OPTIONS, SAFE_FIXTURES | imports:../msw/fixtures, @/lib/atom-generator, vitest | security-score:55",8b6dc9bf4d145234
d9c9372973540e7cac6b9277,mbarbine__platphorm-polymarket-rss-feed,security,security,security-module,auth-and-keys,fixtures,fixtures,tests/msw/fixtures.ts,.ts,124,"ALL_FIXTURES,BTC_MARKET,ETH_MARKET,FED_MARKET,SENATE_MARKET,WARRIORS_MARKET",@/lib/polymarket-api,@/lib,next-react,pnpm,80,45,site-specific-or-low-confidence,True,none,none,none,"Security component for auth-and-keys; review for shared auth, key handling, fingerprinting, or trust signal module.","exports:ALL_FIXTURES, BTC_MARKET, ETH_MARKET, FED_MARKET, SENATE_MARKET, WARRIORS_MARKET | imports:@/lib/polymarket-api | security-score:55",195ac97b47caa3a7
94b12ee4b78c1c8d3bde2f3c,mbarbine__platphorm-quake,security,security,security-module,security,next.config,next-config,next.config.mjs,.mjs,38,,next,next,next-react,pnpm,65,40,site-specific-or-low-confidence,True,none,none,none,"Security component for security; review for shared auth, key handling, fingerprinting, or trust signal module.",imports:next | security-score:55,8876e988fba2e4a5
6ebff8182b16159ae363cdda,mbarbine__platphorm-quake,security,security,security-module,media,constants,constants,components/settings/constants.ts,.ts,58,"CROSSHAIR_COLORS,CROSSHAIR_STYLES,DEFAULT_SETTINGS,KEY_BINDINGS,PARTICLE_OPTIONS",./types,,next-react,pnpm,90,40,site-specific-or-low-confidence,False,none,none,none,"Security component for media; review for shared auth, key handling, fingerprinting, or trust signal module.","exports:CROSSHAIR_COLORS, CROSSHAIR_STYLES, DEFAULT_SETTINGS, KEY_BINDINGS, PARTICLE_OPTIONS | imports:./types | security-score:55",7c76d62e10a6e328
0f31620e2d9f17e0b9ced1eb,mbarbine__platphorm-quake,security,security,security-module,ai,use-player-weapons.hitscan.test,use-player-weapons-hitscan,__tests__/components/game/player/use-player-weapons.hitscan.test.ts,.ts,106,,"@/components/game/player/use-player-weapons,@/lib/game/bot-positions,@/lib/game/constants,@testing-library/react,three","@/components,@/lib,@testing-library/react,three",next-react,pnpm,75,45,site-specific-or-low-confidence,True,none,none,none,"Security component for ai; review for shared auth, key handling, fingerprinting, or trust signal module.","imports:@/components/game/player/use-player-weapons, @/lib/game/bot-positions, @/lib/game/constants, @testing-library/react, three | security-score:55",77b123f220452923
49e79e6727daafaa95b0ed77,mbarbine__platphorm-quake,security,"security,automation",security-module,ai,use-player-input-desktop.test,use-player-input-desktop,__tests__/components/game/player/use-player-input-desktop.test.ts,.ts,199,,"@/components/game/player/use-player-input,@/lib/stores/game-store,@testing-library/react","@/components,@/lib,@testing-library/react",next-react,pnpm,85,45,site-specific-or-low-confidence,False,none,secondary,none,"Security component for ai; review for shared auth, key handling, fingerprinting, or trust signal module.","imports:@/components/game/player/use-player-input, @/lib/stores/game-store, @testing-library/react | security-score:55 | automation-score:45",a8bee01cfd1e1267
d155c415a9fb73c02a0e781a,mbarbine__platphorm-reader,security,security,security-module,analytics,setup,setup,tests/setup.ts,.ts,43,"PointerEvent,ResizeObserver",vitest,vitest,next-react,pnpm,80,40,site-specific-or-low-confidence,True,none,none,none,"Security component for analytics; review for shared auth, key handling, fingerprinting, or trust signal module.","exports:PointerEvent, ResizeObserver | imports:vitest | security-score:55",d73660d80baa7c69
3d964959019312409f2d2d47,mbarbine__platphorm-reader,security,security,key-management,i18n,use-keyboard-shortcuts.test,use-keyboard-shortcuts,tests/hooks/use-keyboard-shortcuts.test.ts,.ts,237,,"../../hooks/use-keyboard-shortcuts,@testing-library/react,vitest","@testing-library/react,vitest",next-react,pnpm,65,50,catalog-only,False,none,none,none,"Security component for i18n; review for shared auth, key handling, fingerprinting, or trust signal module.","imports:../../hooks/use-keyboard-shortcuts, @testing-library/react, vitest | security-score:55",511073df437f15ef
382a44a791953ce14d5036c7,mbarbine__platphorm-reader,security,security,key-management,i18n,use-keyboard-shortcuts,use-keyboard-shortcuts,hooks/use-keyboard-shortcuts.ts,.ts,147,"KeyboardShortcut,createDefaultShortcuts,formatShortcut,useKeyboardShortcuts",react,react,next-react,pnpm,80,55,catalog-only,True,none,none,none,"Security component for i18n; review for shared auth, key handling, fingerprinting, or trust signal module.","exports:KeyboardShortcut, createDefaultShortcuts, formatShortcut, useKeyboardShortcuts | imports:react | security-score:55",7473a46f75ddd71f
73b569143eec0e52338ac8da,mbarbine__platphorm-real-estate,security,"security,logic",security-module,ai,analytics,analytics,lib/analytics.ts,.ts,29,initializeAnalytics,@/lib/supabase/client,@/lib,next-react,pnpm,100,45,site-specific-or-low-confidence,True,none,none,secondary,"Security component for ai; review for shared auth, key handling, fingerprinting, or trust signal module.",exports:initializeAnalytics | imports:@/lib/supabase/client | security-score:55 | logic-score:45,64994e53d7bb7c0d
aca39e6bb33917cfff37305c,mbarbine__platphorm-real-estate-NAD,security,"security,automation",security-module,shipping,seed_market_forecasts,seed-market-forecasts,scripts/seed_market_forecasts.py,.py,84,"calculate_market_trend,calculate_seller_opportunity_score","csv,datetime","csv,datetime",next-react,pnpm,100,40,site-specific-or-low-confidence,True,none,secondary,none,"Security component for shipping; review for shared auth, key handling, fingerprinting, or trust signal module.","exports:calculate_market_trend, calculate_seller_opportunity_score | imports:csv, datetime | security-score:55 | automation-score:50",a264aec0cf6b96ba
fb3bfd59e8dbb879c191ff59,mbarbine__platphorm-real-estate-property-evaluation,security,security,security-module,security,next.config,next-config,next.config.mjs,.mjs,44,,next,next,next-react,pnpm,65,40,site-specific-or-low-confidence,True,none,none,none,"Security component for security; review for shared auth, key handling, fingerprinting, or trust signal module.",imports:next | security-score:55,c0d512ec50b01888
96385cfde289b8234e280d64,mbarbine__platphorm-redteam-arma-landing,security,security,security-module,security,next.config,next-config,next.config.mjs,.mjs,44,,next,next,next-react,pnpm,65,40,site-specific-or-low-confidence,True,none,none,none,"Security component for security; review for shared auth, key handling, fingerprinting, or trust signal module.",imports:next | security-score:55,fad773b943df4c36
c4ae4b344de3312792c1b19c,mbarbine__platphorm-space-news,security,security,auth,auth-and-keys,auth.test,auth,__tests__/unit/auth.test.ts,.ts,20,,"@/lib/platform/auth,vitest","@/lib,vitest",next-react,pnpm,65,40,site-specific-or-low-confidence,True,none,none,none,"Security component for auth-and-keys; review for shared auth, key handling, fingerprinting, or trust signal module.","imports:@/lib/platform/auth, vitest | security-score:55 | uses-env",5dd761219099f01c
071fa5c7662414a305ed2073,mbarbine__platphorm-space-news,security,security,security-module,discovery,discovery.test,discovery,__tests__/unit/discovery.test.ts,.ts,22,,"@/lib/space/discovery,@/lib/space/registry,vitest","@/lib,vitest",next-react,pnpm,65,45,site-specific-or-low-confidence,True,none,none,none,"Security component for discovery; review for shared auth, key handling, fingerprinting, or trust signal module.","imports:@/lib/space/discovery, @/lib/space/registry, vitest | security-score:55",f19b8f904e38a7ea
c960250922182733e48e04e4,mbarbine__platphorm-stannp-api-wrapper,security,security,security-module,commerce,tailwind.config,tailwind-config,tailwind.config.ts,.ts,96,,"tailwindcss,tailwindcss-animate","tailwindcss,tailwindcss-animate",next-react,pnpm,65,40,site-specific-or-low-confidence,True,none,none,none,"Security component for commerce; review for shared auth, key handling, fingerprinting, or trust signal module.","imports:tailwindcss, tailwindcss-animate | security-score:55",58c78ffd25a3691a
286f3cd4bec59c61bae71581,mbarbine__platphorm-vercel-atlas,security,"security,automation",security-module,discovery,microfrontends,microfrontends,microfrontends.json,.json,10,,,,next-react,npm,60,55,catalog-only,False,none,secondary,none,"Security component for discovery; review for shared auth, key handling, fingerprinting, or trust signal module.",security-score:55 | automation-score:45,470fdf7b075849aa
2e5ab892972da80a0dc04fd6,mbarbine__platphorm-vercel-atlas,security,"security,automation",security-module,ai,test-script,test-script,test-script.js,.js,64,,fs,fs,next-react,npm,75,55,catalog-only,True,none,secondary,none,"Security component for ai; review for shared auth, key handling, fingerprinting, or trust signal module.",imports:fs | security-score:55 | automation-score:50,c7466b9094aae24c
5acc493e4ebaa91fb2fe28d5,mbarbine__platphorm-vercel-atlas,security,security,security-module,commerce,tailwind.config,tailwind-config,tailwind.config.ts,.ts,72,,"tailwindcss,tailwindcss-animate","tailwindcss,tailwindcss-animate",next-react,npm,65,40,site-specific-or-low-confidence,True,none,none,none,"Security component for commerce; review for shared auth, key handling, fingerprinting, or trust signal module.","imports:tailwindcss, tailwindcss-animate | security-score:55",5931f08ff7bb3df4
a2f5e101aed112f314ab85fa,mbarbine__platphorm-vercel-atlas,security,"security,automation",security-module,auth-and-keys,instrumentation,instrumentation,instrumentation.ts,.ts,24,,,,next-react,npm,65,50,catalog-only,True,none,secondary,none,"Security component for auth-and-keys; review for shared auth, key handling, fingerprinting, or trust signal module.",security-score:55 | automation-score:45 | uses-env | cron-or-schedule,cf77669d1b0f74a7
c6a1b8d24b1a769bce372d12,mbarbine__platphorm-vercel-atlas,security,security,security-module,auth-and-keys,setup,setup,__tests__/setup.ts,.ts,17,,,,next-react,npm,55,50,catalog-only,True,none,none,none,"Security component for auth-and-keys; review for shared auth, key handling, fingerprinting, or trust signal module.",security-score:55 | uses-env,e6aad116014ca673
c525eca10111ed671d3e97f5,mbarbine__platphorm-vercel-atlas,security,security,fingerprinting,security,ja4-validator.test,ja4-validator,__tests__/ja4-validator.test.ts,.ts,111,,../lib/ja4-validator,,next-react,npm,65,40,site-specific-or-low-confidence,True,none,none,none,"Security component for security; review for shared auth, key handling, fingerprinting, or trust signal module.",imports:../lib/ja4-validator | security-score:55,2c6d515b9cdda7b5
f2b986a57c666e44b79d36cf,mbarbine__platphorm-vercel-atlas,security,security,security-module,security,stats.test,stats,__tests__/stats.test.ts,.ts,31,,@jest/globals,@jest/globals,next-react,npm,65,40,site-specific-or-low-confidence,True,none,none,none,"Security component for security; review for shared auth, key handling, fingerprinting, or trust signal module.",imports:@jest/globals | security-score:55,60155ca528424cbf
f495b5066ed530fc174fb9b1,mbarbine__platphorm-vercel-atlas,security,"security,logic",security-module,security,constants,constants,lib/constants.ts,.ts,5,,,,next-react,npm,70,35,site-specific-or-low-confidence,True,none,none,secondary,"Security component for security; review for shared auth, key handling, fingerprinting, or trust signal module.",security-score:55 | logic-score:45,e24fd678dd717a62
70454cefeeea9c82ed0d0357,mbarbine__platphorm-wrestling-webby,security,security,security-module,commerce,tailwind.config,tailwind-config,tailwind.config.js,.js,77,,"tailwindcss,tailwindcss-animate","tailwindcss,tailwindcss-animate",next-react,pnpm,65,40,site-specific-or-low-confidence,True,none,none,none,"Security component for commerce; review for shared auth, key handling, fingerprinting, or trust signal module.","imports:tailwindcss, tailwindcss-animate | security-score:55",41d86590aa4f66df
c0be964a784c7efb73ca33be,mbarbine__platphorm-wrestling-webby,security,security,security-module,general,patch,patch,patch.js,.js,10,,fs,fs,next-react,pnpm,60,40,site-specific-or-low-confidence,True,none,none,none,"Security component for general; review for shared auth, key handling, fingerprinting, or trust signal module.",imports:fs | security-score:55,5346e09916781bfd
0ebc5aab4ea7774a84d9e8d0,mbarbine__platphormnews-www-prod,security,"security,automation",security-module,general,actor,actor,static/.well-known/actor.json,.json,20,,,,svelte,pnpm,65,40,site-specific-or-low-confidence,False,none,secondary,none,"Security component for general; review for shared auth, key handling, fingerprinting, or trust signal module.",security-score:55 | automation-score:45,1743cb32028caf16
7c05c98958698bb305214732,mbarbine__platphormnews-www-prod,security,security,security-module,security,assetlinks,assetlinks,static/.well-known/assetlinks.json,.json,12,,,,svelte,pnpm,55,40,site-specific-or-low-confidence,True,none,none,none,"Security component for security; review for shared auth, key handling, fingerprinting, or trust signal module.",security-score:55,5a1f7b53452b8b1c
cd5def8e237c414afb1a51eb,mbarbine__platphormnews-www-prod,security,security,security-module,mcp,news,news,src/types/news.ts,.ts,182,"GameServer,GameStats,LeaderboardEntry,NewsArticleType,NewsItem,NewsItemType,NewsItemTypeWithAllFeatures,NewsItemTypeWithArticle,NewsItemTypeWithBackground,NewsItemTypeWithBorder,NewsItemTypeWithChildren,NewsItemTypeWithIcon,NewsItemTypeWithSource,NewsSource,NewsSourceIcon,PlatformStats,QuakeMatch,QuakeStats,StoryComment,StoryDetail",,,svelte,pnpm,70,55,catalog-only,True,none,none,none,"Security component for mcp; review for shared auth, key handling, fingerprinting, or trust signal module.","exports:GameServer, GameStats, LeaderboardEntry, NewsArticleType, NewsItem, NewsItemType, NewsItemTypeWithAllFeatures, NewsItemTypeWithArticle | security-score:55",e8b8f8a69c67aa39
ec0bb836b9c6ffaa8f3abdae,mbarbine__process-clone,security,security,security-module,commerce,tailwind.config,tailwind-config,tailwind.config.ts,.ts,99,,"tailwindcss,tailwindcss-animate","tailwindcss,tailwindcss-animate",next-react,pnpm,65,40,site-specific-or-low-confidence,True,none,none,none,"Security component for commerce; review for shared auth, key handling, fingerprinting, or trust signal module.","imports:tailwindcss, tailwindcss-animate | security-score:55",af86129669f5ad8a
c0a9676f62f2c02a8bcdf4bf,mbarbine__process-clone,security,"security,automation",security-module,auth-and-keys,docker-compose,docker-compose,docker-compose.yml,.yml,31,,,,next-react,pnpm,65,55,catalog-only,True,none,secondary,none,"Security component for auth-and-keys; review for shared auth, key handling, fingerprinting, or trust signal module.",security-score:55 | automation-score:50,4d34794f9e5397f8
d76aca9de4d1dc8b8bc1e651,mbarbine__process-clone,security,security,security-module,seo-and-metadata,d3-visualizations,d3-visualizations,d3-visualizations.ts,.ts,516,"D3VisualizationManager,HeatmapData,NetworkLink,NetworkNode,TimeSeriesData,processCollaborationData,processHeatmapData,processTimeSeriesData",d3,d3,next-react,pnpm,80,40,site-specific-or-low-confidence,True,none,none,none,"Security component for seo-and-metadata; review for shared auth, key handling, fingerprinting, or trust signal module.","exports:D3VisualizationManager, HeatmapData, NetworkLink, NetworkNode, TimeSeriesData, processCollaborationData, processHeatmapData, processTimeSeriesData | imports:d3 | security-score:55",18532fa7706251aa
39cb5bba244a6e82034ff180,mbarbine__process-clone,security,security,security-module,logic,use-local-storage,use-local-storage,hooks/use-local-storage.ts,.ts,25,useLocalStorage,react,react,next-react,pnpm,80,55,catalog-only,True,none,none,none,"Security component for logic; review for shared auth, key handling, fingerprinting, or trust signal module.",exports:useLocalStorage | imports:react | security-score:55,7e299b3808792fa2
52fc92a28ab42b3b480a6aaa,mbarbine__reflux-site-webby,security,security,security-module,ai,next.config,next-config,next.config.js,.js,60,,next,next,next-react,pnpm,65,55,catalog-only,True,none,none,none,"Security component for ai; review for shared auth, key handling, fingerprinting, or trust signal module.",imports:next | security-score:55,dad54cce55a2fca8
692e2ec7ca0cbc918c5417d4,mbarbine__robbie-ds-greens-webby,security,security,security-module,commerce,tailwind.config,tailwind-config,tailwind.config.ts,.ts,100,,"tailwindcss,tailwindcss-animate","tailwindcss,tailwindcss-animate",next-react,pnpm,65,40,site-specific-or-low-confidence,True,none,none,none,"Security component for commerce; review for shared auth, key handling, fingerprinting, or trust signal module.","imports:tailwindcss, tailwindcss-animate | security-score:55",7a72ea8fd56f269b
6d807b9690f99283ef3264b6,mbarbine__scratchcraft,security,security,security-module,commerce,tailwind.config,tailwind-config,tailwind.config.ts,.ts,98,,"tailwindcss,tailwindcss-animate","tailwindcss,tailwindcss-animate",next-react,pnpm,65,40,site-specific-or-low-confidence,True,none,none,none,"Security component for commerce; review for shared auth, key handling, fingerprinting, or trust signal module.","imports:tailwindcss, tailwindcss-animate | security-score:55",521fe85443e06f8a
cb2f94c49fe272943eea693f,mbarbine__shopify-theme-vanagain,security,"security,automation",security-module,commerce,match_images_to_csv,match-images-to-csv,match_images_to_csv.py,.py,98,,"csv,os,shutil","csv,os,shutil",python,unknown,75,40,site-specific-or-low-confidence,True,none,secondary,none,"Security component for commerce; review for shared auth, key handling, fingerprinting, or trust signal module.","imports:csv, os, shutil | security-score:55 | automation-score:45",684772aa9014ead9
73ecf79a995294aed964d062,mbarbine__shopify-theme-vanagain,security,security,security-module,editor,theme,theme,assets/theme.js,.js,11,,,,unknown,unknown,55,40,site-specific-or-low-confidence,True,none,none,none,"Security component for editor; review for shared auth, key handling, fingerprinting, or trust signal module.",security-score:55,7baf7a165deffef8
7bb4766c5f296b92df030935,mbarbine__spectrum-canine-www,security,security,security-module,commerce,tailwind.config,tailwind-config,tailwind.config.ts,.ts,81,,"tailwindcss,tailwindcss-animate","tailwindcss,tailwindcss-animate",next-react,pnpm,65,40,site-specific-or-low-confidence,True,none,none,none,"Security component for commerce; review for shared auth, key handling, fingerprinting, or trust signal module.","imports:tailwindcss, tailwindcss-animate | security-score:55",515f89588e186ee9
b27cbb790dbedf5f6519160e,mbarbine__stannp-gpt-5-test,security,security,security-module,logic,use-local-storage,use-local-storage,hooks/use-local-storage.ts,.ts,31,useLocalStorage,react,react,next-react,pnpm,80,55,catalog-only,True,none,none,none,"Security component for logic; review for shared auth, key handling, fingerprinting, or trust signal module.",exports:useLocalStorage | imports:react | security-score:55,22e52ff4e481a221
17515182df01a4d06e9689df,mbarbine__stannp-nextjs-bp,security,security,security-module,design-system,package-lock,package-lock,package-lock.json,.json,5895,,,,next-react,pnpm,55,35,site-specific-or-low-confidence,False,none,none,none,"Security component for design-system; review for shared auth, key handling, fingerprinting, or trust signal module.",security-score:55,c5ba937de8a12efb
9941043caba6ca437f3bb1c8,mbarbine__stannp-nextjs-bp,security,"security,automation",security-module,auth-and-keys,package,package,package.json,.json,53,,,,next-react,pnpm,65,55,catalog-only,False,none,secondary,none,"Security component for auth-and-keys; review for shared auth, key handling, fingerprinting, or trust signal module.",security-score:55 | automation-score:45,d943971d16d69353
26ebb425dd5232e150a1919a,mbarbine__starphone-fork-webby,security,security,security-module,ai,next.config,next-config,next.config.mjs,.mjs,88,,next,next,next-react,pnpm,65,55,catalog-only,True,none,none,none,"Security component for ai; review for shared auth, key handling, fingerprinting, or trust signal module.",imports:next | security-score:55,f902940d7f5d7d7f
79f831a2c627cb0302518ccd,mbarbine__starphone-fork-webby,security,security,security-module,commerce,tailwind.config,tailwind-config,tailwind.config.ts,.ts,98,,"tailwindcss,tailwindcss-animate","tailwindcss,tailwindcss-animate",next-react,pnpm,65,40,site-specific-or-low-confidence,True,none,none,none,"Security component for commerce; review for shared auth, key handling, fingerprinting, or trust signal module.","imports:tailwindcss, tailwindcss-animate | security-score:55",b4bc3db2611603a0
92817d016727bf716373e981,mbarbine__starphone-web-svelte,security,"security,automation",security-module,analytics,next.config,next-config,next.config.ts,.ts,44,,next,next,next-react,pnpm,75,40,site-specific-or-low-confidence,True,none,secondary,none,"Security component for analytics; review for shared auth, key handling, fingerprinting, or trust signal module.",imports:next | security-score:55 | automation-score:45,e17371637d5d0a5e
a9ca7a630870e9e0b9efe9e1,mbarbine__stripper-mug-webby,security,security,security-module,security,next.config,next-config,next.config.mjs,.mjs,44,,next,next,next-react,pnpm,65,40,site-specific-or-low-confidence,True,none,none,none,"Security component for security; review for shared auth, key handling, fingerprinting, or trust signal module.",imports:next | security-score:55,e8457629dbeb53bf
487ce088ab043b8690d870f9,mbarbine__tiktok-clone,security,security,security-module,security,next.config,next-config,next.config.mjs,.mjs,40,,next,next,next-react,pnpm,65,40,site-specific-or-low-confidence,True,none,none,none,"Security component for security; review for shared auth, key handling, fingerprinting, or trust signal module.",imports:next | security-score:55,d331a79c06073c46
7886b5224e50f2a8283b12cc,mbarbine__tiktok-clone,security,security,security-module,commerce,tailwind.config,tailwind-config,tailwind.config.ts,.ts,84,,"tailwindcss,tailwindcss-animate","tailwindcss,tailwindcss-animate",next-react,pnpm,65,40,site-specific-or-low-confidence,True,none,none,none,"Security component for commerce; review for shared auth, key handling, fingerprinting, or trust signal module.","imports:tailwindcss, tailwindcss-animate | security-score:55",9c058c2364ac0933
21ee06064085aea159111bf8,mbarbine__two-doller-web,security,security,security-module,ai,next.config,next-config,next.config.mjs,.mjs,80,,"next,next-intl/plugin","next,next-intl",next-react,pnpm,65,55,catalog-only,True,none,none,none,"Security component for ai; review for shared auth, key handling, fingerprinting, or trust signal module.","imports:next, next-intl/plugin | security-score:55",9e9f66d5aa296880
db8537d901110372c372bd2d,mbarbine__two-doller-web,security,security,security-module,discovery,zh,zh,messages/zh.json,.json,45,,,,next-react,pnpm,55,55,catalog-only,True,none,none,none,"Security component for discovery; review for shared auth, key handling, fingerprinting, or trust signal module.",security-score:55,e95b97bc5b887768
0b44c14f95e1700b994ea216,mbarbine__two-doller-web,security,security,security-module,discovery,ja,ja,messages/ja.json,.json,45,,,,next-react,pnpm,55,55,catalog-only,True,none,none,none,"Security component for discovery; review for shared auth, key handling, fingerprinting, or trust signal module.",security-score:55,7cbbc13774217711
b5212a77ab54fd85b4f7767a,mbarbine__two-doller-web,security,security,security-module,discovery,de,de,messages/de.json,.json,45,,,,next-react,pnpm,55,55,catalog-only,True,none,none,none,"Security component for discovery; review for shared auth, key handling, fingerprinting, or trust signal module.",security-score:55,c3c9ae23e1e9c7c4
9cbb333202e8c9b9e3fb8bc0,mbarbine__two-doller-web,security,security,security-module,discovery,pt,pt,messages/pt.json,.json,45,,,,next-react,pnpm,55,55,catalog-only,True,none,none,none,"Security component for discovery; review for shared auth, key handling, fingerprinting, or trust signal module.",security-score:55,d6e5a005824c774b
566ec1a7eff7042fd1deb87c,mbarbine__two-doller-web,security,security,security-module,mcp,en,en,messages/en.json,.json,86,,,,next-react,pnpm,55,55,catalog-only,True,none,none,none,"Security component for mcp; review for shared auth, key handling, fingerprinting, or trust signal module.",security-score:55,6b101957fdba4d3a
080a79ab525509e35089cb6e,mbarbine__two-doller-web,security,security,security-module,discovery,fr,fr,messages/fr.json,.json,45,,,,next-react,pnpm,55,55,catalog-only,True,none,none,none,"Security component for discovery; review for shared auth, key handling, fingerprinting, or trust signal module.",security-score:55,9eee71f05e51771b
ff9c620bf8304ed86a4e61a1,mbarbine__two-doller-web,security,security,security-module,discovery,ko,ko,messages/ko.json,.json,45,,,,next-react,pnpm,55,55,catalog-only,True,none,none,none,"Security component for discovery; review for shared auth, key handling, fingerprinting, or trust signal module.",security-score:55,559665e8a0bcd709
04b9ac5bcfd8b6e30d2c9ba4,mbarbine__two-doller-web,security,security,security-module,discovery,es,es,messages/es.json,.json,45,,,,next-react,pnpm,55,55,catalog-only,True,none,none,none,"Security component for discovery; review for shared auth, key handling, fingerprinting, or trust signal module.",security-score:55,6c700f827242eff7
59b24f641fedc07a9eb87810,mbarbine__vanagain-2025,security,security,security-module,commerce,tailwind.config,tailwind-config,tailwind.config.ts,.ts,98,,"tailwindcss,tailwindcss-animate","tailwindcss,tailwindcss-animate",next-react,pnpm,65,40,site-specific-or-low-confidence,True,none,none,none,"Security component for commerce; review for shared auth, key handling, fingerprinting, or trust signal module.","imports:tailwindcss, tailwindcss-animate | security-score:55",521fe85443e06f8a
978af4e5cbc17cf687a6e096,mbarbine__vanagain-dot-com-prod,security,security,security-module,auth-and-keys,cart,cart,app/actions/cart.ts,.ts,88,,"@/lib/auth,@/lib/cart,zod","@/lib,zod",next-react,pnpm,75,45,site-specific-or-low-confidence,False,none,none,none,"Security component for auth-and-keys; review for shared auth, key handling, fingerprinting, or trust signal module.","imports:@/lib/auth, @/lib/cart, zod | security-score:55",7f04c29bae53e5d8
dd617ab4bac0071efc8074f9,mbarbine__vanagain-dot-com-prod,security,security,security-module,auth-and-keys,product-slug-page.test,product-slug-page,tests/unit/product-slug-page.test.ts,.ts,69,,"@/app/[locale]/(store)/products/[slug]/page,react,react-dom/server,vitest","@/app,react,react-dom,vitest",next-react,pnpm,65,45,site-specific-or-low-confidence,False,none,none,none,"Security component for auth-and-keys; review for shared auth, key handling, fingerprinting, or trust signal module.","imports:@/app/[locale]/(store)/products/[slug]/page, react, react-dom/server, vitest | security-score:55",cd76616f8bfe19f3
8d2eba42100b39c32340213c,mbarbine__vanagain-dot-com-prod,security,security,security-module,ai,shipping-international.test,shipping-international,tests/unit/shipping-international.test.ts,.ts,1289,,"@/lib/shipping,vitest","@/lib,vitest",next-react,pnpm,65,20,site-specific-or-low-confidence,True,none,none,none,"Security component for ai; review for shared auth, key handling, fingerprinting, or trust signal module.","imports:@/lib/shipping, vitest | security-score:55 | uses-env",448de34a7145aa33
6d865325cb8671fa2ffca932,mbarbine__vanagain-dot-com-prod,security,security,security-module,testing,skip-to-content.test,skip-to-content,tests/unit/skip-to-content.test.ts,.ts,44,,"@/components/ui/skip-to-content,react,react-dom/server,vitest","@/components,react,react-dom,vitest",next-react,pnpm,65,30,site-specific-or-low-confidence,True,none,none,none,"Security component for testing; review for shared auth, key handling, fingerprinting, or trust signal module.","imports:@/components/ui/skip-to-content, react, react-dom/server, vitest | security-score:55",e4699430fd54a683
9c8bfba6e26803c516c3ad4f,mbarbine__vanagain-dot-com-prod,security,security,security-module,shipping,next-config-headers.test,next-config-headers,tests/unit/next-config-headers.test.ts,.ts,90,,"@/lib/security-headers,@/next.config,vitest","@/lib,@/next.config,vitest",next-react,pnpm,65,30,site-specific-or-low-confidence,True,none,none,none,"Security component for shipping; review for shared auth, key handling, fingerprinting, or trust signal module.","imports:@/lib/security-headers, @/next.config, vitest | security-score:55",b1e50fdafceccffe
e543bc7aaf37c543a5a6f2e2,mbarbine__vanagain-dot-com-prod,security,security,auth,auth-and-keys,auth-legacy.test,auth-legacy,tests/unit/auth-legacy.test.ts,.ts,98,,"@/lib/auth,@/lib/session-cookie,@/lib/utils,bcryptjs,vitest","@/lib,bcryptjs,vitest",next-react,pnpm,65,45,site-specific-or-low-confidence,True,none,none,none,"Security component for auth-and-keys; review for shared auth, key handling, fingerprinting, or trust signal module.","imports:@/lib/auth, @/lib/session-cookie, @/lib/utils, bcryptjs, vitest | security-score:55",8bdbae171473263a
7607f2c2f41ae8b1d25de5d6,mbarbine__vanagain-dot-com-prod,security,"security,automation",security-module,ai,data.test,data,tests/unit/data.test.ts,.ts,243,,"@/lib/assets,@/lib/data,vitest","@/lib,vitest",next-react,pnpm,75,40,site-specific-or-low-confidence,True,none,secondary,none,"Security component for ai; review for shared auth, key handling, fingerprinting, or trust signal module.","imports:@/lib/assets, @/lib/data, vitest | security-score:55 | automation-score:45",06c9c1e8cd162d98
15e367098ea1055ca6faf81d,mbarbine__vanagain-dot-com-prod,security,"security,automation",security-module,ai,checkout.test,checkout,tests/unit/checkout.test.ts,.ts,210,,"@/lib/checkout,vitest","@/lib,vitest",next-react,pnpm,75,35,site-specific-or-low-confidence,True,none,secondary,none,"Security component for ai; review for shared auth, key handling, fingerprinting, or trust signal module.","imports:@/lib/checkout, vitest | security-score:55 | automation-score:45 | uses-env",652e9a0b40aea71d
b471b7dc571a0953f3470f4b,mbarbine__vanagain-dot-com-prod,security,"security,automation",security-module,commerce,product-sort.test,product-sort,tests/unit/product-sort.test.ts,.ts,81,,"@/components/products/product-sort,react,react-dom/server,vitest","@/components,react,react-dom,vitest",next-react,pnpm,75,30,site-specific-or-low-confidence,True,none,secondary,none,"Security component for commerce; review for shared auth, key handling, fingerprinting, or trust signal module.","imports:@/components/products/product-sort, react, react-dom/server, vitest | security-score:55 | automation-score:45",b3139226471100ac
7edd29594b890748b12055b9,mbarbine__vanagain-dot-com-prod,security,"security,automation",security-module,analytics,security-headers.test,security-headers,tests/unit/security-headers.test.ts,.ts,247,,"@/lib/security-headers,vitest","@/lib,vitest",next-react,pnpm,75,25,site-specific-or-low-confidence,True,none,secondary,none,"Security component for analytics; review for shared auth, key handling, fingerprinting, or trust signal module.","imports:@/lib/security-headers, vitest | security-score:55 | automation-score:45",3dc3ae2091516bb2
b3106ec0adac5d87f04511c2,mbarbine__vanagain-dot-com-prod,security,security,security-module,ai,redis.test,redis,tests/unit/redis.test.ts,.ts,1003,,"@/app/actions/password-reset,@/lib/auth,@/lib/products,@/lib/redis,@/lib/session-cookie,node:fs,redis,vitest","@/app,@/lib,node:fs,redis,vitest",next-react,pnpm,65,20,site-specific-or-low-confidence,True,none,none,none,"Security component for ai; review for shared auth, key handling, fingerprinting, or trust signal module.","imports:@/app/actions/password-reset, @/lib/auth, @/lib/products, @/lib/redis, @/lib/session-cookie, node:fs, redis, vitest | security-score:55 | uses-env",c07a8e7cc83f2648
378731e30f2480c6f3f6146f,mbarbine__vanagain-dot-com-prod,security,security,security-module,ai,cart-actions.test,cart-actions,tests/unit/cart-actions.test.ts,.ts,201,,"@/app/actions/cart,vitest","@/app,vitest",next-react,pnpm,65,40,site-specific-or-low-confidence,False,none,none,none,"Security component for ai; review for shared auth, key handling, fingerprinting, or trust signal module.","imports:@/app/actions/cart, vitest | security-score:55",3f06f70da9eee06b
5357be6c26c3d9e5ed1b7d2e,mbarbine__vanagain-dot-com-prod,security,security,security-module,ai,shipping.test,shipping,tests/unit/shipping.test.ts,.ts,513,,"@/lib/shipping,vitest","@/lib,vitest",next-react,pnpm,65,25,site-specific-or-low-confidence,True,none,none,none,"Security component for ai; review for shared auth, key handling, fingerprinting, or trust signal module.","imports:@/lib/shipping, vitest | security-score:55 | uses-env",9943006ee7098c66
95be1d6f192194f489f4ae14,mbarbine__vanagain-dot-com-prod,security,security,security-module,auth-and-keys,phpass.test,phpass,tests/unit/phpass.test.ts,.ts,37,,"@/lib/phpass,phpass,vitest","@/lib,phpass,vitest",next-react,pnpm,65,45,site-specific-or-low-confidence,False,none,none,none,"Security component for auth-and-keys; review for shared auth, key handling, fingerprinting, or trust signal module.","imports:@/lib/phpass, phpass, vitest | security-score:55",886b8b650d21a894
e1cd5e9494aede67b30ac018,mbarbine__vanagain-dot-com-prod,security,"security,ai",security-module,auth-and-keys,legacy-mail.test,legacy-mail,tests/unit/legacy-mail.test.ts,.ts,136,,"@/lib/legacy-mail,vitest","@/lib,vitest",next-react,pnpm,75,40,site-specific-or-low-confidence,True,none,none,none,"Security component for auth-and-keys; review for shared auth, key handling, fingerprinting, or trust signal module.","imports:@/lib/legacy-mail, vitest | security-score:55 | ai-score:45 | uses-env",cde596a90555c4d5
87beca870e3c45e77f2ef929,mbarbine__vanagain-dot-com-prod,security,security,security-module,discovery,category-art.test,category-art,tests/unit/category-art.test.ts,.ts,85,,"@/components/categories/category-art,vitest","@/components,vitest",next-react,pnpm,65,45,site-specific-or-low-confidence,True,none,none,none,"Security component for discovery; review for shared auth, key handling, fingerprinting, or trust signal module.","imports:@/components/categories/category-art, vitest | security-score:55",eb6614ddf8208cf0
b501d2b39aeab5edbaaef0d2,mbarbine__vanagain-dot-com-prod,security,security,security-module,ai,mobile-bottom-nav.test,mobile-bottom-nav,tests/unit/mobile-bottom-nav.test.ts,.ts,119,,"@/components/layout/mobile-bottom-nav,next/navigation,react,react-dom/server,vitest","@/components,next,react,react-dom,vitest",next-react,pnpm,65,45,site-specific-or-low-confidence,True,none,none,none,"Security component for ai; review for shared auth, key handling, fingerprinting, or trust signal module.","imports:@/components/layout/mobile-bottom-nav, next/navigation, react, react-dom/server, vitest | security-score:55",38e7df798ce4c7ce
6d480d37741df31574d3434f,mbarbine__vanagain-dot-com-prod,security,security,security-module,auth-and-keys,session-cookie.test,session-cookie,tests/unit/session-cookie.test.ts,.ts,110,,"@/lib/session-cookie,vitest","@/lib,vitest",next-react,pnpm,65,45,site-specific-or-low-confidence,True,none,none,none,"Security component for auth-and-keys; review for shared auth, key handling, fingerprinting, or trust signal module.","imports:@/lib/session-cookie, vitest | security-score:55",d51312e66ef5d116
417d155fc8399511a2a598bf,mbarbine__vanagain-dot-com-prod,security,"security,automation",security-module,game,legacy_sql_tools,legacy-sql-tools,scripts/legacy_sql_tools.py,.py,214,"add_drop_statements,convert_mysql_to_postgres,looks_like_mysql_dump,main,prepare_sql_text,sanitize_sql_text,transform_file","__future__,pathlib,re,sys","__future__,pathlib,re,sys",next-react,pnpm,100,35,site-specific-or-low-confidence,True,none,secondary,none,"Security component for game; review for shared auth, key handling, fingerprinting, or trust signal module.","exports:add_drop_statements, convert_mysql_to_postgres, looks_like_mysql_dump, main, prepare_sql_text, sanitize_sql_text, transform_file | imports:__future__, pathlib, re, sys | security-score:55 | automation-score:50",2119cfbf8273b038
3cf7acc2bd6fcaf87ee11b2a,mbarbine__vanagain-site,security,"security,automation",security-module,commerce,composer,composer,admin/composer.json,.json,68,,,,unknown,unknown,65,40,site-specific-or-low-confidence,False,none,secondary,none,"Security component for commerce; review for shared auth, key handling, fingerprinting, or trust signal module.",security-score:55 | automation-score:45,43db1dcae4d85714
6377410e53f2b709554a891b,mbarbine__vanagain-site,security,security,security-module,auth-and-keys,bootstrap,bootstrap,admin/resources/assets/js/bootstrap.js,.js,40,,"axios,bootstrap-sass,jquery,laravel-echo,lodash,pusher-js","axios,bootstrap-sass,jquery,laravel-echo,lodash,pusher-js",unknown,unknown,65,55,catalog-only,False,none,none,none,"Security component for auth-and-keys; review for shared auth, key handling, fingerprinting, or trust signal module.","imports:axios, bootstrap-sass, jquery, laravel-echo, lodash, pusher-js | security-score:55",83ac9370707f05aa
3b719375203b704d1ba590a2,mbarbine__vanagain-site,security,security,security-module,auth-and-keys,moment.min,moment-min,admin/public/assets/frontend/assets/plugins/moment.min.js,.js,7,"A,Aa,Ab,Ac,B,Ba,Bb,Bc,C,Ca,Cb,Cc,D,Da,Db,E,Ea,Eb,F,Fa,Fb,G,Ga,Gb,H,Ha,Hb,I,Ia,Ib,J,Ja,Jb,K,Ka,Kb,L,La,Lb,M,Ma,Mb,N,Na,Nb,O,Oa,Ob,P,Pa,Pb,Q,Qa,Qb,R,Ra,Rb,S,Sa,Sb,T,Ta,Tb,U,Ua,Ub,V,Va,Vb,W,Wa,Wb,X,Xa,Xb,Y,Ya,Yb,Z,Za,Zb",,,unknown,unknown,65,50,catalog-only,False,none,none,none,"Security component for auth-and-keys; review for shared auth, key handling, fingerprinting, or trust signal module.","exports:A, Aa, Ab, Ac, B, Ba, Bb, Bc | security-score:55",62d68b60ce880b5e
ac93b469890b6de83ea423ef,mbarbine__vanagain-site,security,security,security-module,analytics,packery-mode.pkgd.min,packery-mode-pkgd-min,admin/public/assets/frontend/assets/plugins/isotope/packery-mode.pkgd.min.js,.js,6,,"./item,./packer,./rect,get-size,isotope-layout/js/layout-mode,outlayer,packery","get-size,isotope-layout,outlayer,packery",unknown,unknown,60,35,site-specific-or-low-confidence,True,none,none,none,"Security component for analytics; review for shared auth, key handling, fingerprinting, or trust signal module.","imports:./item, ./packer, ./rect, get-size, isotope-layout/js/layout-mode, outlayer, packery | security-score:55",60ef0ce4272c1ae3
b76967c1e8d99d459d3dbe0b,mbarbine__vanagain-site,security,"security,automation",security-module,seo-and-metadata,progressbar.min,progressbar-min,admin/public/assets/frontend/assets/plugins/progress-bar/progressbar.min.js,.js,6,,,,unknown,unknown,60,50,catalog-only,False,none,secondary,none,"Security component for seo-and-metadata; review for shared auth, key handling, fingerprinting, or trust signal module.",security-score:55 | automation-score:45,56ea4cd865555cad
0e1e104529ad417691713461,mbarbine__vanagain-site,security,security,security-module,shipping,jquery.inputmask.numeric.extensions,jquery-inputmask-numeric-extensions,admin/public/assets/frontend/assets/plugins/input-mask/jquery.inputmask.numeric.extensions.js,.js,177,,,,unknown,unknown,55,40,site-specific-or-low-confidence,True,none,none,none,"Security component for shipping; review for shared auth, key handling, fingerprinting, or trust signal module.",security-score:55,ceeb19b87740efb0
f1b96e4bda12545318dc4b29,mbarbine__vanagain-site,security,security,security-module,ai,jquery.inputmask,jquery-inputmask,admin/public/assets/frontend/assets/plugins/input-mask/jquery.inputmask.js,.js,1,"A,B,C,D,E,F,G,H,I,K,L,M,N,O,P,R,S,T,U,V,W",,,unknown,unknown,65,50,catalog-only,True,none,none,none,"Security component for ai; review for shared auth, key handling, fingerprinting, or trust signal module.","exports:A, B, C, D, E, F, G, H | security-score:55",0a702e0afd2d9088
0bbe84c7635843cd1b16cbc1,mbarbine__vanagain-site,security,security,security-module,testing,jquery.inputmask.date.extensions,jquery-inputmask-date-extensions,admin/public/assets/frontend/assets/plugins/input-mask/jquery.inputmask.date.extensions.js,.js,1,,,,unknown,unknown,50,35,site-specific-or-low-confidence,True,none,none,none,"Security component for testing; review for shared auth, key handling, fingerprinting, or trust signal module.",security-score:55,af8dd53fad93e330
b3537933a1fc63fa843b4d92,mbarbine__vanagain-site,security,security,security-module,auth-and-keys,ilightbox.packed,ilightbox-packed,admin/public/assets/frontend/assets/plugins/ilightbox/js/ilightbox.packed.js,.js,13,,,,unknown,unknown,55,55,catalog-only,True,none,none,none,"Security component for auth-and-keys; review for shared auth, key handling, fingerprinting, or trust signal module.",security-score:55,fd96d9b3f117bd21
51097eb5f6fd5ea8f0c3e9f0,mbarbine__vanagain-site,security,security,security-module,analytics,js.cookie,js-cookie,admin/public/assets/frontend/assets/plugins/js-cookie/js.cookie.js,.js,165,,,,unknown,unknown,55,40,site-specific-or-low-confidence,True,none,none,none,"Security component for analytics; review for shared auth, key handling, fingerprinting, or trust signal module.",security-score:55,55b0a4a2ab61a84e
e9e2019b6cd77c845a062dc9,mbarbine__vanagain-site,security,security,security-module,auth-and-keys,daterangepicker,daterangepicker,admin/public/assets/frontend/assets/plugins/bootstrap-daterangepicker/daterangepicker.js,.js,1493,,"jquery,moment","jquery,moment",unknown,unknown,65,35,site-specific-or-low-confidence,False,none,none,none,"Security component for auth-and-keys; review for shared auth, key handling, fingerprinting, or trust signal module.","imports:jquery, moment | security-score:55",bbf52f2e197ac486
16556ace03ac6c0cd1b9676c,mbarbine__vanagain-site,security,security,security-module,ai,wow,wow,admin/public/assets/frontend/assets/plugins/reveal-animate/wow.js,.js,1,,,,unknown,unknown,50,50,catalog-only,True,none,none,none,"Security component for ai; review for shared auth, key handling, fingerprinting, or trust signal module.",security-score:55,d52c81ad5dcf74a8
bc75aa289a54447975d769ee,mbarbine__vanagain-site,security,security,security-module,ai,wow.min,wow-min,admin/public/assets/frontend/assets/plugins/reveal-animate/wow.min.js,.js,2,,,,unknown,unknown,50,50,catalog-only,True,none,none,none,"Security component for ai; review for shared auth, key handling, fingerprinting, or trust signal module.",security-score:55,167d7ca784f3d394
98d707ef96aeeffebf28cd1d,mbarbine__vanagain-site,security,security,security-module,auth-and-keys,revolution.extension.carousel.min,revolution-extension-carousel-min,admin/public/assets/frontend/assets/plugins/revo-slider/js/extensions/revolution.extension.carousel.min.js,.js,7,,,,unknown,unknown,50,50,catalog-only,True,none,none,none,"Security component for auth-and-keys; review for shared auth, key handling, fingerprinting, or trust signal module.",security-score:55,9b1d309e0370e375
631ab9b7161e512a8cd6fdc8,mbarbine__vanagain-site,security,security,security-module,auth-and-keys,revolution.extension.parallax.min,revolution-extension-parallax-min,admin/public/assets/frontend/assets/plugins/revo-slider/js/extensions/revolution.extension.parallax.min.js,.js,7,,,,unknown,unknown,50,50,catalog-only,False,none,none,none,"Security component for auth-and-keys; review for shared auth, key handling, fingerprinting, or trust signal module.",security-score:55,3ca5d0dc0042ca03
8b809ee70477e28721013065,mbarbine__vanagain-site,security,security,security-module,auth-and-keys,revolution.extension.kenburn.min,revolution-extension-kenburn-min,admin/public/assets/frontend/assets/plugins/revo-slider/js/extensions/revolution.extension.kenburn.min.js,.js,7,,,,unknown,unknown,50,50,catalog-only,False,none,none,none,"Security component for auth-and-keys; review for shared auth, key handling, fingerprinting, or trust signal module.",security-score:55,fe5c1ebb0c7895e8
282408be2a01c8ad9fad6b63,mbarbine__vanagain-site,security,security,security-module,auth-and-keys,revolution.extension.parallax,revolution-extension-parallax,admin/public/assets/frontend/assets/plugins/revo-slider/js/extensions/source/revolution.extension.parallax.js,.js,401,,,,unknown,unknown,55,50,catalog-only,False,none,none,none,"Security component for auth-and-keys; review for shared auth, key handling, fingerprinting, or trust signal module.",security-score:55,7266140f98ef6c26
9fcac8212c958b95ce27e74f,mbarbine__vanagain-site,security,security,security-module,auth-and-keys,revolution.extension.carousel,revolution-extension-carousel,admin/public/assets/frontend/assets/plugins/revo-slider/js/extensions/source/revolution.extension.carousel.js,.js,346,,,,unknown,unknown,55,50,catalog-only,True,none,none,none,"Security component for auth-and-keys; review for shared auth, key handling, fingerprinting, or trust signal module.",security-score:55,f76c6a4f55672bbd
1412dfbe7284e0b63e33c003,mbarbine__vanagain-site,security,security,security-module,auth-and-keys,revolution.extension.navigation,revolution-extension-navigation,admin/public/assets/frontend/assets/plugins/revo-slider/js/extensions/source/revolution.extension.navigation.js,.js,1126,,,,unknown,unknown,55,35,site-specific-or-low-confidence,False,none,none,none,"Security component for auth-and-keys; review for shared auth, key handling, fingerprinting, or trust signal module.",security-score:55,5e99f627ed111114
59081000dfd545119aebe32e,mbarbine__vanagain-site,security,security,security-module,auth-and-keys,revolution.extension.kenburn,revolution-extension-kenburn,admin/public/assets/frontend/assets/plugins/revo-slider/js/extensions/source/revolution.extension.kenburn.js,.js,175,,,,unknown,unknown,55,55,catalog-only,False,none,none,none,"Security component for auth-and-keys; review for shared auth, key handling, fingerprinting, or trust signal module.",security-score:55,3b2a2ba838eada7b
5497a3fd55822b021da02389,mbarbine__vanagain-site,security,"security,automation",security-module,general,slider-4,slider-4,admin/public/assets/frontend/assets/demos/default/js/scripts/revo-slider/slider-4.js,.js,67,,,,unknown,unknown,75,40,site-specific-or-low-confidence,False,none,secondary,none,"Security component for general; review for shared auth, key handling, fingerprinting, or trust signal module.",security-score:55 | automation-score:50,c54c99ab8e2d01f7
6b26449f42f6533e341138dc,mbarbine__vanagain-site,security,"security,automation",security-module,game,slider-1,slider-1,admin/public/assets/frontend/assets/demos/default/js/scripts/revo-slider/slider-1.js,.js,59,,,,unknown,unknown,75,40,site-specific-or-low-confidence,False,none,secondary,none,"Security component for game; review for shared auth, key handling, fingerprinting, or trust signal module.",security-score:55 | automation-score:50,bb33253efb3c17d9
b172aa95751a95cad18b2d61,mbarbine__vanagain-site,security,"security,automation",security-module,game,slider-5,slider-5,admin/public/assets/frontend/assets/demos/default/js/scripts/revo-slider/slider-5.js,.js,61,,,,unknown,unknown,75,40,site-specific-or-low-confidence,False,none,secondary,none,"Security component for game; review for shared auth, key handling, fingerprinting, or trust signal module.",security-score:55 | automation-score:50,d4c1e9afac507342
b301bc14e61a679bd5ac25d2,mbarbine__vanagain-site,security,"security,automation",security-module,game,slider-12,slider-12,admin/public/assets/frontend/assets/demos/default/js/scripts/revo-slider/slider-12.js,.js,57,,,,unknown,unknown,75,40,site-specific-or-low-confidence,False,none,secondary,none,"Security component for game; review for shared auth, key handling, fingerprinting, or trust signal module.",security-score:55 | automation-score:50,58daa20843621650
aca8e706efb4326b3edc92be,mbarbine__vanagain-site,security,"security,automation",security-module,game,shop-slider-3,shop-slider-3,admin/public/assets/frontend/assets/demos/default/js/scripts/revo-slider/shop-slider-3.js,.js,58,,,,unknown,unknown,75,40,site-specific-or-low-confidence,False,none,secondary,none,"Security component for game; review for shared auth, key handling, fingerprinting, or trust signal module.",security-score:55 | automation-score:50,f17eeda40e100876
9f7988c2bf076548fcb0814c,mbarbine__vanagain-site,security,"security,automation",security-module,game,shop-slider-2,shop-slider-2,admin/public/assets/frontend/assets/demos/default/js/scripts/revo-slider/shop-slider-2.js,.js,58,,,,unknown,unknown,75,40,site-specific-or-low-confidence,False,none,secondary,none,"Security component for game; review for shared auth, key handling, fingerprinting, or trust signal module.",security-score:55 | automation-score:50,f17eeda40e100876
292f0b5724a76e6c1837bafd,mbarbine__vanagain-site,security,"security,automation",security-module,game,shop-slider-1,shop-slider-1,admin/public/assets/frontend/assets/demos/default/js/scripts/revo-slider/shop-slider-1.js,.js,60,,,,unknown,unknown,75,40,site-specific-or-low-confidence,False,none,secondary,none,"Security component for game; review for shared auth, key handling, fingerprinting, or trust signal module.",security-score:55 | automation-score:50,e913c7cf52bb51a9
f10ad4ee606de5d06b425caf,mbarbine__vanagain-site,security,"security,automation",security-module,general,slider-8,slider-8,admin/public/assets/frontend/assets/demos/default/js/scripts/revo-slider/slider-8.js,.js,59,,,,unknown,unknown,75,40,site-specific-or-low-confidence,False,none,secondary,none,"Security component for general; review for shared auth, key handling, fingerprinting, or trust signal module.",security-score:55 | automation-score:50,a7fbf37e6551ae86
f9e18dd0632576a45c84a658,mbarbine__vanagain-site,security,"security,automation",security-module,game,slider-14,slider-14,admin/public/assets/frontend/assets/demos/default/js/scripts/revo-slider/slider-14.js,.js,84,,,,unknown,unknown,75,40,site-specific-or-low-confidence,False,none,secondary,none,"Security component for game; review for shared auth, key handling, fingerprinting, or trust signal module.",security-score:55 | automation-score:50,c696680f049e7d03
61fdca50ebe2605bbb70a708,mbarbine__vanagain-site,security,"security,automation",security-module,game,shop-slider-5,shop-slider-5,admin/public/assets/frontend/assets/demos/default/js/scripts/revo-slider/shop-slider-5.js,.js,84,,,,unknown,unknown,75,40,site-specific-or-low-confidence,False,none,secondary,none,"Security component for game; review for shared auth, key handling, fingerprinting, or trust signal module.",security-score:55 | automation-score:50,26bbef3e878757c3
c1908bd0ecbcfde61589bb19,mbarbine__vanagain-site,security,"security,automation",security-module,game,slider-10,slider-10,admin/public/assets/frontend/assets/demos/default/js/scripts/revo-slider/slider-10.js,.js,58,,,,unknown,unknown,75,40,site-specific-or-low-confidence,False,none,secondary,none,"Security component for game; review for shared auth, key handling, fingerprinting, or trust signal module.",security-score:55 | automation-score:50,f7e94d3444181cc8
6a0f7cbc3012df6b5ca3e081,mbarbine__vanagain-site,security,"security,automation",security-module,game,shop-slider-4,shop-slider-4,admin/public/assets/frontend/assets/demos/default/js/scripts/revo-slider/shop-slider-4.js,.js,60,,,,unknown,unknown,75,40,site-specific-or-low-confidence,False,none,secondary,none,"Security component for game; review for shared auth, key handling, fingerprinting, or trust signal module.",security-score:55 | automation-score:50,e913c7cf52bb51a9
e4f4ab387ee587ef268f9f9d,mbarbine__vanagain-site,security,"security,automation",security-module,game,slider-11,slider-11,admin/public/assets/frontend/assets/demos/default/js/scripts/revo-slider/slider-11.js,.js,57,,,,unknown,unknown,75,40,site-specific-or-low-confidence,False,none,secondary,none,"Security component for game; review for shared auth, key handling, fingerprinting, or trust signal module.",security-score:55 | automation-score:50,58daa20843621650
aeebfb9ccdb651214fca6dc2,mbarbine__vanagain-site,security,"security,automation",security-module,game,slider-9,slider-9,admin/public/assets/frontend/assets/demos/default/js/scripts/revo-slider/slider-9.js,.js,59,,,,unknown,unknown,75,40,site-specific-or-low-confidence,False,none,secondary,none,"Security component for game; review for shared auth, key handling, fingerprinting, or trust signal module.",security-score:55 | automation-score:50,f10abe1f70072079
79ec4e7fa302277363b05797,mbarbine__vanagain-site,security,"security,automation",security-module,game,slider-2,slider-2,admin/public/assets/frontend/assets/demos/default/js/scripts/revo-slider/slider-2.js,.js,54,,,,unknown,unknown,75,40,site-specific-or-low-confidence,False,none,secondary,none,"Security component for game; review for shared auth, key handling, fingerprinting, or trust signal module.",security-score:55 | automation-score:50,e8f02ba8bdef1f26
e1dbcf40b1a5e633e8698eba,mbarbine__vanagain-site,security,"security,automation",security-module,game,slider-6,slider-6,admin/public/assets/frontend/assets/demos/default/js/scripts/revo-slider/slider-6.js,.js,113,,,,unknown,unknown,75,40,site-specific-or-low-confidence,False,none,secondary,none,"Security component for game; review for shared auth, key handling, fingerprinting, or trust signal module.",security-score:55 | automation-score:50,e7239f7671d71a37
4460cf43ff23ca84dad05d15,mbarbine__vanagain-site,security,"security,automation",security-module,game,slider-7,slider-7,admin/public/assets/frontend/assets/demos/default/js/scripts/revo-slider/slider-7.js,.js,65,,,,unknown,unknown,75,40,site-specific-or-low-confidence,False,none,secondary,none,"Security component for game; review for shared auth, key handling, fingerprinting, or trust signal module.",security-score:55 | automation-score:50,486fa48abcac3580
c8a294dfbed1347b7d348dca,mbarbine__vanagain-site,security,"security,automation",security-module,game,slider-3,slider-3,admin/public/assets/frontend/assets/demos/default/js/scripts/revo-slider/slider-3.js,.js,55,,,,unknown,unknown,75,40,site-specific-or-low-confidence,False,none,secondary,none,"Security component for game; review for shared auth, key handling, fingerprinting, or trust signal module.",security-score:55 | automation-score:50,6a6503c711a7d2f0
9bdf7ba982ddf869fad04d03,mbarbine__vanagain-site,security,security,security-module,analytics,components-shop,components-shop,admin/public/assets/frontend/assets/base/js/components-shop.js,.js,1,,,,unknown,unknown,60,35,site-specific-or-low-confidence,True,none,none,none,"Security component for analytics; review for shared auth, key handling, fingerprinting, or trust signal module.",security-score:55,027aabcf3b7eb6bb
52464e214490fe1354f1b56c,mbarbine__vanagain-site,security,security,security-module,ai,fastclick.min,fastclick-min,admin/public/assets/admin/plugins/fastclick/fastclick.min.js,.js,1,,,,unknown,unknown,50,50,catalog-only,False,none,none,none,"Security component for ai; review for shared auth, key handling, fingerprinting, or trust signal module.",security-score:55,32c983a4b3b87d8f
5ff5b8bceb72fc5e7b9f38b9,mbarbine__vanagain-site,security,security,security-module,auth-and-keys,python,python,admin/public/assets/admin/plugins/ckfinder/plugins/fileeditor/codemirror/mode/python/python.js,.js,347,,../../lib/codemirror,,next-react,unknown,65,50,catalog-only,True,none,none,none,"Security component for auth-and-keys; review for shared auth, key handling, fingerprinting, or trust signal module.",imports:../../lib/codemirror | security-score:55,98cc28ef374f80b6
1a7a3e2a1ef006f6bb158421,mbarbine__vanagain-site,security,"security,automation",security-module,auth-and-keys,markdown,markdown,admin/public/assets/admin/plugins/ckfinder/plugins/fileeditor/codemirror/mode/markdown/markdown.js,.js,803,,"../../lib/codemirror,../meta,../xml/xml",,unknown,unknown,75,35,site-specific-or-low-confidence,True,none,secondary,none,"Security component for auth-and-keys; review for shared auth, key handling, fingerprinting, or trust signal module.","imports:../../lib/codemirror, ../meta, ../xml/xml | security-score:55 | automation-score:45",d7c229b36d440b35
4c5bc874df2721a3c0b1d4df,mbarbine__vanagain-site,security,"security,automation",security-module,i18n,perl,perl,admin/public/assets/admin/plugins/ckfinder/plugins/fileeditor/codemirror/mode/perl/perl.js,.js,837,,../../lib/codemirror,,unknown,unknown,75,35,site-specific-or-low-confidence,True,none,secondary,none,"Security component for i18n; review for shared auth, key handling, fingerprinting, or trust signal module.",imports:../../lib/codemirror | security-score:55 | automation-score:45,41e47fd4b9536a16
2c74c7409bd0fb765929dd1c,mbarbine__vanagain-site,security,security,security-module,auth-and-keys,rst,rst,admin/public/assets/admin/plugins/ckfinder/plugins/fileeditor/codemirror/mode/rst/rst.js,.js,557,,"../../addon/mode/overlay,../../lib/codemirror,../python/python,../stex/stex",,unknown,unknown,65,40,site-specific-or-low-confidence,True,none,none,none,"Security component for auth-and-keys; review for shared auth, key handling, fingerprinting, or trust signal module.","imports:../../addon/mode/overlay, ../../lib/codemirror, ../python/python, ../stex/stex | security-score:55",5254d60b6dc1fcd7
b372427abf8129c34c3c0aa5,mbarbine__vanagain-site,security,security,security-module,auth-and-keys,htmlmixed,htmlmixed,admin/public/assets/admin/plugins/ckfinder/plugins/fileeditor/codemirror/mode/htmlmixed/htmlmixed.js,.js,150,,"../../lib/codemirror,../css/css,../javascript/javascript,../xml/xml",,unknown,unknown,65,55,catalog-only,True,none,none,none,"Security component for auth-and-keys; review for shared auth, key handling, fingerprinting, or trust signal module.","imports:../../lib/codemirror, ../css/css, ../javascript/javascript, ../xml/xml | security-score:55",ee8603386165bb73
dfb8ad99d50a6f5f9304fb51,mbarbine__vanagain-site,security,security,security-module,auth-and-keys,stex,stex,admin/public/assets/admin/plugins/ckfinder/plugins/fileeditor/codemirror/mode/stex/stex.js,.js,251,,../../lib/codemirror,,unknown,unknown,65,50,catalog-only,True,none,none,none,"Security component for auth-and-keys; review for shared auth, key handling, fingerprinting, or trust signal module.",imports:../../lib/codemirror | security-score:55,0ad54d2b0b6f58ba
0069a702dfc73eb9a151877e,mbarbine__vanagain-site,security,security,security-module,auth-and-keys,xml,xml,admin/public/assets/admin/plugins/ckfinder/plugins/fileeditor/codemirror/mode/xml/xml.js,.js,385,Context,../../lib/codemirror,,unknown,unknown,80,50,catalog-only,True,none,none,none,"Security component for auth-and-keys; review for shared auth, key handling, fingerprinting, or trust signal module.",exports:Context | imports:../../lib/codemirror | security-score:55,9540f58dd013f86c
978c315f04daafbd60c54a1e,mbarbine__vanagain-site,security,security,security-module,auth-and-keys,javascript,javascript,admin/public/assets/admin/plugins/ckfinder/plugins/fileeditor/codemirror/mode/javascript/javascript.js,.js,721,JSLexical,../../lib/codemirror,,unknown,unknown,80,40,site-specific-or-low-confidence,True,none,none,none,"Security component for auth-and-keys; review for shared auth, key handling, fingerprinting, or trust signal module.",exports:JSLexical | imports:../../lib/codemirror | security-score:55,4def9152ff4c9e5a
36b840ce359fc3b89ae4d01d,mbarbine__vanagain-site,security,security,security-module,auth-and-keys,sass,sass,admin/public/assets/admin/plugins/ckfinder/plugins/fileeditor/codemirror/mode/sass/sass.js,.js,414,,../../lib/codemirror,,unknown,unknown,65,50,catalog-only,True,none,none,none,"Security component for auth-and-keys; review for shared auth, key handling, fingerprinting, or trust signal module.",imports:../../lib/codemirror | security-score:55,c11209ed8d9c30ca
d66fbbde4b649c4e40fd5e73,mbarbine__vanagain-site,security,security,security-module,auth-and-keys,ruby,ruby,admin/public/assets/admin/plugins/ckfinder/plugins/fileeditor/codemirror/mode/ruby/ruby.js,.js,285,,../../lib/codemirror,,next-react,unknown,65,50,catalog-only,True,none,none,none,"Security component for auth-and-keys; review for shared auth, key handling, fingerprinting, or trust signal module.",imports:../../lib/codemirror | security-score:55,32e8d36a75d822a3
e062808694167ca9e5c6becc,mbarbine__vanagain-site,security,security,security-module,auth-and-keys,overlay,overlay,admin/public/assets/admin/plugins/ckfinder/plugins/fileeditor/codemirror/addon/mode/overlay.js,.js,85,,../../lib/codemirror,,unknown,unknown,65,55,catalog-only,True,none,none,none,"Security component for auth-and-keys; review for shared auth, key handling, fingerprinting, or trust signal module.",imports:../../lib/codemirror | security-score:55,8afb42c80af5e73f
5eaaea338750b8b7f5eb0b86,mbarbine__vanagain-site,security,security,security-module,auth-and-keys,dataTables.fixedHeader,data-tables-fixed-header,admin/public/assets/admin/plugins/datatables/extensions/FixedHeader/js/dataTables.fixedHeader.js,.js,1028,,"datatables,jquery","datatables,jquery",unknown,unknown,65,35,site-specific-or-low-confidence,False,none,none,none,"Security component for auth-and-keys; review for shared auth, key handling, fingerprinting, or trust signal module.","imports:datatables, jquery | security-score:55",69c1a29629f10900
9290ef8860589d23434c02ef,mbarbine__vanagain-site,security,security,security-module,ai,dataTables.tableTools.min,data-tables-table-tools-min,admin/public/assets/admin/plugins/datatables/extensions/TableTools/js/dataTables.tableTools.min.js,.js,70,,"datatables,jquery","datatables,jquery",unknown,unknown,65,55,catalog-only,False,none,none,none,"Security component for ai; review for shared auth, key handling, fingerprinting, or trust signal module.","imports:datatables, jquery | security-score:55",f7a330fc37da3643
1cc14ae468289e87ccc3b3cf,mbarbine__vanagain-site,security,security,security-module,ai,dataTables.tableTools,data-tables-table-tools,admin/public/assets/admin/plugins/datatables/extensions/TableTools/js/dataTables.tableTools.js,.js,3230,TableTools,"datatables,jquery","datatables,jquery",unknown,unknown,80,35,site-specific-or-low-confidence,False,none,none,none,"Security component for ai; review for shared auth, key handling, fingerprinting, or trust signal module.","exports:TableTools | imports:datatables, jquery | security-score:55",a1ee3282fe8e534f
40f09fd49052a11b21974882,mbarbine__vanagain-site,security,security,key-management,auth-and-keys,dataTables.keyTable,data-tables-key-table,admin/public/assets/admin/plugins/datatables/extensions/KeyTable/js/dataTables.keyTable.js,.js,1175,,"datatables,jquery","datatables,jquery",unknown,unknown,65,35,site-specific-or-low-confidence,True,none,none,none,"Security component for auth-and-keys; review for shared auth, key handling, fingerprinting, or trust signal module.","imports:datatables, jquery | security-score:55",cea7a1b81668b048
e2f3fa581f78269252e1e0be,mbarbine__vanagain-site,security,security,key-management,analytics,dataTables.keyTable.min,data-tables-key-table-min,admin/public/assets/admin/plugins/datatables/extensions/KeyTable/js/dataTables.keyTable.min.js,.js,18,"A,B,C,E,G,H,I,L","datatables,jquery","datatables,jquery",unknown,unknown,80,40,site-specific-or-low-confidence,True,none,none,none,"Security component for analytics; review for shared auth, key handling, fingerprinting, or trust signal module.","exports:A, B, C, E, G, H, I, L | imports:datatables, jquery | security-score:55",03238a5dbcac0838
6436aea263ff0527d9e5d3f5,mbarbine__vanagain-site,security,security,security-module,seo-and-metadata,dataTables.autoFill.min,data-tables-auto-fill-min,admin/public/assets/admin/plugins/datatables/extensions/AutoFill/js/dataTables.autoFill.min.js,.js,22,,"datatables,jquery","datatables,jquery",unknown,unknown,65,55,catalog-only,False,none,none,none,"Security component for seo-and-metadata; review for shared auth, key handling, fingerprinting, or trust signal module.","imports:datatables, jquery | security-score:55",117b9d2108979424
61af624aa46815a7cf334f09,mbarbine__vanagain-site,security,security,security-module,auth-and-keys,bower,bower,admin/public/assets/admin/plugins/Ionicons/bower.json,.json,31,,,,unknown,unknown,55,55,catalog-only,False,none,none,none,"Security component for auth-and-keys; review for shared auth, key handling, fingerprinting, or trust signal module.",security-score:55,3a8dcbc704cd1aa1
04d77f11c5f777b0df8097a7,mbarbine__vanagain-site,security,security,security-module,general,component,component,admin/public/assets/admin/plugins/Ionicons/component.json,.json,19,,,,unknown,unknown,55,40,site-specific-or-low-confidence,False,none,none,none,"Security component for general; review for shared auth, key handling, fingerprinting, or trust signal module.",security-score:55,9a72f3d5fe0953d5
913d58c57bbf762ae28503c2,mbarbine__vanagain-site,security,security,security-module,auth-and-keys,.bower,bower,admin/public/assets/admin/plugins/Ionicons/.bower.json,.json,40,,,,unknown,unknown,55,55,catalog-only,False,none,none,none,"Security component for auth-and-keys; review for shared auth, key handling, fingerprinting, or trust signal module.",security-score:55,6e677192b9d4a786
ce387f9c73b71c1a926fdcf4,mbarbine__vanagain-site,security,security,security-module,auth-and-keys,composer,composer,admin/public/assets/admin/plugins/Ionicons/composer.json,.json,36,,,,unknown,unknown,55,55,catalog-only,False,none,none,none,"Security component for auth-and-keys; review for shared auth, key handling, fingerprinting, or trust signal module.",security-score:55,39000ecdff45a1c4
8e1cf975af1f4beca83fdca0,mbarbine__vanagain-site,security,security,security-module,shipping,jquery.inputmask.numeric.extensions,jquery-inputmask-numeric-extensions,admin/public/assets/admin/plugins/input-mask/jquery.inputmask.numeric.extensions.js,.js,177,,,,unknown,unknown,55,40,site-specific-or-low-confidence,True,none,none,none,"Security component for shipping; review for shared auth, key handling, fingerprinting, or trust signal module.",security-score:55,ceeb19b87740efb0
5665cf58ce4ab5e2c9d9dae7,mbarbine__vanagain-site,security,security,security-module,testing,jquery.inputmask.date.extensions,jquery-inputmask-date-extensions,admin/public/assets/admin/plugins/input-mask/jquery.inputmask.date.extensions.js,.js,488,,,,unknown,unknown,55,35,site-specific-or-low-confidence,True,none,none,none,"Security component for testing; review for shared auth, key handling, fingerprinting, or trust signal module.",security-score:55,14e8ff6d39adcaf4
ec0f05ae9d896e3cb35f4ed2,mbarbine__vanagain-site,security,security,security-module,editor,plugin,plugin,admin/public/assets/admin/plugins/ckeditor/plugins/widgetselection/plugin.js,.js,366,,,,unknown,unknown,55,35,site-specific-or-low-confidence,True,none,none,none,"Security component for editor; review for shared auth, key handling, fingerprinting, or trust signal module.",security-score:55,202efa83d074d8ac
b463b60f147014790d86723a,mbarbine__vanagain-site,security,security,security-module,observability,ko,ko,admin/public/assets/admin/plugins/ckeditor/plugins/a11yhelp/dialogs/lang/ko.js,.js,10,,,,unknown,unknown,50,55,catalog-only,True,none,none,none,"Security component for observability; review for shared auth, key handling, fingerprinting, or trust signal module.",security-score:55,a3a63239f8451855
203a773bf9cf08d3b1cac617,mbarbine__vanagain-site,security,security,security-module,observability,ru,ru,admin/public/assets/admin/plugins/ckeditor/plugins/a11yhelp/dialogs/lang/ru.js,.js,11,,,,unknown,unknown,55,55,catalog-only,True,none,none,none,"Security component for observability; review for shared auth, key handling, fingerprinting, or trust signal module.",security-score:55,f768fad3fcafe82a
eef671d4e23cc3df06e929fe,mbarbine__vanagain-site,security,security,security-module,observability,eu,eu,admin/public/assets/admin/plugins/ckeditor/plugins/a11yhelp/dialogs/lang/eu.js,.js,12,,,,unknown,unknown,55,55,catalog-only,True,none,none,none,"Security component for observability; review for shared auth, key handling, fingerprinting, or trust signal module.",security-score:55,a50afd6f93ef1ce8
e5161d2eac988c51c208a440,mbarbine__vanagain-site,security,security,security-module,observability,ug,ug,admin/public/assets/admin/plugins/ckeditor/plugins/a11yhelp/dialogs/lang/ug.js,.js,12,,,,unknown,unknown,55,55,catalog-only,True,none,none,none,"Security component for observability; review for shared auth, key handling, fingerprinting, or trust signal module.",security-score:55,206e10f80b057796
287bad6db40796dd4ddecb6a,mbarbine__vanagain-site,security,security,security-module,observability,zh-cn,zh-cn,admin/public/assets/admin/plugins/ckeditor/plugins/a11yhelp/dialogs/lang/zh-cn.js,.js,9,,,,unknown,unknown,50,50,catalog-only,True,none,none,none,"Security component for observability; review for shared auth, key handling, fingerprinting, or trust signal module.",security-score:55,ec5975eadc89549a
b2ed15abc7ddacbfff82838b,mbarbine__vanagain-site,security,security,security-module,observability,zh,zh,admin/public/assets/admin/plugins/ckeditor/plugins/a11yhelp/dialogs/lang/zh.js,.js,9,,,,unknown,unknown,50,50,catalog-only,True,none,none,none,"Security component for observability; review for shared auth, key handling, fingerprinting, or trust signal module.",security-score:55,22561c117be6d628
2a61971c32847f281727e775,mbarbine__vanagain-site,security,security,security-module,observability,uk,uk,admin/public/assets/admin/plugins/ckeditor/plugins/a11yhelp/dialogs/lang/uk.js,.js,12,,,,unknown,unknown,55,55,catalog-only,True,none,none,none,"Security component for observability; review for shared auth, key handling, fingerprinting, or trust signal module.",security-score:55,7ba22c164864c34a
4156fed6a3ebd2c06dbaca39,mbarbine__vanagain-site,security,security,security-module,editor,oc,oc,admin/public/assets/admin/plugins/ckeditor/plugins/uploadwidget/lang/oc.js,.js,12,,,,unknown,unknown,55,40,site-specific-or-low-confidence,True,none,none,none,"Security component for editor; review for shared auth, key handling, fingerprinting, or trust signal module.",security-score:55,105b24ec0bb1a053
399c86f58440cb3988d7629c,mbarbine__vanagain-site,security,security,security-module,observability,sr-latn,sr-latn,admin/public/assets/admin/plugins/ckeditor/plugins/clipboard/dialogs/lang/sr-latn.js,.js,15,,,,unknown,unknown,55,55,catalog-only,True,none,none,none,"Security component for observability; review for shared auth, key handling, fingerprinting, or trust signal module.",security-score:55,08a5778a43ee127d
74f2f08817b04134205eab99,mbarbine__vanagain-site,security,security,security-module,observability,pt,pt,admin/public/assets/admin/plugins/ckeditor/plugins/clipboard/dialogs/lang/pt.js,.js,15,,,,unknown,unknown,55,55,catalog-only,True,none,none,none,"Security component for observability; review for shared auth, key handling, fingerprinting, or trust signal module.",security-score:55,c3f293b4bd632407
d9ffdd42380137ca75525090,mbarbine__vanagain-site,security,security,security-module,observability,vi,vi,admin/public/assets/admin/plugins/ckeditor/plugins/clipboard/dialogs/lang/vi.js,.js,15,,,,unknown,unknown,55,55,catalog-only,True,none,none,none,"Security component for observability; review for shared auth, key handling, fingerprinting, or trust signal module.",security-score:55,dc0cf477e0c0cbe1
2d0949229594a83282c0788d,mbarbine__vanagain-site,security,security,security-module,observability,gl,gl,admin/public/assets/admin/plugins/ckeditor/plugins/clipboard/dialogs/lang/gl.js,.js,15,,,,unknown,unknown,55,55,catalog-only,True,none,none,none,"Security component for observability; review for shared auth, key handling, fingerprinting, or trust signal module.",security-score:55,e9d6a4c555127af6
ebfbf488e185e7238efabe81,mbarbine__vanagain-site,security,security,security-module,observability,pl,pl,admin/public/assets/admin/plugins/ckeditor/plugins/clipboard/dialogs/lang/pl.js,.js,15,,,,unknown,unknown,55,55,catalog-only,True,none,none,none,"Security component for observability; review for shared auth, key handling, fingerprinting, or trust signal module.",security-score:55,efdafbc06ec7ae89
7f806abb326f6fe5bdd1026f,mbarbine__vanagain-site,security,security,security-module,observability,mn,mn,admin/public/assets/admin/plugins/ckeditor/plugins/clipboard/dialogs/lang/mn.js,.js,15,,,,unknown,unknown,55,55,catalog-only,True,none,none,none,"Security component for observability; review for shared auth, key handling, fingerprinting, or trust signal module.",security-score:55,6ea3cb3ca24b7506
a69e0dc7897c74ea71dd0094,mbarbine__vanagain-site,security,security,security-module,observability,en-ca,en-ca,admin/public/assets/admin/plugins/ckeditor/plugins/clipboard/dialogs/lang/en-ca.js,.js,15,,,,unknown,unknown,55,55,catalog-only,True,none,none,none,"Security component for observability; review for shared auth, key handling, fingerprinting, or trust signal module.",security-score:55,3f59019b42c45185
134f04103265d6faa68114fd,mbarbine__vanagain-site,security,security,security-module,observability,el,el,admin/public/assets/admin/plugins/ckeditor/plugins/clipboard/dialogs/lang/el.js,.js,15,,,,unknown,unknown,55,55,catalog-only,True,none,none,none,"Security component for observability; review for shared auth, key handling, fingerprinting, or trust signal module.",security-score:55,e2c710d2985dc285
54301e9e025fba4a5554cc14,mbarbine__vanagain-site,security,security,security-module,observability,et,et,admin/public/assets/admin/plugins/ckeditor/plugins/clipboard/dialogs/lang/et.js,.js,15,,,,unknown,unknown,55,55,catalog-only,True,none,none,none,"Security component for observability; review for shared auth, key handling, fingerprinting, or trust signal module.",security-score:55,99d0837470575d61
c2d1d03c3b16979b6b725a21,mbarbine__vanagain-site,security,security,security-module,observability,is,is,admin/public/assets/admin/plugins/ckeditor/plugins/clipboard/dialogs/lang/is.js,.js,15,,,,unknown,unknown,55,55,catalog-only,True,none,none,none,"Security component for observability; review for shared auth, key handling, fingerprinting, or trust signal module.",security-score:55,a16dac3e5d7e35b1
eb7444be0417f05ad374dbb0,mbarbine__vanagain-site,security,security,security-module,observability,sl,sl,admin/public/assets/admin/plugins/ckeditor/plugins/clipboard/dialogs/lang/sl.js,.js,15,,,,unknown,unknown,55,55,catalog-only,True,none,none,none,"Security component for observability; review for shared auth, key handling, fingerprinting, or trust signal module.",security-score:55,a5ed3714bce73614
1e81141c3b48b9d91c43e8fc,mbarbine__vanagain-site,security,security,security-module,observability,ko,ko,admin/public/assets/admin/plugins/ckeditor/plugins/clipboard/dialogs/lang/ko.js,.js,15,,,,unknown,unknown,55,55,catalog-only,True,none,none,none,"Security component for observability; review for shared auth, key handling, fingerprinting, or trust signal module.",security-score:55,68df6bc54ae6f9b8
507320432f3b8ed711352814,mbarbine__vanagain-site,security,security,security-module,observability,hr,hr,admin/public/assets/admin/plugins/ckeditor/plugins/clipboard/dialogs/lang/hr.js,.js,15,,,,unknown,unknown,55,55,catalog-only,True,none,none,none,"Security component for observability; review for shared auth, key handling, fingerprinting, or trust signal module.",security-score:55,6b3c7afed9a7a20b
e15a8e8850cedc3651a9c9ab,mbarbine__vanagain-site,security,security,security-module,observability,ms,ms,admin/public/assets/admin/plugins/ckeditor/plugins/clipboard/dialogs/lang/ms.js,.js,15,,,,unknown,unknown,55,55,catalog-only,True,none,none,none,"Security component for observability; review for shared auth, key handling, fingerprinting, or trust signal module.",security-score:55,cb1b3821a2392855
ac0d7444da4176f76e88ee6a,mbarbine__vanagain-site,security,security,security-module,observability,fi,fi,admin/public/assets/admin/plugins/ckeditor/plugins/clipboard/dialogs/lang/fi.js,.js,15,,,,unknown,unknown,55,55,catalog-only,True,none,none,none,"Security component for observability; review for shared auth, key handling, fingerprinting, or trust signal module.",security-score:55,3dd828e5c3e08dd0
f8b9ca1c6aafdbaea0cb9575,mbarbine__vanagain-site,security,security,security-module,observability,th,th,admin/public/assets/admin/plugins/ckeditor/plugins/clipboard/dialogs/lang/th.js,.js,15,,,,unknown,unknown,55,55,catalog-only,True,none,none,none,"Security component for observability; review for shared auth, key handling, fingerprinting, or trust signal module.",security-score:55,33ecdc07083b31ed
d0daf075b58f8c51f68ebe92,mbarbine__vanagain-site,security,security,security-module,observability,ru,ru,admin/public/assets/admin/plugins/ckeditor/plugins/clipboard/dialogs/lang/ru.js,.js,15,,,,unknown,unknown,55,55,catalog-only,True,none,none,none,"Security component for observability; review for shared auth, key handling, fingerprinting, or trust signal module.",security-score:55,d9eca1c3109c6b11
5a71da6bb577eee0fe27e905,mbarbine__vanagain-site,security,security,security-module,observability,eu,eu,admin/public/assets/admin/plugins/ckeditor/plugins/clipboard/dialogs/lang/eu.js,.js,15,,,,unknown,unknown,55,55,catalog-only,True,none,none,none,"Security component for observability; review for shared auth, key handling, fingerprinting, or trust signal module.",security-score:55,dfb50631b935ff56
30049706a866987913ca3742,mbarbine__vanagain-site,security,security,security-module,observability,mk,mk,admin/public/assets/admin/plugins/ckeditor/plugins/clipboard/dialogs/lang/mk.js,.js,15,,,,unknown,unknown,55,55,catalog-only,True,none,none,none,"Security component for observability; review for shared auth, key handling, fingerprinting, or trust signal module.",security-score:55,b6522da6f7e7a05f
d12caf3f04647f32943a966e,mbarbine__vanagain-site,security,security,security-module,observability,no,no,admin/public/assets/admin/plugins/ckeditor/plugins/clipboard/dialogs/lang/no.js,.js,15,,,,unknown,unknown,55,55,catalog-only,True,none,none,none,"Security component for observability; review for shared auth, key handling, fingerprinting, or trust signal module.",security-score:55,f3d453e850b3a077
84efdf4e51e4022bf0b025e8,mbarbine__vanagain-site,security,security,security-module,observability,sq,sq,admin/public/assets/admin/plugins/ckeditor/plugins/clipboard/dialogs/lang/sq.js,.js,15,,,,unknown,unknown,55,55,catalog-only,True,none,none,none,"Security component for observability; review for shared auth, key handling, fingerprinting, or trust signal module.",security-score:55,a2c7190eaa75a21b
5e0a1d0c7bc79cb9f9bbd89d,mbarbine__vanagain-site,security,security,security-module,observability,gu,gu,admin/public/assets/admin/plugins/ckeditor/plugins/clipboard/dialogs/lang/gu.js,.js,15,,,,unknown,unknown,55,55,catalog-only,True,none,none,none,"Security component for observability; review for shared auth, key handling, fingerprinting, or trust signal module.",security-score:55,1162cff7d4c063f0
94114e5af64c4e72ed948114,mbarbine__vanagain-site,security,security,security-module,observability,si,si,admin/public/assets/admin/plugins/ckeditor/plugins/clipboard/dialogs/lang/si.js,.js,15,,,,unknown,unknown,55,55,catalog-only,True,none,none,none,"Security component for observability; review for shared auth, key handling, fingerprinting, or trust signal module.",security-score:55,9bbaf29e8300a93b
476bcecbf8ace0e5e21c93b8,mbarbine__vanagain-site,security,security,security-module,observability,tt,tt,admin/public/assets/admin/plugins/ckeditor/plugins/clipboard/dialogs/lang/tt.js,.js,15,,,,unknown,unknown,55,55,catalog-only,True,none,none,none,"Security component for observability; review for shared auth, key handling, fingerprinting, or trust signal module.",security-score:55,e04a50b040a057d5
2b9501c70d76b44d23034f1f,mbarbine__vanagain-site,security,security,security-module,observability,ja,ja,admin/public/assets/admin/plugins/ckeditor/plugins/clipboard/dialogs/lang/ja.js,.js,15,,,,unknown,unknown,55,55,catalog-only,True,none,none,none,"Security component for observability; review for shared auth, key handling, fingerprinting, or trust signal module.",security-score:55,7b47baf9d4bd0ff0
f31cb3ddada25c1b4bf71858,mbarbine__vanagain-site,security,security,security-module,observability,ka,ka,admin/public/assets/admin/plugins/ckeditor/plugins/clipboard/dialogs/lang/ka.js,.js,15,,,,unknown,unknown,55,55,catalog-only,True,none,none,none,"Security component for observability; review for shared auth, key handling, fingerprinting, or trust signal module.",security-score:55,f4241c8e20819a03
bc84856f1cdafd2987e5424b,mbarbine__vanagain-site,security,security,security-module,observability,he,he,admin/public/assets/admin/plugins/ckeditor/plugins/clipboard/dialogs/lang/he.js,.js,15,,,,unknown,unknown,55,55,catalog-only,True,none,none,none,"Security component for observability; review for shared auth, key handling, fingerprinting, or trust signal module.",security-score:55,2271940b77b0a187
3c4d76f026bc4ba9f67f1567,mbarbine__vanagain-site,security,security,security-module,observability,ug,ug,admin/public/assets/admin/plugins/ckeditor/plugins/clipboard/dialogs/lang/ug.js,.js,15,,,,unknown,unknown,55,55,catalog-only,True,none,none,none,"Security component for observability; review for shared auth, key handling, fingerprinting, or trust signal module.",security-score:55,caf838cce4cba35a
de9530de93f8cd912a33494b,mbarbine__vanagain-site,security,security,security-module,observability,bg,bg,admin/public/assets/admin/plugins/ckeditor/plugins/clipboard/dialogs/lang/bg.js,.js,15,,,,unknown,unknown,55,55,catalog-only,True,none,none,none,"Security component for observability; review for shared auth, key handling, fingerprinting, or trust signal module.",security-score:55,3350247111ac532d
254e783bdd7899c05bd666d3,mbarbine__vanagain-site,security,security,security-module,observability,af,af,admin/public/assets/admin/plugins/ckeditor/plugins/clipboard/dialogs/lang/af.js,.js,15,,,,unknown,unknown,55,55,catalog-only,True,none,none,none,"Security component for observability; review for shared auth, key handling, fingerprinting, or trust signal module.",security-score:55,1748a923ed641722
fe3931f983ed31179505f7d4,mbarbine__vanagain-site,security,security,security-module,observability,id,id,admin/public/assets/admin/plugins/ckeditor/plugins/clipboard/dialogs/lang/id.js,.js,15,,,,unknown,unknown,55,55,catalog-only,True,none,none,none,"Security component for observability; review for shared auth, key handling, fingerprinting, or trust signal module.",security-score:55,448b03bba205fdd3
f5187397dca09242002a6317,mbarbine__vanagain-site,security,security,security-module,observability,az,az,admin/public/assets/admin/plugins/ckeditor/plugins/clipboard/dialogs/lang/az.js,.js,15,,,,unknown,unknown,55,55,catalog-only,True,none,none,none,"Security component for observability; review for shared auth, key handling, fingerprinting, or trust signal module.",security-score:55,7f63ededd8c3a1d6
8900ecc001346fd479d25960,mbarbine__vanagain-site,security,security,security-module,observability,en-au,en-au,admin/public/assets/admin/plugins/ckeditor/plugins/clipboard/dialogs/lang/en-au.js,.js,15,,,,unknown,unknown,55,55,catalog-only,True,none,none,none,"Security component for observability; review for shared auth, key handling, fingerprinting, or trust signal module.",security-score:55,81aac5f05a278152
d8cc6513d908fb7789da9b7b,mbarbine__vanagain-site,security,security,security-module,observability,ca,ca,admin/public/assets/admin/plugins/ckeditor/plugins/clipboard/dialogs/lang/ca.js,.js,15,,,,unknown,unknown,55,55,catalog-only,True,none,none,none,"Security component for observability; review for shared auth, key handling, fingerprinting, or trust signal module.",security-score:55,f879d881260f7b75
b99ad79270a365a7ee44c920,mbarbine__vanagain-site,security,security,security-module,observability,cy,cy,admin/public/assets/admin/plugins/ckeditor/plugins/clipboard/dialogs/lang/cy.js,.js,15,,,,unknown,unknown,55,55,catalog-only,True,none,none,none,"Security component for observability; review for shared auth, key handling, fingerprinting, or trust signal module.",security-score:55,09ac742342119daf
3553e1589f66c8ef53d1ab5d,mbarbine__vanagain-site,security,security,security-module,observability,nb,nb,admin/public/assets/admin/plugins/ckeditor/plugins/clipboard/dialogs/lang/nb.js,.js,15,,,,unknown,unknown,55,55,catalog-only,True,none,none,none,"Security component for observability; review for shared auth, key handling, fingerprinting, or trust signal module.",security-score:55,b23d3438bd75155e
79146fcd662aa4180d85e906,mbarbine__vanagain-site,security,security,security-module,observability,zh-cn,zh-cn,admin/public/assets/admin/plugins/ckeditor/plugins/clipboard/dialogs/lang/zh-cn.js,.js,15,,,,unknown,unknown,55,55,catalog-only,True,none,none,none,"Security component for observability; review for shared auth, key handling, fingerprinting, or trust signal module.",security-score:55,c432597008bd978b
3f10e971435eff659463629d,mbarbine__vanagain-site,security,security,security-module,observability,de-ch,de-ch,admin/public/assets/admin/plugins/ckeditor/plugins/clipboard/dialogs/lang/de-ch.js,.js,15,,,,unknown,unknown,55,55,catalog-only,True,none,none,none,"Security component for observability; review for shared auth, key handling, fingerprinting, or trust signal module.",security-score:55,073f0e2e4cd7c604
ad2e77f1914aaa416c0b74fc,mbarbine__vanagain-site,security,security,security-module,observability,pt-br,pt-br,admin/public/assets/admin/plugins/ckeditor/plugins/clipboard/dialogs/lang/pt-br.js,.js,15,,,,unknown,unknown,55,55,catalog-only,True,none,none,none,"Security component for observability; review for shared auth, key handling, fingerprinting, or trust signal module.",security-score:55,909f5d16ed36329b
09273cec5c801d47a8b43fd5,mbarbine__vanagain-site,security,security,security-module,observability,oc,oc,admin/public/assets/admin/plugins/ckeditor/plugins/clipboard/dialogs/lang/oc.js,.js,15,,,,unknown,unknown,55,55,catalog-only,True,none,none,none,"Security component for observability; review for shared auth, key handling, fingerprinting, or trust signal module.",security-score:55,9068d68cad0acb5c
74aed658f9c7d48ed352e866,mbarbine__vanagain-site,security,security,security-module,observability,da,da,admin/public/assets/admin/plugins/ckeditor/plugins/clipboard/dialogs/lang/da.js,.js,15,,,,unknown,unknown,55,55,catalog-only,True,none,none,none,"Security component for observability; review for shared auth, key handling, fingerprinting, or trust signal module.",security-score:55,5531c8d5e568fa3a
54f19015d7295a29af812ee0,mbarbine__vanagain-site,security,security,security-module,observability,fa,fa,admin/public/assets/admin/plugins/ckeditor/plugins/clipboard/dialogs/lang/fa.js,.js,15,,,,unknown,unknown,55,55,catalog-only,True,none,none,none,"Security component for observability; review for shared auth, key handling, fingerprinting, or trust signal module.",security-score:55,b1fbfdbf49a5c18e
f6af090d25acec1a9919d8b8,mbarbine__vanagain-site,security,security,security-module,observability,de,de,admin/public/assets/admin/plugins/ckeditor/plugins/clipboard/dialogs/lang/de.js,.js,15,,,,unknown,unknown,55,55,catalog-only,True,none,none,none,"Security component for observability; review for shared auth, key handling, fingerprinting, or trust signal module.",security-score:55,e0e6e1ce3dd7f111
1550172ccad8e2581a3e9671,mbarbine__vanagain-site,security,security,security-module,observability,en,en,admin/public/assets/admin/plugins/ckeditor/plugins/clipboard/dialogs/lang/en.js,.js,15,,,,unknown,unknown,55,55,catalog-only,True,none,none,none,"Security component for observability; review for shared auth, key handling, fingerprinting, or trust signal module.",security-score:55,cbe301c93369a692
85485c9eae1d2554d7371e35,mbarbine__vanagain-site,security,security,security-module,observability,bs,bs,admin/public/assets/admin/plugins/ckeditor/plugins/clipboard/dialogs/lang/bs.js,.js,15,,,,unknown,unknown,55,55,catalog-only,True,none,none,none,"Security component for observability; review for shared auth, key handling, fingerprinting, or trust signal module.",security-score:55,eea700ac40132dee
892c1e465a167e13e7476569,mbarbine__vanagain-site,security,security,security-module,observability,ku,ku,admin/public/assets/admin/plugins/ckeditor/plugins/clipboard/dialogs/lang/ku.js,.js,15,,,,unknown,unknown,55,55,catalog-only,True,none,none,none,"Security component for observability; review for shared auth, key handling, fingerprinting, or trust signal module.",security-score:55,6055c645ef040137
7aba429c5cd0f4ca6f2caf5d,mbarbine__vanagain-site,security,security,security-module,observability,sv,sv,admin/public/assets/admin/plugins/ckeditor/plugins/clipboard/dialogs/lang/sv.js,.js,15,,,,unknown,unknown,55,55,catalog-only,True,none,none,none,"Security component for observability; review for shared auth, key handling, fingerprinting, or trust signal module.",security-score:55,558a8542888b1e81
5fa0d43573231c214188022b,mbarbine__vanagain-site,security,security,security-module,observability,zh,zh,admin/public/assets/admin/plugins/ckeditor/plugins/clipboard/dialogs/lang/zh.js,.js,15,,,,unknown,unknown,55,55,catalog-only,True,none,none,none,"Security component for observability; review for shared auth, key handling, fingerprinting, or trust signal module.",security-score:55,726eb5a1a22ce648
37bd5790c4e9d21f1cf3c5b7,mbarbine__vanagain-site,security,security,security-module,observability,hi,hi,admin/public/assets/admin/plugins/ckeditor/plugins/clipboard/dialogs/lang/hi.js,.js,15,,,,unknown,unknown,55,55,catalog-only,True,none,none,none,"Security component for observability; review for shared auth, key handling, fingerprinting, or trust signal module.",security-score:55,24df1f274aea0411
73774f37647deb87440f607a,mbarbine__vanagain-site,security,security,security-module,observability,uk,uk,admin/public/assets/admin/plugins/ckeditor/plugins/clipboard/dialogs/lang/uk.js,.js,15,,,,unknown,unknown,55,55,catalog-only,True,none,none,none,"Security component for observability; review for shared auth, key handling, fingerprinting, or trust signal module.",security-score:55,4c44bf8504d26730
0715e5ae5a1b0e1cd9e897c9,mbarbine__vanagain-site,security,security,security-module,observability,cs,cs,admin/public/assets/admin/plugins/ckeditor/plugins/clipboard/dialogs/lang/cs.js,.js,15,,,,unknown,unknown,55,55,catalog-only,True,none,none,none,"Security component for observability; review for shared auth, key handling, fingerprinting, or trust signal module.",security-score:55,ec19a76ade5aafbc
b7a99d64d1abd9f3639bba19,mbarbine__vanagain-site,security,security,security-module,observability,km,km,admin/public/assets/admin/plugins/ckeditor/plugins/clipboard/dialogs/lang/km.js,.js,15,,,,unknown,unknown,55,55,catalog-only,True,none,none,none,"Security component for observability; review for shared auth, key handling, fingerprinting, or trust signal module.",security-score:55,4afcb88ccc2102fe
bd3691d3f56476a95a1a7c68,mbarbine__vanagain-site,security,security,security-module,observability,fr,fr,admin/public/assets/admin/plugins/ckeditor/plugins/clipboard/dialogs/lang/fr.js,.js,15,,,,unknown,unknown,55,55,catalog-only,True,none,none,none,"Security component for observability; review for shared auth, key handling, fingerprinting, or trust signal module.",security-score:55,e597987ab274b72b
a7d5712272b053a1efd073ca,mbarbine__vanagain-site,security,security,security-module,observability,nl,nl,admin/public/assets/admin/plugins/ckeditor/plugins/clipboard/dialogs/lang/nl.js,.js,15,,,,unknown,unknown,55,55,catalog-only,True,none,none,none,"Security component for observability; review for shared auth, key handling, fingerprinting, or trust signal module.",security-score:55,854850453b5dfeab
f3078cf7c38892caf8f3393f,mbarbine__vanagain-site,security,security,security-module,observability,fr-ca,fr-ca,admin/public/assets/admin/plugins/ckeditor/plugins/clipboard/dialogs/lang/fr-ca.js,.js,15,,,,unknown,unknown,55,55,catalog-only,True,none,none,none,"Security component for observability; review for shared auth, key handling, fingerprinting, or trust signal module.",security-score:55,4dd2afa727fe7c74
6aa07434dd5369d12117b911,mbarbine__vanagain-site,security,security,security-module,observability,en-gb,en-gb,admin/public/assets/admin/plugins/ckeditor/plugins/clipboard/dialogs/lang/en-gb.js,.js,15,,,,unknown,unknown,55,55,catalog-only,True,none,none,none,"Security component for observability; review for shared auth, key handling, fingerprinting, or trust signal module.",security-score:55,9f5cd01eea077705
65667c89ea8db95cea6a2d99,mbarbine__vanagain-site,security,security,security-module,observability,sr,sr,admin/public/assets/admin/plugins/ckeditor/plugins/clipboard/dialogs/lang/sr.js,.js,15,,,,unknown,unknown,55,55,catalog-only,True,none,none,none,"Security component for observability; review for shared auth, key handling, fingerprinting, or trust signal module.",security-score:55,7638cd02ca5b01b0
32da8bd582e6123545aa5f94,mbarbine__vanagain-site,security,security,security-module,observability,hu,hu,admin/public/assets/admin/plugins/ckeditor/plugins/clipboard/dialogs/lang/hu.js,.js,15,,,,unknown,unknown,55,55,catalog-only,True,none,none,none,"Security component for observability; review for shared auth, key handling, fingerprinting, or trust signal module.",security-score:55,6e67e509f96d8693
0149f61d0867accffe9992b7,mbarbine__vanagain-site,security,security,security-module,observability,lt,lt,admin/public/assets/admin/plugins/ckeditor/plugins/clipboard/dialogs/lang/lt.js,.js,15,,,,unknown,unknown,55,55,catalog-only,True,none,none,none,"Security component for observability; review for shared auth, key handling, fingerprinting, or trust signal module.",security-score:55,f4a685b669b28f2b
e2db23dbe241883832daf626,mbarbine__vanagain-site,security,security,security-module,observability,fo,fo,admin/public/assets/admin/plugins/ckeditor/plugins/clipboard/dialogs/lang/fo.js,.js,15,,,,unknown,unknown,55,55,catalog-only,True,none,none,none,"Security component for observability; review for shared auth, key handling, fingerprinting, or trust signal module.",security-score:55,ef804926839894eb
14b5602abb67a01c1129af4e,mbarbine__vanagain-site,security,security,security-module,observability,ar,ar,admin/public/assets/admin/plugins/ckeditor/plugins/clipboard/dialogs/lang/ar.js,.js,15,,,,unknown,unknown,55,55,catalog-only,True,none,none,none,"Security component for observability; review for shared auth, key handling, fingerprinting, or trust signal module.",security-score:55,42565d73f237fa8d
781c6ff286a5cd90d89b9be5,mbarbine__vanagain-site,security,security,security-module,observability,sk,sk,admin/public/assets/admin/plugins/ckeditor/plugins/clipboard/dialogs/lang/sk.js,.js,15,,,,unknown,unknown,55,55,catalog-only,True,none,none,none,"Security component for observability; review for shared auth, key handling, fingerprinting, or trust signal module.",security-score:55,6b04683471d5919f
dee04d82b00ad7763ce633ea,mbarbine__vanagain-site,security,security,security-module,observability,it,it,admin/public/assets/admin/plugins/ckeditor/plugins/clipboard/dialogs/lang/it.js,.js,15,,,,unknown,unknown,55,55,catalog-only,True,none,none,none,"Security component for observability; review for shared auth, key handling, fingerprinting, or trust signal module.",security-score:55,f454efa6bb50289a
830b268692c116428257d064,mbarbine__vanagain-site,security,security,security-module,observability,es,es,admin/public/assets/admin/plugins/ckeditor/plugins/clipboard/dialogs/lang/es.js,.js,15,,,,unknown,unknown,55,55,catalog-only,True,none,none,none,"Security component for observability; review for shared auth, key handling, fingerprinting, or trust signal module.",security-score:55,107ba4fe60a3daf4
23a6d783b7e7c9b25b13a34d,mbarbine__vanagain-site,security,security,security-module,observability,bn,bn,admin/public/assets/admin/plugins/ckeditor/plugins/clipboard/dialogs/lang/bn.js,.js,15,,,,unknown,unknown,55,55,catalog-only,True,none,none,none,"Security component for observability; review for shared auth, key handling, fingerprinting, or trust signal module.",security-score:55,0dd41b6d31f01121
70151e135eee1b3e13d78654,mbarbine__vanagain-site,security,security,security-module,observability,eo,eo,admin/public/assets/admin/plugins/ckeditor/plugins/clipboard/dialogs/lang/eo.js,.js,15,,,,unknown,unknown,55,55,catalog-only,True,none,none,none,"Security component for observability; review for shared auth, key handling, fingerprinting, or trust signal module.",security-score:55,7a26b1ef014f8e5d
da74e7a3e36459756c41fc1f,mbarbine__vanagain-site,security,security,security-module,observability,ro,ro,admin/public/assets/admin/plugins/ckeditor/plugins/clipboard/dialogs/lang/ro.js,.js,15,,,,unknown,unknown,55,55,catalog-only,True,none,none,none,"Security component for observability; review for shared auth, key handling, fingerprinting, or trust signal module.",security-score:55,d6a5abdec43061a4
f5a114ff3e83301a6e49812b,mbarbine__vanagain-site,security,security,security-module,observability,tr,tr,admin/public/assets/admin/plugins/ckeditor/plugins/clipboard/dialogs/lang/tr.js,.js,15,,,,unknown,unknown,55,55,catalog-only,True,none,none,none,"Security component for observability; review for shared auth, key handling, fingerprinting, or trust signal module.",security-score:55,52d2893f753d3bed
9d29804f63853456a428a15f,mbarbine__vanagain-site,security,"security,ai",security-module,auth-and-keys,toolbartextmodifier,toolbartextmodifier,admin/public/assets/admin/plugins/ckeditor/samples/toolbarconfigurator/js/toolbartextmodifier.js,.js,14,,,,unknown,unknown,65,55,catalog-only,True,none,none,none,"Security component for auth-and-keys; review for shared auth, key handling, fingerprinting, or trust signal module.",security-score:55 | ai-score:45,ab7deab820642fe9
9e757116a7a914dd79541b47,mbarbine__vanagain-site,security,security,security-module,analytics,jquery.flot.canvas,jquery-flot-canvas,admin/public/assets/admin/plugins/flot/jquery.flot.canvas.js,.js,345,,,,unknown,unknown,55,35,site-specific-or-low-confidence,True,none,none,none,"Security component for analytics; review for shared auth, key handling, fingerprinting, or trust signal module.",security-score:55,e8b15d3af15394bc
dbd13dbe26466dd7d08bf4d1,mbarbine__vanagain-site,security,security,security-module,design-system,jquery.flot.canvas.min,jquery-flot-canvas-min,admin/public/assets/admin/plugins/flot/jquery.flot.canvas.min.js,.js,1,,,,unknown,unknown,50,50,catalog-only,False,none,none,none,"Security component for design-system; review for shared auth, key handling, fingerprinting, or trust signal module.",security-score:55,6ffa4fd5bf2ad2bf
666b26efcc8690bac9648b1d,mbarbine__vanagain-site,security,security,security-module,analytics,jquery.flot.selection.min,jquery-flot-selection-min,admin/public/assets/admin/plugins/flot/jquery.flot.selection.min.js,.js,1,,,,unknown,unknown,50,35,site-specific-or-low-confidence,True,none,none,none,"Security component for analytics; review for shared auth, key handling, fingerprinting, or trust signal module.",security-score:55,e291f5a521d2754e
502f9440ac3bfb4b285c44e1,mbarbine__vanagain-site,security,"security,automation",security-module,ai,jquery.flot.min,jquery-flot-min,admin/public/assets/admin/plugins/flot/jquery.flot.min.js,.js,2,"Canvas,Plot",,,unknown,unknown,75,50,catalog-only,False,none,secondary,none,"Security component for ai; review for shared auth, key handling, fingerprinting, or trust signal module.","exports:Canvas, Plot | security-score:55 | automation-score:45",6656ee53f2a94117
db25778be1bf4f12c143c336,mbarbine__vanagain-site,security,security,security-module,general,jquery.flot.stack.min,jquery-flot-stack-min,admin/public/assets/admin/plugins/flot/jquery.flot.stack.min.js,.js,1,,,,unknown,unknown,50,35,site-specific-or-low-confidence,True,none,none,none,"Security component for general; review for shared auth, key handling, fingerprinting, or trust signal module.",security-score:55,8d33250c497f1291
18af2a30d3376d98f49a4b62,mbarbine__vanagain-site,security,security,security-module,commerce,jquery.flot.stack,jquery-flot-stack,admin/public/assets/admin/plugins/flot/jquery.flot.stack.js,.js,188,,,,unknown,unknown,55,40,site-specific-or-low-confidence,False,none,none,none,"Security component for commerce; review for shared auth, key handling, fingerprinting, or trust signal module.",security-score:55,e55ad5665b91c481
85d1d156bc34de5cfd36cd5e,mbarbine__vanagain-site,security,security,security-module,analytics,jquery.flot.selection,jquery-flot-selection,admin/public/assets/admin/plugins/flot/jquery.flot.selection.js,.js,360,,,,unknown,unknown,55,35,site-specific-or-low-confidence,True,none,none,none,"Security component for analytics; review for shared auth, key handling, fingerprinting, or trust signal module.",security-score:55,370b1ad6b05ea334
c04596bb4668e455c73a7be7,mbarbine__vanagain-site,security,"security,automation",security-module,auth-and-keys,moment,moment,admin/public/assets/admin/plugins/daterangepicker/moment.js,.js,3111,"Duration,Locale,Moment",,,unknown,unknown,80,35,site-specific-or-low-confidence,False,none,secondary,none,"Security component for auth-and-keys; review for shared auth, key handling, fingerprinting, or trust signal module.","exports:Duration, Locale, Moment | security-score:55 | automation-score:45",7c169710367e715c
ff22f95b6417f3e61ae76138,mbarbine__vanagain-site,security,security,security-module,auth-and-keys,daterangepicker,daterangepicker,admin/public/assets/admin/plugins/daterangepicker/daterangepicker.js,.js,1542,,"jquery,moment","jquery,moment",unknown,unknown,65,35,site-specific-or-low-confidence,False,none,none,none,"Security component for auth-and-keys; review for shared auth, key handling, fingerprinting, or trust signal module.","imports:jquery, moment | security-score:55",1abde59197210015
9b2d54a4a79c386ced614d15,mbarbine__vanagain-site,security,security,security-module,auth-and-keys,moment.min,moment-min,admin/public/assets/admin/plugins/daterangepicker/moment.min.js,.js,7,"A,Aa,Ab,Ac,B,Ba,Bb,Bc,C,Ca,Cb,Cc,D,Da,Db,E,Ea,Eb,F,Fa,Fb,G,Ga,Gb,H,Ha,Hb,I,Ia,Ib,J,Ja,Jb,K,Ka,Kb,L,La,Lb,M,Ma,Mb,N,Na,Nb,O,Oa,Ob,P,Pa,Pb,Q,Qa,Qb,R,Ra,Rb,S,Sa,Sb,T,Ta,Tb,U,Ua,Ub,V,Va,Vb,W,Wa,Wb,X,Xa,Xb,Y,Ya,Yb,Z,Za,Zb",,,unknown,unknown,65,50,catalog-only,False,none,none,none,"Security component for auth-and-keys; review for shared auth, key handling, fingerprinting, or trust signal module.","exports:A, Aa, Ab, Ac, B, Ba, Bb, Bc | security-score:55",62d68b60ce880b5e
70a3f9bb14d841f42bab8c59,mbarbine__vanagain-site,security,security,security-module,ai,icheck.min,icheck-min,admin/public/assets/admin/plugins/iCheck/icheck.min.js,.js,10,"D,F,L,M",,,unknown,unknown,65,55,catalog-only,False,none,none,none,"Security component for ai; review for shared auth, key handling, fingerprinting, or trust signal module.","exports:D, F, L, M | security-score:55",6102d725c22f9bf2
db33259e6fb539c5ddeb3420,mbarbine__vanagain-site,security,security,security-module,ai,bootstrap-colorpicker.min,bootstrap-colorpicker-min,admin/public/assets/admin/plugins/colorpicker/bootstrap-colorpicker.min.js,.js,1,,,,unknown,unknown,50,50,catalog-only,False,none,none,none,"Security component for ai; review for shared auth, key handling, fingerprinting, or trust signal module.",security-score:55,00d64efbcc66623d
ea85bd2047ac3c1b5581c91b,mbarbine__vanagain-site,security,security,security-module,analytics,jquery.knob,jquery-knob,admin/public/assets/admin/plugins/knob/jquery.knob.js,.js,805,,jquery,jquery,unknown,unknown,65,20,site-specific-or-low-confidence,True,none,none,none,"Security component for analytics; review for shared auth, key handling, fingerprinting, or trust signal module.",imports:jquery | security-score:55,cb114916caacaeef
63321c65204a8e59bae0e31a,mbarbine__vanagain-site,security,security,security-module,i18n,select2,select2,admin/public/assets/admin/plugins/select2/select2.js,.js,5725,"AjaxAdapter,AllowClear,ArrayAdapter,AttachBody,BaseAdapter,BaseConstructor,BaseSelection,CloseOnSelect,DecoratedClass,Defaults,Dropdown,EventRelay,HidePlaceholder,InfiniteScroll,MaximumInputLength,MaximumSelectionLength,MinimumInputLength,MinimumResultsForSearch,MultipleSelection,Options,Placeholder,Results,Search,SelectAdapter,SelectOnClose,SingleSelection,Tags,Tokenizer,Translation","id,jquery,jquery.select2,string","id,jquery,jquery.select2,string",unknown,unknown,80,35,site-specific-or-low-confidence,False,none,none,none,"Security component for i18n; review for shared auth, key handling, fingerprinting, or trust signal module.","exports:AjaxAdapter, AllowClear, ArrayAdapter, AttachBody, BaseAdapter, BaseConstructor, BaseSelection, CloseOnSelect | imports:id, jquery, jquery.select2, string | security-score:55",2fc8251373f3a923
9d3ab651ae384291cc6f9127,mbarbine__vanagain-site,security,security,security-module,i18n,select2.full,select2-full,admin/public/assets/admin/plugins/select2/select2.full.js,.js,6436,"AjaxAdapter,AllowClear,ArrayAdapter,AttachBody,AttachContainer,BaseAdapter,BaseConstructor,BaseSelection,CloseOnSelect,ContainerCSS,DecoratedClass,Defaults,Dropdown,DropdownCSS,EventRelay,HidePlaceholder,InfiniteScroll,InitSelection,InputData,MaximumInputLength,MaximumSelectionLength,MinimumInputLength,MinimumResultsForSearch,MultipleSelection,Options,Placeholder,Query,Results,Search,SelectAdapter,SelectOnClose,SingleSelection,StopPropagation,Tags,Tokenizer,Translation","id,jquery,jquery.select2,string","id,jquery,jquery.select2,string",unknown,unknown,80,35,site-specific-or-low-confidence,False,none,none,none,"Security component for i18n; review for shared auth, key handling, fingerprinting, or trust signal module.","exports:AjaxAdapter, AllowClear, ArrayAdapter, AttachBody, AttachContainer, BaseAdapter, BaseConstructor, BaseSelection | imports:id, jquery, jquery.select2, string | security-score:55",9f05aee38016eb8a
255171cdd91ad88d59f96786,mbarbine__vanagain-site,security,security,security-module,general,bower,bower,admin/public/assets/admin/plugins/font-awesome/bower.json,.json,22,,,,unknown,unknown,55,40,site-specific-or-low-confidence,False,none,none,none,"Security component for general; review for shared auth, key handling, fingerprinting, or trust signal module.",security-score:55,489ddc6c91ad92d3
fb4fe246b432b767d0e63fed,mbarbine__vanagain-site,security,security,security-module,general,.bower,bower,admin/public/assets/admin/plugins/font-awesome/.bower.json,.json,36,,,,unknown,unknown,55,40,site-specific-or-low-confidence,False,none,none,none,"Security component for general; review for shared auth, key handling, fingerprinting, or trust signal module.",security-score:55,be9ee696d1945020
18ed2cd8f76a535a450611eb,mbarbine__vanlife-website,security,"security,automation",security-module,security,next.config,next-config,next.config.mjs,.mjs,75,,next,next,next-react,pnpm,75,40,site-specific-or-low-confidence,True,none,secondary,none,"Security component for security; review for shared auth, key handling, fingerprinting, or trust signal module.",imports:next | security-score:55 | automation-score:45,0793f55a4d0b62bf
a88312bf96d4166fa8677c33,mbarbine__vanlife-website,security,security,security-module,auth-and-keys,use-easter-egg,use-easter-egg,hooks/use-easter-egg.ts,.ts,76,useEasterEgg,react,react,next-react,pnpm,80,55,catalog-only,False,none,none,none,"Security component for auth-and-keys; review for shared auth, key handling, fingerprinting, or trust signal module.",exports:useEasterEgg | imports:react | security-score:55,72a396ec0ff148c9
d48d04ecbcff13018690db8a,mbarbine__wildduck,security,security,security-module,general,dynamic-config,dynamic-config,archive/traefik-configs/dynamic-config.toml,.toml,29,,,,unknown,unknown,55,40,site-specific-or-low-confidence,False,none,none,none,"Security component for general; review for shared auth, key handling, fingerprinting, or trust signal module.",security-score:55,cb07e78ac192d346
4f323b4f1581dfec4ee070e6,mbarbine__wildduck,security,"security,automation,ai",security-module,auth-and-keys,roles,roles,archive/wildduck-configs/roles.js,.js,220,,,,unknown,unknown,65,50,catalog-only,True,none,secondary,none,"Security component for auth-and-keys; review for shared auth, key handling, fingerprinting, or trust signal module.",security-score:55 | automation-score:45 | ai-score:45,2286c43ec3de1df6
7b8063a7acdbaf1ef81a2fc7,mbarbine__wildduck,security,"security,automation,ai",security-module,auth-and-keys,roles,roles,archive/wildduck-configs/roles.toml,.toml,247,,,,unknown,unknown,65,50,catalog-only,True,none,secondary,none,"Security component for auth-and-keys; review for shared auth, key handling, fingerprinting, or trust signal module.",security-score:55 | automation-score:45 | ai-score:45,9b0f893cf00466bb
ef14a175c9737c154c203561,mbarbine__wildduck,security,"security,ai",security-module,auth-and-keys,pools,pools,config/zone-mta/pools.toml,.toml,40,,,,unknown,unknown,65,55,catalog-only,True,none,none,none,"Security component for auth-and-keys; review for shared auth, key handling, fingerprinting, or trust signal module.",security-score:55 | ai-score:45,c7a85205ff3f8774
4090cb284a84fe138da72f2f,mbarbine__wildduck,security,security,security-module,general,traefik,traefik,config/certs/traefik.toml,.toml,48,,,,unknown,unknown,55,40,site-specific-or-low-confidence,False,none,none,none,"Security component for general; review for shared auth, key handling, fingerprinting, or trust signal module.",security-score:55,cfd4e2808ad076a0
64a47a7f3099715493f61884,mbarbine__wildduck,security,"security,automation,ai",security-module,auth-and-keys,roles,roles,config/wildduck/roles.json,.json,426,,,,unknown,unknown,65,50,catalog-only,True,none,secondary,none,"Security component for auth-and-keys; review for shared auth, key handling, fingerprinting, or trust signal module.",security-score:55 | automation-score:45 | ai-score:45,d3e8b019b100b7b6
7f76c347d317604f93e2c8f9,mbarbine__wildduck,security,security,security-module,auth-and-keys,dbs,dbs,config/wildduck/dbs.toml,.toml,15,,,,unknown,unknown,55,55,catalog-only,False,none,none,none,"Security component for auth-and-keys; review for shared auth, key handling, fingerprinting, or trust signal module.",security-score:55,be2ba1c321ff1113
5ae75feb585476868c5b235c,mbarbine__wildduck,security,security,security-module,auth-and-keys,dbs-no-ssl,dbs-no-ssl,config/wildduck/dbs-no-ssl.toml,.toml,15,,,,unknown,unknown,55,55,catalog-only,False,none,none,none,"Security component for auth-and-keys; review for shared auth, key handling, fingerprinting, or trust signal module.",security-score:55,be2ba1c321ff1113
2436ff2f64259d66796d0f21,mbarbine__wildduck,security,"security,automation",fingerprinting,shipping,package,package,scripts/ja4-plus/package.json,.json,14,,,,unknown,unknown,75,40,site-specific-or-low-confidence,True,none,secondary,none,"Security component for shipping; review for shared auth, key handling, fingerprinting, or trust signal module.",security-score:55 | automation-score:50,2e3f0d6ffb88dad4
008b718671506cae4c41e989,mbarbine__wildduck,security,security,security-module,auth-and-keys,settings,settings,.vscode/settings.json,.json,33,,,,unknown,unknown,55,55,catalog-only,False,none,none,none,"Security component for auth-and-keys; review for shared auth, key handling, fingerprinting, or trust signal module.",security-score:55,d74b5c28d6bb914d
ca93fe00f03f3ac33022b4af,mbarbine__www-demo-biofeedback-app-development,security,security,security-module,security,next.config,next-config,next.config.mjs,.mjs,47,,next,next,next-react,pnpm,65,40,site-specific-or-low-confidence,True,none,none,none,"Security component for security; review for shared auth, key handling, fingerprinting, or trust signal module.",imports:next | security-score:55,370908ac8ca64abc
4d196fc0bfa49126fc44e20b,mbarbine__xsociety,security,security,security-module,ai,compile,compile,compile.py,.py,7,,py_compile,py_compile,python,python,60,50,catalog-only,False,none,none,none,"Security component for ai; review for shared auth, key handling, fingerprinting, or trust signal module.",imports:py_compile | security-score:55,b6349e09a3f2c477
f99e1ca0ab8090b7ddd8d70d,mbarbine__xsociety,security,security,key-management,analytics,keybuilder,keybuilder,keybuilder.py,.py,103,"generate_range,main","functools,multiprocessing,os,string,sys,threading,tqdm","functools,multiprocessing,os,string,sys,threading,tqdm",python,python,80,40,site-specific-or-low-confidence,True,none,none,none,"Security component for analytics; review for shared auth, key handling, fingerprinting, or trust signal module.","exports:generate_range, main | imports:functools, multiprocessing, os, string, sys, threading, tqdm | security-score:55",c6f6f3c780bd309f
f9f1e239cd102c2a02b65362,mbarbine__xsociety,security,"security,automation",security-module,deployment,docker-compose,docker-compose,docker-compose.yml,.yml,38,,,,unknown,python,65,55,catalog-only,False,none,secondary,none,"Security component for deployment; review for shared auth, key handling, fingerprinting, or trust signal module.",security-score:55 | automation-score:50,ccbf2199045c2378
ce7bd7905649fa9795a3d895,mbarbine__xsociety,security,security,security-module,general,attach-dhcp-option,attach-dhcp-option,pipeline/cookbooks/aws_account_setup/vpc_mgmt/attach-dhcp-option.json,.json,54,,,,unknown,python,55,40,site-specific-or-low-confidence,False,none,none,none,"Security component for general; review for shared auth, key handling, fingerprinting, or trust signal module.",security-score:55,e0056aef5029a86a
4c8bbca1f601860d72713b23,mbarbine__xsociety,security,security,security-module,observability,vpc-dev-public,vpc-dev-public,pipeline/cookbooks/aws_account_setup/vpc_mgmt/archaeology/vpc-dev-public.json,.json,714,,,,unknown,python,55,40,site-specific-or-low-confidence,True,none,none,none,"Security component for observability; review for shared auth, key handling, fingerprinting, or trust signal module.",security-score:55,0808314520b1bf32
94d2c4df9dba446b127e02c9,mbarbine__xsociety,security,security,security-module,observability,vpc-enis,vpc-enis,pipeline/cookbooks/aws_account_setup/vpc_mgmt/archaeology/vpc-enis.json,.json,194,,,,unknown,python,55,55,catalog-only,True,none,none,none,"Security component for observability; review for shared auth, key handling, fingerprinting, or trust signal module.",security-score:55,72a53bb66c103243
3b7f4fc293da4df049c239de,mbarbine__xsociety,security,security,security-module,observability,vpc-dev-with-nat,vpc-dev-with-nat,pipeline/cookbooks/aws_account_setup/vpc_mgmt/archaeology/vpc-dev-with-nat.json,.json,850,,,,unknown,python,55,35,site-specific-or-low-confidence,True,none,none,none,"Security component for observability; review for shared auth, key handling, fingerprinting, or trust signal module.",security-score:55,3ab239655be74e16
109fe11eed35754f06ce718c,mbarbine__xsociety,security,security,security-module,observability,vpc-prod-public,vpc-prod-public,pipeline/cookbooks/aws_account_setup/vpc_mgmt/archaeology/vpc-prod-public.json,.json,998,,,,unknown,python,55,35,site-specific-or-low-confidence,True,none,none,none,"Security component for observability; review for shared auth, key handling, fingerprinting, or trust signal module.",security-score:55,021477dae0931df1
0f5c41b69fee4cf632b11089,mbarbine__xsociety,security,security,security-module,observability,vpc-nat-dns,vpc-nat-dns,pipeline/cookbooks/aws_account_setup/vpc_mgmt/archaeology/vpc-nat-dns.json,.json,877,,,,unknown,python,55,35,site-specific-or-low-confidence,True,none,none,none,"Security component for observability; review for shared auth, key handling, fingerprinting, or trust signal module.",security-score:55,021812032c621861
21cee72ef9b10caf3a0c9190,mbarbine__xsociety,security,security,security-module,general,vpc-prod-private,vpc-prod-private,pipeline/cookbooks/aws_account_setup/vpc_mgmt/purgatory/vpc-prod-private.json,.json,548,,,,unknown,python,55,25,site-specific-or-low-confidence,False,none,none,none,"Security component for general; review for shared auth, key handling, fingerprinting, or trust signal module.",security-score:55,e33e87f0c01e81d9
1a3e7f818d0f926143f5caef,mbarbine__xsociety,security,security,security-module,security,sharing-bucket,sharing-bucket,pipeline/cookbooks/aws_account_setup/cloudformation/sharing-bucket.json,.json,138,,,,unknown,python,55,40,site-specific-or-low-confidence,True,none,none,none,"Security component for security; review for shared auth, key handling, fingerprinting, or trust signal module.",security-score:55,ae8b74d06e229c18
eba1448533c8c925049b0043,mbarbine__xsociety,security,security,security-module,general,vpc,vpc,pipeline/cookbooks/aws_account_setup/cloudformation/csr-failover-setup/vpc.json,.json,506,,,,unknown,python,55,25,site-specific-or-low-confidence,False,none,none,none,"Security component for general; review for shared auth, key handling, fingerprinting, or trust signal module.",security-score:55,8246391aa198ba03
4dc180d3bde8b3c266cefcd4,mbarbine__xsociety,security,security,security-module,shipping,rsaTest,rsa-test,pipeline/cookbooks/brakeman_python/files/default/brakeman_python/rsaTest.py,.py,25,,RSACipher,RSACipher,python,python,65,40,site-specific-or-low-confidence,True,none,none,none,"Security component for shipping; review for shared auth, key handling, fingerprinting, or trust signal module.",imports:RSACipher | security-score:55,c246f63faa4118da
a9fb8a9cb9132cc7ec846f7c,mbarbine__xsociety,security,security,security-module,testing,PullArgHandler,pull-arg-handler,pipeline/cookbooks/brakeman_python/files/default/brakeman_python/PullArgHandler.py,.py,79,"fail,parseArgs",sys,sys,python,python,80,40,site-specific-or-low-confidence,False,none,none,none,"Security component for testing; review for shared auth, key handling, fingerprinting, or trust signal module.","exports:fail, parseArgs | imports:sys | security-score:55",dde1f1c291471b4c
2e71350b69aca62360bdc5c0,mbarbine__xsociety,security,security,security-module,auth-and-keys,ConfigConsts,config-consts,pipeline/cookbooks/brakeman_python/files/default/brakeman_python/ConfigConsts.py,.py,51,ConfigConsts,,,python,python,70,55,catalog-only,False,none,none,none,"Security component for auth-and-keys; review for shared auth, key handling, fingerprinting, or trust signal module.",exports:ConfigConsts | security-score:55,1c61340e999eb845
ab6bfba2277194d925fcc95b,mbarbine__xsociety,security,security,security-module,testing,SplunkWriter,splunk-writer,pipeline/cookbooks/brakeman_python/files/default/brakeman_python/SplunkWriter.py,.py,66,storeResults,"ConfigConsts,FileUtils,csv,json","ConfigConsts,FileUtils,csv,json",python,python,80,40,site-specific-or-low-confidence,True,none,none,none,"Security component for testing; review for shared auth, key handling, fingerprinting, or trust signal module.","exports:storeResults | imports:ConfigConsts, FileUtils, csv, json | security-score:55",8642e28485cdea5f
49216cc73f3639d63d9745b3,mbarbine__xsociety,security,security,security-module,auth-and-keys,PullAllArgHandler,pull-all-arg-handler,pipeline/cookbooks/brakeman_python/files/default/brakeman_python/PullAllArgHandler.py,.py,110,"fail,parseArgs","datetime,sys","datetime,sys",python,python,80,55,catalog-only,True,none,none,none,"Security component for auth-and-keys; review for shared auth, key handling, fingerprinting, or trust signal module.","exports:fail, parseArgs | imports:datetime, sys | security-score:55",62ca78398175c5ce
43e7a6d57149e0d2afb74d62,mbarbine__xsociety,security,security,security-module,general,encrypt_sample,encrypt-sample,pipeline/cookbooks/brakeman_python/files/default/brakeman_python/encrypt_sample.py,.py,88,"AESCipher,deleteAllFiles,getAllFiles","Crypto,Crypto.Cipher,base64,hashlib,os,os.path","Crypto,Crypto.Cipher,base64,hashlib,os,os.path",python,python,80,40,site-specific-or-low-confidence,True,none,none,none,"Security component for general; review for shared auth, key handling, fingerprinting, or trust signal module.","exports:AESCipher, deleteAllFiles, getAllFiles | imports:Crypto, Crypto.Cipher, base64, hashlib, os, os.path | security-score:55",6703b7c4abb616e9
ad3baef22dc17bbb18e2a2e1,mbarbine__xsociety,security,security,security-module,general,CalcS3MD5,calc-s3-md5,pipeline/cookbooks/brakeman_python/files/default/brakeman_python/CalcS3MD5.py,.py,47,md5sum,"binascii,hashlib,os.path","binascii,hashlib,os.path",python,python,80,40,site-specific-or-low-confidence,False,none,none,none,"Security component for general; review for shared auth, key handling, fingerprinting, or trust signal module.","exports:md5sum | imports:binascii, hashlib, os.path | security-score:55",73c2b647107f000a
f6adc1ed6ed95aeef72310db,mbarbine__xsociety,security,"security,discovery",security-module,auth-and-keys,metadata,metadata,pipeline/cookbooks/yum/metadata.json,.json,60,,,,unknown,python,65,55,catalog-only,False,none,none,none,"Security component for auth-and-keys; review for shared auth, key handling, fingerprinting, or trust signal module.",security-score:55 | discovery-score:55,b468b4fe6bd0fd47
40b69177c9e7e317e2ee5fc5,mbarbine__xsociety,security,"security,discovery,automation",security-module,auth-and-keys,metadata,metadata,pipeline/cookbooks/7-zip/metadata.json,.json,31,,,,unknown,python,65,55,catalog-only,False,none,secondary,none,"Security component for auth-and-keys; review for shared auth, key handling, fingerprinting, or trust signal module.",security-score:55 | discovery-score:55 | automation-score:45,4ee4b220e0de2bbc
8974988013a33b6ef0b649b8,mbarbine__xsociety,security,security,security-module,general,xsociety_vmware,xsociety-vmware,pipeline/Packer/xsociety_vmware.json,.json,33,,,,unknown,python,55,40,site-specific-or-low-confidence,True,none,none,none,"Security component for general; review for shared auth, key handling, fingerprinting, or trust signal module.",security-score:55,4125c8a357713ebd
8ec849f2ccc91678f5757244,mbarbine__xsociety,security,security,security-module,auth-and-keys,xsociety,xsociety,pipeline/Packer/xsociety.json,.json,28,,,,unknown,python,55,55,catalog-only,True,none,none,none,"Security component for auth-and-keys; review for shared auth, key handling, fingerprinting, or trust signal module.",security-score:55,40ba25d14b1832db
3af6f1d176e6e43199ce26dd,mbarbine__xsociety,security,security,security-module,auth-and-keys,xsociety_aws,xsociety-aws,pipeline/Packer/xsociety_aws.json,.json,28,,,,unknown,python,55,55,catalog-only,True,none,none,none,"Security component for auth-and-keys; review for shared auth, key handling, fingerprinting, or trust signal module.",security-score:55,40ba25d14b1832db
69bc46e85606c514e2e71dcd,mbarbine__xsociety,security,"security,ai",security-module,ai,xsociety,xsociety,archive/xsociety.py,.py,2382,"agentcommand,androidbackdoor,androidnotbackdoor,check_apache,connectmodem,handshake,ismodem,list_agent_commands,list_agent_parameters,list_live_agents,list_results,main,make_files,makebitly,makeclientside,makeqrcode,new_make_files,sendcommandhttp,sendnfc,sendsms,startlistener,usage","getopt,libs.config,libs.db,os,pyqrcode,re,subprocess,sys,time,urllib2,xml.etree.ElementTree","getopt,libs.config,libs.db,os,pyqrcode,re,subprocess,sys,time,urllib2,xml.etree.ElementTree",python,python,90,35,site-specific-or-low-confidence,True,none,none,none,"Security component for ai; review for shared auth, key handling, fingerprinting, or trust signal module.","exports:agentcommand, androidbackdoor, androidnotbackdoor, check_apache, connectmodem, handshake, ismodem, list_agent_commands | imports:getopt, libs.config, libs.db, os, pyqrcode, re, subprocess, sys | security-score:55 | ai-score:45",48f075c860d244de
f10dde99f42c537690bb3aa2,mbarbine__xsociety,security,"security,ai",security-module,ai,xsociety2,xsociety2,archive/xsociety2.py,.py,2382,"agentcommand,androidbackdoor,androidnotbackdoor,check_apache,connectmodem,handshake,ismodem,list_agent_commands,list_agent_parameters,list_live_agents,list_results,main,make_files,makebitly,makeclientside,makeqrcode,new_make_files,sendcommandhttp,sendnfc,sendsms,startlistener,usage","getopt,libs.config,libs.db,os,pyqrcode,re,subprocess,sys,time,urllib2,xml.etree.ElementTree","getopt,libs.config,libs.db,os,pyqrcode,re,subprocess,sys,time,urllib2,xml.etree.ElementTree",python,python,90,35,site-specific-or-low-confidence,True,none,none,none,"Security component for ai; review for shared auth, key handling, fingerprinting, or trust signal module.","exports:agentcommand, androidbackdoor, androidnotbackdoor, check_apache, connectmodem, handshake, ismodem, list_agent_commands | imports:getopt, libs.config, libs.db, os, pyqrcode, re, subprocess, sys | security-score:55 | ai-score:45",f09d50ee34182010
8ead3b41c3f51c68aa880778,mbarbine__xsociety,security,security,security-module,analytics,config_loader,config-loader,xsociety/config_loader.py,.py,54,"get_candidate_paths,load_config,select_xsociety_loc","configparser,os","configparser,os",python,python,80,40,site-specific-or-low-confidence,True,none,none,none,"Security component for analytics; review for shared auth, key handling, fingerprinting, or trust signal module.","exports:get_candidate_paths, load_config, select_xsociety_loc | imports:configparser, os | security-score:55",7ebe9374cfc5d92c
e3486d8fe4aa664d683ee17e,mbarbine__xsociety,security,security,security-module,discovery,mp4,mp4,exploits/Android/mp4.py,.py,392,"build_rop,create_mp4,make_chunk,make_stco,make_stsc,make_stsc_entry,make_stsz,make_stts","argparse,mp4,socket,struct,sys","argparse,mp4,socket,struct,sys",python,python,80,50,catalog-only,False,none,none,none,"Security component for discovery; review for shared auth, key handling, fingerprinting, or trust signal module.","exports:build_rop, create_mp4, make_chunk, make_stco, make_stsc, make_stsc_entry, make_stsz, make_stts | imports:argparse, mp4, socket, struct, sys | security-score:55",0e31d69e26f243e6
70d7f0440e3d4a4e0722523b,mbarbine__xsociety,security,security,security-module,commerce,morris-data,morris-data,html/js/morris-data.js,.js,117,,,,unknown,python,55,40,site-specific-or-low-confidence,False,none,none,none,"Security component for commerce; review for shared auth, key handling, fingerprinting, or trust signal module.",security-score:55,56aaab5855e4cdba
429ccdcfa349903c54c50e79,mbarbine__xsociety,security,security,security-module,auth-and-keys,mocha,mocha,html/components/mocha/mocha.js,.js,5812,"Base,Context,Doc,Dot,EventEmitter,F,HTML,HTMLCov,Hook,JSONCov,JSONReporter,Landing,List,Markdown,Min,Mocha,NyanCat,Progress,Runnable,Runner,Spec,Suite,TAP,Test,XUnit","../browser/progress,../ms,../suite,../test,../utils,./base,./bdd,./context,./doc,./dot,./exports,./hook,./html,./html-cov,./interfaces,./json,./json-cov,./json-stream,./landing,./list,./markdown,./min,./ms,./nyan,./progress,./qunit,./reporters,./runnable,./runner,./spec,./suite,./tap,./tdd,./test,./utils,./xunit,browser/debug,browser/diff,browser/events,browser/fs,browser/path,browser/tty,growl,jade,mocha","browser,growl,jade,mocha",unknown,python,90,30,site-specific-or-low-confidence,True,none,none,none,"Security component for auth-and-keys; review for shared auth, key handling, fingerprinting, or trust signal module.","exports:Base, Context, Doc, Dot, EventEmitter, F, HTML, HTMLCov | imports:../browser/progress, ../ms, ../suite, ../test, ../utils, ./base, ./bdd, ./context | security-score:55 | uses-env",283eb32fcbfeb553
f99f1471f27b7a85e9e2fb3a,mbarbine__xsociety,security,"security,automation",security-module,testing,bower,bower,html/components/bootstrap/bower.json,.json,34,,,,unknown,python,75,40,site-specific-or-low-confidence,True,none,secondary,none,"Security component for testing; review for shared auth, key handling, fingerprinting, or trust signal module.",security-score:55 | automation-score:45,acd24465ea22ef10
9ce8e15b17cbf3e4655c886c,mbarbine__xsociety,security,security,security-module,auth-and-keys,package,package,html/components/bootstrap/package.json,.json,87,,,,unknown,python,65,55,catalog-only,True,none,none,none,"Security component for auth-and-keys; review for shared auth, key handling, fingerprinting, or trust signal module.",security-score:55,8bbb8a03e6cd3018
57ba25806c0f7874b652b3a8,mbarbine__xsociety,security,security,security-module,analytics,dropdown,dropdown,html/components/bootstrap/js/dropdown.js,.js,165,Plugin,,,unknown,python,80,40,site-specific-or-low-confidence,True,none,none,none,"Security component for analytics; review for shared auth, key handling, fingerprinting, or trust signal module.",exports:Plugin | security-score:55,92d4c20f5350f2ba
b35016e46a4f72bdb3dde9dd,mbarbine__xsociety,security,security,security-module,auth-and-keys,range_numbers,range-numbers,html/components/datatables-plugins/filtering/row-based/range_numbers.js,.js,46,,,,unknown,python,65,55,catalog-only,False,none,none,none,"Security component for auth-and-keys; review for shared auth, key handling, fingerprinting, or trust signal module.",security-score:55,8406dc2990835512
130ff0235fd9cfab1de90fc8,mbarbine__xsociety,security,security,security-module,auth-and-keys,range_dates,range-dates,html/components/datatables-plugins/filtering/row-based/range_dates.js,.js,51,,,,unknown,python,65,55,catalog-only,False,none,none,none,"Security component for auth-and-keys; review for shared auth, key handling, fingerprinting, or trust signal module.",security-score:55,f7340c251e39ff49
524be597d6ea6d16c6360ed8,mbarbine__xsociety,security,"security,automation",security-module,auth-and-keys,html,html,html/components/datatables-plugins/filtering/type-based/html.js,.js,38,,,,unknown,python,75,55,catalog-only,True,none,secondary,none,"Security component for auth-and-keys; review for shared auth, key handling, fingerprinting, or trust signal module.",security-score:55 | automation-score:45,96be080a435bd46c
09ce1c7f64311140284c56d7,mbarbine__xsociety,security,security,security-module,auth-and-keys,accent-neutralise,accent-neutralise,html/components/datatables-plugins/filtering/type-based/accent-neutralise.js,.js,64,,,,unknown,python,65,55,catalog-only,True,none,none,none,"Security component for auth-and-keys; review for shared auth, key handling, fingerprinting, or trust signal module.",security-score:55,dab0f525df96d0f6
ddebc834bfc75a56d3b2b693,mbarbine__xsociety,security,security,security-module,auth-and-keys,phoneNumber,phone-number,html/components/datatables-plugins/filtering/type-based/phoneNumber.js,.js,31,,,,unknown,python,65,55,catalog-only,True,none,none,none,"Security component for auth-and-keys; review for shared auth, key handling, fingerprinting, or trust signal module.",security-score:55,2191bf486a9e31d4
f262bbeae0ad636cd8b04bed,mbarbine__xsociety,security,security,security-module,auth-and-keys,dataTables.lengthLinks,data-tables-length-links,html/components/datatables-plugins/features/lengthLinks/dataTables.lengthLinks.js,.js,90,,,,unknown,python,65,55,catalog-only,True,none,none,none,"Security component for auth-and-keys; review for shared auth, key handling, fingerprinting, or trust signal module.",security-score:55,baaf624ffbd05e61
98c1e67d3fbf864f7e21da4f,mbarbine__xsociety,security,security,security-module,auth-and-keys,numeric-comma,numeric-comma,html/components/datatables-plugins/type-detection/numeric-comma.js,.js,40,,,,unknown,python,65,55,catalog-only,False,none,none,none,"Security component for auth-and-keys; review for shared auth, key handling, fingerprinting, or trust signal module.",security-score:55,00dc16be32a5ccd1
646b55d549698e76c94a48b3,mbarbine__xsociety,security,security,security-module,auth-and-keys,num-html,num-html,html/components/datatables-plugins/type-detection/num-html.js,.js,56,,,,unknown,python,65,55,catalog-only,False,none,none,none,"Security component for auth-and-keys; review for shared auth, key handling, fingerprinting, or trust signal module.",security-score:55,0db5dc7456cb568b
5cb8caa43c111ff614f1f59e,mbarbine__xsociety,security,security,security-module,auth-and-keys,file-size,file-size,html/components/datatables-plugins/type-detection/file-size.js,.js,36,,,,unknown,python,65,55,catalog-only,False,none,none,none,"Security component for auth-and-keys; review for shared auth, key handling, fingerprinting, or trust signal module.",security-score:55,9598fcce4481dab1
3a51aec605eb5fa7c1d2fa8a,mbarbine__xsociety,security,security,security-module,auth-and-keys,currency,currency,html/components/datatables-plugins/type-detection/currency.js,.js,40,,,,unknown,python,65,55,catalog-only,False,none,none,none,"Security component for auth-and-keys; review for shared auth, key handling, fingerprinting, or trust signal module.",security-score:55,0caa79c87d0c0243
67973f405926a79f219ab2de,mbarbine__xsociety,security,security,security-module,auth-and-keys,date-uk,date-uk,html/components/datatables-plugins/type-detection/date-uk.js,.js,19,,,,unknown,python,65,55,catalog-only,False,none,none,none,"Security component for auth-and-keys; review for shared auth, key handling, fingerprinting, or trust signal module.",security-score:55,fb2c366d24c33347
9d635ad4af2f9ce04ee59d66,mbarbine__xsociety,security,security,security-module,auth-and-keys,ip-address,ip-address,html/components/datatables-plugins/type-detection/ip-address.js,.js,18,,,,unknown,python,65,55,catalog-only,False,none,none,none,"Security component for auth-and-keys; review for shared auth, key handling, fingerprinting, or trust signal module.",security-score:55,1fa4b27b052c7362
012d2161b7b0733a180b722b,mbarbine__xsociety,security,security,security-module,auth-and-keys,formatted-num,formatted-num,html/components/datatables-plugins/type-detection/formatted-num.js,.js,27,,,,unknown,python,65,55,catalog-only,False,none,none,none,"Security component for auth-and-keys; review for shared auth, key handling, fingerprinting, or trust signal module.",security-score:55,7c6b91e40c791e55
50931c4bc8bf0ba787d88cf9,mbarbine__xsociety,security,security,security-module,auth-and-keys,numeric-comma,numeric-comma,html/components/datatables-plugins/sorting/numeric-comma.js,.js,37,,,,unknown,python,65,55,catalog-only,False,none,none,none,"Security component for auth-and-keys; review for shared auth, key handling, fingerprinting, or trust signal module.",security-score:55,77ee47e1ebdf32c6
659e7e70a1757a1afa3942a2,mbarbine__xsociety,security,security,security-module,auth-and-keys,chinese-string,chinese-string,html/components/datatables-plugins/sorting/chinese-string.js,.js,30,,,,unknown,python,65,55,catalog-only,False,none,none,none,"Security component for auth-and-keys; review for shared auth, key handling, fingerprinting, or trust signal module.",security-score:55,ece3fdf24ca2a4f6
8e0d22ebc0fe64c3bbfb010b,mbarbine__xsociety,security,security,security-module,auth-and-keys,anti-the,anti-the,html/components/datatables-plugins/sorting/anti-the.js,.js,31,,,,unknown,python,65,55,catalog-only,False,none,none,none,"Security component for auth-and-keys; review for shared auth, key handling, fingerprinting, or trust signal module.",security-score:55,2a3ae8699f530709
fc10c406bba0a5483b2a6735,mbarbine__xsociety,security,security,security-module,auth-and-keys,num-html,num-html,html/components/datatables-plugins/sorting/num-html.js,.js,38,,,,unknown,python,65,55,catalog-only,False,none,none,none,"Security component for auth-and-keys; review for shared auth, key handling, fingerprinting, or trust signal module.",security-score:55,6c67b0a6aae234df
16d0d9b526969fcf455edba1,mbarbine__xsociety,security,security,security-module,auth-and-keys,percent,percent,html/components/datatables-plugins/sorting/percent.js,.js,34,,,,unknown,python,65,55,catalog-only,False,none,none,none,"Security component for auth-and-keys; review for shared auth, key handling, fingerprinting, or trust signal module.",security-score:55,8d199b69886ed285
8463135eca84d7225de11881,mbarbine__xsociety,security,security,security-module,auth-and-keys,file-size,file-size,html/components/datatables-plugins/sorting/file-size.js,.js,37,,,,unknown,python,65,55,catalog-only,False,none,none,none,"Security component for auth-and-keys; review for shared auth, key handling, fingerprinting, or trust signal module.",security-score:55,8d7b14408b5fb457
1e8b9ac0df2781d9944971f0,mbarbine__xsociety,security,security,security-module,auth-and-keys,formatted-numbers,formatted-numbers,html/components/datatables-plugins/sorting/formatted-numbers.js,.js,40,,,,unknown,python,65,55,catalog-only,False,none,none,none,"Security component for auth-and-keys; review for shared auth, key handling, fingerprinting, or trust signal module.",security-score:55,3b028a55e8901497
b2721f693a612db7ada18007,mbarbine__xsociety,security,"security,automation",security-module,auth-and-keys,natural,natural,html/components/datatables-plugins/sorting/natural.js,.js,90,,,,unknown,python,75,55,catalog-only,False,none,secondary,none,"Security component for auth-and-keys; review for shared auth, key handling, fingerprinting, or trust signal module.",security-score:55 | automation-score:45,c7e0401b94829afa
530d66721e96506bab3e93b2,mbarbine__xsociety,security,"security,automation",security-module,auth-and-keys,signed-num,signed-num,html/components/datatables-plugins/sorting/signed-num.js,.js,30,,,,unknown,python,75,55,catalog-only,False,none,secondary,none,"Security component for auth-and-keys; review for shared auth, key handling, fingerprinting, or trust signal module.",security-score:55 | automation-score:45,d82de363baaa69d2
c688634e7a9f7df0d4246bd0,mbarbine__xsociety,security,security,security-module,auth-and-keys,alt-string,alt-string,html/components/datatables-plugins/sorting/alt-string.js,.js,30,,,,unknown,python,65,55,catalog-only,False,none,none,none,"Security component for auth-and-keys; review for shared auth, key handling, fingerprinting, or trust signal module.",security-score:55,b0d6c33cc6234c62
c6ddfe855a1822a9d2df38b9,mbarbine__xsociety,security,security,security-module,auth-and-keys,turkish-string,turkish-string,html/components/datatables-plugins/sorting/turkish-string.js,.js,33,,,,unknown,python,65,55,catalog-only,False,none,none,none,"Security component for auth-and-keys; review for shared auth, key handling, fingerprinting, or trust signal module.",security-score:55,b23d4fbbc1cf989d
cd174626423a0ac2907435a7,mbarbine__xsociety,security,security,security-module,auth-and-keys,currency,currency,html/components/datatables-plugins/sorting/currency.js,.js,36,,,,unknown,python,65,55,catalog-only,False,none,none,none,"Security component for auth-and-keys; review for shared auth, key handling, fingerprinting, or trust signal module.",security-score:55,9ccbbdeb69b5f82a
d1d900888c9dd50896cbb4c1,mbarbine__xsociety,security,"security,automation",security-module,auth-and-keys,enum,enum,html/components/datatables-plugins/sorting/enum.js,.js,37,,,,unknown,python,75,55,catalog-only,False,none,secondary,none,"Security component for auth-and-keys; review for shared auth, key handling, fingerprinting, or trust signal module.",security-score:55 | automation-score:45,a251f441fa004ff6
6ca2e304a45f01cf6f16906c,mbarbine__xsociety,security,security,security-module,auth-and-keys,ip-address,ip-address,html/components/datatables-plugins/sorting/ip-address.js,.js,44,,,,unknown,python,65,55,catalog-only,False,none,none,none,"Security component for auth-and-keys; review for shared auth, key handling, fingerprinting, or trust signal module.",security-score:55,db2eb511563d8a71
06f75f08a1fa8c00f9cbc3e7,mbarbine__xsociety,security,security,security-module,auth-and-keys,scientific,scientific,html/components/datatables-plugins/sorting/scientific.js,.js,29,,,,unknown,python,65,55,catalog-only,False,none,none,none,"Security component for auth-and-keys; review for shared auth, key handling, fingerprinting, or trust signal module.",security-score:55,3a7bc7c1a947f365
07cbc67db15ce4a4cde59b71,mbarbine__xsociety,security,security,security-module,auth-and-keys,dom-select,dom-select,html/components/datatables-plugins/sorting/custom-data-source/dom-select.js,.js,16,,,,unknown,python,65,55,catalog-only,False,none,none,none,"Security component for auth-and-keys; review for shared auth, key handling, fingerprinting, or trust signal module.",security-score:55,09a49f8316e84bf4
d12a42f2b6850a37ce1e4b81,mbarbine__xsociety,security,security,security-module,auth-and-keys,dom-text,dom-text,html/components/datatables-plugins/sorting/custom-data-source/dom-text.js,.js,16,,,,unknown,python,65,55,catalog-only,False,none,none,none,"Security component for auth-and-keys; review for shared auth, key handling, fingerprinting, or trust signal module.",security-score:55,b578be92f468a3ef
c0866c9bb13888dad8f55f4e,mbarbine__xsociety,security,security,security-module,auth-and-keys,dom-checkbox,dom-checkbox,html/components/datatables-plugins/sorting/custom-data-source/dom-checkbox.js,.js,15,,,,unknown,python,65,55,catalog-only,False,none,none,none,"Security component for auth-and-keys; review for shared auth, key handling, fingerprinting, or trust signal module.",security-score:55,0b5f6f33ab025ecf
5a760d1eed61718bc61618c5,mbarbine__xsociety,security,"security,automation",security-module,testing,bower,bower,html/components/datatables/bower.json,.json,32,,,,unknown,python,75,40,site-specific-or-low-confidence,False,none,secondary,none,"Security component for testing; review for shared auth, key handling, fingerprinting, or trust signal module.",security-score:55 | automation-score:45,601bff4cf4984bc9
82232f241a70fd5b5cf9a75e,mbarbine__xsociety,security,security,security-module,auth-and-keys,bower,bower,html/components/jquery/bower.json,.json,28,,,,unknown,python,65,55,catalog-only,False,none,none,none,"Security component for auth-and-keys; review for shared auth, key handling, fingerprinting, or trust signal module.",security-score:55,ea76ef7bc7b56402
3780fb399c4ea6bc71d857b5,mbarbine__xsociety,security,security,security-module,analytics,event,event,html/components/jquery/src/event.js,.js,868,,,,unknown,python,65,20,site-specific-or-low-confidence,True,none,none,none,"Security component for analytics; review for shared auth, key handling, fingerprinting, or trust signal module.",security-score:55,734cf15094e43297
9638140be534afebcbf4b2da,mbarbine__xsociety,security,security,security-module,auth-and-keys,effects,effects,html/components/jquery/src/effects.js,.js,648,Animation,,,unknown,python,80,40,site-specific-or-low-confidence,False,none,none,none,"Security component for auth-and-keys; review for shared auth, key handling, fingerprinting, or trust signal module.",exports:Animation | security-score:55,07e71b13c94c8fd2
151628f181f8593348831568,mbarbine__xsociety,security,"security,automation",security-module,analytics,manipulation,manipulation,html/components/jquery/src/manipulation.js,.js,580,,,,unknown,python,75,25,site-specific-or-low-confidence,True,none,secondary,none,"Security component for analytics; review for shared auth, key handling, fingerprinting, or trust signal module.",security-score:55 | automation-score:45,f429bb94b5122863
301ecc743902cadffa1d4a5d,mbarbine__xsociety,security,security,security-module,testing,serialize,serialize,html/components/jquery/src/serialize.js,.js,111,,,,unknown,python,65,40,site-specific-or-low-confidence,False,none,none,none,"Security component for testing; review for shared auth, key handling, fingerprinting, or trust signal module.",security-score:55,3fb3da072cb10dfb
75ea92c31c50dfc623ac782d,mbarbine__xsociety,security,security,security-module,testing,data,data,html/components/jquery/src/data.js,.js,178,,,,unknown,python,65,40,site-specific-or-low-confidence,False,none,none,none,"Security component for testing; review for shared auth, key handling, fingerprinting, or trust signal module.",security-score:55,89fc475808ae5d20
947c9a5ddb94468b0a598d8a,mbarbine__xsociety,security,"security,automation",security-module,analytics,Data,data,html/components/jquery/src/data/Data.js,.js,181,Data,,,unknown,python,90,40,site-specific-or-low-confidence,True,none,secondary,none,"Security component for analytics; review for shared auth, key handling, fingerprinting, or trust signal module.",exports:Data | security-score:55 | automation-score:45,0ab0d56948ac6f30
6f6885e4c1cf445b5cdcf929,mbarbine__xsociety,security,security,security-module,seo-and-metadata,alias,alias,html/components/jquery/src/event/alias.js,.js,39,,,,unknown,python,65,55,catalog-only,False,none,none,none,"Security component for seo-and-metadata; review for shared auth, key handling, fingerprinting, or trust signal module.",security-score:55,9cf5691d0b5424c7
c5b1e5ead9e6283370eba95b,mbarbine__xsociety,security,security,security-module,auth-and-keys,jquery.flot.tooltip.min,jquery-flot-tooltip-min,html/components/flot.tooltip/js/jquery.flot.tooltip.min.js,.js,12,,,,unknown,python,65,55,catalog-only,True,none,none,none,"Security component for auth-and-keys; review for shared auth, key handling, fingerprinting, or trust signal module.",security-score:55,46a837215f3c4942
7f34a0a8452de1b000757b83,mbarbine__xsociety,security,"security,automation",security-module,auth-and-keys,Gruntfile,gruntfile,html/components/morrisjs/Gruntfile.js,.js,90,,matchdep,matchdep,unknown,python,85,55,catalog-only,False,none,secondary,none,"Security component for auth-and-keys; review for shared auth, key handling, fingerprinting, or trust signal module.",imports:matchdep | security-score:55 | automation-score:45,00c5175917af4fc2
ead0a3bb6f23b82ff7371681,mbarbine__xsociety,security,security,security-module,auth-and-keys,package,package,html/components/morrisjs/package.json,.json,36,,,,unknown,python,65,55,catalog-only,False,none,none,none,"Security component for auth-and-keys; review for shared auth, key handling, fingerprinting, or trust signal module.",security-score:55,b478842fc55c8624
01f0a57a21ea5939fe1bcaa7,mbarbine__xsociety,security,"security,process",security-module,shipping,visual_specs,visual-specs,html/components/morrisjs/spec/viz/visual_specs.js,.js,66,,./examples,,unknown,python,85,40,site-specific-or-low-confidence,True,secondary,none,none,"Security component for shipping; review for shared auth, key handling, fingerprinting, or trust signal module.",imports:./examples | security-score:55 | process-score:45,bf964a8c9647afab
e3932c7311e7e9c7593d575b,mbarbine__xsociety,security,security,security-module,analytics,jquery.flot.canvas,jquery-flot-canvas,html/components/flot/jquery.flot.canvas.js,.js,345,,,,unknown,python,65,35,site-specific-or-low-confidence,True,none,none,none,"Security component for analytics; review for shared auth, key handling, fingerprinting, or trust signal module.",security-score:55,9931d4a47df2181e
898930b5dbb8d1eb9a2f5e06,mbarbine__xsociety,security,security,security-module,commerce,jquery.flot.stack,jquery-flot-stack,html/components/flot/jquery.flot.stack.js,.js,188,,,,unknown,python,65,40,site-specific-or-low-confidence,False,none,none,none,"Security component for commerce; review for shared auth, key handling, fingerprinting, or trust signal module.",security-score:55,8119b5d127f5f289
1be2686146a7a3f52c4138da,mbarbine__xsociety,security,security,security-module,analytics,jquery.flot.selection,jquery-flot-selection,html/components/flot/jquery.flot.selection.js,.js,360,,,,unknown,python,65,35,site-specific-or-low-confidence,True,none,none,none,"Security component for analytics; review for shared auth, key handling, fingerprinting, or trust signal module.",security-score:55,e6c85f6c1ebe4b4d
3f4fabadae2d82afdf56e8ec,mbarbine__xsociety,security,security,security-module,auth-and-keys,flot.jquery,flot-jquery,html/components/flot/flot.jquery.json,.json,27,,,,unknown,python,65,55,catalog-only,True,none,none,none,"Security component for auth-and-keys; review for shared auth, key handling, fingerprinting, or trust signal module.",security-score:55,94102bae1c36489a
23b6de7b3ba485919fb65154,mbarbine__xsociety,security,security,security-module,i18n,date,date,html/components/flot/examples/axes-time-zones/date.js,.js,893,,,,unknown,python,65,35,site-specific-or-low-confidence,False,none,none,none,"Security component for i18n; review for shared auth, key handling, fingerprinting, or trust signal module.",security-score:55,380280a54a2643d7
b75850ae8b565e13707f3c45,mbarbine__xsociety,security,security,security-module,auth-and-keys,Gruntfile,gruntfile,html/components/metisMenu/Gruntfile.js,.js,65,,,,unknown,python,65,55,catalog-only,False,none,none,none,"Security component for auth-and-keys; review for shared auth, key handling, fingerprinting, or trust signal module.",security-score:55,7c3c7ecbc744ad40
6838b728073f12ced75bb858,mbarbine__xsociety,security,security,security-module,auth-and-keys,bower,bower,html/components/metisMenu/bower.json,.json,35,,,,unknown,python,65,55,catalog-only,False,none,none,none,"Security component for auth-and-keys; review for shared auth, key handling, fingerprinting, or trust signal module.",security-score:55,b5f4081ea190949e
040e2c6895488b06d809bb15,mbarbine__xsociety,security,security,security-module,auth-and-keys,package,package,html/components/metisMenu/package.json,.json,41,,,,unknown,python,65,55,catalog-only,False,none,none,none,"Security component for auth-and-keys; review for shared auth, key handling, fingerprinting, or trust signal module.",security-score:55,252b1f0ae2688bc9
1f4550c465ad3d839ec0d218,mbarbine__xsociety,security,"security,automation",security-module,editor,holder,holder,html/components/holderjs/holder.js,.js,12,"E,S",,,unknown,python,90,40,site-specific-or-low-confidence,True,none,secondary,none,"Security component for editor; review for shared auth, key handling, fingerprinting, or trust signal module.","exports:E, S | security-score:55 | automation-score:45",f3d5ffe74e4682e0
fd4591e95038045e423dd1e2,mbarbine__xsociety,security,security,security-module,auth-and-keys,package,package,html/components/holderjs/package.json,.json,42,,,,unknown,python,65,55,catalog-only,False,none,none,none,"Security component for auth-and-keys; review for shared auth, key handling, fingerprinting, or trust signal module.",security-score:55,0556d2a760ef806a
56eb9623fffa35f8dca3686a,mbarbine__xsociety,security,security,security-module,auth-and-keys,composer,composer,html/components/holderjs/composer.json,.json,34,,,,unknown,python,65,55,catalog-only,False,none,none,none,"Security component for auth-and-keys; review for shared auth, key handling, fingerprinting, or trust signal module.",security-score:55,84825aa35f520891
93161af4b787b3d49b1991d8,mbarbine__xsociety,security,security,security-module,general,augment,augment,html/components/holderjs/src/augment.js,.js,33,,,,unknown,python,65,40,site-specific-or-low-confidence,False,none,none,none,"Security component for general; review for shared auth, key handling, fingerprinting, or trust signal module.",security-score:55,bbbfbf96a42a7d45
737ac48a92bd1d73fb30f39e,mbarbine__xsociety,security,security,security-module,editor,polyfills,polyfills,html/components/holderjs/src/polyfills.js,.js,259,CSSStyleDeclaration,,,unknown,python,80,35,site-specific-or-low-confidence,True,none,none,none,"Security component for editor; review for shared auth, key handling, fingerprinting, or trust signal module.",exports:CSSStyleDeclaration | security-score:55,8431b3b476c028da
fec6174cdf5074a66bed2352,mbarbine__xsociety,security,"security,automation,ai",security-module,workflow,holder,holder,html/components/holderjs/src/holder.js,.js,1533,,,,unknown,python,75,20,site-specific-or-low-confidence,True,none,secondary,none,"Security component for workflow; review for shared auth, key handling, fingerprinting, or trust signal module.",security-score:55 | automation-score:45 | ai-score:45,2583362640220dc4
8242f3bfe9b8c3e4fb48431e,mbarbine__xsociety,security,security,security-module,general,bower,bower,html/components/font-awesome/bower.json,.json,23,,,,unknown,python,65,40,site-specific-or-low-confidence,False,none,none,none,"Security component for general; review for shared auth, key handling, fingerprinting, or trust signal module.",security-score:55,bbe95334e5606980
17c3aeefc9d8698ee857bb5a,mbarbine__xsociety,security,security,security-module,logic,config,config,libs/config.py,.py,19,"Config,FakeSecHead",ConfigParser,ConfigParser,python,python,80,55,catalog-only,True,none,none,none,"Security component for logic; review for shared auth, key handling, fingerprinting, or trust signal module.","exports:Config, FakeSecHead | imports:ConfigParser | security-score:55",0531697e1415d098
39e4ee64c583114494430c65,ph3ar__DeskThing-FortuneCookie,security,"security,discovery",security-module,discovery,manifest,manifest,deskthing/manifest.json,.json,18,,,,react,pnpm,65,55,catalog-only,False,none,none,none,"Security component for discovery; review for shared auth, key handling, fingerprinting, or trust signal module.",security-score:55 | discovery-score:55,2d76c7b40070fe7f
6033e24f35d3df8e13cf2bc9,ph3ar__mailthing-webby,security,"security,automation",security-module,auth-and-keys,next.config,next-config,next.config.mjs,.mjs,20,,,,next-react,npm,65,50,catalog-only,True,none,secondary,none,"Security component for auth-and-keys; review for shared auth, key handling, fingerprinting, or trust signal module.",security-score:55 | automation-score:45 | uses-env,71540ab08dc12cce
799a2315aff4b73c0fb6cc1e,ph3ar__mailthing-webby,security,security,security-module,auth-and-keys,tsconfig,tsconfig,tsconfig.json,.json,56,,,,next-react,npm,55,55,catalog-only,False,none,none,none,"Security component for auth-and-keys; review for shared auth, key handling, fingerprinting, or trust signal module.",security-score:55,35643607fdc654c2
38c89a12be73b38c9d23c33b,ph3ar__mailthing-webby,security,security,auth,auth-and-keys,next-auth.d,next-auth-d,types/next-auth.d.ts,.ts,25,,"next-auth,next-auth/jwt",next-auth,next-react,npm,65,55,catalog-only,False,none,none,none,"Security component for auth-and-keys; review for shared auth, key handling, fingerprinting, or trust signal module.","imports:next-auth, next-auth/jwt | security-score:55",33afb5ca48aefd74
4f9b84f142fea0808c04a980,ph3ar__mailthing-webby,security,"security,logic",security-module,general,supabaseClient,supabase-client,utils/supabaseClient.ts,.ts,10,supabase,@supabase/supabase-js,@supabase/supabase-js,next-react,npm,85,35,site-specific-or-low-confidence,True,none,none,secondary,"Security component for general; review for shared auth, key handling, fingerprinting, or trust signal module.",exports:supabase | imports:@supabase/supabase-js | security-score:55 | logic-score:45 | uses-env,8a941f10143d1363
75ee88b683297cf963a4b136,ph3ar__mailthing-webby,security,"security,automation",security-module,ai,config,config,supabase/config.toml,.toml,135,,,,next-react,npm,65,55,catalog-only,True,none,secondary,none,"Security component for ai; review for shared auth, key handling, fingerprinting, or trust signal module.",security-score:55 | automation-score:45 | model-provider,4277ba1d78512efe
9b1912f89eba4955598ba05c,ph3ar__newdittyswag-commerce,security,security,security-module,auth-and-keys,global.d,global-d,src/global.d.ts,.ts,5,,,,svelte,pnpm,50,50,catalog-only,False,none,none,none,"Security component for auth-and-keys; review for shared auth, key handling, fingerprinting, or trust signal module.",security-score:55,325d80fda5236e5f
48c25cc7b4eee72e8639194d,ph3ar__ph3ar-docs-enhanced-labs,security,"security,ai",security-module,ai,next.config,next-config,next.config.js,.js,72,,nextra,nextra,next-react,unknown,75,55,catalog-only,True,none,none,none,"Security component for ai; review for shared auth, key handling, fingerprinting, or trust signal module.",imports:nextra | security-score:55 | ai-score:45,c4e31d2aa466b8fe
db535086eb8efe4c739571d0,ph3ar__ph3ar-docs-enhanced-labs,security,"security,automation",security-module,ai,package,package,package.json,.json,85,,,,next-react,unknown,65,55,catalog-only,True,none,secondary,none,"Security component for ai; review for shared auth, key handling, fingerprinting, or trust signal module.",security-score:55 | automation-score:45 | model-provider,b169f0aeef251325
d6c0ce72e4d80b6ba7ff9703,ph3ar__ph3ar-docs-enhanced-labs,security,"security,ai",security-module,ai,global.d,global-d,types/global.d.ts,.ts,30,,,,next-react,unknown,65,55,catalog-only,True,none,none,none,"Security component for ai; review for shared auth, key handling, fingerprinting, or trust signal module.",security-score:55 | ai-score:45 | model-provider,ee82e45ffd1c8ab4
c9ca155df0d82c9e689f862f,ph3ar__ph3ar-docs-enhanced-labs,security,security,auth,auth-and-keys,auth-config,auth-config,config/auth-config.ts,.ts,17,authOptions,"next-auth,next-auth/providers/google",next-auth,next-react,unknown,80,50,catalog-only,True,none,none,none,"Security component for auth-and-keys; review for shared auth, key handling, fingerprinting, or trust signal module.","exports:authOptions | imports:next-auth, next-auth/providers/google | security-score:55 | uses-env",0611814ed01ff369
ad12e98fd5e51148df9c0aaa,ph3ar__ph3ar-docs-enhanced-labs,security,"security,automation",security-module,ai,mappings,mappings,data/mappings.json,.json,835,,,,next-react,unknown,65,35,site-specific-or-low-confidence,True,none,secondary,none,"Security component for ai; review for shared auth, key handling, fingerprinting, or trust signal module.",security-score:55 | automation-score:45,106ef755c1c471ba
44aa4bab5a95d6830d234c96,ph3ar__ph3ar-docs-enhanced-labs,security,security,fingerprinting,security,ja4-fingerprints,ja4-fingerprints,data/ja4-fingerprints.json,.json,0,,,,next-react,unknown,50,35,site-specific-or-low-confidence,True,none,none,none,"Security component for security; review for shared auth, key handling, fingerprinting, or trust signal module.",security-score:55,8b39bd0cd54ea495
e800c4a18ebc91741f386f33,ph3ar__ph3ar_radio_backend,security,security,security-module,analytics,index,index,actions_runner/bin/hashFiles/index.js,.js,5063,"BasicCredentialHandler,BearerCredentialHandler,CMD_STRING,Command,DNS,DefaultGlobber,ExponentialBackoffCeiling,ExponentialBackoffTimeSlice,HttpClient,HttpClientError,HttpClientResponse,HttpRedirectCodes,HttpResponseRetryCodes,IS_WINDOWS,Minimatch,OidcClient,Path,Pattern,PersonalAccessTokenCredentialHandler,RetryableHttpVerbs,SearchState,Summary,TunnelingAgent,URL","assert,crypto,events,fs,http,https,net,os,path,stream,tls,util","assert,crypto,events,fs,http,https,net,os,path,stream,tls,util",unknown,unknown,80,15,site-specific-or-low-confidence,True,none,none,none,"Security component for analytics; review for shared auth, key handling, fingerprinting, or trust signal module.","exports:BasicCredentialHandler, BearerCredentialHandler, CMD_STRING, Command, DNS, DefaultGlobber, ExponentialBackoffCeiling, ExponentialBackoffTimeSlice | imports:assert, crypto, events, fs, http, https, net, os | security-score:55 | uses-env",3b85e7f532b8ab05
741674313996fc8caf07adb8,ph3ar__ph3ar_radio_backend,security,security,security-module,auth-and-keys,package,package,client/package.json,.json,58,,,,react,unknown,55,55,catalog-only,False,none,none,none,"Security component for auth-and-keys; review for shared auth, key handling, fingerprinting, or trust signal module.",security-score:55,a204bd84d7a47caa
2156b8d596cb3cf121afbb7d,ph3ar__platphorm-admin-dashboard,security,"security,automation",security-module,security,next.config,next-config,next.config.js,.js,53,,next,next,next-react,unknown,75,40,site-specific-or-low-confidence,True,none,secondary,none,"Security component for security; review for shared auth, key handling, fingerprinting, or trust signal module.",imports:next | security-score:55 | automation-score:45,415a0e589c2336b2
c2a50a7867db07d0a9adcf74,ph3ar__platphorm-admin-dashboard,security,security,security-module,commerce,tailwind.config,tailwind-config,tailwind.config.ts,.ts,78,,"tailwindcss,tailwindcss-animate","tailwindcss,tailwindcss-animate",next-react,unknown,65,40,site-specific-or-low-confidence,True,none,none,none,"Security component for commerce; review for shared auth, key handling, fingerprinting, or trust signal module.","imports:tailwindcss, tailwindcss-animate | security-score:55",030823d5ae24eabe
c2520162f1704caa7229bf56,ph3ar__platphorm-admin-dashboard,security,"security,logic",auth,auth-and-keys,auth,auth,lib/auth.ts,.ts,6,,"next-auth,next-auth/providers/github",next-auth,next-react,unknown,80,50,catalog-only,False,none,none,secondary,"Security component for auth-and-keys; review for shared auth, key handling, fingerprinting, or trust signal module.","imports:next-auth, next-auth/providers/github | security-score:55 | logic-score:45",3d4094f5befcbb9d
d14c53e36ffcb02fb41b542d,ph3ar__stripe-subscription-starter,security,security,security-module,design-system,tailwind.config,tailwind-config,tailwind.config.js,.js,40,,"tailwindcss,tailwindcss-animate,tailwindcss/defaultTheme","tailwindcss,tailwindcss-animate",next-react,pnpm,65,55,catalog-only,True,none,none,none,"Security component for design-system; review for shared auth, key handling, fingerprinting, or trust signal module.","imports:tailwindcss, tailwindcss-animate, tailwindcss/defaultTheme | security-score:55",789dd1c156aeea0e
1992b313dc0f275e606c04f9,ph3ar__stripe-subscription-starter,security,"security,logic",security-module,general,client,client,utils/supabase/client.ts,.ts,10,createClient,"@/types_db,@supabase/ssr","@/types_db,@supabase/ssr",next-react,pnpm,85,25,site-specific-or-low-confidence,True,none,none,secondary,"Security component for general; review for shared auth, key handling, fingerprinting, or trust signal module.","exports:createClient | imports:@/types_db, @supabase/ssr | security-score:55 | logic-score:45 | uses-env",619aa10d2e3ab3c7
e29fdb1362458aeebe18f290,ph3ar__www_js_terminal,security,security,security-module,auth-and-keys,package,package,package.json,.json,44,,,,unknown,pnpm,55,55,catalog-only,False,none,none,none,"Security component for auth-and-keys; review for shared auth, key handling, fingerprinting, or trust signal module.",security-score:55,c452f8aeb21898ca
2e45a6db2745a5ed6d8488ce,ph3ar__www_js_terminal,security,security,security-module,auth-and-keys,package,package,www_js_terminal/package.json,.json,36,,,,unknown,pnpm,55,55,catalog-only,False,none,none,none,"Security component for auth-and-keys; review for shared auth, key handling, fingerprinting, or trust signal module.",security-score:55,c172fe559626de16
0c6280dce00e1ce88e0ad7e1,ph3ar__www_js_terminal,security,security,security-module,auth-and-keys,bower,bower,www_js_terminal/public/bower.json,.json,24,,,,unknown,pnpm,55,55,catalog-only,False,none,none,none,"Security component for auth-and-keys; review for shared auth, key handling, fingerprinting, or trust signal module.",security-score:55,cf59c5e5fc543e1a
d338db4c3145566962846166,ph3ar__www_js_terminal,security,security,security-module,auth-and-keys,bower,bower,public/bower.json,.json,24,,,,unknown,pnpm,55,55,catalog-only,False,none,none,none,"Security component for auth-and-keys; review for shared auth, key handling, fingerprinting, or trust signal module.",security-score:55,cf59c5e5fc543e1a
9d6db682a63c60505113d791,process-co__json-graph,security,security,security-module,ai,tailwind-proc-theme,tailwind-proc-theme,tailwind-proc-theme.ts,.ts,48,"backgroundImage,themeColors",,,react,unknown,70,55,catalog-only,True,none,none,none,"Security component for ai; review for shared auth, key handling, fingerprinting, or trust signal module.","exports:backgroundImage, themeColors | security-score:55",18bb590489ea6726
889bad2ba85efa14460dfb7b,process-co__json-graph,security,security,security-module,editor,theme,theme,src/theme.ts,.ts,30,"Theme,defaultHandleStyle,theme",,,react,unknown,70,40,site-specific-or-low-confidence,True,none,none,none,"Security component for editor; review for shared auth, key handling, fingerprinting, or trust signal module.","exports:Theme, defaultHandleStyle, theme | security-score:55",9edea7ca2c1c38a3
82b83002e59cfbd998fb5093,process-co__npm-element-dev-server,security,"security,process",security-module,general,vite-env.d,vite-env-d,.process/vite-env.d.ts,.ts,26,,,,react,unknown,65,40,site-specific-or-low-confidence,True,secondary,none,none,"Security component for general; review for shared auth, key handling, fingerprinting, or trust signal module.",security-score:55 | process-score:45,0318c49ae595eda8
bcd19e106a9a37c14dc7daae,process-co__npm-element-dev-support,security,security,security-module,auth-and-keys,package,package,package.json,.json,43,,,,unknown,unknown,55,55,catalog-only,True,none,none,none,"Security component for auth-and-keys; review for shared auth, key handling, fingerprinting, or trust signal module.",security-score:55,45b4bcb8fac912c6
a051d1516eabdba71cbe87dd,process-co__npm-element-types,security,security,security-module,auth-and-keys,package,package,package.json,.json,37,,,,unknown,unknown,55,55,catalog-only,True,none,none,none,"Security component for auth-and-keys; review for shared auth, key handling, fingerprinting, or trust signal module.",security-score:55,1840474fdd28447d
1d1f4dfb4b0a29aa4d38d973,process-co__npm-element-types,security,security,security-module,workflow,materialize-slot-definition,materialize-slot-definition,src/materialize-slot-definition.ts,.ts,88,"MaterializedSlotBranch,MaterializedSlotDefinition,MaterializedSlotLayout,materializeSlotDefinition",./slot-definition,,unknown,unknown,80,40,site-specific-or-low-confidence,True,none,none,none,"Security component for workflow; review for shared auth, key handling, fingerprinting, or trust signal module.","exports:MaterializedSlotBranch, MaterializedSlotDefinition, MaterializedSlotLayout, materializeSlotDefinition | imports:./slot-definition | security-score:55",ea40943fbcd3fb5e
21aa8674821e75292780abd3,process-co__npm-element-types,security,security,security-module,auth-and-keys,platform-loader-type,platform-loader-type,src/platform-loader-type.ts,.ts,14,"PLATFORM_BOUND_LOADER_TYPE_PREFIXES,isPlatformBoundLoaderType",,,unknown,unknown,70,55,catalog-only,True,none,none,none,"Security component for auth-and-keys; review for shared auth, key handling, fingerprinting, or trust signal module.","exports:PLATFORM_BOUND_LOADER_TYPE_PREFIXES, isPlatformBoundLoaderType | security-score:55",4b30b1a1edce0d27
770be39526153001acc7ad5f,process-co__npm-utilities,security,security,security-module,auth-and-keys,package,package,package.json,.json,38,,,,unknown,unknown,55,55,catalog-only,True,none,none,none,"Security component for auth-and-keys; review for shared auth, key handling, fingerprinting, or trust signal module.",security-score:55,82e6dbd71ee6446c
86efd7d36737ebf43e7ec127,process-co__ui,security,security,security-module,auth-and-keys,package,package,package.json,.json,91,,,,react,unknown,55,55,catalog-only,True,none,none,none,"Security component for auth-and-keys; review for shared auth, key handling, fingerprinting, or trust signal module.",security-score:55,04997e78dbf822d2
