component_id,repo,primary_category,categories,component_kind,capability,name,normalized_name,path,extension,lines,exports,imports,dependency_roots,framework,package_manager,confidence,reuse_score,extraction_status,ai_scaffold_recommended,process_relevance,automation_relevance,logic_relevance,description,evidence,file_hash
72db0dceb11843c9aac2b0d3,mbarbine__2025-year-in-review-webby,style,"style,security",stylesheet,editor,globals,globals,app/globals.css,.css,140,,,,next-react,pnpm,75,40,shared-style-candidate,True,none,none,none,"Style component for editor; review for shared tokens, theme, palette, Tailwind, or global style normalization.",style-score:130 | security-score:55,e15dc15fe5756625
3abc284408d482258a5eb61f,mbarbine__2025-year-in-review-webby,style,style,stylesheet,editor,globals,globals,styles/globals.css,.css,125,,,,next-react,pnpm,55,40,shared-style-candidate,True,none,none,none,"Style component for editor; review for shared tokens, theme, palette, Tailwind, or global style normalization.",style-score:130,7f30dbe34b65246e
2fbabc83608ef0a3b0cc86f0,mbarbine__FlaskFlow-www,style,style,stylesheet,editor,globals,globals,app/globals.css,.css,123,,,,next-react,pnpm,65,40,shared-style-candidate,True,none,none,none,"Style component for editor; review for shared tokens, theme, palette, Tailwind, or global style normalization.",style-score:130,70029e647d2653f4
4315e6b0e1dbaac2d6435ee1,mbarbine__FlaskFlow-www,style,style,stylesheet,editor,globals,globals,styles/globals.css,.css,123,,,,next-react,pnpm,55,40,shared-style-candidate,True,none,none,none,"Style component for editor; review for shared tokens, theme, palette, Tailwind, or global style normalization.",style-score:130,679ee4df07597d57
7371ca62d6bbba94aff65b7b,mbarbine__Joshs-magnets-landing-page,style,style,stylesheet,editor,globals,globals,app/globals.css,.css,156,,,,next-react,pnpm,65,40,shared-style-candidate,True,none,none,none,"Style component for editor; review for shared tokens, theme, palette, Tailwind, or global style normalization.",style-score:130,f826462b35df765e
9bdf3e00dc4a0ac3a252abed,mbarbine__Joshs-magnets-landing-page,style,style,stylesheet,editor,globals,globals,styles/globals.css,.css,125,,,,next-react,pnpm,55,40,shared-style-candidate,True,none,none,none,"Style component for editor; review for shared tokens, theme, palette, Tailwind, or global style normalization.",style-score:130,7f30dbe34b65246e
b78693003cd3de55bc9d16a6,mbarbine__LogSlash-w6,style,style,stylesheet,editor,globals,globals,app/globals.css,.css,150,,,,next-react,pnpm,65,40,shared-style-candidate,True,none,none,none,"Style component for editor; review for shared tokens, theme, palette, Tailwind, or global style normalization.",style-score:130,e05b8f545823ce92
e70095fa5d81d11c8e0a2f6e,mbarbine__LogSlash-w6,style,style,stylesheet,editor,globals,globals,styles/globals.css,.css,125,,,,next-react,pnpm,55,40,shared-style-candidate,True,none,none,none,"Style component for editor; review for shared tokens, theme, palette, Tailwind, or global style normalization.",style-score:130,7f30dbe34b65246e
659b8df307b3089273e69cab,mbarbine__PH3AR-WEBBY,style,style,stylesheet,ai,app,app,src/app.css,.css,37,,,,svelte,bun,55,55,shared-style-candidate,True,none,none,none,"Style component for ai; review for shared tokens, theme, palette, Tailwind, or global style normalization.",style-score:130,bfffd35655340a87
e8aa31eb712ed1fbe8c48b99,mbarbine__Scripts,style,"style,backend,observability",stylesheet,observability,Dagah_custom,dagah-custom,h4x/dagah-server/html/css/Dagah_custom.css,.css,32,,,,css,unknown,65,55,shared-style-candidate,True,none,none,none,"Style component for observability; review for shared tokens, theme, palette, Tailwind, or global style normalization.",style-score:130 | backend-score:55 | observability-score:55,997914a1cd4d2c98
3565b4e0d73cc7376df32484,mbarbine__Scripts,style,"style,backend,observability,ai",stylesheet,observability,Dagah,dagah,h4x/dagah-server/html/css/Dagah.css,.css,354,,,,css,unknown,65,50,shared-style-candidate,True,none,none,none,"Style component for observability; review for shared tokens, theme, palette, Tailwind, or global style normalization.",style-score:130 | backend-score:55 | observability-score:55 | ai-score:45,9aaa30d3ebc72f03
c9879ce25f957ccf0cf3a937,mbarbine__Scripts,style,"style,backend,observability,ai",stylesheet,observability,sb-admin-2,sb-admin-2,h4x/dagah-server/html/css/sb-admin-2.css,.css,354,,,,css,unknown,65,50,shared-style-candidate,True,none,none,none,"Style component for observability; review for shared tokens, theme, palette, Tailwind, or global style normalization.",style-score:130 | backend-score:55 | observability-score:55 | ai-score:45,9aaa30d3ebc72f03
575749d1151d2c7f7498f639,mbarbine__Scripts,style,"style,backend",stylesheet,commerce,timeline,timeline,h4x/dagah-server/html/css/timeline.css,.css,180,,,,css,unknown,65,40,shared-style-candidate,True,none,none,none,"Style component for commerce; review for shared tokens, theme, palette, Tailwind, or global style normalization.",style-score:130 | backend-score:55,56ce419afae15f49
b638873965f4afa50f7e79a1,mbarbine__Scripts,style,"style,backend",stylesheet,testing,variables,variables,h4x/dagah-server/html/less/variables.less,.less,14,,,,css,unknown,65,40,shared-style-candidate,False,none,none,none,"Style component for testing; review for shared tokens, theme, palette, Tailwind, or global style normalization.",style-score:100 | backend-score:55,6a967a6323464177
4c2fa2401ddf2cc426a412a6,mbarbine__Scripts,style,"style,backend,observability,ai",stylesheet,observability,sb-admin-2,sb-admin-2,h4x/dagah-server/html/less/sb-admin-2.less,.less,366,,,,css,unknown,65,50,shared-style-candidate,True,none,none,none,"Style component for observability; review for shared tokens, theme, palette, Tailwind, or global style normalization.",style-score:100 | backend-score:55 | observability-score:55 | ai-score:45,a084b1e730016387
4033fa2e49e5381adfab1452,mbarbine__Scripts,style,"style,backend",stylesheet,general,mixins,mixins,h4x/dagah-server/html/less/mixins.less,.less,1,,,,css,unknown,60,35,shared-style-candidate,False,none,none,none,"Style component for general; review for shared tokens, theme, palette, Tailwind, or global style normalization.",style-score:100 | backend-score:55,bd8b08b7f363dc6a
9dcaddd09ea32eb06bdf7874,mbarbine__Scripts,style,"style,backend,security",stylesheet,auth-and-keys,mode_test,mode-test,h4x/dagah-server/html/js/codemirror/test/mode_test.css,.css,23,,,,css,unknown,65,55,shared-style-candidate,False,none,none,none,"Style component for auth-and-keys; review for shared tokens, theme, palette, Tailwind, or global style normalization.",style-score:130 | backend-score:55 | security-score:55,c3efc5f2e994d7d5
edd90e1460aba939db6e096a,mbarbine__Scripts,style,"style,backend,observability,automation",stylesheet,observability,tiddlywiki,tiddlywiki,h4x/dagah-server/html/js/codemirror/mode/tiddlywiki/tiddlywiki.css,.css,14,,,,css,unknown,65,55,shared-style-candidate,False,none,secondary,none,"Style component for observability; review for shared tokens, theme, palette, Tailwind, or global style normalization.",style-score:130 | backend-score:55 | observability-score:55 | automation-score:45,12e784b7a98f6319
472c00174288685d3a572b7d,mbarbine__Scripts,style,"style,backend",stylesheet,commerce,tiki,tiki,h4x/dagah-server/html/js/codemirror/mode/tiki/tiki.css,.css,26,,,,css,unknown,65,40,shared-style-candidate,False,none,none,none,"Style component for commerce; review for shared tokens, theme, palette, Tailwind, or global style normalization.",style-score:130 | backend-score:55,69ad6cec8b5f6b46
a94a5118af05fa2bea88ab26,mbarbine__Scripts,style,"style,backend,observability,security",design-token,observability,icecoder,icecoder,h4x/dagah-server/html/js/codemirror/theme/icecoder.css,.css,43,,,,css,unknown,65,80,shared-style-candidate,True,none,none,none,"Style component for observability; review for shared tokens, theme, palette, Tailwind, or global style normalization.",style-score:130 | backend-score:55 | observability-score:55 | security-score:55,04e5b0465536346f
73a20aaa5b0b13d9d759f9d4,mbarbine__Scripts,style,"style,backend,observability,security",design-token,observability,xq-light,xq-light,h4x/dagah-server/html/js/codemirror/theme/xq-light.css,.css,43,,,,css,unknown,65,80,shared-style-candidate,True,none,none,none,"Style component for observability; review for shared tokens, theme, palette, Tailwind, or global style normalization.",style-score:130 | backend-score:55 | observability-score:55 | security-score:55,a523f9e8fc269bdd
ececaa0c11f36cbb7121827f,mbarbine__Scripts,style,"style,backend,observability,security",design-token,observability,the-matrix,the-matrix,h4x/dagah-server/html/js/codemirror/theme/the-matrix.css,.css,30,,,,css,unknown,65,80,shared-style-candidate,False,none,none,none,"Style component for observability; review for shared tokens, theme, palette, Tailwind, or global style normalization.",style-score:130 | backend-score:55 | observability-score:55 | security-score:55,35bd22d0282b2a1a
a0be82e3d3c50ed4a9a4a2b4,mbarbine__Scripts,style,"style,backend,security",design-token,editor,neo,neo,h4x/dagah-server/html/js/codemirror/theme/neo.css,.css,43,,,,css,unknown,65,65,shared-style-candidate,True,none,none,none,"Style component for editor; review for shared tokens, theme, palette, Tailwind, or global style normalization.",style-score:130 | backend-score:55 | security-score:55,a919e6daa7d3fd0e
083fd991286225e83637426d,mbarbine__Scripts,style,"style,backend,observability,security",design-token,observability,lesser-dark,lesser-dark,h4x/dagah-server/html/js/codemirror/theme/lesser-dark.css,.css,47,,,,css,unknown,65,80,shared-style-candidate,False,none,none,none,"Style component for observability; review for shared tokens, theme, palette, Tailwind, or global style normalization.",style-score:130 | backend-score:55 | observability-score:55 | security-score:55,80180694d372b121
628bc3924cd6d1d9d7fc985b,mbarbine__Scripts,style,"style,backend,observability,security",design-token,observability,3024-day,3024-day,h4x/dagah-server/html/js/codemirror/theme/3024-day.css,.css,41,,,,css,unknown,65,80,shared-style-candidate,False,none,none,none,"Style component for observability; review for shared tokens, theme, palette, Tailwind, or global style normalization.",style-score:130 | backend-score:55 | observability-score:55 | security-score:55,7c9126a1d8a38be7
5a7c1292286c33f59ace54c6,mbarbine__Scripts,style,"style,backend,observability,security",design-token,observability,hopscotch,hopscotch,h4x/dagah-server/html/js/codemirror/theme/hopscotch.css,.css,34,,,,css,unknown,65,80,shared-style-candidate,False,none,none,none,"Style component for observability; review for shared tokens, theme, palette, Tailwind, or global style normalization.",style-score:130 | backend-score:55 | observability-score:55 | security-score:55,2074da3b102459c6
f8f7fd4a33eef212b7b392c3,mbarbine__Scripts,style,"style,backend,observability,security",design-token,observability,liquibyte,liquibyte,h4x/dagah-server/html/js/codemirror/theme/liquibyte.css,.css,95,,,,css,unknown,65,80,shared-style-candidate,False,none,none,none,"Style component for observability; review for shared tokens, theme, palette, Tailwind, or global style normalization.",style-score:130 | backend-score:55 | observability-score:55 | security-score:55,40d90ceab6f6cc7f
c14933adb98d15bbb102aa41,mbarbine__Scripts,style,"style,backend,observability,security",design-token,observability,midnight,midnight,h4x/dagah-server/html/js/codemirror/theme/midnight.css,.css,45,,,,css,unknown,65,80,shared-style-candidate,False,none,none,none,"Style component for observability; review for shared tokens, theme, palette, Tailwind, or global style normalization.",style-score:130 | backend-score:55 | observability-score:55 | security-score:55,f718ea003eaf3415
c28521cff85955ff3cf0b8fa,mbarbine__Scripts,style,"style,backend,observability,security",design-token,observability,duotone-light,duotone-light,h4x/dagah-server/html/js/codemirror/theme/duotone-light.css,.css,36,,,,css,unknown,65,80,shared-style-candidate,False,none,none,none,"Style component for observability; review for shared tokens, theme, palette, Tailwind, or global style normalization.",style-score:130 | backend-score:55 | observability-score:55 | security-score:55,54479ef43ef0d8b8
5b1a1e9825fcb2de5bfcd887,mbarbine__Scripts,style,"style,backend,observability,security",design-token,observability,elegant,elegant,h4x/dagah-server/html/js/codemirror/theme/elegant.css,.css,13,,,,css,unknown,65,80,shared-style-candidate,False,none,none,none,"Style component for observability; review for shared tokens, theme, palette, Tailwind, or global style normalization.",style-score:130 | backend-score:55 | observability-score:55 | security-score:55,02df81678be8cf0a
81886345c9db03d1a20a90a7,mbarbine__Scripts,style,"style,backend,observability,security",design-token,observability,mbo,mbo,h4x/dagah-server/html/js/codemirror/theme/mbo.css,.css,37,,,,css,unknown,65,80,shared-style-candidate,True,none,none,none,"Style component for observability; review for shared tokens, theme, palette, Tailwind, or global style normalization.",style-score:130 | backend-score:55 | observability-score:55 | security-score:55,23f2216dd2d4ffad
d9feb269c7eeab3fd988dad8,mbarbine__Scripts,style,"style,backend,observability,security",design-token,observability,material,material,h4x/dagah-server/html/js/codemirror/theme/material.css,.css,53,,,,css,unknown,65,80,shared-style-candidate,False,none,none,none,"Style component for observability; review for shared tokens, theme, palette, Tailwind, or global style normalization.",style-score:130 | backend-score:55 | observability-score:55 | security-score:55,239c5d65d2bc0abf
287d097e84c8c5afa345e9f7,mbarbine__Scripts,style,"style,backend,observability,security,automation",design-token,design-system,ttcn,ttcn,h4x/dagah-server/html/js/codemirror/theme/ttcn.css,.css,64,,,,css,unknown,65,80,shared-style-candidate,True,none,secondary,none,"Style component for design-system; review for shared tokens, theme, palette, Tailwind, or global style normalization.",style-score:130 | backend-score:55 | observability-score:55 | security-score:55 | automation-score:45,ae120fa6f84cf440
3e76878d51528ced015b380a,mbarbine__Scripts,style,"style,backend,observability,security",design-token,observability,mdn-like,mdn-like,h4x/dagah-server/html/js/codemirror/theme/mdn-like.css,.css,46,,,,css,unknown,65,80,shared-style-candidate,True,none,none,none,"Style component for observability; review for shared tokens, theme, palette, Tailwind, or global style normalization.",style-score:130 | backend-score:55 | observability-score:55 | security-score:55,9464424814264ff1
9e744509c6eda321af4c03e1,mbarbine__Scripts,style,"style,backend,observability,security",design-token,observability,xq-dark,xq-dark,h4x/dagah-server/html/js/codemirror/theme/xq-dark.css,.css,53,,,,css,unknown,65,80,shared-style-candidate,True,none,none,none,"Style component for observability; review for shared tokens, theme, palette, Tailwind, or global style normalization.",style-score:130 | backend-score:55 | observability-score:55 | security-score:55,52c96beaa01c09e9
2417ac0e68cc4ad72d5abbab,mbarbine__Scripts,style,"style,backend,observability,security",design-token,observability,base16-light,base16-light,h4x/dagah-server/html/js/codemirror/theme/base16-light.css,.css,38,,,,css,unknown,65,80,shared-style-candidate,False,none,none,none,"Style component for observability; review for shared tokens, theme, palette, Tailwind, or global style normalization.",style-score:130 | backend-score:55 | observability-score:55 | security-score:55,c74189d4291dd7a8
51d0dca8be12b3054010d154,mbarbine__Scripts,style,"style,backend,observability,security",design-token,observability,isotope,isotope,h4x/dagah-server/html/js/codemirror/theme/isotope.css,.css,34,,,,css,unknown,65,80,shared-style-candidate,False,none,none,none,"Style component for observability; review for shared tokens, theme, palette, Tailwind, or global style normalization.",style-score:130 | backend-score:55 | observability-score:55 | security-score:55,05a29f6e56dbdbaf
6e68db7004543d81eb29d3b2,mbarbine__Scripts,style,"style,backend,observability,security",design-token,observability,ambiance,ambiance,h4x/dagah-server/html/js/codemirror/theme/ambiance.css,.css,74,,,,css,unknown,65,80,shared-style-candidate,True,none,none,none,"Style component for observability; review for shared tokens, theme, palette, Tailwind, or global style normalization.",style-score:130 | backend-score:55 | observability-score:55 | security-score:55,7477719a88e539de
bfdebacbd817e43c6ed6ae09,mbarbine__Scripts,style,"style,backend,observability,security",design-token,observability,paraiso-dark,paraiso-dark,h4x/dagah-server/html/js/codemirror/theme/paraiso-dark.css,.css,38,,,,css,unknown,65,80,shared-style-candidate,False,none,none,none,"Style component for observability; review for shared tokens, theme, palette, Tailwind, or global style normalization.",style-score:130 | backend-score:55 | observability-score:55 | security-score:55,fc551f1a32ca11d4
d06d24cf9c17b28c5e806055,mbarbine__Scripts,style,"style,backend,observability,security",design-token,observability,erlang-dark,erlang-dark,h4x/dagah-server/html/js/codemirror/theme/erlang-dark.css,.css,34,,,,css,unknown,65,80,shared-style-candidate,False,none,none,none,"Style component for observability; review for shared tokens, theme, palette, Tailwind, or global style normalization.",style-score:130 | backend-score:55 | observability-score:55 | security-score:55,0dc2474983d23edb
11a7799526819502ac90f49f,mbarbine__Scripts,style,"style,backend,observability,security",design-token,observability,colorforth,colorforth,h4x/dagah-server/html/js/codemirror/theme/colorforth.css,.css,33,,,,css,unknown,65,80,shared-style-candidate,False,none,none,none,"Style component for observability; review for shared tokens, theme, palette, Tailwind, or global style normalization.",style-score:130 | backend-score:55 | observability-score:55 | security-score:55,dcd47acd2cfbb0da
1437130978cb52a58599394f,mbarbine__Scripts,style,"style,backend,observability,security",design-token,observability,twilight,twilight,h4x/dagah-server/html/js/codemirror/theme/twilight.css,.css,32,,,,css,unknown,65,80,shared-style-candidate,False,none,none,none,"Style component for observability; review for shared tokens, theme, palette, Tailwind, or global style normalization.",style-score:130 | backend-score:55 | observability-score:55 | security-score:55,0309457c73be85f4
4b31edffbea17e5fec2342c9,mbarbine__Scripts,style,"style,backend,observability,security",design-token,observability,3024-night,3024-night,h4x/dagah-server/html/js/codemirror/theme/3024-night.css,.css,39,,,,css,unknown,65,80,shared-style-candidate,False,none,none,none,"Style component for observability; review for shared tokens, theme, palette, Tailwind, or global style normalization.",style-score:130 | backend-score:55 | observability-score:55 | security-score:55,93ada2f28acc83a5
c08d991d5385616c067ee4f9,mbarbine__Scripts,style,"style,backend,observability,security",design-token,observability,vibrant-ink,vibrant-ink,h4x/dagah-server/html/js/codemirror/theme/vibrant-ink.css,.css,34,,,,css,unknown,65,80,shared-style-candidate,False,none,none,none,"Style component for observability; review for shared tokens, theme, palette, Tailwind, or global style normalization.",style-score:130 | backend-score:55 | observability-score:55 | security-score:55,f5af832b7aa7e8db
d0fbc83db0f76113c11dbf6a,mbarbine__Scripts,style,"style,backend,observability,security",design-token,observability,monokai,monokai,h4x/dagah-server/html/js/codemirror/theme/monokai.css,.css,36,,,,css,unknown,65,80,shared-style-candidate,False,none,none,none,"Style component for observability; review for shared tokens, theme, palette, Tailwind, or global style normalization.",style-score:130 | backend-score:55 | observability-score:55 | security-score:55,0e54146a84b77533
453fad400314f3aa55fda6d0,mbarbine__Scripts,style,"style,backend,observability,security",design-token,observability,dracula,dracula,h4x/dagah-server/html/js/codemirror/theme/dracula.css,.css,41,,,,css,unknown,65,80,shared-style-candidate,False,none,none,none,"Style component for observability; review for shared tokens, theme, palette, Tailwind, or global style normalization.",style-score:130 | backend-score:55 | observability-score:55 | security-score:55,7250a5ca62085efb
9dd8907566bd83ec5c091424,mbarbine__Scripts,style,"style,backend,observability,security",design-token,observability,base16-dark,base16-dark,h4x/dagah-server/html/js/codemirror/theme/base16-dark.css,.css,38,,,,css,unknown,65,80,shared-style-candidate,False,none,none,none,"Style component for observability; review for shared tokens, theme, palette, Tailwind, or global style normalization.",style-score:130 | backend-score:55 | observability-score:55 | security-score:55,7a6192764bd3da15
b16982872108776d308d9f7e,mbarbine__Scripts,style,"style,backend,observability,security",design-token,observability,zenburn,zenburn,h4x/dagah-server/html/js/codemirror/theme/zenburn.css,.css,37,,,,css,unknown,65,80,shared-style-candidate,False,none,none,none,"Style component for observability; review for shared tokens, theme, palette, Tailwind, or global style normalization.",style-score:130 | backend-score:55 | observability-score:55 | security-score:55,47780bcc6d429d43
ce0bef31e5fda55e9692d395,mbarbine__Scripts,style,"style,backend,observability,security",design-token,observability,neat,neat,h4x/dagah-server/html/js/codemirror/theme/neat.css,.css,12,,,,css,unknown,65,80,shared-style-candidate,False,none,none,none,"Style component for observability; review for shared tokens, theme, palette, Tailwind, or global style normalization.",style-score:130 | backend-score:55 | observability-score:55 | security-score:55,58c2c2e5bc69c2f2
5a3ede280a43ddcd893b65cc,mbarbine__Scripts,style,"style,backend,observability,security",design-token,observability,blackboard,blackboard,h4x/dagah-server/html/js/codemirror/theme/blackboard.css,.css,32,,,,css,unknown,65,80,shared-style-candidate,False,none,none,none,"Style component for observability; review for shared tokens, theme, palette, Tailwind, or global style normalization.",style-score:130 | backend-score:55 | observability-score:55 | security-score:55,54f0811f00d130b3
afa653bb9909cdaaa63f0d1f,mbarbine__Scripts,style,"style,backend,observability,security",design-token,observability,tomorrow-night-eighties,tomorrow-night-eighties,h4x/dagah-server/html/js/codemirror/theme/tomorrow-night-eighties.css,.css,38,,,,css,unknown,65,80,shared-style-candidate,False,none,none,none,"Style component for observability; review for shared tokens, theme, palette, Tailwind, or global style normalization.",style-score:130 | backend-score:55 | observability-score:55 | security-score:55,6b015d31eaaaa08b
e6828bff02e9db02ce947da9,mbarbine__Scripts,style,"style,backend,observability,security",design-token,observability,night,night,h4x/dagah-server/html/js/codemirror/theme/night.css,.css,27,,,,css,unknown,65,80,shared-style-candidate,False,none,none,none,"Style component for observability; review for shared tokens, theme, palette, Tailwind, or global style normalization.",style-score:130 | backend-score:55 | observability-score:55 | security-score:55,c7a54ef3d1b6d1d6
115c9ed8d819137d31d636e5,mbarbine__Scripts,style,"style,backend,observability,security",design-token,observability,paraiso-light,paraiso-light,h4x/dagah-server/html/js/codemirror/theme/paraiso-light.css,.css,38,,,,css,unknown,65,80,shared-style-candidate,False,none,none,none,"Style component for observability; review for shared tokens, theme, palette, Tailwind, or global style normalization.",style-score:130 | backend-score:55 | observability-score:55 | security-score:55,25ff9301f48317d1
92a00f63f4bd8d3ff2cc33bc,mbarbine__Scripts,style,"style,backend,observability,security",design-token,observability,eclipse,eclipse,h4x/dagah-server/html/js/codemirror/theme/eclipse.css,.css,23,,,,css,unknown,65,80,shared-style-candidate,False,none,none,none,"Style component for observability; review for shared tokens, theme, palette, Tailwind, or global style normalization.",style-score:130 | backend-score:55 | observability-score:55 | security-score:55,03e23ee02926b2c8
5ecf47b34233e1efec93e4de,mbarbine__Scripts,style,"style,backend,observability,security",design-token,observability,railscasts,railscasts,h4x/dagah-server/html/js/codemirror/theme/railscasts.css,.css,34,,,,css,unknown,65,80,shared-style-candidate,False,none,none,none,"Style component for observability; review for shared tokens, theme, palette, Tailwind, or global style normalization.",style-score:130 | backend-score:55 | observability-score:55 | security-score:55,e9ba2e428ab05479
c796f5d041302a31e6762e0f,mbarbine__Scripts,style,"style,backend,observability,security",design-token,observability,tomorrow-night-bright,tomorrow-night-bright,h4x/dagah-server/html/js/codemirror/theme/tomorrow-night-bright.css,.css,35,,,,css,unknown,65,80,shared-style-candidate,False,none,none,none,"Style component for observability; review for shared tokens, theme, palette, Tailwind, or global style normalization.",style-score:130 | backend-score:55 | observability-score:55 | security-score:55,45ebddfc249b14c2
1f170908178295e7cb6703b1,mbarbine__Scripts,style,"style,backend,observability,security,automation",design-token,observability,solarized,solarized,h4x/dagah-server/html/js/codemirror/theme/solarized.css,.css,169,,,,css,unknown,65,80,shared-style-candidate,True,none,secondary,none,"Style component for observability; review for shared tokens, theme, palette, Tailwind, or global style normalization.",style-score:130 | backend-score:55 | observability-score:55 | security-score:55 | automation-score:45,6dac2fe96a4f7a23
cb7cf7db210153e1af5a3d48,mbarbine__Scripts,style,"style,backend,observability,security",design-token,observability,seti,seti,h4x/dagah-server/html/js/codemirror/theme/seti.css,.css,44,,,,css,unknown,65,80,shared-style-candidate,False,none,none,none,"Style component for observability; review for shared tokens, theme, palette, Tailwind, or global style normalization.",style-score:130 | backend-score:55 | observability-score:55 | security-score:55,8b5ad8ea8ab81d23
f732468d9b00730f73964a53,mbarbine__Scripts,style,"style,backend,security",design-token,auth-and-keys,panda-syntax,panda-syntax,h4x/dagah-server/html/js/codemirror/theme/panda-syntax.css,.css,85,,,,css,unknown,65,80,shared-style-candidate,False,none,none,none,"Style component for auth-and-keys; review for shared tokens, theme, palette, Tailwind, or global style normalization.",style-score:130 | backend-score:55 | security-score:55,04dc2833e74de0aa
79a067b86b756176e0ef7432,mbarbine__Scripts,style,"style,backend,observability,security",design-token,observability,abcdef,abcdef,h4x/dagah-server/html/js/codemirror/theme/abcdef.css,.css,32,,,,css,unknown,65,80,shared-style-candidate,False,none,none,none,"Style component for observability; review for shared tokens, theme, palette, Tailwind, or global style normalization.",style-score:130 | backend-score:55 | observability-score:55 | security-score:55,1633330107a264da
b324ec951ced6924fbded99e,mbarbine__Scripts,style,"style,backend,observability,security",design-token,observability,duotone-dark,duotone-dark,h4x/dagah-server/html/js/codemirror/theme/duotone-dark.css,.css,35,,,,css,unknown,65,80,shared-style-candidate,False,none,none,none,"Style component for observability; review for shared tokens, theme, palette, Tailwind, or global style normalization.",style-score:130 | backend-score:55 | observability-score:55 | security-score:55,0fc22f0963d8c9f5
640bda82c9d2983880968540,mbarbine__Scripts,style,"style,backend,observability,security",design-token,observability,cobalt,cobalt,h4x/dagah-server/html/js/codemirror/theme/cobalt.css,.css,25,,,,css,unknown,65,80,shared-style-candidate,False,none,none,none,"Style component for observability; review for shared tokens, theme, palette, Tailwind, or global style normalization.",style-score:130 | backend-score:55 | observability-score:55 | security-score:55,0aa76afb0550eea9
b98d72eb8ca51f4e8aa28806,mbarbine__Scripts,style,"style,backend,observability,security",design-token,observability,rubyblue,rubyblue,h4x/dagah-server/html/js/codemirror/theme/rubyblue.css,.css,25,,,,css,unknown,65,80,shared-style-candidate,False,none,none,none,"Style component for observability; review for shared tokens, theme, palette, Tailwind, or global style normalization.",style-score:130 | backend-score:55 | observability-score:55 | security-score:55,b780089b3f890418
0274af27423d13db3954c184,mbarbine__Scripts,style,"style,backend,observability,security",design-token,observability,pastel-on-dark,pastel-on-dark,h4x/dagah-server/html/js/codemirror/theme/pastel-on-dark.css,.css,52,,,,css,unknown,65,80,shared-style-candidate,True,none,none,none,"Style component for observability; review for shared tokens, theme, palette, Tailwind, or global style normalization.",style-score:130 | backend-score:55 | observability-score:55 | security-score:55,7f7cee8f18fea4b8
827813ea8eb83f7b96145b69,mbarbine__Scripts,style,"style,backend",design-token,design-system,ambiance-mobile,ambiance-mobile,h4x/dagah-server/html/js/codemirror/theme/ambiance-mobile.css,.css,5,,,,css,unknown,60,75,shared-style-candidate,False,none,none,none,"Style component for design-system; review for shared tokens, theme, palette, Tailwind, or global style normalization.",style-score:130 | backend-score:55,356cf9d539a70462
3984bdf33a7c8539c030ca58,mbarbine__Scripts,style,"style,backend,observability,security",design-token,observability,bespin,bespin,h4x/dagah-server/html/js/codemirror/theme/bespin.css,.css,34,,,,css,unknown,65,80,shared-style-candidate,False,none,none,none,"Style component for observability; review for shared tokens, theme, palette, Tailwind, or global style normalization.",style-score:130 | backend-score:55 | observability-score:55 | security-score:55,d43da55a7859eabd
c013d1b744bd07e5100cf782,mbarbine__Scripts,style,"style,backend,observability,security",design-token,observability,yeti,yeti,h4x/dagah-server/html/js/codemirror/theme/yeti.css,.css,44,,,,css,unknown,65,80,shared-style-candidate,False,none,none,none,"Style component for observability; review for shared tokens, theme, palette, Tailwind, or global style normalization.",style-score:130 | backend-score:55 | observability-score:55 | security-score:55,da9491138c44f479
9837ac6bca4c179c31d63000,mbarbine__Scripts,style,"style,backend,observability,security,logic,automation,ai",stylesheet,observability,codemirror,codemirror,h4x/dagah-server/html/js/codemirror/lib/codemirror.css,.css,341,,,,css,unknown,75,50,shared-style-candidate,True,none,secondary,secondary,"Style component for observability; review for shared tokens, theme, palette, Tailwind, or global style normalization.",style-score:130 | backend-score:55 | observability-score:55 | security-score:55 | logic-score:45 | automation-score:45 | ai-score:45,6ad4712420d62db2
4ea0a87ac01c1eadcddf35f1,mbarbine__Scripts,style,"style,backend",stylesheet,commerce,show-hint,show-hint,h4x/dagah-server/html/js/codemirror/addon/hint/show-hint.css,.css,36,,,,css,unknown,65,40,shared-style-candidate,False,none,none,none,"Style component for commerce; review for shared tokens, theme, palette, Tailwind, or global style normalization.",style-score:130 | backend-score:55,f4f8c8d48c155dcb
006ef3577311b0a158ddcc25,mbarbine__Scripts,style,"style,backend",stylesheet,commerce,lint,lint,h4x/dagah-server/html/js/codemirror/addon/lint/lint.css,.css,73,,,,css,unknown,65,40,shared-style-candidate,False,none,none,none,"Style component for commerce; review for shared tokens, theme, palette, Tailwind, or global style normalization.",style-score:130 | backend-score:55,74306712264e642d
759022d63106500a40a1d1a5,mbarbine__Scripts,style,"style,backend",stylesheet,commerce,simplescrollbars,simplescrollbars,h4x/dagah-server/html/js/codemirror/addon/scroll/simplescrollbars.css,.css,66,,,,css,unknown,65,40,shared-style-candidate,False,none,none,none,"Style component for commerce; review for shared tokens, theme, palette, Tailwind, or global style normalization.",style-score:130 | backend-score:55,e2693b54abcd2168
ad36e85eacc457d9e8a88323,mbarbine__Scripts,style,"style,backend",stylesheet,commerce,merge,merge,h4x/dagah-server/html/js/codemirror/addon/merge/merge.css,.css,113,,,,css,unknown,65,40,shared-style-candidate,True,none,none,none,"Style component for commerce; review for shared tokens, theme, palette, Tailwind, or global style normalization.",style-score:130 | backend-score:55,a5cbe4efdf779d5a
703c4583b87a6bbc3ca69f9b,mbarbine__Scripts,style,"style,backend",stylesheet,commerce,matchesonscrollbar,matchesonscrollbar,h4x/dagah-server/html/js/codemirror/addon/search/matchesonscrollbar.css,.css,8,,,,css,unknown,60,35,shared-style-candidate,True,none,none,none,"Style component for commerce; review for shared tokens, theme, palette, Tailwind, or global style normalization.",style-score:130 | backend-score:55,ee4dfbe9b6d1177a
50d0d8ce1e9eb59a9dbc0ad3,mbarbine__Scripts,style,"style,ui,backend,observability",ui-primitive,observability,dialog,dialog,h4x/dagah-server/html/js/codemirror/addon/dialog/dialog.css,.css,32,,,,css,unknown,65,80,shared-style-candidate,True,none,none,none,"Style component for observability; review for shared tokens, theme, palette, Tailwind, or global style normalization.",style-score:130 | ui-score:70 | backend-score:55 | observability-score:55,5df690d771f12118
cf2496db727c5866bfe75924,mbarbine__Scripts,style,"style,backend",stylesheet,general,foldgutter,foldgutter,h4x/dagah-server/html/js/codemirror/addon/fold/foldgutter.css,.css,20,,,,css,unknown,65,40,shared-style-candidate,True,none,none,none,"Style component for general; review for shared tokens, theme, palette, Tailwind, or global style normalization.",style-score:130 | backend-score:55,576efcd340b770b6
7d8e8f9af7e1a6a11b3f4b08,mbarbine__Scripts,style,"style,backend",stylesheet,general,fullscreen,fullscreen,h4x/dagah-server/html/js/codemirror/addon/display/fullscreen.css,.css,6,,,,css,unknown,60,35,shared-style-candidate,False,none,none,none,"Style component for general; review for shared tokens, theme, palette, Tailwind, or global style normalization.",style-score:130 | backend-score:55,4a9b9a3588038c13
812260d983cf8d1abf2122ae,mbarbine__Scripts,style,"style,backend,ai",stylesheet,commerce,tern,tern,h4x/dagah-server/html/js/codemirror/addon/tern/tern.css,.css,87,,,,css,unknown,65,40,shared-style-candidate,True,none,none,none,"Style component for commerce; review for shared tokens, theme, palette, Tailwind, or global style normalization.",style-score:130 | backend-score:55 | ai-score:45,107542ab314a1db5
9520387ef2df016175036f9b,mbarbine__Scripts,style,"style,backend,observability,process",stylesheet,observability,docs,docs,h4x/dagah-server/html/js/codemirror/doc/docs.css,.css,271,,,,css,unknown,65,50,shared-style-candidate,True,secondary,none,none,"Style component for observability; review for shared tokens, theme, palette, Tailwind, or global style normalization.",style-score:130 | backend-score:55 | observability-score:55 | process-score:45,ea886c9c9ef2e1fc
058a93c90e4bb1449cf5656b,mbarbine__Scripts,style,"style,backend",stylesheet,commerce,visualblocks,visualblocks,h4x/dagah-server/html/js/tinymce/js/tinymce/plugins/visualblocks/css/visualblocks.css,.css,135,,,,css,unknown,65,40,shared-style-candidate,False,none,none,none,"Style component for commerce; review for shared tokens, theme, palette, Tailwind, or global style normalization.",style-score:130 | backend-score:55,9faf7b9b76d69f9b
c082e4842bd7ae1f563ff783,mbarbine__Scripts,style,"style,backend,observability,security",stylesheet,observability,prism,prism,h4x/dagah-server/html/js/tinymce/js/tinymce/plugins/codesample/css/prism.css,.css,138,,,,css,unknown,65,55,shared-style-candidate,True,none,none,none,"Style component for observability; review for shared tokens, theme, palette, Tailwind, or global style normalization.",style-score:130 | backend-score:55 | observability-score:55 | security-score:55,4d00eaad8e5a8137
59b7c0ea6ca69487041b5db9,mbarbine__Scripts,style,"style,ui,backend",ui-primitive,commerce,Progress,progress,h4x/dagah-server/html/js/tinymce/js/tinymce/skins/lightgray/Progress.less,.less,34,,,,css,unknown,65,65,shared-style-candidate,False,none,none,none,"Style component for commerce; review for shared tokens, theme, palette, Tailwind, or global style normalization.",style-score:100 | ui-score:70 | backend-score:55,8f64ce69439496e5
ef4f6d77009cd9e002d44f67,mbarbine__Scripts,style,"style,backend",stylesheet,commerce,Notification,notification,h4x/dagah-server/html/js/tinymce/js/tinymce/skins/lightgray/Notification.less,.less,142,,,,css,unknown,65,40,shared-style-candidate,False,none,none,none,"Style component for commerce; review for shared tokens, theme, palette, Tailwind, or global style normalization.",style-score:100 | backend-score:55,2875c2471395dffc
56c6bd65e06517c5357c09d0,mbarbine__Scripts,style,"style,backend",stylesheet,general,Radio,radio,h4x/dagah-server/html/js/tinymce/js/tinymce/skins/lightgray/Radio.less,.less,1,,,,css,unknown,60,35,shared-style-candidate,False,none,none,none,"Style component for general; review for shared tokens, theme, palette, Tailwind, or global style normalization.",style-score:100 | backend-score:55,a8f96cd7aff6968b
2af85318b0bb82ae043e756a,mbarbine__Scripts,style,"style,backend",stylesheet,commerce,Scrollable,scrollable,h4x/dagah-server/html/js/tinymce/js/tinymce/skins/lightgray/Scrollable.less,.less,44,,,,css,unknown,65,40,shared-style-candidate,False,none,none,none,"Style component for commerce; review for shared tokens, theme, palette, Tailwind, or global style normalization.",style-score:100 | backend-score:55,00258f6438aff890
c68be88a7e1a7120a2d1c7fc,mbarbine__Scripts,style,"style,backend",stylesheet,commerce,Iframe,iframe,h4x/dagah-server/html/js/tinymce/js/tinymce/skins/lightgray/Iframe.less,.less,6,,,,css,unknown,60,35,shared-style-candidate,False,none,none,none,"Style component for commerce; review for shared tokens, theme, palette, Tailwind, or global style normalization.",style-score:100 | backend-score:55,f55deb5cdf684975
a17b08193f2875017cf41193,mbarbine__Scripts,style,"style,backend",stylesheet,commerce,FloatPanel,float-panel,h4x/dagah-server/html/js/tinymce/js/tinymce/skins/lightgray/FloatPanel.less,.less,69,,,,css,unknown,65,40,shared-style-candidate,True,none,none,none,"Style component for commerce; review for shared tokens, theme, palette, Tailwind, or global style normalization.",style-score:100 | backend-score:55,5f32f911afe77eef
5b63d1a21889f7ac1186cf86,mbarbine__Scripts,style,"style,backend",stylesheet,general,Content.Inline,content-inline,h4x/dagah-server/html/js/tinymce/js/tinymce/skins/lightgray/Content.Inline.less,.less,4,,,,css,unknown,60,35,shared-style-candidate,True,none,none,none,"Style component for general; review for shared tokens, theme, palette, Tailwind, or global style normalization.",style-score:100 | backend-score:55,5ae8324cd460c5a7
e5ea8810d668886c59d10cc7,mbarbine__Scripts,style,"style,backend",stylesheet,commerce,SelectBox,select-box,h4x/dagah-server/html/js/tinymce/js/tinymce/skins/lightgray/SelectBox.less,.less,6,,,,css,unknown,60,35,shared-style-candidate,False,none,none,none,"Style component for commerce; review for shared tokens, theme, palette, Tailwind, or global style normalization.",style-score:100 | backend-score:55,3135ef46c64a9ee1
e28481448cb7e3f723d67b70,mbarbine__Scripts,style,"style,backend",stylesheet,general,Container,container,h4x/dagah-server/html/js/tinymce/js/tinymce/skins/lightgray/Container.less,.less,9,,,,css,unknown,60,35,shared-style-candidate,False,none,none,none,"Style component for general; review for shared tokens, theme, palette, Tailwind, or global style normalization.",style-score:100 | backend-score:55,f84366005815a771
c3b9859aa50fc25eb1aaa8a4,mbarbine__Scripts,style,"style,backend",stylesheet,editor,InfoBox,info-box,h4x/dagah-server/html/js/tinymce/js/tinymce/skins/lightgray/InfoBox.less,.less,71,,,,css,unknown,65,40,shared-style-candidate,True,none,none,none,"Style component for editor; review for shared tokens, theme, palette, Tailwind, or global style normalization.",style-score:100 | backend-score:55,047d8b596738e92f
522725d9e7353e1e59ed94c2,mbarbine__Scripts,style,"style,ui,backend",ui-primitive,commerce,Checkbox,checkbox,h4x/dagah-server/html/js/tinymce/js/tinymce/skins/lightgray/Checkbox.less,.less,49,,,,css,unknown,65,65,shared-style-candidate,False,none,none,none,"Style component for commerce; review for shared tokens, theme, palette, Tailwind, or global style normalization.",style-score:100 | ui-score:70 | backend-score:55,867c4da48f271ee9
b9e9489be35c7fe8ad58bd1b,mbarbine__Scripts,style,"style,backend",stylesheet,shipping,skin.ie7.dev,skin-ie7-dev,h4x/dagah-server/html/js/tinymce/js/tinymce/skins/lightgray/skin.ie7.dev.less,.less,47,,,,css,unknown,65,40,shared-style-candidate,True,none,none,none,"Style component for shipping; review for shared tokens, theme, palette, Tailwind, or global style normalization.",style-score:100 | backend-score:55,83fed3ebf1fcf00e
f239b9ad9b7f8317d0050595,mbarbine__Scripts,style,"style,backend",stylesheet,commerce,Menu,menu,h4x/dagah-server/html/js/tinymce/js/tinymce/skins/lightgray/Menu.less,.less,34,,,,css,unknown,65,40,shared-style-candidate,False,none,none,none,"Style component for commerce; review for shared tokens, theme, palette, Tailwind, or global style normalization.",style-score:100 | backend-score:55,e5fd6ba6765a01b1
94c2236dd14b43ab3c01cbd2,mbarbine__Scripts,style,"style,ui,backend",ui-primitive,commerce,Button,button,h4x/dagah-server/html/js/tinymce/js/tinymce/skins/lightgray/Button.less,.less,175,,,,css,unknown,65,65,shared-style-candidate,True,none,none,none,"Style component for commerce; review for shared tokens, theme, palette, Tailwind, or global style normalization.",style-score:100 | ui-score:70 | backend-score:55,25ac6575518cd771
7dd4e0449aae620cb52ea0c2,mbarbine__Scripts,style,"style,backend",stylesheet,editor,SplitButton,split-button,h4x/dagah-server/html/js/tinymce/js/tinymce/skins/lightgray/SplitButton.less,.less,49,,,,css,unknown,65,40,shared-style-candidate,True,none,none,none,"Style component for editor; review for shared tokens, theme, palette, Tailwind, or global style normalization.",style-score:100 | backend-score:55,2dae2c643f82df0b
3ad648501294c422b1efdb34,mbarbine__Scripts,style,"style,backend",stylesheet,general,ImagePanel,image-panel,h4x/dagah-server/html/js/tinymce/js/tinymce/skins/lightgray/ImagePanel.less,.less,25,,,,css,unknown,65,40,shared-style-candidate,False,none,none,none,"Style component for general; review for shared tokens, theme, palette, Tailwind, or global style normalization.",style-score:100 | backend-score:55,85f8fa207d703e4b
c580aba22bb7a2948a6204a5,mbarbine__Scripts,style,"style,backend",stylesheet,general,FlowLayout,flow-layout,h4x/dagah-server/html/js/tinymce/js/tinymce/skins/lightgray/FlowLayout.less,.less,36,,,,css,unknown,65,40,shared-style-candidate,False,none,none,none,"Style component for general; review for shared tokens, theme, palette, Tailwind, or global style normalization.",style-score:100 | backend-score:55,a123b17b3ae540d0
19afe1f04f16d22cf4ad6ac7,mbarbine__Scripts,style,"style,backend,observability",stylesheet,observability,MenuBar,menu-bar,h4x/dagah-server/html/js/tinymce/js/tinymce/skins/lightgray/MenuBar.less,.less,32,,,,css,unknown,65,55,shared-style-candidate,False,none,none,none,"Style component for observability; review for shared tokens, theme, palette, Tailwind, or global style normalization.",style-score:100 | backend-score:55 | observability-score:55,326a915e9e5a19c4
8a3a9232b09a5b9832afa7f1,mbarbine__Scripts,style,"style,backend",stylesheet,commerce,ColorPicker,color-picker,h4x/dagah-server/html/js/tinymce/js/tinymce/skins/lightgray/ColorPicker.less,.less,80,,,,css,unknown,65,40,shared-style-candidate,False,none,none,none,"Style component for commerce; review for shared tokens, theme, palette, Tailwind, or global style normalization.",style-score:100 | backend-score:55,7285837a33783da8
02d9e1ffd5a8c0f8ba0c0bf8,mbarbine__Scripts,style,"style,backend",stylesheet,commerce,TextBox,text-box,h4x/dagah-server/html/js/tinymce/js/tinymce/skins/lightgray/TextBox.less,.less,41,,,,css,unknown,65,40,shared-style-candidate,False,none,none,none,"Style component for commerce; review for shared tokens, theme, palette, Tailwind, or global style normalization.",style-score:100 | backend-score:55,39b6a0d55f130bf2
44d77742ea6b19c110c56211,mbarbine__Scripts,style,"style,backend",stylesheet,editor,CropRect,crop-rect,h4x/dagah-server/html/js/tinymce/js/tinymce/skins/lightgray/CropRect.less,.less,62,,,,css,unknown,65,40,shared-style-candidate,True,none,none,none,"Style component for editor; review for shared tokens, theme, palette, Tailwind, or global style normalization.",style-score:100 | backend-score:55,d0a4ce6ddfe402ca
fedc1b5cf028e38a264254f0,mbarbine__Scripts,style,"style,backend,observability",stylesheet,editor,skin.min,skin-min,h4x/dagah-server/html/js/tinymce/js/tinymce/skins/lightgray/skin.min.css,.css,1,,,,css,unknown,60,35,shared-style-candidate,True,none,none,none,"Style component for editor; review for shared tokens, theme, palette, Tailwind, or global style normalization.",style-score:130 | backend-score:55 | observability-score:55,ca93fda2a809c212
82371e6cbd75640f5eb57018,mbarbine__Scripts,style,"style,backend",stylesheet,editor,Reset,reset,h4x/dagah-server/html/js/tinymce/js/tinymce/skins/lightgray/Reset.less,.less,32,,,,css,unknown,65,40,shared-style-candidate,True,none,none,none,"Style component for editor; review for shared tokens, theme, palette, Tailwind, or global style normalization.",style-score:100 | backend-score:55,108e0b15c990bd2c
443d57ab846aa27d71249a38,mbarbine__Scripts,style,"style,backend",stylesheet,commerce,Arrows,arrows,h4x/dagah-server/html/js/tinymce/js/tinymce/skins/lightgray/Arrows.less,.less,115,,,,css,unknown,65,40,shared-style-candidate,True,none,none,none,"Style component for commerce; review for shared tokens, theme, palette, Tailwind, or global style normalization.",style-score:100 | backend-score:55,3dc07c440b460210
6b9848b39b20ced31479c929,mbarbine__Scripts,style,"style,backend",stylesheet,editor,Variables,variables,h4x/dagah-server/html/js/tinymce/js/tinymce/skins/lightgray/Variables.less,.less,218,,,,css,unknown,65,35,shared-style-candidate,True,none,none,none,"Style component for editor; review for shared tokens, theme, palette, Tailwind, or global style normalization.",style-score:100 | backend-score:55,43f44bbd62414926
3f584751f576acb2f6ac189d,mbarbine__Scripts,style,"style,backend",stylesheet,editor,ColorButton,color-button,h4x/dagah-server/html/js/tinymce/js/tinymce/skins/lightgray/ColorButton.less,.less,72,,,,css,unknown,65,40,shared-style-candidate,True,none,none,none,"Style component for editor; review for shared tokens, theme, palette, Tailwind, or global style normalization.",style-score:100 | backend-score:55,e67131b0db3bfbcb
9a72c0b2363013d16e55b912,mbarbine__Scripts,style,"style,backend,observability",stylesheet,commerce,ComboBox,combo-box,h4x/dagah-server/html/js/tinymce/js/tinymce/skins/lightgray/ComboBox.less,.less,97,,,,css,unknown,65,40,shared-style-candidate,False,none,none,none,"Style component for commerce; review for shared tokens, theme, palette, Tailwind, or global style normalization.",style-score:100 | backend-score:55 | observability-score:55,5377daa1be46c968
7b5726abeee4fa0fa456d5b7,mbarbine__Scripts,style,"style,backend,automation",stylesheet,commerce,Window,window,h4x/dagah-server/html/js/tinymce/js/tinymce/skins/lightgray/Window.less,.less,127,,,,css,unknown,65,40,shared-style-candidate,False,none,secondary,none,"Style component for commerce; review for shared tokens, theme, palette, Tailwind, or global style normalization.",style-score:100 | backend-score:55 | automation-score:45,0cf1cd9bc64ee1fc
eccd5d7d34164bd019d0feb4,mbarbine__Scripts,style,"style,backend",stylesheet,editor,content.inline.min,content-inline-min,h4x/dagah-server/html/js/tinymce/js/tinymce/skins/lightgray/content.inline.min.css,.css,1,,,,css,unknown,60,35,shared-style-candidate,True,none,none,none,"Style component for editor; review for shared tokens, theme, palette, Tailwind, or global style normalization.",style-score:130 | backend-score:55,7544cb5d99e5fe78
4c9b9ac0d19370599ec469ab,mbarbine__Scripts,style,"style,ui,backend",ui-primitive,shipping,Label,label,h4x/dagah-server/html/js/tinymce/js/tinymce/skins/lightgray/Label.less,.less,38,,,,css,unknown,65,65,shared-style-candidate,True,none,none,none,"Style component for shipping; review for shared tokens, theme, palette, Tailwind, or global style normalization.",style-score:100 | ui-score:70 | backend-score:55,1277e9ea1d6a9257
27b40cd364648b9bedba2a23,mbarbine__Scripts,style,"style,backend",stylesheet,commerce,ColorBox,color-box,h4x/dagah-server/html/js/tinymce/js/tinymce/skins/lightgray/ColorBox.less,.less,6,,,,css,unknown,60,35,shared-style-candidate,False,none,none,none,"Style component for commerce; review for shared tokens, theme, palette, Tailwind, or global style normalization.",style-score:100 | backend-score:55,f5ece1b9aed2ccd5
db7d49bcffbc5cfa41dafb8e,mbarbine__Scripts,style,"style,backend,observability",stylesheet,commerce,TinyMCE,tiny-mce,h4x/dagah-server/html/js/tinymce/js/tinymce/skins/lightgray/TinyMCE.less,.less,159,,,,css,unknown,65,40,shared-style-candidate,False,none,none,none,"Style component for commerce; review for shared tokens, theme, palette, Tailwind, or global style normalization.",style-score:100 | backend-score:55 | observability-score:55,6c4063364a34adfa
66f68e5b49c173660f9bc3e8,mbarbine__Scripts,style,"style,backend",stylesheet,commerce,TabPanel,tab-panel,h4x/dagah-server/html/js/tinymce/js/tinymce/skins/lightgray/TabPanel.less,.less,44,,,,css,unknown,65,40,shared-style-candidate,False,none,none,none,"Style component for commerce; review for shared tokens, theme, palette, Tailwind, or global style normalization.",style-score:100 | backend-score:55,397b416d2c27e3e0
f242cf58ce78500315b505a5,mbarbine__Scripts,style,"style,backend",stylesheet,general,Spacer,spacer,h4x/dagah-server/html/js/tinymce/js/tinymce/skins/lightgray/Spacer.less,.less,5,,,,css,unknown,60,35,shared-style-candidate,False,none,none,none,"Style component for general; review for shared tokens, theme, palette, Tailwind, or global style normalization.",style-score:100 | backend-score:55,4b0468b7a1ccbc53
50047ddcb9085876fc0c67d1,mbarbine__Scripts,style,"style,ui,backend",ui-primitive,commerce,Sidebar,sidebar,h4x/dagah-server/html/js/tinymce/js/tinymce/skins/lightgray/Sidebar.less,.less,49,,,,css,unknown,65,65,shared-style-candidate,False,none,none,none,"Style component for commerce; review for shared tokens, theme, palette, Tailwind, or global style normalization.",style-score:100 | ui-score:70 | backend-score:55,e30deb9a258dd49e
e1f078c61acdc15c090d4d92,mbarbine__Scripts,style,"style,backend,observability",stylesheet,editor,skin.ie7,skin-ie7,h4x/dagah-server/html/js/tinymce/js/tinymce/skins/lightgray/skin.ie7.less,.less,2777,,,,css,unknown,65,20,shared-style-candidate,True,none,none,none,"Style component for editor; review for shared tokens, theme, palette, Tailwind, or global style normalization.",style-score:100 | backend-score:55 | observability-score:55,030f3335253dcb53
a996c61b56cc112cd5987d29,mbarbine__Scripts,style,"style,backend",stylesheet,commerce,ButtonGroup,button-group,h4x/dagah-server/html/js/tinymce/js/tinymce/skins/lightgray/ButtonGroup.less,.less,71,,,,css,unknown,65,40,shared-style-candidate,False,none,none,none,"Style component for commerce; review for shared tokens, theme, palette, Tailwind, or global style normalization.",style-score:100 | backend-score:55,1566c009999e8a1e
69a195ec7a8f64994f210d83,mbarbine__Scripts,style,"style,backend",stylesheet,editor,Icons,icons,h4x/dagah-server/html/js/tinymce/js/tinymce/skins/lightgray/Icons.less,.less,182,,,,css,unknown,65,40,shared-style-candidate,True,none,none,none,"Style component for editor; review for shared tokens, theme, palette, Tailwind, or global style normalization.",style-score:100 | backend-score:55,0abff83a9f6d4249
863cd2c61e62ec0cff313d30,mbarbine__Scripts,style,"style,backend",stylesheet,general,Animations,animations,h4x/dagah-server/html/js/tinymce/js/tinymce/skins/lightgray/Animations.less,.less,10,,,,css,unknown,60,40,shared-style-candidate,False,none,none,none,"Style component for general; review for shared tokens, theme, palette, Tailwind, or global style normalization.",style-score:100 | backend-score:55,3932e99ef5b2601c
5459baea5a0dfca71d169d9f,mbarbine__Scripts,style,"style,backend,observability",stylesheet,editor,skin.ie7.min,skin-ie7-min,h4x/dagah-server/html/js/tinymce/js/tinymce/skins/lightgray/skin.ie7.min.css,.css,1,,,,css,unknown,60,35,shared-style-candidate,True,none,none,none,"Style component for editor; review for shared tokens, theme, palette, Tailwind, or global style normalization.",style-score:130 | backend-score:55 | observability-score:55,4092c5a460e25afc
46d28f4116b0ec42f5e864f8,mbarbine__Scripts,style,"style,backend",stylesheet,general,AbsoluteLayout,absolute-layout,h4x/dagah-server/html/js/tinymce/js/tinymce/skins/lightgray/AbsoluteLayout.less,.less,17,,,,css,unknown,65,40,shared-style-candidate,False,none,none,none,"Style component for general; review for shared tokens, theme, palette, Tailwind, or global style normalization.",style-score:100 | backend-score:55,6f84fcbdf3b567e1
f0622a67d35cd946d1011582,mbarbine__Scripts,style,"style,backend",stylesheet,general,Path,path,h4x/dagah-server/html/js/tinymce/js/tinymce/skins/lightgray/Path.less,.less,45,,,,css,unknown,65,40,shared-style-candidate,False,none,none,none,"Style component for general; review for shared tokens, theme, palette, Tailwind, or global style normalization.",style-score:100 | backend-score:55,2cdea209eb91a6c1
8778aa96acde13847bc5a9e7,mbarbine__Scripts,style,"style,backend",stylesheet,general,Content,content,h4x/dagah-server/html/js/tinymce/js/tinymce/skins/lightgray/Content.less,.less,27,,,,css,unknown,65,40,shared-style-candidate,True,none,none,none,"Style component for general; review for shared tokens, theme, palette, Tailwind, or global style normalization.",style-score:100 | backend-score:55,3b09e637ec2ce030
7638d67d9c065e049434d616,mbarbine__Scripts,style,"style,backend",stylesheet,general,StackLayout,stack-layout,h4x/dagah-server/html/js/tinymce/js/tinymce/skins/lightgray/StackLayout.less,.less,5,,,,css,unknown,60,35,shared-style-candidate,False,none,none,none,"Style component for general; review for shared tokens, theme, palette, Tailwind, or global style normalization.",style-score:100 | backend-score:55,262583e6324adf7e
de8f6da8842d5257ba098758,mbarbine__Scripts,style,"style,backend",stylesheet,general,FitLayout,fit-layout,h4x/dagah-server/html/js/tinymce/js/tinymce/skins/lightgray/FitLayout.less,.less,9,,,,css,unknown,60,35,shared-style-candidate,False,none,none,none,"Style component for general; review for shared tokens, theme, palette, Tailwind, or global style normalization.",style-score:100 | backend-score:55,7222ce0ed3f47e26
34e9b4714045e54aaf3fa4df,mbarbine__Scripts,style,"style,backend",stylesheet,editor,Content.Objects,content-objects,h4x/dagah-server/html/js/tinymce/js/tinymce/skins/lightgray/Content.Objects.less,.less,178,,,,css,unknown,65,40,shared-style-candidate,True,none,none,none,"Style component for editor; review for shared tokens, theme, palette, Tailwind, or global style normalization.",style-score:100 | backend-score:55,442ae5bef49c38f1
7516edc125de43b41f824d04,mbarbine__Scripts,style,"style,backend,observability",stylesheet,editor,skin,skin,h4x/dagah-server/html/js/tinymce/js/tinymce/skins/lightgray/skin.less,.less,2874,,,,css,unknown,65,20,shared-style-candidate,True,none,none,none,"Style component for editor; review for shared tokens, theme, palette, Tailwind, or global style normalization.",style-score:100 | backend-score:55 | observability-score:55,8a2070f46f4de538
0305b935a3d62f9848f07990,mbarbine__Scripts,style,"style,backend,automation",stylesheet,editor,Icons.Ie7,icons-ie7,h4x/dagah-server/html/js/tinymce/js/tinymce/skins/lightgray/Icons.Ie7.less,.less,136,,,,css,unknown,65,40,shared-style-candidate,True,none,secondary,none,"Style component for editor; review for shared tokens, theme, palette, Tailwind, or global style normalization.",style-score:100 | backend-score:55 | automation-score:45,0ff9c868fdddd365
3d154776fbc54e27b5133cab,mbarbine__Scripts,style,"style,backend",stylesheet,general,ListBox,list-box,h4x/dagah-server/html/js/tinymce/js/tinymce/skins/lightgray/ListBox.less,.less,26,,,,css,unknown,65,40,shared-style-candidate,False,none,none,none,"Style component for general; review for shared tokens, theme, palette, Tailwind, or global style normalization.",style-score:100 | backend-score:55,780d2ae6bd8b32f2
1ae7badee9f3a50294753fd0,mbarbine__Scripts,style,"style,backend",stylesheet,editor,content.min,content-min,h4x/dagah-server/html/js/tinymce/js/tinymce/skins/lightgray/content.min.css,.css,1,,,,css,unknown,60,35,shared-style-candidate,True,none,none,none,"Style component for editor; review for shared tokens, theme, palette, Tailwind, or global style normalization.",style-score:130 | backend-score:55,0df3f7239192705c
8a8fe6bd302e2f37b71c01d8,mbarbine__Scripts,style,"style,backend,observability",stylesheet,observability,MenuButton,menu-button,h4x/dagah-server/html/js/tinymce/js/tinymce/skins/lightgray/MenuButton.less,.less,34,,,,css,unknown,65,55,shared-style-candidate,False,none,none,none,"Style component for observability; review for shared tokens, theme, palette, Tailwind, or global style normalization.",style-score:100 | backend-score:55 | observability-score:55,b887f9628f086eca
52efa328ddf4f1c7b9882d36,mbarbine__Scripts,style,"style,backend",stylesheet,shipping,skin.dev,skin-dev,h4x/dagah-server/html/js/tinymce/js/tinymce/skins/lightgray/skin.dev.less,.less,48,,,,css,unknown,65,40,shared-style-candidate,True,none,none,none,"Style component for shipping; review for shared tokens, theme, palette, Tailwind, or global style normalization.",style-score:100 | backend-score:55,aa2c9f995ee9d378
73022134ce2cd52a9cc1bef1,mbarbine__Scripts,style,"style,backend,observability",stylesheet,observability,Mixins,mixins,h4x/dagah-server/html/js/tinymce/js/tinymce/skins/lightgray/Mixins.less,.less,54,,,,css,unknown,65,55,shared-style-candidate,True,none,none,none,"Style component for observability; review for shared tokens, theme, palette, Tailwind, or global style normalization.",style-score:100 | backend-score:55 | observability-score:55,8f5ef51c9ce604e7
34811320a85b6817686595af,mbarbine__Scripts,style,"style,ui,backend",ui-primitive,commerce,Slider,slider,h4x/dagah-server/html/js/tinymce/js/tinymce/skins/lightgray/Slider.less,.less,33,,,,css,unknown,65,65,shared-style-candidate,False,none,none,none,"Style component for commerce; review for shared tokens, theme, palette, Tailwind, or global style normalization.",style-score:100 | ui-score:70 | backend-score:55,1a1c924779b57393
08390581d5d4d2ddf1ef0f38,mbarbine__Scripts,style,"style,backend",stylesheet,commerce,ToolTip,tool-tip,h4x/dagah-server/html/js/tinymce/js/tinymce/skins/lightgray/ToolTip.less,.less,133,,,,css,unknown,65,40,shared-style-candidate,False,none,none,none,"Style component for commerce; review for shared tokens, theme, palette, Tailwind, or global style normalization.",style-score:100 | backend-score:55,c7fb0fda7dc356ba
d9971155677bd25dd1e6f092,mbarbine__Scripts,style,"style,backend",stylesheet,editor,MenuItem,menu-item,h4x/dagah-server/html/js/tinymce/js/tinymce/skins/lightgray/MenuItem.less,.less,176,,,,css,unknown,65,40,shared-style-candidate,True,none,none,none,"Style component for editor; review for shared tokens, theme, palette, Tailwind, or global style normalization.",style-score:100 | backend-score:55,15a59718f12d4093
e0b4c580b40d6cef1c86b8c6,mbarbine__Scripts,style,"style,backend",stylesheet,general,Throbber,throbber,h4x/dagah-server/html/js/tinymce/js/tinymce/skins/lightgray/Throbber.less,.less,19,,,,css,unknown,65,40,shared-style-candidate,False,none,none,none,"Style component for general; review for shared tokens, theme, palette, Tailwind, or global style normalization.",style-score:100 | backend-score:55,02fb970a6f36795e
67a91b2901a6ada5bfeedd88,mbarbine__Scripts,style,"style,backend",stylesheet,commerce,FieldSet,field-set,h4x/dagah-server/html/js/tinymce/js/tinymce/skins/lightgray/FieldSet.less,.less,15,,,,css,unknown,65,40,shared-style-candidate,False,none,none,none,"Style component for commerce; review for shared tokens, theme, palette, Tailwind, or global style normalization.",style-score:100 | backend-score:55,ecdf37dc3cd6200b
b5ce117f6db23c569773a959,mbarbine__Scripts,style,"style,backend",stylesheet,commerce,Panel,panel,h4x/dagah-server/html/js/tinymce/js/tinymce/skins/lightgray/Panel.less,.less,7,,,,css,unknown,60,35,shared-style-candidate,False,none,none,none,"Style component for commerce; review for shared tokens, theme, palette, Tailwind, or global style normalization.",style-score:100 | backend-score:55,a0b7d9cfaf4cee34
508603838cff643a0e962873,mbarbine__Scripts,style,"style,backend",stylesheet,general,ResizeHandle,resize-handle,h4x/dagah-server/html/js/tinymce/js/tinymce/skins/lightgray/ResizeHandle.less,.less,18,,,,css,unknown,65,40,shared-style-candidate,False,none,none,none,"Style component for general; review for shared tokens, theme, palette, Tailwind, or global style normalization.",style-score:100 | backend-score:55,5d1e498a680cb462
7e66cc4ea9faffa268b08bc6,mbarbine__Scripts,style,"style,backend",stylesheet,commerce,introjs-rtl,introjs-rtl,h4x/dagah-server/html/js/intro/introjs-rtl.css,.css,22,,,,css,unknown,65,40,shared-style-candidate,False,none,none,none,"Style component for commerce; review for shared tokens, theme, palette, Tailwind, or global style normalization.",style-score:130 | backend-score:55,502f08bfea11c036
2acbd238e80c386982e81ba6,mbarbine__Scripts,style,"style,backend,security",stylesheet,editor,introjs,introjs,h4x/dagah-server/html/js/intro/introjs.css,.css,496,,,,css,unknown,65,35,shared-style-candidate,True,none,none,none,"Style component for editor; review for shared tokens, theme, palette, Tailwind, or global style normalization.",style-score:130 | backend-score:55 | security-score:55,401eaa65e40c85e8
055a229faa50c48b90e83991,mbarbine__Scripts,style,"style,backend,observability",stylesheet,observability,agency.min,agency-min,h4x/dagah-server/html/js/intro/example/bootstrap/v3/css/agency.min.css,.css,5,,,,css,unknown,60,50,shared-style-candidate,False,none,none,none,"Style component for observability; review for shared tokens, theme, palette, Tailwind, or global style normalization.",style-score:130 | backend-score:55 | observability-score:55,3eb9f926b11cf995
ee606dea894b58d7debf37e4,mbarbine__Scripts,style,"style,backend,observability",stylesheet,editor,agency,agency,h4x/dagah-server/html/js/intro/example/bootstrap/v3/css/agency.css,.css,746,,,,css,unknown,65,25,shared-style-candidate,True,none,none,none,"Style component for editor; review for shared tokens, theme, palette, Tailwind, or global style normalization.",style-score:130 | backend-score:55 | observability-score:55,75fadbddaddea0e0
1e25a02f26fc0b4d767cc347,mbarbine__Scripts,style,"style,backend",stylesheet,design-system,variables,variables,h4x/dagah-server/html/js/intro/example/bootstrap/v3/less/variables.less,.less,13,,,,css,unknown,65,55,shared-style-candidate,False,none,none,none,"Style component for design-system; review for shared tokens, theme, palette, Tailwind, or global style normalization.",style-score:100 | backend-score:55,842a924ece9d6652
c1f4c3cc834864d13f5dfb7b,mbarbine__Scripts,style,"style,backend,observability",stylesheet,editor,agency,agency,h4x/dagah-server/html/js/intro/example/bootstrap/v3/less/agency.less,.less,738,,,,css,unknown,65,25,shared-style-candidate,True,none,none,none,"Style component for editor; review for shared tokens, theme, palette, Tailwind, or global style normalization.",style-score:100 | backend-score:55 | observability-score:55,13d65f6d2a48d4a4
b6fe175d31056a36c8feb98d,mbarbine__Scripts,style,"style,backend",stylesheet,commerce,mixins,mixins,h4x/dagah-server/html/js/intro/example/bootstrap/v3/less/mixins.less,.less,69,,,,css,unknown,65,40,shared-style-candidate,False,none,none,none,"Style component for commerce; review for shared tokens, theme, palette, Tailwind, or global style normalization.",style-score:100 | backend-score:55,3b7b55bb7aaf1a24
b60fb39dcb1cb4049a4baa9d,mbarbine__Scripts,style,"style,backend,observability",stylesheet,editor,agency,agency,h4x/dagah-server/html/js/intro/example/bootstrap/v3/scss/agency.scss,.scss,828,,,,css,unknown,65,20,shared-style-candidate,True,none,none,none,"Style component for editor; review for shared tokens, theme, palette, Tailwind, or global style normalization.",style-score:130 | backend-score:55 | observability-score:55,87f948e8dc534afd
f67b97487d74b5355dfef4f4,mbarbine__Scripts,style,"style,backend",stylesheet,general,_variables,variables,h4x/dagah-server/html/js/intro/example/bootstrap/v3/scss/_variables.scss,.scss,8,,,,css,unknown,60,35,shared-style-candidate,False,none,none,none,"Style component for general; review for shared tokens, theme, palette, Tailwind, or global style normalization.",style-score:130 | backend-score:55,027e6d2f07d454d8
5ded41d0a131289d94c5546c,mbarbine__Scripts,style,"style,backend",stylesheet,commerce,_mixins,mixins,h4x/dagah-server/html/js/intro/example/bootstrap/v3/scss/_mixins.scss,.scss,70,,,,css,unknown,65,40,shared-style-candidate,False,none,none,none,"Style component for commerce; review for shared tokens, theme, palette, Tailwind, or global style normalization.",style-score:130 | backend-score:55,f8c80ac6d80caf34
e8d07913a340431e3484e2c8,mbarbine__Scripts,style,"style,backend,observability",stylesheet,observability,step,step,h4x/dagah-server/html/js/intro/example/dynamic-start/resources/step.css,.css,128,,,,css,unknown,65,55,shared-style-candidate,True,none,none,none,"Style component for observability; review for shared tokens, theme, palette, Tailwind, or global style normalization.",style-score:130 | backend-score:55 | observability-score:55,de1e958bee0fa96b
8dd70b3aa5d8882f7572603b,mbarbine__Scripts,style,"style,backend,observability",stylesheet,observability,bootstrap.min,bootstrap-min,h4x/dagah-server/html/js/intro/example/assets/css/bootstrap.min.css,.css,9,,,,css,unknown,60,50,shared-style-candidate,True,none,none,none,"Style component for observability; review for shared tokens, theme, palette, Tailwind, or global style normalization.",style-score:130 | backend-score:55 | observability-score:55,397733364041c86d
15b3316a18cd0354e3c0bb55,mbarbine__Scripts,style,"style,backend",stylesheet,finance,demo,demo,h4x/dagah-server/html/js/intro/example/assets/css/demo.css,.css,38,,,,css,unknown,65,40,shared-style-candidate,True,none,none,none,"Style component for finance; review for shared tokens, theme, palette, Tailwind, or global style normalization.",style-score:130 | backend-score:55,7e22ae2d6f5eae32
3a37992615ce7ee9d90ee919,mbarbine__Scripts,style,"style,backend,observability",stylesheet,observability,bootstrap-responsive.min,bootstrap-responsive-min,h4x/dagah-server/html/js/intro/example/assets/css/bootstrap-responsive.min.css,.css,9,,,,css,unknown,60,50,shared-style-candidate,True,none,none,none,"Style component for observability; review for shared tokens, theme, palette, Tailwind, or global style normalization.",style-score:130 | backend-score:55 | observability-score:55,76a06227945b3f82
a5e5cf4d407201d6fcc2239e,mbarbine__Scripts,style,"style,backend,security",stylesheet,editor,introjs.min,introjs-min,h4x/dagah-server/html/js/intro/minified/introjs.min.css,.css,1,,,,css,unknown,60,35,shared-style-candidate,True,none,none,none,"Style component for editor; review for shared tokens, theme, palette, Tailwind, or global style normalization.",style-score:130 | backend-score:55 | security-score:55,c6a919e2602ce3dd
512959abe05dce2a9e122810,mbarbine__Scripts,style,"style,backend",stylesheet,commerce,introjs-rtl.min,introjs-rtl-min,h4x/dagah-server/html/js/intro/minified/introjs-rtl.min.css,.css,1,,,,css,unknown,60,35,shared-style-candidate,False,none,none,none,"Style component for commerce; review for shared tokens, theme, palette, Tailwind, or global style normalization.",style-score:130 | backend-score:55,4edeec4f5824cffe
198ccfa9d4323489b959fa05,mbarbine__Scripts,style,"style,backend",design-token,editor,introjs-royal,introjs-royal,h4x/dagah-server/html/js/intro/themes/introjs-royal.css,.css,285,,,,css,unknown,65,60,shared-style-candidate,True,none,none,none,"Style component for editor; review for shared tokens, theme, palette, Tailwind, or global style normalization.",style-score:130 | backend-score:55,72c2d9ff46669c78
b6bfffc7ccfe957f6c24dde4,mbarbine__Scripts,style,"style,backend",design-token,commerce,introjs-flattener,introjs-flattener,h4x/dagah-server/html/js/intro/themes/introjs-flattener.css,.css,59,,,,css,unknown,65,65,shared-style-candidate,False,none,none,none,"Style component for commerce; review for shared tokens, theme, palette, Tailwind, or global style normalization.",style-score:130 | backend-score:55,a80521feb3ca9b4f
c0ee246bb12bd5aa9bc01f04,mbarbine__Scripts,style,"style,backend",design-token,editor,introjs-nassim,introjs-nassim,h4x/dagah-server/html/js/intro/themes/introjs-nassim.css,.css,297,,,,css,unknown,65,60,shared-style-candidate,True,none,none,none,"Style component for editor; review for shared tokens, theme, palette, Tailwind, or global style normalization.",style-score:130 | backend-score:55,8311f4eb0a276f71
ed63a9376f654e19aa9ffc61,mbarbine__Scripts,style,"style,backend",design-token,editor,introjs-dark,introjs-dark,h4x/dagah-server/html/js/intro/themes/introjs-dark.css,.css,243,,,,css,unknown,65,60,shared-style-candidate,True,none,none,none,"Style component for editor; review for shared tokens, theme, palette, Tailwind, or global style normalization.",style-score:130 | backend-score:55,701086466b7ec2ef
5db3cb0f395a7cd7145b9954,mbarbine__Scripts,style,"style,backend",design-token,editor,introjs-nazanin,introjs-nazanin,h4x/dagah-server/html/js/intro/themes/introjs-nazanin.css,.css,265,,,,css,unknown,65,60,shared-style-candidate,True,none,none,none,"Style component for editor; review for shared tokens, theme, palette, Tailwind, or global style normalization.",style-score:130 | backend-score:55,058aec67ee7d7962
5fd0de253069f38f250d42c7,mbarbine__Scripts,style,"style,backend,security",stylesheet,editor,mocha,mocha,h4x/dagah-server/html/components/mocha/mocha.css,.css,270,,,,css,unknown,75,35,shared-style-candidate,True,none,none,none,"Style component for editor; review for shared tokens, theme, palette, Tailwind, or global style normalization.",style-score:130 | backend-score:55 | security-score:55,6bb2a46eabcef2d5
13797ddd802ad1667dd43913,mbarbine__Scripts,style,"style,backend",stylesheet,commerce,forms,forms,h4x/dagah-server/html/components/bootstrap/less/forms.less,.less,613,,,,css,unknown,75,25,shared-style-candidate,True,none,none,none,"Style component for commerce; review for shared tokens, theme, palette, Tailwind, or global style normalization.",style-score:100 | backend-score:55,b32356374e5cbe13
a74806b38294f233c88f0342,mbarbine__Scripts,style,"style,backend,logic",stylesheet,general,utilities,utilities,h4x/dagah-server/html/components/bootstrap/less/utilities.less,.less,55,,,,css,unknown,75,40,shared-style-candidate,True,none,none,secondary,"Style component for general; review for shared tokens, theme, palette, Tailwind, or global style normalization.",style-score:100 | backend-score:55 | logic-score:45,f6034c1e380bf944
8e2d7b025d6401bc3f83d2c2,mbarbine__Scripts,style,"style,backend",stylesheet,analytics,navs,navs,h4x/dagah-server/html/components/bootstrap/less/navs.less,.less,242,,,,css,unknown,75,35,shared-style-candidate,True,none,none,none,"Style component for analytics; review for shared tokens, theme, palette, Tailwind, or global style normalization.",style-score:100 | backend-score:55,ea99b5e866e74642
0fae2b0ae819cb5f63c8c832,mbarbine__Scripts,style,"style,backend",stylesheet,general,component-animations,component-animations,h4x/dagah-server/html/components/bootstrap/less/component-animations.less,.less,33,,,,css,unknown,75,40,shared-style-candidate,False,none,none,none,"Style component for general; review for shared tokens, theme, palette, Tailwind, or global style normalization.",style-score:100 | backend-score:55,e939f4d9361dbda8
4a925246dc59e3ef05b070ef,mbarbine__Scripts,style,"style,backend,logic",stylesheet,ai,responsive-utilities,responsive-utilities,h4x/dagah-server/html/components/bootstrap/less/responsive-utilities.less,.less,194,,,,css,unknown,75,55,shared-style-candidate,True,none,none,secondary,"Style component for ai; review for shared tokens, theme, palette, Tailwind, or global style normalization.",style-score:100 | backend-score:55 | logic-score:45,82faef37dbded5a6
da1de55431d9917bc645d793,mbarbine__Scripts,style,"style,backend",stylesheet,general,grid,grid,h4x/dagah-server/html/components/bootstrap/less/grid.less,.less,84,,,,css,unknown,75,40,shared-style-candidate,False,none,none,none,"Style component for general; review for shared tokens, theme, palette, Tailwind, or global style normalization.",style-score:100 | backend-score:55,e600ef88ebc68dda
0f3ce396976478c8c5d0494e,mbarbine__Scripts,style,"style,backend",stylesheet,commerce,breadcrumbs,breadcrumbs,h4x/dagah-server/html/components/bootstrap/less/breadcrumbs.less,.less,26,,,,css,unknown,75,40,shared-style-candidate,True,none,none,none,"Style component for commerce; review for shared tokens, theme, palette, Tailwind, or global style normalization.",style-score:100 | backend-score:55,1cc333c9046b9d4e
29bd3656639e5729ca36f3ab,mbarbine__Scripts,style,"style,backend",stylesheet,general,media,media,h4x/dagah-server/html/components/bootstrap/less/media.less,.less,66,,,,css,unknown,75,40,shared-style-candidate,False,none,none,none,"Style component for general; review for shared tokens, theme, palette, Tailwind, or global style normalization.",style-score:100 | backend-score:55,f172c116446499c7
cf26a50b6f9a8dfe6dae601c,mbarbine__Scripts,style,"style,ui,backend",ui-primitive,editor,carousel,carousel,h4x/dagah-server/html/components/bootstrap/less/carousel.less,.less,270,,,,css,unknown,75,60,shared-style-candidate,True,none,none,none,"Style component for editor; review for shared tokens, theme, palette, Tailwind, or global style normalization.",style-score:100 | ui-score:70 | backend-score:55,72291d5821b6f373
c4158798b9826af778dfd412,mbarbine__Scripts,style,"style,backend",stylesheet,commerce,print,print,h4x/dagah-server/html/components/bootstrap/less/print.less,.less,101,,,,css,unknown,75,40,shared-style-candidate,True,none,none,none,"Style component for commerce; review for shared tokens, theme, palette, Tailwind, or global style normalization.",style-score:100 | backend-score:55,b365798cc3ccc1a8
cbe52256c6c2019ed3358a5e,mbarbine__Scripts,style,"style,backend",stylesheet,editor,buttons,buttons,h4x/dagah-server/html/components/bootstrap/less/buttons.less,.less,166,,,,css,unknown,75,40,shared-style-candidate,True,none,none,none,"Style component for editor; review for shared tokens, theme, palette, Tailwind, or global style normalization.",style-score:100 | backend-score:55,1d2fd98609869e83
247efc25c2281274d9857d51,mbarbine__Scripts,style,"style,backend",stylesheet,commerce,list-group,list-group,h4x/dagah-server/html/components/bootstrap/less/list-group.less,.less,130,,,,css,unknown,75,40,shared-style-candidate,True,none,none,none,"Style component for commerce; review for shared tokens, theme, palette, Tailwind, or global style normalization.",style-score:100 | backend-score:55,d7e285f2e823c722
d93f08b86a817adfc8588561,mbarbine__Scripts,style,"style,backend,automation",stylesheet,editor,navbar,navbar,h4x/dagah-server/html/components/bootstrap/less/navbar.less,.less,660,,,,css,unknown,75,25,shared-style-candidate,True,none,secondary,none,"Style component for editor; review for shared tokens, theme, palette, Tailwind, or global style normalization.",style-score:100 | backend-score:55 | automation-score:45,d88586bdad2cd397
2ad143e2cc7f7ec98e979b2e,mbarbine__Scripts,style,"style,backend,integration",stylesheet,discovery,button-groups,button-groups,h4x/dagah-server/html/components/bootstrap/less/button-groups.less,.less,244,,,,css,unknown,75,50,shared-style-candidate,False,none,none,none,"Style component for discovery; review for shared tokens, theme, palette, Tailwind, or global style normalization.",style-score:100 | backend-score:55 | integration-score:55,3152290f4ea80ea5
fcd473816f3d7cc08383414c,mbarbine__Scripts,style,"style,backend,security",stylesheet,commerce,progress-bars,progress-bars,h4x/dagah-server/html/components/bootstrap/less/progress-bars.less,.less,87,,,,css,unknown,75,40,shared-style-candidate,False,none,none,none,"Style component for commerce; review for shared tokens, theme, palette, Tailwind, or global style normalization.",style-score:100 | backend-score:55 | security-score:55,81417d06a65ee59b
fdf2144368f3b7217cbf6051,mbarbine__Scripts,style,"style,backend",stylesheet,shipping,bootstrap,bootstrap,h4x/dagah-server/html/components/bootstrap/less/bootstrap.less,.less,56,,,,css,unknown,75,40,shared-style-candidate,True,none,none,none,"Style component for shipping; review for shared tokens, theme, palette, Tailwind, or global style normalization.",style-score:100 | backend-score:55,07e2c9ceffdfcffa
66bb854f0141e6269e8d2642,mbarbine__Scripts,style,"style,backend,observability,security",stylesheet,observability,glyphicons,glyphicons,h4x/dagah-server/html/components/bootstrap/less/glyphicons.less,.less,305,"&:before { content: ""\e170"";",,,css,unknown,90,50,shared-style-candidate,True,none,none,none,"Style component for observability; review for shared tokens, theme, palette, Tailwind, or global style normalization.","exports:&:before { content: ""\e170""; | style-score:100 | backend-score:55 | observability-score:55 | security-score:55",049201f884fda3dd
27b96ad3e77e89cd0f767683,mbarbine__Scripts,style,"style,backend",stylesheet,editor,variables,variables,h4x/dagah-server/html/components/bootstrap/less/variables.less,.less,869,,,,css,unknown,75,20,shared-style-candidate,True,none,none,none,"Style component for editor; review for shared tokens, theme, palette, Tailwind, or global style normalization.",style-score:100 | backend-score:55 | cron-or-schedule,b499f784fee9f9fe
e86bb3ba6828f3809e292edf,mbarbine__Scripts,style,"style,backend",stylesheet,media,responsive-embed,responsive-embed,h4x/dagah-server/html/components/bootstrap/less/responsive-embed.less,.less,35,,,,css,unknown,75,40,shared-style-candidate,False,none,none,none,"Style component for media; review for shared tokens, theme, palette, Tailwind, or global style normalization.",style-score:100 | backend-score:55,d98e5144917146bf
19e4c12b1ea44987dbcf257c,mbarbine__Scripts,style,"style,backend",stylesheet,commerce,jumbotron,jumbotron,h4x/dagah-server/html/components/bootstrap/less/jumbotron.less,.less,54,,,,css,unknown,75,40,shared-style-candidate,False,none,none,none,"Style component for commerce; review for shared tokens, theme, palette, Tailwind, or global style normalization.",style-score:100 | backend-score:55,ad35c2a47ba07322
cdd70988d18be6386ff6d40b,mbarbine__Scripts,style,"style,backend",stylesheet,commerce,badges,badges,h4x/dagah-server/html/components/bootstrap/less/badges.less,.less,66,,,,css,unknown,75,40,shared-style-candidate,False,none,none,none,"Style component for commerce; review for shared tokens, theme, palette, Tailwind, or global style normalization.",style-score:100 | backend-score:55,50bd00d003e31fbb
83ede0b8f74084657750ec15,mbarbine__Scripts,style,"style,ui,backend,observability",ui-primitive,observability,pagination,pagination,h4x/dagah-server/html/components/bootstrap/less/pagination.less,.less,89,,,,css,unknown,75,80,shared-style-candidate,False,none,none,none,"Style component for observability; review for shared tokens, theme, palette, Tailwind, or global style normalization.",style-score:100 | ui-score:70 | backend-score:55 | observability-score:55,d069dbbe6d3a4390
0faa24f8393fffa9d47586b8,mbarbine__Scripts,style,"style,backend,observability",stylesheet,observability,pager,pager,h4x/dagah-server/html/components/bootstrap/less/pager.less,.less,54,,,,css,unknown,75,55,shared-style-candidate,False,none,none,none,"Style component for observability; review for shared tokens, theme, palette, Tailwind, or global style normalization.",style-score:100 | backend-score:55 | observability-score:55,8e7904979425cb35
73c0bcd1f77e865bd96a0e90,mbarbine__Scripts,style,"style,backend,integration",stylesheet,analytics,input-groups,input-groups,h4x/dagah-server/html/components/bootstrap/less/input-groups.less,.less,171,,,,css,unknown,75,40,shared-style-candidate,True,none,none,none,"Style component for analytics; review for shared tokens, theme, palette, Tailwind, or global style normalization.",style-score:100 | backend-score:55 | integration-score:55,32255f43c4bbc480
aabf145a4a8691b4eda0cff1,mbarbine__Scripts,style,"style,backend,automation",stylesheet,commerce,type,type,h4x/dagah-server/html/components/bootstrap/less/type.less,.less,302,,,,css,unknown,75,35,shared-style-candidate,False,none,secondary,none,"Style component for commerce; review for shared tokens, theme, palette, Tailwind, or global style normalization.",style-score:100 | backend-score:55 | automation-score:45 | cron-or-schedule,b9434ada20d4fb5e
59702f6005bc0c559e484916,mbarbine__Scripts,style,"style,backend",stylesheet,editor,normalize,normalize,h4x/dagah-server/html/components/bootstrap/less/normalize.less,.less,424,,,,css,unknown,75,35,shared-style-candidate,True,none,none,none,"Style component for editor; review for shared tokens, theme, palette, Tailwind, or global style normalization.",style-score:100 | backend-score:55,cf0109dd08fdb24d
8a2ea27b086403fc36656978,mbarbine__Scripts,style,"style,backend,automation",design-token,commerce,theme,theme,h4x/dagah-server/html/components/bootstrap/less/theme.less,.less,291,,,,css,unknown,75,60,shared-style-candidate,False,none,secondary,none,"Style component for commerce; review for shared tokens, theme, palette, Tailwind, or global style normalization.",style-score:130 | backend-score:55 | automation-score:45,4fc47977def5aaa5
88dba7e9d6853977de5f0f0d,mbarbine__Scripts,style,"style,backend,security",stylesheet,commerce,code,code,h4x/dagah-server/html/components/bootstrap/less/code.less,.less,69,,,,css,unknown,75,40,shared-style-candidate,False,none,none,none,"Style component for commerce; review for shared tokens, theme, palette, Tailwind, or global style normalization.",style-score:100 | backend-score:55 | security-score:55,c95264fc75f2eb08
a11014b48108548aab5859c5,mbarbine__Scripts,style,"style,backend",stylesheet,commerce,thumbnails,thumbnails,h4x/dagah-server/html/components/bootstrap/less/thumbnails.less,.less,36,,,,css,unknown,75,40,shared-style-candidate,False,none,none,none,"Style component for commerce; review for shared tokens, theme, palette, Tailwind, or global style normalization.",style-score:100 | backend-score:55,87e9879c7e6dec71
165f7da34b3cf28059c6068e,mbarbine__Scripts,style,"style,backend",stylesheet,commerce,labels,labels,h4x/dagah-server/html/components/bootstrap/less/labels.less,.less,64,,,,css,unknown,75,40,shared-style-candidate,False,none,none,none,"Style component for commerce; review for shared tokens, theme, palette, Tailwind, or global style normalization.",style-score:100 | backend-score:55,faafe8a60b749209
197d8d9bfbfea8f57b9d1eac,mbarbine__Scripts,style,"style,backend",stylesheet,analytics,alerts,alerts,h4x/dagah-server/html/components/bootstrap/less/alerts.less,.less,73,,,,css,unknown,75,40,shared-style-candidate,True,none,none,none,"Style component for analytics; review for shared tokens, theme, palette, Tailwind, or global style normalization.",style-score:100 | backend-score:55,8752cb6b680b0e8f
2403056fb7aaca1559e01dbc,mbarbine__Scripts,style,"style,backend",stylesheet,editor,dropdowns,dropdowns,h4x/dagah-server/html/components/bootstrap/less/dropdowns.less,.less,216,,,,css,unknown,75,35,shared-style-candidate,True,none,none,none,"Style component for editor; review for shared tokens, theme, palette, Tailwind, or global style normalization.",style-score:100 | backend-score:55,c90955b6a9aa6478
2709f02980fcc47bb9097847,mbarbine__Scripts,style,"style,backend",stylesheet,commerce,popovers,popovers,h4x/dagah-server/html/components/bootstrap/less/popovers.less,.less,131,,,,css,unknown,75,40,shared-style-candidate,True,none,none,none,"Style component for commerce; review for shared tokens, theme, palette, Tailwind, or global style normalization.",style-score:100 | backend-score:55,a40753faa609dc60
25cfcc0f98d16f2069f41278,mbarbine__Scripts,style,"style,backend",stylesheet,commerce,wells,wells,h4x/dagah-server/html/components/bootstrap/less/wells.less,.less,29,,,,css,unknown,75,40,shared-style-candidate,False,none,none,none,"Style component for commerce; review for shared tokens, theme, palette, Tailwind, or global style normalization.",style-score:100 | backend-score:55,48e8b334504d224e
94f9a80c5382130bc673db7d,mbarbine__Scripts,style,"style,backend",stylesheet,analytics,scaffolding,scaffolding,h4x/dagah-server/html/components/bootstrap/less/scaffolding.less,.less,161,,,,css,unknown,75,40,shared-style-candidate,True,none,none,none,"Style component for analytics; review for shared tokens, theme, palette, Tailwind, or global style normalization.",style-score:100 | backend-score:55,fcf4691aaf1f56e0
368b3c5f2b013938c5253d1f,mbarbine__Scripts,style,"style,backend",stylesheet,analytics,tables,tables,h4x/dagah-server/html/components/bootstrap/less/tables.less,.less,234,,,,css,unknown,75,35,shared-style-candidate,True,none,none,none,"Style component for analytics; review for shared tokens, theme, palette, Tailwind, or global style normalization.",style-score:100 | backend-score:55,e3f64698fd0aeead
a1b84f41c5af4efcce4b9f83,mbarbine__Scripts,style,"style,backend,observability",stylesheet,observability,modals,modals,h4x/dagah-server/html/components/bootstrap/less/modals.less,.less,150,,,,css,unknown,75,55,shared-style-candidate,True,none,none,none,"Style component for observability; review for shared tokens, theme, palette, Tailwind, or global style normalization.",style-score:100 | backend-score:55 | observability-score:55,75d84db07a329480
9e7763d1b0c88ca79f4c4db7,mbarbine__Scripts,style,"style,backend",stylesheet,commerce,mixins,mixins,h4x/dagah-server/html/components/bootstrap/less/mixins.less,.less,40,,,,css,unknown,75,40,shared-style-candidate,False,none,none,none,"Style component for commerce; review for shared tokens, theme, palette, Tailwind, or global style normalization.",style-score:100 | backend-score:55,219d6a5f9da25ac7
b7dc501bb5e90e6e6284e0bb,mbarbine__Scripts,style,"style,backend",stylesheet,analytics,close,close,h4x/dagah-server/html/components/bootstrap/less/close.less,.less,34,,,,css,unknown,75,40,shared-style-candidate,True,none,none,none,"Style component for analytics; review for shared tokens, theme, palette, Tailwind, or global style normalization.",style-score:100 | backend-score:55,2fd6f373ff01b2a9
96a1b516d12731425616c999,mbarbine__Scripts,style,"style,ui,backend",ui-primitive,commerce,tooltip,tooltip,h4x/dagah-server/html/components/bootstrap/less/tooltip.less,.less,101,,,,css,unknown,75,65,shared-style-candidate,True,none,none,none,"Style component for commerce; review for shared tokens, theme, palette, Tailwind, or global style normalization.",style-score:100 | ui-score:70 | backend-score:55,52f3f302069ba7ea
396ec4c31db75484a11bc14f,mbarbine__Scripts,style,"style,backend",stylesheet,commerce,panels,panels,h4x/dagah-server/html/components/bootstrap/less/panels.less,.less,271,,,,css,unknown,75,35,shared-style-candidate,True,none,none,none,"Style component for commerce; review for shared tokens, theme, palette, Tailwind, or global style normalization.",style-score:100 | backend-score:55,0f7c7e3f433075e7
8bdffaa6dc061e4550ffbd4d,mbarbine__Scripts,style,"style,backend",stylesheet,discovery,forms,forms,h4x/dagah-server/html/components/bootstrap/less/mixins/forms.less,.less,85,,,,css,unknown,75,55,shared-style-candidate,True,none,none,none,"Style component for discovery; review for shared tokens, theme, palette, Tailwind, or global style normalization.",style-score:100 | backend-score:55,88ac5cb8c5ba5fc0
697c0a4f29c87f1573d6682f,mbarbine__Scripts,style,"style,backend",stylesheet,design-system,text-emphasis,text-emphasis,h4x/dagah-server/html/components/bootstrap/less/mixins/text-emphasis.less,.less,9,,,,css,unknown,70,50,shared-style-candidate,False,none,none,none,"Style component for design-system; review for shared tokens, theme, palette, Tailwind, or global style normalization.",style-score:100 | backend-score:55,c946c47d0aece91a
f65eb183af71359fff37547d,mbarbine__Scripts,style,"style,backend",stylesheet,logic,nav-vertical-align,nav-vertical-align,h4x/dagah-server/html/components/bootstrap/less/mixins/nav-vertical-align.less,.less,9,,,,css,unknown,70,50,shared-style-candidate,True,none,none,none,"Style component for logic; review for shared tokens, theme, palette, Tailwind, or global style normalization.",style-score:100 | backend-score:55,ab36bdc7fb86b18b
f3bda7c0e79a59b6d74e5f58,mbarbine__Scripts,style,"style,backend",stylesheet,analytics,table-row,table-row,h4x/dagah-server/html/components/bootstrap/less/mixins/table-row.less,.less,28,,,,css,unknown,75,40,shared-style-candidate,True,none,none,none,"Style component for analytics; review for shared tokens, theme, palette, Tailwind, or global style normalization.",style-score:100 | backend-score:55,fbc0a73ea2a8e232
051887e41ec1a422f55efff4,mbarbine__Scripts,style,"style,backend",stylesheet,commerce,hide-text,hide-text,h4x/dagah-server/html/components/bootstrap/less/mixins/hide-text.less,.less,21,,,,css,unknown,75,40,shared-style-candidate,False,none,none,none,"Style component for commerce; review for shared tokens, theme, palette, Tailwind, or global style normalization.",style-score:100 | backend-score:55,00e995f96bf4750f
782d14cc0109b3b0a964542a,mbarbine__Scripts,style,"style,backend",stylesheet,shipping,grid,grid,h4x/dagah-server/html/components/bootstrap/less/mixins/grid.less,.less,122,,,,css,unknown,75,40,shared-style-candidate,True,none,none,none,"Style component for shipping; review for shared tokens, theme, palette, Tailwind, or global style normalization.",style-score:100 | backend-score:55,826083699b74b936
7532a5857c9e35a5feb365c5,mbarbine__Scripts,style,"style,backend",stylesheet,testing,gradients,gradients,h4x/dagah-server/html/components/bootstrap/less/mixins/gradients.less,.less,59,,,,css,unknown,75,40,shared-style-candidate,False,none,none,none,"Style component for testing; review for shared tokens, theme, palette, Tailwind, or global style normalization.",style-score:100 | backend-score:55,d5b157b8b8aab78a
e45d2334379f5c30d151b29a,mbarbine__Scripts,style,"style,backend",stylesheet,general,nav-divider,nav-divider,h4x/dagah-server/html/components/bootstrap/less/mixins/nav-divider.less,.less,10,,,,css,unknown,70,40,shared-style-candidate,False,none,none,none,"Style component for general; review for shared tokens, theme, palette, Tailwind, or global style normalization.",style-score:100 | backend-score:55,8043f8d3ab4d8d3c
20a5ac40b11bc85cfada3f2b,mbarbine__Scripts,style,"style,backend",stylesheet,commerce,buttons,buttons,h4x/dagah-server/html/components/bootstrap/less/mixins/buttons.less,.less,65,,,,css,unknown,75,40,shared-style-candidate,False,none,none,none,"Style component for commerce; review for shared tokens, theme, palette, Tailwind, or global style normalization.",style-score:100 | backend-score:55,e21cdfbc6c54c9c4
e985d27d3ad975c71bd09a49,mbarbine__Scripts,style,"style,backend",stylesheet,commerce,list-group,list-group,h4x/dagah-server/html/components/bootstrap/less/mixins/list-group.less,.less,30,,,,css,unknown,75,40,shared-style-candidate,False,none,none,none,"Style component for commerce; review for shared tokens, theme, palette, Tailwind, or global style normalization.",style-score:100 | backend-score:55,17ba7c9250459ecf
e73c559ae42ab7fb024ce346,mbarbine__Scripts,style,"style,backend",stylesheet,general,image,image,h4x/dagah-server/html/components/bootstrap/less/mixins/image.less,.less,33,,,,css,unknown,75,40,shared-style-candidate,False,none,none,none,"Style component for general; review for shared tokens, theme, palette, Tailwind, or global style normalization.",style-score:100 | backend-score:55,5bc36f8b6451ac06
dc6f4c324ee0b038cf8ea390,mbarbine__Scripts,style,"style,backend",stylesheet,logic,reset-filter,reset-filter,h4x/dagah-server/html/components/bootstrap/less/mixins/reset-filter.less,.less,8,,,,css,unknown,70,50,shared-style-candidate,True,none,none,none,"Style component for logic; review for shared tokens, theme, palette, Tailwind, or global style normalization.",style-score:100 | backend-score:55,699ed793530ccf11
5f4ad2f82211c0b0773e9db1,mbarbine__Scripts,style,"style,backend",stylesheet,general,text-overflow,text-overflow,h4x/dagah-server/html/components/bootstrap/less/mixins/text-overflow.less,.less,8,,,,css,unknown,70,35,shared-style-candidate,False,none,none,none,"Style component for general; review for shared tokens, theme, palette, Tailwind, or global style normalization.",style-score:100 | backend-score:55,6aade69b4f606ff0
6031585019a7bd9b047e466d,mbarbine__Scripts,style,"style,backend",stylesheet,general,size,size,h4x/dagah-server/html/components/bootstrap/less/mixins/size.less,.less,10,,,,css,unknown,70,40,shared-style-candidate,False,none,none,none,"Style component for general; review for shared tokens, theme, palette, Tailwind, or global style normalization.",style-score:100 | backend-score:55,731273ad4146e5cc
126cc5b90b95e7bec7502c13,mbarbine__Scripts,style,"style,backend",stylesheet,design-system,background-variant,background-variant,h4x/dagah-server/html/components/bootstrap/less/mixins/background-variant.less,.less,9,,,,css,unknown,70,50,shared-style-candidate,False,none,none,none,"Style component for design-system; review for shared tokens, theme, palette, Tailwind, or global style normalization.",style-score:100 | backend-score:55,a9353308b82c8c56
dfa4f3e810be6b23b85f63d2,mbarbine__Scripts,style,"style,ui,backend,observability",ui-primitive,observability,pagination,pagination,h4x/dagah-server/html/components/bootstrap/less/mixins/pagination.less,.less,24,,,,css,unknown,75,80,shared-style-candidate,False,none,none,none,"Style component for observability; review for shared tokens, theme, palette, Tailwind, or global style normalization.",style-score:100 | ui-score:70 | backend-score:55 | observability-score:55,4ae2ad8ff292532c
d62b510a40d8c0687a9b7ec3,mbarbine__Scripts,style,"style,backend",stylesheet,game,center-block,center-block,h4x/dagah-server/html/components/bootstrap/less/mixins/center-block.less,.less,7,,,,css,unknown,70,35,shared-style-candidate,False,none,none,none,"Style component for game; review for shared tokens, theme, palette, Tailwind, or global style normalization.",style-score:100 | backend-score:55,42a5bfd1e72a04ce
deec457044f5e36e07ba2472,mbarbine__Scripts,style,"style,backend",stylesheet,general,responsive-visibility,responsive-visibility,h4x/dagah-server/html/components/bootstrap/less/mixins/responsive-visibility.less,.less,15,,,,css,unknown,75,40,shared-style-candidate,False,none,none,none,"Style component for general; review for shared tokens, theme, palette, Tailwind, or global style normalization.",style-score:100 | backend-score:55,7800de23d032f3c5
db91f9a8afddf28c9722a76b,mbarbine__Scripts,style,"style,backend",stylesheet,shipping,labels,labels,h4x/dagah-server/html/components/bootstrap/less/mixins/labels.less,.less,12,,,,css,unknown,75,40,shared-style-candidate,True,none,none,none,"Style component for shipping; review for shared tokens, theme, palette, Tailwind, or global style normalization.",style-score:100 | backend-score:55,b434d897ac8d38e0
4a0113dc7cd642a3b8a3ab20,mbarbine__Scripts,style,"style,backend",stylesheet,analytics,grid-framework,grid-framework,h4x/dagah-server/html/components/bootstrap/less/mixins/grid-framework.less,.less,91,,,,css,unknown,75,40,shared-style-candidate,True,none,none,none,"Style component for analytics; review for shared tokens, theme, palette, Tailwind, or global style normalization.",style-score:100 | backend-score:55,14e252cd9ad3c15d
b67ff1ccc30eafe83685d5c1,mbarbine__Scripts,style,"style,backend",stylesheet,commerce,border-radius,border-radius,h4x/dagah-server/html/components/bootstrap/less/mixins/border-radius.less,.less,18,,,,css,unknown,75,40,shared-style-candidate,False,none,none,none,"Style component for commerce; review for shared tokens, theme, palette, Tailwind, or global style normalization.",style-score:100 | backend-score:55,e69871b5803835bb
32a98db658aea8e37623d63b,mbarbine__Scripts,style,"style,backend",stylesheet,general,clearfix,clearfix,h4x/dagah-server/html/components/bootstrap/less/mixins/clearfix.less,.less,22,,,,css,unknown,75,40,shared-style-candidate,True,none,none,none,"Style component for general; review for shared tokens, theme, palette, Tailwind, or global style normalization.",style-score:100 | backend-score:55,755e6753a8260789
4c00194f10d130911d96df42,mbarbine__Scripts,style,"style,backend",stylesheet,general,opacity,opacity,h4x/dagah-server/html/components/bootstrap/less/mixins/opacity.less,.less,8,,,,css,unknown,70,35,shared-style-candidate,False,none,none,none,"Style component for general; review for shared tokens, theme, palette, Tailwind, or global style normalization.",style-score:100 | backend-score:55,7e43cf5bd7958467
6db5019c43277ca4c4c51cc4,mbarbine__Scripts,style,"style,backend",stylesheet,commerce,alerts,alerts,h4x/dagah-server/html/components/bootstrap/less/mixins/alerts.less,.less,14,,,,css,unknown,75,40,shared-style-candidate,False,none,none,none,"Style component for commerce; review for shared tokens, theme, palette, Tailwind, or global style normalization.",style-score:100 | backend-score:55,71c8c0b6e22a2d41
843e121ab93881fbe5d79335,mbarbine__Scripts,style,"style,backend",stylesheet,design-system,progress-bar,progress-bar,h4x/dagah-server/html/components/bootstrap/less/mixins/progress-bar.less,.less,10,,,,css,unknown,70,55,shared-style-candidate,False,none,none,none,"Style component for design-system; review for shared tokens, theme, palette, Tailwind, or global style normalization.",style-score:100 | backend-score:55,e3e441c81bfe1f3c
ad742cd7caed79a528773f8d,mbarbine__Scripts,style,"style,backend,ai",stylesheet,analytics,vendor-prefixes,vendor-prefixes,h4x/dagah-server/html/components/bootstrap/less/mixins/vendor-prefixes.less,.less,227,,,,css,unknown,75,35,shared-style-candidate,True,none,none,none,"Style component for analytics; review for shared tokens, theme, palette, Tailwind, or global style normalization.",style-score:100 | backend-score:55 | ai-score:45,1b507204935e0395
8ec593270336b6dadcaccc7f,mbarbine__Scripts,style,"style,backend",stylesheet,shipping,reset-text,reset-text,h4x/dagah-server/html/components/bootstrap/less/mixins/reset-text.less,.less,18,,,,css,unknown,75,40,shared-style-candidate,True,none,none,none,"Style component for shipping; review for shared tokens, theme, palette, Tailwind, or global style normalization.",style-score:100 | backend-score:55,1b75fdfcd489845b
7027f608623bb61db28ad20e,mbarbine__Scripts,style,"style,backend",stylesheet,general,resize,resize,h4x/dagah-server/html/components/bootstrap/less/mixins/resize.less,.less,6,,,,css,unknown,70,35,shared-style-candidate,False,none,none,none,"Style component for general; review for shared tokens, theme, palette, Tailwind, or global style normalization.",style-score:100 | backend-score:55,b6132814f56a8f43
997a2d5a047889784a864d2d,mbarbine__Scripts,style,"style,backend",stylesheet,commerce,panels,panels,h4x/dagah-server/html/components/bootstrap/less/mixins/panels.less,.less,24,,,,css,unknown,75,40,shared-style-candidate,False,none,none,none,"Style component for commerce; review for shared tokens, theme, palette, Tailwind, or global style normalization.",style-score:100 | backend-score:55,315dc3f8368bd42e
5f5d637d2a2dbbd24b46933b,mbarbine__Scripts,style,"style,backend",stylesheet,editor,tab-focus,tab-focus,h4x/dagah-server/html/components/bootstrap/less/mixins/tab-focus.less,.less,9,,,,css,unknown,70,35,shared-style-candidate,True,none,none,none,"Style component for editor; review for shared tokens, theme, palette, Tailwind, or global style normalization.",style-score:100 | backend-score:55,dee41df40f2fc5fc
8a62de9774b71b579e01844c,mbarbine__Scripts,style,"style,backend,observability",stylesheet,observability,dataTables.jqueryui,data-tables-jqueryui,h4x/dagah-server/html/components/datatables-plugins/integration/jqueryui/dataTables.jqueryui.css,.css,414,,,,css,unknown,75,50,shared-style-candidate,False,none,none,none,"Style component for observability; review for shared tokens, theme, palette, Tailwind, or global style normalization.",style-score:130 | backend-score:55 | observability-score:55,c42d3cd45d31a409
23eb1283d9e555155e9373ef,mbarbine__Scripts,style,"style,backend,observability",stylesheet,observability,dataTables.jqueryui,data-tables-jqueryui,h4x/dagah-server/html/components/datatables-plugins/integration/jqueryui/dataTables.jqueryui.scss,.scss,523,,,,css,unknown,75,40,shared-style-candidate,False,none,none,none,"Style component for observability; review for shared tokens, theme, palette, Tailwind, or global style normalization.",style-score:130 | backend-score:55 | observability-score:55,a77d8ad1f4528caa
86ede52ad88dbc0a8d5c406f,mbarbine__Scripts,style,"style,backend",stylesheet,shipping,dataTables.bootstrap,data-tables-bootstrap,h4x/dagah-server/html/components/datatables-plugins/integration/bootstrap/1/dataTables.bootstrap.css,.css,28,,,,css,unknown,75,40,shared-style-candidate,True,none,none,none,"Style component for shipping; review for shared tokens, theme, palette, Tailwind, or global style normalization.",style-score:130 | backend-score:55,7d5ba5d70c746e07
88d89dadba3f12342ab705ca,mbarbine__Scripts,style,"style,backend",stylesheet,editor,dataTables.bootstrap,data-tables-bootstrap,h4x/dagah-server/html/components/datatables-plugins/integration/bootstrap/3/dataTables.bootstrap.css,.css,314,,,,css,unknown,75,35,shared-style-candidate,True,none,none,none,"Style component for editor; review for shared tokens, theme, palette, Tailwind, or global style normalization.",style-score:130 | backend-score:55,f2fcf631c05c66ac
10c4a3570ea77a8aa2d73e63,mbarbine__Scripts,style,"style,backend",stylesheet,editor,dataTables.bootstrap,data-tables-bootstrap,h4x/dagah-server/html/components/datatables-plugins/integration/bootstrap/2/dataTables.bootstrap.css,.css,226,,,,css,unknown,75,35,shared-style-candidate,True,none,none,none,"Style component for editor; review for shared tokens, theme, palette, Tailwind, or global style normalization.",style-score:130 | backend-score:55,3326b7fcc05e2be8
0b51e8610b40b2600fa96ce4,mbarbine__Scripts,style,"style,backend",stylesheet,editor,dataTables.foundation,data-tables-foundation,h4x/dagah-server/html/components/datatables-plugins/integration/foundation/dataTables.foundation.css,.css,216,,,,css,unknown,75,35,shared-style-candidate,True,none,none,none,"Style component for editor; review for shared tokens, theme, palette, Tailwind, or global style normalization.",style-score:130 | backend-score:55,6cf90de3609f7b38
db6245a88c26d72d961b5c05,mbarbine__Scripts,style,"style,backend",stylesheet,general,dataTables.fontAwesome,data-tables-font-awesome,h4x/dagah-server/html/components/datatables-plugins/integration/font-awesome/dataTables.fontAwesome.css,.css,156,,,,css,unknown,75,40,shared-style-candidate,True,none,none,none,"Style component for general; review for shared tokens, theme, palette, Tailwind, or global style normalization.",style-score:130 | backend-score:55,1312655859bfabbe
988a546adf1bc84636ac83be,mbarbine__Scripts,style,"style,backend,observability",stylesheet,observability,dataTables.alphabetSearch,data-tables-alphabet-search,h4x/dagah-server/html/components/datatables-plugins/features/alphabetSearch/dataTables.alphabetSearch.css,.css,39,,,,css,unknown,75,55,shared-style-candidate,True,none,none,none,"Style component for observability; review for shared tokens, theme, palette, Tailwind, or global style normalization.",style-score:130 | backend-score:55 | observability-score:55,124c23f4f44824fa
60c312d7494bce2dd67bd099,mbarbine__Scripts,style,"style,backend,observability",stylesheet,observability,dataTables.searchHighlight,data-tables-search-highlight,h4x/dagah-server/html/components/datatables-plugins/features/searchHighlight/dataTables.searchHighlight.css,.css,6,,,,css,unknown,70,50,shared-style-candidate,True,none,none,none,"Style component for observability; review for shared tokens, theme, palette, Tailwind, or global style normalization.",style-score:130 | backend-score:55 | observability-score:55,2931446d224f9499
32890889cf19cef7d3ec19af,mbarbine__Scripts,style,"style,backend",stylesheet,general,dataTables.lengthLinks,data-tables-length-links,h4x/dagah-server/html/components/datatables-plugins/features/lengthLinks/dataTables.lengthLinks.css,.css,4,,,,css,unknown,70,35,shared-style-candidate,False,none,none,none,"Style component for general; review for shared tokens, theme, palette, Tailwind, or global style normalization.",style-score:130 | backend-score:55,4fb50b42dbe8e9ae
db269cd59b0a9fb0278dbdc9,mbarbine__Scripts,style,"style,backend,observability",design-token,observability,jquery.dataTables_themeroller,jquery-data-tables-themeroller,h4x/dagah-server/html/components/datatables/media/css/jquery.dataTables_themeroller.css,.css,416,,,,css,unknown,75,75,shared-style-candidate,False,none,none,none,"Style component for observability; review for shared tokens, theme, palette, Tailwind, or global style normalization.",style-score:130 | backend-score:55 | observability-score:55,fc8e3aa67522614c
c2602d12e9895371f68de2b2,mbarbine__Scripts,style,"style,backend",stylesheet,editor,dataTables.foundation.min,data-tables-foundation-min,h4x/dagah-server/html/components/datatables/media/css/dataTables.foundation.min.css,.css,1,,,,css,unknown,70,35,shared-style-candidate,True,none,none,none,"Style component for editor; review for shared tokens, theme, palette, Tailwind, or global style normalization.",style-score:130 | backend-score:55,2e3ca55aaf15f1d5
ca48c9892b263ca12d3a7beb,mbarbine__Scripts,style,"style,backend",stylesheet,editor,jquery.dataTables,jquery-data-tables,h4x/dagah-server/html/components/datatables/media/css/jquery.dataTables.css,.css,453,,,,css,unknown,75,35,shared-style-candidate,True,none,none,none,"Style component for editor; review for shared tokens, theme, palette, Tailwind, or global style normalization.",style-score:130 | backend-score:55,f8097c9b6906513b
1514410e9eaf28a276042f0e,mbarbine__Scripts,style,"style,backend",stylesheet,editor,dataTables.bootstrap.min,data-tables-bootstrap-min,h4x/dagah-server/html/components/datatables/media/css/dataTables.bootstrap.min.css,.css,1,,,,css,unknown,70,35,shared-style-candidate,True,none,none,none,"Style component for editor; review for shared tokens, theme, palette, Tailwind, or global style normalization.",style-score:130 | backend-score:55,cfce00f125355d73
fa95c5195531708d29a97a88,mbarbine__Scripts,style,"style,backend,observability",stylesheet,editor,dataTables.jqueryui,data-tables-jqueryui,h4x/dagah-server/html/components/datatables/media/css/dataTables.jqueryui.css,.css,482,,,,css,unknown,75,35,shared-style-candidate,True,none,none,none,"Style component for editor; review for shared tokens, theme, palette, Tailwind, or global style normalization.",style-score:130 | backend-score:55 | observability-score:55,392b0ecde0b46bc6
237d9c588b3c5216014d7c63,mbarbine__Scripts,style,"style,backend",stylesheet,editor,dataTables.bootstrap,data-tables-bootstrap,h4x/dagah-server/html/components/datatables/media/css/dataTables.bootstrap.css,.css,187,,,,css,unknown,75,40,shared-style-candidate,True,none,none,none,"Style component for editor; review for shared tokens, theme, palette, Tailwind, or global style normalization.",style-score:130 | backend-score:55,46e131c356d8a0bc
ea9468537cc7a1b3a4e2cb0b,mbarbine__Scripts,style,"style,backend,observability",stylesheet,editor,dataTables.jqueryui.min,data-tables-jqueryui-min,h4x/dagah-server/html/components/datatables/media/css/dataTables.jqueryui.min.css,.css,1,,,,css,unknown,70,35,shared-style-candidate,True,none,none,none,"Style component for editor; review for shared tokens, theme, palette, Tailwind, or global style normalization.",style-score:130 | backend-score:55 | observability-score:55,741d5a82d8150b77
287cfa0a16757ba4295f1af3,mbarbine__Scripts,style,"style,backend",stylesheet,editor,dataTables.foundation,data-tables-foundation,h4x/dagah-server/html/components/datatables/media/css/dataTables.foundation.css,.css,117,,,,css,unknown,75,40,shared-style-candidate,True,none,none,none,"Style component for editor; review for shared tokens, theme, palette, Tailwind, or global style normalization.",style-score:130 | backend-score:55,6b6eefe0c095ac62
f9d228e3f320e2b3c1a5110e,mbarbine__Scripts,style,"style,backend",stylesheet,editor,jquery.dataTables.min,jquery-data-tables-min,h4x/dagah-server/html/components/datatables/media/css/jquery.dataTables.min.css,.css,1,,,,css,unknown,70,35,shared-style-candidate,True,none,none,none,"Style component for editor; review for shared tokens, theme, palette, Tailwind, or global style normalization.",style-score:130 | backend-score:55,36216a0843be5d08
1c1968249bf600747628e1f8,mbarbine__Scripts,style,"style,backend",stylesheet,commerce,morris,morris,h4x/dagah-server/html/components/morrisjs/morris.css,.css,2,,,,css,unknown,70,35,shared-style-candidate,False,none,none,none,"Style component for commerce; review for shared tokens, theme, palette, Tailwind, or global style normalization.",style-score:130 | backend-score:55,b331eeb1aa336d07
f8615b95bd6145c7075a7ec0,mbarbine__Scripts,style,"style,backend,logic",stylesheet,commerce,morris.core,morris-core,h4x/dagah-server/html/components/morrisjs/less/morris.core.less,.less,27,,,,css,unknown,75,40,shared-style-candidate,False,none,none,secondary,"Style component for commerce; review for shared tokens, theme, palette, Tailwind, or global style normalization.",style-score:100 | backend-score:55 | logic-score:45,9e8d1b8c192a1a8a
7d7213d0a6bce9dff43ab877,mbarbine__Scripts,style,"style,backend,logic",stylesheet,general,example,example,h4x/dagah-server/html/components/morrisjs/examples/lib/example.css,.css,13,,,,css,unknown,75,40,shared-style-candidate,False,none,none,secondary,"Style component for general; review for shared tokens, theme, palette, Tailwind, or global style normalization.",style-score:130 | backend-score:55 | logic-score:45,08cf6b51c71e55be
f163d1fa4f0f33901cee0286,mbarbine__Scripts,style,"style,backend",stylesheet,commerce,examples,examples,h4x/dagah-server/html/components/flot/examples/examples.css,.css,97,,,,css,unknown,75,40,shared-style-candidate,True,none,none,none,"Style component for commerce; review for shared tokens, theme, palette, Tailwind, or global style normalization.",style-score:130 | backend-score:55,9a8312e8db493651
d2d3d9ba05ce32dc6977a956,mbarbine__Scripts,style,"style,backend",stylesheet,editor,jquery-ui.min,jquery-ui-min,h4x/dagah-server/html/components/flot/examples/shared/jquery-ui/jquery-ui.min.css,.css,6,,,,css,unknown,70,35,shared-style-candidate,True,none,none,none,"Style component for editor; review for shared tokens, theme, palette, Tailwind, or global style normalization.",style-score:130 | backend-score:55,fdb9aa82e56cee5d
c36feabf5a09dcec67de71f3,mbarbine__Scripts,style,"style,backend",stylesheet,logic,metisMenu,metis-menu,h4x/dagah-server/html/components/metisMenu/src/metisMenu.css,.css,56,,,,css,unknown,75,55,shared-style-candidate,True,none,none,none,"Style component for logic; review for shared tokens, theme, palette, Tailwind, or global style normalization.",style-score:130 | backend-score:55,e55e67921690e27e
f69ba8fc568e3c4d5e0c50d0,mbarbine__Scripts,style,"style,backend",stylesheet,commerce,bootstrap-social,bootstrap-social,h4x/dagah-server/html/components/bootstrap-social/bootstrap-social.scss,.scss,114,,,,css,unknown,75,40,shared-style-candidate,False,none,none,none,"Style component for commerce; review for shared tokens, theme, palette, Tailwind, or global style normalization.",style-score:130 | backend-score:55,35ef3ccf429aada3
ec28be12bbfa34b7e14e0a84,mbarbine__Scripts,style,"style,backend",stylesheet,commerce,bootstrap-social,bootstrap-social,h4x/dagah-server/html/components/bootstrap-social/bootstrap-social.less,.less,114,,,,css,unknown,75,40,shared-style-candidate,False,none,none,none,"Style component for commerce; review for shared tokens, theme, palette, Tailwind, or global style normalization.",style-score:100 | backend-score:55,1944e827fa96fe9b
974f0d7f5a585961ef767a9d,mbarbine__Scripts,style,"style,backend",stylesheet,commerce,bootstrap-social,bootstrap-social,h4x/dagah-server/html/components/bootstrap-social/bootstrap-social.css,.css,101,,,,css,unknown,75,40,shared-style-candidate,False,none,none,none,"Style component for commerce; review for shared tokens, theme, palette, Tailwind, or global style normalization.",style-score:130 | backend-score:55,66395c6bed34bacd
ab31e4e19f50fca41e7128aa,mbarbine__Scripts,style,"style,backend,security",stylesheet,media,font-awesome,font-awesome,h4x/dagah-server/html/components/font-awesome/css/font-awesome.css,.css,1672,,,,css,unknown,75,20,shared-style-candidate,True,none,none,none,"Style component for media; review for shared tokens, theme, palette, Tailwind, or global style normalization.",style-score:130 | backend-score:55 | security-score:55,295074933a25ae5d
d32457196b8275d165d56525,mbarbine__Scripts,style,"style,backend,security",stylesheet,discovery,font-awesome.min,font-awesome-min,h4x/dagah-server/html/components/font-awesome/css/font-awesome.min.css,.css,4,,,,css,unknown,70,50,shared-style-candidate,True,none,none,none,"Style component for discovery; review for shared tokens, theme, palette, Tailwind, or global style normalization.",style-score:130 | backend-score:55 | security-score:55,0fb1bbca73646e8e
b53738d94d4690f7725a4eae,mbarbine__Scripts,style,"style,backend",stylesheet,general,extras,extras,h4x/dagah-server/html/components/font-awesome/less/extras.less,.less,2,,,,css,unknown,70,35,shared-style-candidate,False,none,none,none,"Style component for general; review for shared tokens, theme, palette, Tailwind, or global style normalization.",style-score:100 | backend-score:55,d3bda122ac1cef54
e147d333e0d37781af7e6b4a,mbarbine__Scripts,style,"style,backend",stylesheet,general,list,list,h4x/dagah-server/html/components/font-awesome/less/list.less,.less,19,,,,css,unknown,75,40,shared-style-candidate,False,none,none,none,"Style component for general; review for shared tokens, theme, palette, Tailwind, or global style normalization.",style-score:100 | backend-score:55,024abb930e6669f2
4d49855f6b597e3dbf4c87e2,mbarbine__Scripts,style,"style,backend",stylesheet,general,stacked,stacked,h4x/dagah-server/html/components/font-awesome/less/stacked.less,.less,20,,,,css,unknown,75,40,shared-style-candidate,False,none,none,none,"Style component for general; review for shared tokens, theme, palette, Tailwind, or global style normalization.",style-score:100 | backend-score:55,3f9de6c3e0f1a2bc
d012c344cd73ec3153fe236d,mbarbine__Scripts,style,"style,logic,backend",stylesheet,general,core,core,h4x/dagah-server/html/components/font-awesome/less/core.less,.less,11,,,,css,unknown,75,40,shared-style-candidate,False,none,none,secondary,"Style component for general; review for shared tokens, theme, palette, Tailwind, or global style normalization.",style-score:100 | logic-score:70 | backend-score:55,ce72f5281bef5dd3
2056fd4e38e341708d816d49,mbarbine__Scripts,style,"style,backend",stylesheet,general,fixed-width,fixed-width,h4x/dagah-server/html/components/font-awesome/less/fixed-width.less,.less,6,,,,css,unknown,70,35,shared-style-candidate,False,none,none,none,"Style component for general; review for shared tokens, theme, palette, Tailwind, or global style normalization.",style-score:100 | backend-score:55,0ef853a3192742d2
876b440f50007646154c88c8,mbarbine__Scripts,style,"style,backend,security",stylesheet,i18n,variables,variables,h4x/dagah-server/html/components/font-awesome/less/variables.less,.less,561,,,,css,unknown,75,40,shared-style-candidate,False,none,none,none,"Style component for i18n; review for shared tokens, theme, palette, Tailwind, or global style normalization.",style-score:100 | backend-score:55 | security-score:55,4c1d0005082819f5
ac46a193f66693d2478bedb9,mbarbine__Scripts,style,"style,backend",stylesheet,general,rotated-flipped,rotated-flipped,h4x/dagah-server/html/components/font-awesome/less/rotated-flipped.less,.less,20,,,,css,unknown,75,40,shared-style-candidate,False,none,none,none,"Style component for general; review for shared tokens, theme, palette, Tailwind, or global style normalization.",style-score:100 | backend-score:55,d67df95488eec84d
7ba212fbe63abf5d3569ee8c,mbarbine__Scripts,style,"style,backend",stylesheet,commerce,font-awesome,font-awesome,h4x/dagah-server/html/components/font-awesome/less/font-awesome.less,.less,17,,,,css,unknown,75,40,shared-style-candidate,False,none,none,none,"Style component for commerce; review for shared tokens, theme, palette, Tailwind, or global style normalization.",style-score:100 | backend-score:55,0d2df0e16912e9a8
f464e8150f3a36e1655c9b8c,mbarbine__Scripts,style,"style,backend,security",stylesheet,media,icons,icons,h4x/dagah-server/html/components/font-awesome/less/icons.less,.less,552,,,,css,unknown,75,25,shared-style-candidate,True,none,none,none,"Style component for media; review for shared tokens, theme, palette, Tailwind, or global style normalization.",style-score:100 | backend-score:55 | security-score:55,5b2ac38c565fa862
2ad4128806f03772cd4eff1d,mbarbine__Scripts,style,"style,backend,security",stylesheet,logic,spinning,spinning,h4x/dagah-server/html/components/font-awesome/less/spinning.less,.less,29,,,,css,unknown,75,55,shared-style-candidate,True,none,none,none,"Style component for logic; review for shared tokens, theme, palette, Tailwind, or global style normalization.",style-score:100 | backend-score:55 | security-score:55,3b7755a14ef8bcea
79df4280bb2d7c2207f84ad1,mbarbine__Scripts,style,"style,backend",stylesheet,general,path,path,h4x/dagah-server/html/components/font-awesome/less/path.less,.less,14,,,,css,unknown,75,40,shared-style-candidate,False,none,none,none,"Style component for general; review for shared tokens, theme, palette, Tailwind, or global style normalization.",style-score:100 | backend-score:55,734059c501fbfcf1
aa1a221fb60bff2f2c495b2b,mbarbine__Scripts,style,"style,backend",stylesheet,commerce,bordered-pulled,bordered-pulled,h4x/dagah-server/html/components/font-awesome/less/bordered-pulled.less,.less,16,,,,css,unknown,75,40,shared-style-candidate,False,none,none,none,"Style component for commerce; review for shared tokens, theme, palette, Tailwind, or global style normalization.",style-score:100 | backend-score:55,8b19915b40da6b30
3d761cef40b220f730074214,mbarbine__Scripts,style,"style,backend",stylesheet,general,larger,larger,h4x/dagah-server/html/components/font-awesome/less/larger.less,.less,13,,,,css,unknown,75,40,shared-style-candidate,False,none,none,none,"Style component for general; review for shared tokens, theme, palette, Tailwind, or global style normalization.",style-score:100 | backend-score:55,dfc79d4325804e9a
2e33b50116bbf5da93f4b56c,mbarbine__Scripts,style,"style,backend",stylesheet,logic,mixins,mixins,h4x/dagah-server/html/components/font-awesome/less/mixins.less,.less,25,,,,css,unknown,75,55,shared-style-candidate,True,none,none,none,"Style component for logic; review for shared tokens, theme, palette, Tailwind, or global style normalization.",style-score:100 | backend-score:55,2dfab6727fc349dd
0dd340efb7685cd07c31d0d1,mbarbine__Scripts,style,"style,backend",stylesheet,general,_stacked,stacked,h4x/dagah-server/html/components/font-awesome/scss/_stacked.scss,.scss,20,,,,css,unknown,75,40,shared-style-candidate,False,none,none,none,"Style component for general; review for shared tokens, theme, palette, Tailwind, or global style normalization.",style-score:130 | backend-score:55,70f33fd079ab7085
2991853565af5f50a9d18bb9,mbarbine__Scripts,style,"style,backend,security",stylesheet,i18n,_variables,variables,h4x/dagah-server/html/components/font-awesome/scss/_variables.scss,.scss,561,,,,css,unknown,75,40,shared-style-candidate,False,none,none,none,"Style component for i18n; review for shared tokens, theme, palette, Tailwind, or global style normalization.",style-score:130 | backend-score:55 | security-score:55,d13f63eeb78883ad
0020d242d21ed54a32abd888,mbarbine__Scripts,style,"style,backend",stylesheet,commerce,font-awesome,font-awesome,h4x/dagah-server/html/components/font-awesome/scss/font-awesome.scss,.scss,17,,,,css,unknown,75,40,shared-style-candidate,False,none,none,none,"Style component for commerce; review for shared tokens, theme, palette, Tailwind, or global style normalization.",style-score:130 | backend-score:55,eade12ba6170d5f8
12f4bbf0bf0fc3febd4466ee,mbarbine__Scripts,style,"style,backend",stylesheet,general,_rotated-flipped,rotated-flipped,h4x/dagah-server/html/components/font-awesome/scss/_rotated-flipped.scss,.scss,20,,,,css,unknown,75,40,shared-style-candidate,False,none,none,none,"Style component for general; review for shared tokens, theme, palette, Tailwind, or global style normalization.",style-score:130 | backend-score:55,ff0686d76acde358
9edb7059bb34299e1a02cfbb,mbarbine__Scripts,style,"style,backend",stylesheet,general,_path,path,h4x/dagah-server/html/components/font-awesome/scss/_path.scss,.scss,14,,,,css,unknown,75,40,shared-style-candidate,False,none,none,none,"Style component for general; review for shared tokens, theme, palette, Tailwind, or global style normalization.",style-score:130 | backend-score:55,2e58e1d173847da8
58ec41144627432f806dc11a,mbarbine__Scripts,style,"style,backend,security",stylesheet,logic,_extras,extras,h4x/dagah-server/html/components/font-awesome/scss/_extras.scss,.scss,44,,,,css,unknown,75,55,shared-style-candidate,True,none,none,none,"Style component for logic; review for shared tokens, theme, palette, Tailwind, or global style normalization.",style-score:130 | backend-score:55 | security-score:55,1eaa8e0de764447a
16dd87f5f9c6620071412070,mbarbine__Scripts,style,"style,backend",stylesheet,general,_list,list,h4x/dagah-server/html/components/font-awesome/scss/_list.scss,.scss,19,,,,css,unknown,75,40,shared-style-candidate,False,none,none,none,"Style component for general; review for shared tokens, theme, palette, Tailwind, or global style normalization.",style-score:130 | backend-score:55,d5430a6695febcd9
dcd4872f15bd977c4cabfece,mbarbine__Scripts,style,"style,backend",stylesheet,general,_larger,larger,h4x/dagah-server/html/components/font-awesome/scss/_larger.scss,.scss,13,,,,css,unknown,75,40,shared-style-candidate,False,none,none,none,"Style component for general; review for shared tokens, theme, palette, Tailwind, or global style normalization.",style-score:130 | backend-score:55,fb4e8e7d5d03074d
c1eb1092a10e75f869747186,mbarbine__Scripts,style,"style,backend,security",stylesheet,logic,_spinning,spinning,h4x/dagah-server/html/components/font-awesome/scss/_spinning.scss,.scss,29,,,,css,unknown,75,55,shared-style-candidate,True,none,none,none,"Style component for logic; review for shared tokens, theme, palette, Tailwind, or global style normalization.",style-score:130 | backend-score:55 | security-score:55,0f4323e24d48ac42
23339928c3643cf1aea90027,mbarbine__Scripts,style,"style,logic,backend",stylesheet,general,_core,core,h4x/dagah-server/html/components/font-awesome/scss/_core.scss,.scss,11,,,,css,unknown,75,40,shared-style-candidate,False,none,none,secondary,"Style component for general; review for shared tokens, theme, palette, Tailwind, or global style normalization.",style-score:130 | logic-score:70 | backend-score:55,6c0236931542eb34
867ca4f38f35d674fa797866,mbarbine__Scripts,style,"style,backend",stylesheet,logic,_mixins,mixins,h4x/dagah-server/html/components/font-awesome/scss/_mixins.scss,.scss,25,,,,css,unknown,75,55,shared-style-candidate,True,none,none,none,"Style component for logic; review for shared tokens, theme, palette, Tailwind, or global style normalization.",style-score:130 | backend-score:55,69778bf1ceaa41f8
4c87b063a14cdbdaab9b7ba9,mbarbine__Scripts,style,"style,backend,security",stylesheet,media,_icons,icons,h4x/dagah-server/html/components/font-awesome/scss/_icons.scss,.scss,552,,,,css,unknown,75,25,shared-style-candidate,True,none,none,none,"Style component for media; review for shared tokens, theme, palette, Tailwind, or global style normalization.",style-score:130 | backend-score:55 | security-score:55,8f31b2b0c9dbb7dd
022df039bf455276dd9c9cf0,mbarbine__Scripts,style,"style,backend",stylesheet,general,_fixed-width,fixed-width,h4x/dagah-server/html/components/font-awesome/scss/_fixed-width.scss,.scss,6,,,,css,unknown,70,35,shared-style-candidate,False,none,none,none,"Style component for general; review for shared tokens, theme, palette, Tailwind, or global style normalization.",style-score:130 | backend-score:55,b8b0b3478e04e868
359e68a72966f7cefdf79620,mbarbine__Scripts,style,"style,backend",stylesheet,commerce,_bordered-pulled,bordered-pulled,h4x/dagah-server/html/components/font-awesome/scss/_bordered-pulled.scss,.scss,16,,,,css,unknown,75,40,shared-style-candidate,False,none,none,none,"Style component for commerce; review for shared tokens, theme, palette, Tailwind, or global style normalization.",style-score:130 | backend-score:55,8bc541c2ea0766bd
db566e58b1100224a1b7ba40,mbarbine__Scripts,style,"style,backend",stylesheet,general,responsive.bootstrap,responsive-bootstrap,h4x/dagah-server/html/components/datatables-responsive/css/responsive.bootstrap.scss,.scss,4,,,,css,unknown,70,35,shared-style-candidate,False,none,none,none,"Style component for general; review for shared tokens, theme, palette, Tailwind, or global style normalization.",style-score:130 | backend-score:55,f62c890484debf0d
fa070bf0cbc026f482056e34,mbarbine__Scripts,style,"style,backend,observability",stylesheet,observability,responsive.dataTables,responsive-data-tables,h4x/dagah-server/html/components/datatables-responsive/css/responsive.dataTables.scss,.scss,157,,,,css,unknown,75,55,shared-style-candidate,True,none,none,none,"Style component for observability; review for shared tokens, theme, palette, Tailwind, or global style normalization.",style-score:130 | backend-score:55 | observability-score:55,327786608ea2a1a5
73b945fd7c1fd645d3ac3d72,mbarbine__Scripts,style,"style,backend",stylesheet,general,responsive.foundation,responsive-foundation,h4x/dagah-server/html/components/datatables-responsive/css/responsive.foundation.scss,.scss,10,,,,css,unknown,70,40,shared-style-candidate,False,none,none,none,"Style component for general; review for shared tokens, theme, palette, Tailwind, or global style normalization.",style-score:130 | backend-score:55,ed8471afe336ad45
44d635a81e5cc57ce92826fe,mbarbine__Scripts,style,"style,backend",stylesheet,general,responsive.jqueryui,responsive-jqueryui,h4x/dagah-server/html/components/datatables-responsive/css/responsive.jqueryui.scss,.scss,2,,,,css,unknown,70,35,shared-style-candidate,False,none,none,none,"Style component for general; review for shared tokens, theme, palette, Tailwind, or global style normalization.",style-score:130 | backend-score:55,ea2fde479a5e6cc2
da83a1deebfd3ff99734ba4b,mbarbine__Scripts,style,"style,observability",stylesheet,observability,styles,styles,SORT/OpsClick_website/static/css/styles.css,.css,344,,,,css,unknown,65,50,shared-style-candidate,True,none,none,none,"Style component for observability; review for shared tokens, theme, palette, Tailwind, or global style normalization.",style-score:130 | observability-score:55,2e9d3c0b05ed7e72
4f625c825d2c68652978805f,mbarbine__Scripts,style,"style,logic,observability",stylesheet,observability,styles,styles,SORT/OpsClick_UI/public/app/core/styles/styles.css,.css,4762,,,,next-react,unknown,75,35,shared-style-candidate,False,none,none,secondary,"Style component for observability; review for shared tokens, theme, palette, Tailwind, or global style normalization.",style-score:130 | logic-score:70 | observability-score:55,79f34b56f85d8667
8fcc394425cdd4c579085ce1,mbarbine__Scripts,style,"style,logic,observability,security",stylesheet,editor,bootstrap,bootstrap,SORT/OpsClick_UI/public/app/core/styles/bootstrap.css,.css,6567,,,,next-react,unknown,75,20,shared-style-candidate,True,none,none,secondary,"Style component for editor; review for shared tokens, theme, palette, Tailwind, or global style normalization.",style-score:130 | logic-score:70 | observability-score:55 | security-score:55,0b58c270ee968904
69fe2c4c967e740031afdb7c,mbarbine__Scripts,style,"style,logic",stylesheet,editor,jquery.mCustomScrollbar,jquery-m-custom-scrollbar,SORT/OpsClick_UI/public/app/core/styles/jquery.mCustomScrollbar.css,.css,1274,,,,next-react,unknown,75,20,shared-style-candidate,True,none,none,secondary,"Style component for editor; review for shared tokens, theme, palette, Tailwind, or global style normalization.",style-score:130 | logic-score:70,18eb6e90dd357ff5
1b6eff1a0a283c3568cb155a,mbarbine__Scripts,style,"style,logic,observability",stylesheet,observability,dashboard,dashboard,SORT/OpsClick_UI/public/app/core/styles/dashboard.css,.css,1161,,,,next-react,unknown,75,35,shared-style-candidate,True,none,none,secondary,"Style component for observability; review for shared tokens, theme, palette, Tailwind, or global style normalization.",style-score:130 | logic-score:70 | observability-score:55,e249a3cf5d143fcd
27f052a45061a448c4922fb2,mbarbine__Scripts,style,"style,logic",stylesheet,commerce,loading-bar,loading-bar,SORT/OpsClick_UI/public/app/core/styles/loading-bar.css,.css,10,,,,next-react,unknown,70,40,shared-style-candidate,False,none,none,secondary,"Style component for commerce; review for shared tokens, theme, palette, Tailwind, or global style normalization.",style-score:130 | logic-score:45,648f0acd10528a34
1d5775d28260de1e26b27b1e,mbarbine__Scripts,style,"style,observability,logic",stylesheet,observability,IE8,ie8,SORT/OpsClick_UI/public/app/core/styles/IE8.css,.css,38,,,,next-react,unknown,75,55,shared-style-candidate,True,none,none,secondary,"Style component for observability; review for shared tokens, theme, palette, Tailwind, or global style normalization.",style-score:130 | observability-score:55 | logic-score:45,7093b177cb6dde28
3606c880bacd5370ac42bdea,mbarbine__Scripts,style,"style,logic",stylesheet,editor,override,override,SORT/OpsClick_UI/public/app/core/styles/override.css,.css,14,,,,next-react,unknown,75,40,shared-style-candidate,True,none,none,secondary,"Style component for editor; review for shared tokens, theme, palette, Tailwind, or global style normalization.",style-score:130 | logic-score:45,a3b82c6c2ce46b2e
42ec6cb6b0acda4d3c52877b,mbarbine__Scripts,style,"style,logic",stylesheet,workflow,grid-styles,grid-styles,SORT/OpsClick_UI/public/app/core/styles/grid-styles.css,.css,212,,,,next-react,unknown,75,35,shared-style-candidate,True,none,none,secondary,"Style component for workflow; review for shared tokens, theme, palette, Tailwind, or global style normalization.",style-score:130 | logic-score:70,06202c17dc116318
c42bf0cb79c14b6520e29436,mbarbine__Scripts,style,"style,security",stylesheet,auth-and-keys,auth.styles,auth-styles,SORT/OpsClick_UI/public/app/modules/authentication/styles/auth.styles.css,.css,16,,,,next-react,unknown,75,55,shared-style-candidate,False,none,none,none,"Style component for auth-and-keys; review for shared tokens, theme, palette, Tailwind, or global style normalization.",style-score:130 | security-score:55,243e397d96717828
d86e0c73352e48013e030861,mbarbine__Scripts,style,style,stylesheet,editor,ui-grid.min,ui-grid-min,SORT/OpsClick_UI/public/styles/ui-grid.min.css,.css,4,,,,css,unknown,50,35,shared-style-candidate,True,none,none,none,"Style component for editor; review for shared tokens, theme, palette, Tailwind, or global style normalization.",style-score:130,a768d791a8756e0d
393a75118893c197544ba592,mbarbine__Scripts,style,"style,observability",stylesheet,observability,md-data-table.min,md-data-table-min,SORT/OpsClick_UI/public/styles/md-data-table.min.css,.css,1,,,,css,unknown,60,50,shared-style-candidate,True,none,none,none,"Style component for observability; review for shared tokens, theme, palette, Tailwind, or global style normalization.",style-score:130 | observability-score:55,93fcbcfaa9da58a0
8d9e4c13eecefba7fd48e1b0,mbarbine__Scripts,style,"style,observability",stylesheet,observability,demo,demo,SORT/OpsClick_UI/static/about/css/demo.css,.css,2275,,,,css,unknown,65,35,shared-style-candidate,False,none,none,none,"Style component for observability; review for shared tokens, theme, palette, Tailwind, or global style normalization.",style-score:130 | observability-score:55,664932fe9754a152
a36b607b30e43e507f7360ee,mbarbine__Scripts,style,"style,security",stylesheet,auth-and-keys,outdatedbrowser.min,outdatedbrowser-min,SORT/OpsClick_UI/static/about/css/outdatedbrowser.min.css,.css,8,,,,css,unknown,60,50,shared-style-candidate,False,none,none,none,"Style component for auth-and-keys; review for shared tokens, theme, palette, Tailwind, or global style normalization.",style-score:130 | security-score:55,2e3a0f0237ffcb0a
d633ed9bc9b08fed477feb6f,mbarbine__Scripts,style,"style,observability,security",stylesheet,observability,flexslider,flexslider,SORT/OpsClick_UI/static/about/css/flexslider.css,.css,295,,,,css,unknown,65,50,shared-style-candidate,True,none,none,none,"Style component for observability; review for shared tokens, theme, palette, Tailwind, or global style normalization.",style-score:130 | observability-score:55 | security-score:55,3ff3808ded972a74
f198c70815c8c402ab7cf225,mbarbine__Scripts,style,"style,security",stylesheet,auth-and-keys,animate,animate,SORT/OpsClick_UI/static/about/css/animate.css,.css,3281,,,,css,unknown,65,35,shared-style-candidate,False,none,none,none,"Style component for auth-and-keys; review for shared tokens, theme, palette, Tailwind, or global style normalization.",style-score:130 | security-score:55,8ac9795c000fed6e
518ee68bb2210396e5aded03,mbarbine__Scripts,style,style,stylesheet,editor,ie,ie,SORT/OpsClick_UI/static/about/css/ie.css,.css,46,,,,css,unknown,55,40,shared-style-candidate,True,none,none,none,"Style component for editor; review for shared tokens, theme, palette, Tailwind, or global style normalization.",style-score:130,f77f3d361b0d6e62
c85f7c3c89d527bd51dc34ac,mbarbine__Scripts,style,"style,observability",stylesheet,observability,styles,styles,SORT/OpsClick_UI/static/browser/css/styles.css,.css,3700,,,,css,unknown,65,35,shared-style-candidate,False,none,none,none,"Style component for observability; review for shared tokens, theme, palette, Tailwind, or global style normalization.",style-score:130 | observability-score:55,181311bfa3e70c17
259f8e8f9ae04b1d06403d56,mbarbine__Scripts,style,"style,observability,security",stylesheet,editor,bootstrap,bootstrap,SORT/OpsClick_UI/static/browser/css/bootstrap.css,.css,6566,,,,css,unknown,65,20,shared-style-candidate,True,none,none,none,"Style component for editor; review for shared tokens, theme, palette, Tailwind, or global style normalization.",style-score:130 | observability-score:55 | security-score:55,b67e1ad605d0a3f2
ad9bcb589ad9499e64ce0df1,mbarbine__Scripts,style,"style,observability",stylesheet,observability,IE8,ie8,SORT/OpsClick_UI/static/browser/css/IE8.css,.css,38,,,,css,unknown,65,55,shared-style-candidate,True,none,none,none,"Style component for observability; review for shared tokens, theme, palette, Tailwind, or global style normalization.",style-score:130 | observability-score:55,7093b177cb6dde28
97fc749b2c4517b5bf401884,mbarbine__Scripts,style,style,stylesheet,general,fonts,fonts,SORT/OpsClick_UI/src/styles/fonts.scss,.scss,50,,,,css,unknown,55,40,shared-style-candidate,False,none,none,none,"Style component for general; review for shared tokens, theme, palette, Tailwind, or global style normalization.",style-score:130,057e774385d29bae
059d70fa2930a4044da2e97d,mbarbine__Scripts,style,style,stylesheet,editor,reset,reset,SORT/OpsClick_UI/src/styles/reset.scss,.scss,60,,,,css,unknown,55,40,shared-style-candidate,True,none,none,none,"Style component for editor; review for shared tokens, theme, palette, Tailwind, or global style normalization.",style-score:130,2fc08e1534c5e317
77b6f709d5ffbd32eface89f,mbarbine__Scripts,style,"style,observability",stylesheet,observability,styles,styles,SORT/OpsClick_UI/src/styles/styles.scss,.scss,4729,,,,css,unknown,65,35,shared-style-candidate,True,none,none,none,"Style component for observability; review for shared tokens, theme, palette, Tailwind, or global style normalization.",style-score:130 | observability-score:55,b5e2404ebca8b64c
e7fb7e008833d3ff06ddc574,mbarbine__Scripts,style,"style,observability,security",stylesheet,observability,main,main,SORT/OpsClick_UI/src/styles/main.scss,.scss,177,,,,css,unknown,65,55,shared-style-candidate,True,none,none,none,"Style component for observability; review for shared tokens, theme, palette, Tailwind, or global style normalization.",style-score:130 | observability-score:55 | security-score:55,9d2482a4ef26156a
33452a65a231be320e404656,mbarbine__Scripts,style,style,stylesheet,general,icons,icons,SORT/OpsClick_UI/src/styles/icons.scss,.scss,0,,,,css,unknown,50,35,shared-style-candidate,False,none,none,none,"Style component for general; review for shared tokens, theme, palette, Tailwind, or global style normalization.",style-score:130,2848a3a86daec55a
cf8b52cb45aab8cb5e071ca6,mbarbine__Scripts,style,style,stylesheet,general,dashboard-left-sidebar,dashboard-left-sidebar,SORT/OpsClick_UI/src/styles/components/dashboard-left-sidebar.scss,.scss,40,,,,css,unknown,65,40,shared-style-candidate,False,none,none,none,"Style component for general; review for shared tokens, theme, palette, Tailwind, or global style normalization.",style-score:130,8d6a9352a3bef99f
5eb585f223bd887a9a857bcf,mbarbine__Scripts,style,style,stylesheet,logic,navigation-user-menu,navigation-user-menu,SORT/OpsClick_UI/src/styles/components/navigation-user-menu.scss,.scss,33,,,,css,unknown,65,55,shared-style-candidate,True,none,none,none,"Style component for logic; review for shared tokens, theme, palette, Tailwind, or global style normalization.",style-score:130,e027b2a391dfe853
6aa5533d28c3d147946dc3c9,mbarbine__Scripts,style,style,stylesheet,editor,md-input-container,md-input-container,SORT/OpsClick_UI/src/styles/components/md-input-container.scss,.scss,183,,,,css,unknown,65,40,shared-style-candidate,True,none,none,none,"Style component for editor; review for shared tokens, theme, palette, Tailwind, or global style normalization.",style-score:130,857974d00538a535
06271a32f5866969da018309,mbarbine__Scripts,style,style,stylesheet,commerce,notification,notification,SORT/OpsClick_UI/src/styles/components/notification.scss,.scss,67,,,,css,unknown,65,40,shared-style-candidate,False,none,none,none,"Style component for commerce; review for shared tokens, theme, palette, Tailwind, or global style normalization.",style-score:130,22dee5d202e0cd40
e0dccdf4e99f696bde538bea,mbarbine__Scripts,style,"style,ui,security",ui-primitive,commerce,spinner,spinner,SORT/OpsClick_UI/src/styles/components/spinner.scss,.scss,35,,,,css,unknown,75,65,shared-style-candidate,False,none,none,none,"Style component for commerce; review for shared tokens, theme, palette, Tailwind, or global style normalization.",style-score:130 | ui-score:70 | security-score:55,a49246b7f409a7c6
4d2032b03eb101297a116a26,mbarbine__Scripts,style,"style,observability,automation",stylesheet,observability,job-box,job-box,SORT/OpsClick_UI/src/styles/components/job-box.scss,.scss,105,,,,css,unknown,75,55,shared-style-candidate,True,none,secondary,none,"Style component for observability; review for shared tokens, theme, palette, Tailwind, or global style normalization.",style-score:130 | observability-score:55 | automation-score:50,2fac94483e4e7476
88932367432b51b49d2be141,mbarbine__Scripts,style,style,stylesheet,general,alerts,alerts,SORT/OpsClick_UI/src/styles/components/alerts.scss,.scss,15,,,,css,unknown,65,40,shared-style-candidate,False,none,none,none,"Style component for general; review for shared tokens, theme, palette, Tailwind, or global style normalization.",style-score:130,740bfd878cf58641
eae8fd4e403af917ed5d3908,mbarbine__Scripts,style,"style,observability,security",stylesheet,observability,aws-key-dialog,aws-key-dialog,SORT/OpsClick_UI/src/styles/components/aws-key-dialog.scss,.scss,67,,,,css,unknown,75,55,shared-style-candidate,True,none,none,none,"Style component for observability; review for shared tokens, theme, palette, Tailwind, or global style normalization.",style-score:130 | observability-score:55 | security-score:55,6da223c1b2702023
1dc50cc707cb7f257ff9866b,mbarbine__Scripts,style,"style,observability",stylesheet,observability,feature-request,feature-request,SORT/OpsClick_UI/src/styles/components/feature-request.scss,.scss,113,,,,css,unknown,75,55,shared-style-candidate,True,none,none,none,"Style component for observability; review for shared tokens, theme, palette, Tailwind, or global style normalization.",style-score:130 | observability-score:55,c30448cd4bace989
a85a9ded1be9512fe8bb47db,mbarbine__Scripts,style,style,stylesheet,analytics,main-navigation,main-navigation,SORT/OpsClick_UI/src/styles/components/main-navigation.scss,.scss,116,,,,css,unknown,65,40,shared-style-candidate,True,none,none,none,"Style component for analytics; review for shared tokens, theme, palette, Tailwind, or global style normalization.",style-score:130,d66bce04d9ef83b2
ac3ffd31a353198182ad821b,mbarbine__Scripts,style,style,stylesheet,general,forgot-password,forgot-password,SORT/OpsClick_UI/src/styles/pages/forgot-password.scss,.scss,17,,,,css,unknown,55,40,shared-style-candidate,True,none,none,none,"Style component for general; review for shared tokens, theme, palette, Tailwind, or global style normalization.",style-score:130,c798d06fcc5b0b45
05ecea83ddaeabb19729dbae,mbarbine__Scripts,style,"style,automation",stylesheet,workflow,jobs,jobs,SORT/OpsClick_UI/src/styles/pages/jobs.scss,.scss,112,,,,css,unknown,65,40,shared-style-candidate,True,none,secondary,none,"Style component for workflow; review for shared tokens, theme, palette, Tailwind, or global style normalization.",style-score:130 | automation-score:50,7195869d000510fc
fac3c283b737bba7dafd5047,mbarbine__Scripts,style,style,stylesheet,commerce,dashboard,dashboard,SORT/OpsClick_UI/src/styles/pages/dashboard.scss,.scss,44,,,,css,unknown,55,40,shared-style-candidate,True,none,none,none,"Style component for commerce; review for shared tokens, theme, palette, Tailwind, or global style normalization.",style-score:130,287b708305c25678
c1c67526e1b49b6e803d8af5,mbarbine__Scripts,style,"style,observability",stylesheet,observability,login,login,SORT/OpsClick_UI/src/styles/pages/login.scss,.scss,196,,,,css,unknown,65,55,shared-style-candidate,True,none,none,none,"Style component for observability; review for shared tokens, theme, palette, Tailwind, or global style normalization.",style-score:130 | observability-score:55,12d9cab901beae0e
7b2a20e0185db05b5ec6c21f,mbarbine__Scripts,style,style,stylesheet,general,recover-password,recover-password,SORT/OpsClick_UI/src/styles/pages/recover-password.scss,.scss,17,,,,css,unknown,55,40,shared-style-candidate,True,none,none,none,"Style component for general; review for shared tokens, theme, palette, Tailwind, or global style normalization.",style-score:130,f0511339fcc12b58
8a6a456405f3b5b1a0fd479e,mbarbine__Scripts,style,"style,security",stylesheet,commerce,config,config,SORT/OpsClick_UI/src/styles/pages/config.scss,.scss,124,,,,css,unknown,65,40,shared-style-candidate,True,none,none,none,"Style component for commerce; review for shared tokens, theme, palette, Tailwind, or global style normalization.",style-score:130 | security-score:55,c6a304000437936d
5fcaf8604290a7c49ec4cc3a,mbarbine__Scripts,style,style,stylesheet,general,md-table-list,md-table-list,SORT/OpsClick_UI/src/styles/pages/md-table-list.scss,.scss,45,,,,css,unknown,55,40,shared-style-candidate,False,none,none,none,"Style component for general; review for shared tokens, theme, palette, Tailwind, or global style normalization.",style-score:130,0df4eb7937240041
ac265dc31c53f48109cfa58f,mbarbine__Scripts,style,"style,automation",stylesheet,workflow,job-details,job-details,SORT/OpsClick_UI/src/styles/pages/job-details.scss,.scss,61,,,,css,unknown,65,40,shared-style-candidate,True,none,secondary,none,"Style component for workflow; review for shared tokens, theme, palette, Tailwind, or global style normalization.",style-score:130 | automation-score:50,4ecf85b700540f20
c031a1993d0c9870d5970991,mbarbine__Scripts,style,"style,automation",stylesheet,discovery,application,application,svs-automation/svs-rails-app/app/assets/stylesheets/application.scss,.scss,15,,,,next-react,unknown,75,55,shared-style-candidate,True,none,secondary,none,"Style component for discovery; review for shared tokens, theme, palette, Tailwind, or global style normalization.",style-score:130 | automation-score:50,27e9cbbb681563ad
ca7269ebdcccebfb03f25468,mbarbine__Scripts,style,"style,automation",stylesheet,workflow,unmapped_user,unmapped-user,svs-automation/svs-rails-app/app/assets/stylesheets/unmapped_user.scss,.scss,3,,,,next-react,unknown,70,35,shared-style-candidate,True,none,secondary,none,"Style component for workflow; review for shared tokens, theme, palette, Tailwind, or global style normalization.",style-score:130 | automation-score:50,8bdcf70e4833fdf6
aec18f297b4b0a0f3f8b2798,mbarbine__Scripts,style,"style,automation",stylesheet,workflow,myuscis,myuscis,svs-automation/svs-rails-app/app/assets/stylesheets/myuscis.scss,.scss,526,,,,next-react,unknown,75,25,shared-style-candidate,True,none,secondary,none,"Style component for workflow; review for shared tokens, theme, palette, Tailwind, or global style normalization.",style-score:130 | automation-score:50,ac64a6fe7bc6db8b
b970bb6472446f54e74309cb,mbarbine__Scripts,style,"style,automation",stylesheet,auth-and-keys,sessions,sessions,svs-automation/svs-rails-app/app/assets/stylesheets/sessions.scss,.scss,3,,,,next-react,unknown,70,50,shared-style-candidate,True,none,secondary,none,"Style component for auth-and-keys; review for shared tokens, theme, palette, Tailwind, or global style normalization.",style-score:130 | automation-score:50,57676a9e5efcce6d
f565636e4ffcfb960cf95d1c,mbarbine__Scripts,style,"style,automation",stylesheet,workflow,everify_search,everify-search,svs-automation/svs-rails-app/app/assets/stylesheets/everify_search.scss,.scss,3,,,,next-react,unknown,70,35,shared-style-candidate,True,none,secondary,none,"Style component for workflow; review for shared tokens, theme, palette, Tailwind, or global style normalization.",style-score:130 | automation-score:50,687549897802204e
f75ed0e6614000b71bec3784,mbarbine__Scripts,style,"style,automation",stylesheet,workflow,scaffolds,scaffolds,svs-automation/svs-vis-mock/app/assets/stylesheets/scaffolds.scss,.scss,73,,,,next-react,unknown,75,40,shared-style-candidate,True,none,secondary,none,"Style component for workflow; review for shared tokens, theme, palette, Tailwind, or global style normalization.",style-score:130 | automation-score:50,e26487b4dccc3c5d
f8d5bb3d46721f51ddacc524,mbarbine__Scripts,style,"style,automation",stylesheet,discovery,application,application,svs-automation/svs-vis-mock/app/assets/stylesheets/application.css,.css,15,,,,next-react,unknown,75,55,shared-style-candidate,True,none,secondary,none,"Style component for discovery; review for shared tokens, theme, palette, Tailwind, or global style normalization.",style-score:130 | automation-score:50,d1b0c48d409cf1ce
dde37494cb14bed54e019704,mbarbine__Scripts,style,"style,automation",stylesheet,workflow,users,users,svs-automation/svs-vis-mock/app/assets/stylesheets/users.scss,.scss,3,,,,next-react,unknown,70,35,shared-style-candidate,True,none,secondary,none,"Style component for workflow; review for shared tokens, theme, palette, Tailwind, or global style normalization.",style-score:130 | automation-score:50,7bb1bc95572e6fff
623741f47c0287f059b02454,mbarbine__Scripts,style,"style,automation",stylesheet,workflow,ver_cases,ver-cases,svs-automation/svs-vis-mock/app/assets/stylesheets/ver_cases.scss,.scss,3,,,,next-react,unknown,70,35,shared-style-candidate,True,none,secondary,none,"Style component for workflow; review for shared tokens, theme, palette, Tailwind, or global style normalization.",style-score:130 | automation-score:50,298158fb22954a0d
d9493e6351b937d06e6ebfab,mbarbine__Scripts,style,"style,automation,process",stylesheet,workflow,application,application,svs-automation/style-guide/app/assets/stylesheets/svs_style_guide/application.scss,.scss,1,,,,next-react,unknown,70,35,shared-style-candidate,True,secondary,secondary,none,"Style component for workflow; review for shared tokens, theme, palette, Tailwind, or global style normalization.",style-score:130 | automation-score:50 | process-score:45,bedd12cb830b1acd
cd32bcb19203f4ed586355b0,mbarbine__Scripts,style,"style,observability,automation,process",stylesheet,editor,all,all,svs-automation/style-guide/app/assets/stylesheets/svs_style_guide/all.scss,.scss,58,,,,next-react,unknown,75,40,shared-style-candidate,True,secondary,secondary,none,"Style component for editor; review for shared tokens, theme, palette, Tailwind, or global style normalization.",style-score:130 | observability-score:55 | automation-score:50 | process-score:45,1397a50016b7e67b
e68b2786345162a65f4c2e1e,mbarbine__Scripts,style,"style,automation,process",stylesheet,workflow,google-fonts,google-fonts,svs-automation/style-guide/app/assets/stylesheets/svs_style_guide/google-fonts.css,.css,102,,,,next-react,unknown,75,40,shared-style-candidate,True,secondary,secondary,none,"Style component for workflow; review for shared tokens, theme, palette, Tailwind, or global style normalization.",style-score:130 | automation-score:50 | process-score:45,8f6faaefa870942f
abfafefb1990ad52299066ea,mbarbine__Scripts,style,"style,automation,process",stylesheet,editor,normalize.min,normalize-min,svs-automation/style-guide/app/assets/stylesheets/svs_style_guide/normalize.min.css,.css,1,,,,next-react,unknown,70,35,shared-style-candidate,True,secondary,secondary,none,"Style component for editor; review for shared tokens, theme, palette, Tailwind, or global style normalization.",style-score:130 | automation-score:50 | process-score:45,560c452163a84c19
c7b8521da608528f1905ad7c,mbarbine__Scripts,style,"style,automation,logic,process",stylesheet,workflow,_grid-settings,grid-settings,svs-automation/style-guide/app/assets/stylesheets/svs_style_guide/_scss/usstyleguide/core/_grid-settings.scss,.scss,10,,,,next-react,unknown,70,40,shared-style-candidate,True,secondary,secondary,secondary,"Style component for workflow; review for shared tokens, theme, palette, Tailwind, or global style normalization.",style-score:130 | automation-score:50 | logic-score:45 | process-score:45,a575b11dcb57da67
2c9635f191a809ca6762cacc,mbarbine__Scripts,style,"style,automation,logic,process",stylesheet,workflow,_variables,variables,svs-automation/style-guide/app/assets/stylesheets/svs_style_guide/_scss/usstyleguide/core/_variables.scss,.scss,89,,,,next-react,unknown,75,40,shared-style-candidate,True,secondary,secondary,secondary,"Style component for workflow; review for shared tokens, theme, palette, Tailwind, or global style normalization.",style-score:130 | automation-score:50 | logic-score:45 | process-score:45,0805571d6d5e3cfc
03bd5906758659cf073743f4,mbarbine__Scripts,style,"style,automation,logic,process",stylesheet,workflow,_utilities,utilities,svs-automation/style-guide/app/assets/stylesheets/svs_style_guide/_scss/usstyleguide/core/_utilities.scss,.scss,105,,,,next-react,unknown,75,40,shared-style-candidate,True,secondary,secondary,secondary,"Style component for workflow; review for shared tokens, theme, palette, Tailwind, or global style normalization.",style-score:130 | automation-score:50 | logic-score:45 | process-score:45,581e9aa64d620f07
5894daae0ffb701f7e9b0234,mbarbine__Scripts,style,"style,automation,logic,process",stylesheet,workflow,_defaults,defaults,svs-automation/style-guide/app/assets/stylesheets/svs_style_guide/_scss/usstyleguide/core/_defaults.scss,.scss,92,,,,next-react,unknown,75,40,shared-style-candidate,True,secondary,secondary,secondary,"Style component for workflow; review for shared tokens, theme, palette, Tailwind, or global style normalization.",style-score:130 | automation-score:50 | logic-score:45 | process-score:45,36a9f562623be3c6
14740ec30fc2cb52623a0915,mbarbine__Scripts,style,"style,observability,automation,logic,process",stylesheet,observability,_grid,grid,svs-automation/style-guide/app/assets/stylesheets/svs_style_guide/_scss/usstyleguide/core/_grid.scss,.scss,116,,,,next-react,unknown,75,55,shared-style-candidate,True,secondary,secondary,secondary,"Style component for observability; review for shared tokens, theme, palette, Tailwind, or global style normalization.",style-score:130 | observability-score:55 | automation-score:50 | logic-score:45 | process-score:45,c60f307439277e85
53bec160818c9ddd8f732a53,mbarbine__Scripts,style,"style,logic,automation,process,ai",stylesheet,workflow,_base,base,svs-automation/style-guide/app/assets/stylesheets/svs_style_guide/_scss/usstyleguide/core/_base.scss,.scss,32,,,,next-react,unknown,75,40,shared-style-candidate,True,secondary,secondary,secondary,"Style component for workflow; review for shared tokens, theme, palette, Tailwind, or global style normalization.",style-score:130 | logic-score:70 | automation-score:50 | process-score:45 | ai-score:45,9cbf9227521ae8f4
ea624b438cc49e3ab5c28139,mbarbine__Scripts,style,"style,automation,process",stylesheet,workflow,_sidenav,sidenav,svs-automation/style-guide/app/assets/stylesheets/svs_style_guide/_scss/usstyleguide/components/_sidenav.scss,.scss,73,,,,next-react,unknown,75,40,shared-style-candidate,True,secondary,secondary,none,"Style component for workflow; review for shared tokens, theme, palette, Tailwind, or global style normalization.",style-score:130 | automation-score:50 | process-score:45,c22fbd53b5f900e4
1681d291214b0bfed2547bf1,mbarbine__Scripts,style,"style,process,automation",stylesheet,workflow,_forms,forms,svs-automation/style-guide/app/assets/stylesheets/svs_style_guide/_scss/usstyleguide/components/_forms.scss,.scss,179,,,,next-react,unknown,75,40,shared-style-candidate,True,secondary,secondary,none,"Style component for workflow; review for shared tokens, theme, palette, Tailwind, or global style normalization.",style-score:130 | process-score:80 | automation-score:50,41aed1b4662ff943
c9a9252b285286e235dafedf,mbarbine__Scripts,style,"style,automation,process",stylesheet,workflow,_search,search,svs-automation/style-guide/app/assets/stylesheets/svs_style_guide/_scss/usstyleguide/components/_search.scss,.scss,101,,,,next-react,unknown,75,40,shared-style-candidate,True,secondary,secondary,none,"Style component for workflow; review for shared tokens, theme, palette, Tailwind, or global style normalization.",style-score:130 | automation-score:50 | process-score:45,5f18e90cfd5b4cc7
59f2910e4cc10cb51354606f,mbarbine__Scripts,style,"style,observability,automation,process",stylesheet,observability,_footer,footer,svs-automation/style-guide/app/assets/stylesheets/svs_style_guide/_scss/usstyleguide/components/_footer.scss,.scss,292,,,,next-react,unknown,75,50,shared-style-candidate,True,secondary,secondary,none,"Style component for observability; review for shared tokens, theme, palette, Tailwind, or global style normalization.",style-score:130 | observability-score:55 | automation-score:50 | process-score:45,1fce6fcb8b3bb517
b07ee4f1482c7d0751699e3f,mbarbine__Scripts,style,"style,automation,process",stylesheet,workflow,_accordions,accordions,svs-automation/style-guide/app/assets/stylesheets/svs_style_guide/_scss/usstyleguide/components/_accordions.scss,.scss,95,,,,next-react,unknown,75,40,shared-style-candidate,True,secondary,secondary,none,"Style component for workflow; review for shared tokens, theme, palette, Tailwind, or global style normalization.",style-score:130 | automation-score:50 | process-score:45,ba56c809bd91ec0f
4b7b194ffd99f60703faa678,mbarbine__Scripts,style,"style,automation,process",stylesheet,editor,_skipnav,skipnav,svs-automation/style-guide/app/assets/stylesheets/svs_style_guide/_scss/usstyleguide/components/_skipnav.scss,.scss,24,,,,next-react,unknown,75,40,shared-style-candidate,True,secondary,secondary,none,"Style component for editor; review for shared tokens, theme, palette, Tailwind, or global style normalization.",style-score:130 | automation-score:50 | process-score:45,f535033750b8a708
c0b8f814694552ef43a6f023,mbarbine__Scripts,style,"style,automation,process",stylesheet,workflow,_disclaimer,disclaimer,svs-automation/style-guide/app/assets/stylesheets/svs_style_guide/_scss/usstyleguide/components/_disclaimer.scss,.scss,25,,,,next-react,unknown,75,40,shared-style-candidate,True,secondary,secondary,none,"Style component for workflow; review for shared tokens, theme, palette, Tailwind, or global style normalization.",style-score:130 | automation-score:50 | process-score:45,f70f5765703b55f1
f98f54e1e9dc298df74232e9,mbarbine__Scripts,style,"style,automation,process",stylesheet,workflow,_alerts,alerts,svs-automation/style-guide/app/assets/stylesheets/svs_style_guide/_scss/usstyleguide/components/_alerts.scss,.scss,78,,,,next-react,unknown,75,40,shared-style-candidate,True,secondary,secondary,none,"Style component for workflow; review for shared tokens, theme, palette, Tailwind, or global style normalization.",style-score:130 | automation-score:50 | process-score:45,8ae3b3632c389508
b895a6d7093f52951188641b,mbarbine__Scripts,style,"style,observability,automation,process",stylesheet,observability,_typography,typography,svs-automation/style-guide/app/assets/stylesheets/svs_style_guide/_scss/usstyleguide/elements/_typography.scss,.scss,220,,,,next-react,unknown,75,50,shared-style-candidate,True,secondary,secondary,none,"Style component for observability; review for shared tokens, theme, palette, Tailwind, or global style normalization.",style-score:130 | observability-score:55 | automation-score:50 | process-score:45,96b3fbbcfea81a41
58f7943b2ecd96cfab26ea67,mbarbine__Scripts,style,"style,automation,process",stylesheet,workflow,_figure,figure,svs-automation/style-guide/app/assets/stylesheets/svs_style_guide/_scss/usstyleguide/elements/_figure.scss,.scss,3,,,,next-react,unknown,70,35,shared-style-candidate,True,secondary,secondary,none,"Style component for workflow; review for shared tokens, theme, palette, Tailwind, or global style normalization.",style-score:130 | automation-score:50 | process-score:45,0e518e4d81f75c6e
f51d503ebcc50e7c4d10e2e9,mbarbine__Scripts,style,"style,automation,process",stylesheet,editor,_inputs,inputs,svs-automation/style-guide/app/assets/stylesheets/svs_style_guide/_scss/usstyleguide/elements/_inputs.scss,.scss,320,,,,next-react,unknown,75,35,shared-style-candidate,True,secondary,secondary,none,"Style component for editor; review for shared tokens, theme, palette, Tailwind, or global style normalization.",style-score:130 | automation-score:50 | process-score:45,6bbb83994c23ab21
37d12fd46067b2d3416a9cd7,mbarbine__Scripts,style,"style,ui,automation,process",ui-primitive,workflow,_table,table,svs-automation/style-guide/app/assets/stylesheets/svs_style_guide/_scss/usstyleguide/elements/_table.scss,.scss,39,,,,next-react,unknown,75,65,shared-style-candidate,True,secondary,secondary,none,"Style component for workflow; review for shared tokens, theme, palette, Tailwind, or global style normalization.",style-score:130 | ui-score:70 | automation-score:50 | process-score:45,31275095c0833982
3d7c99c0fb8f2a8909175516,mbarbine__Scripts,style,"style,automation,process",stylesheet,editor,_buttons,buttons,svs-automation/style-guide/app/assets/stylesheets/svs_style_guide/_scss/usstyleguide/elements/_buttons.scss,.scss,190,,,,next-react,unknown,75,40,shared-style-candidate,True,secondary,secondary,none,"Style component for editor; review for shared tokens, theme, palette, Tailwind, or global style normalization.",style-score:130 | automation-score:50 | process-score:45,13758c62b558580c
b18dc54de7501fc85496af02,mbarbine__Scripts,style,"style,automation,process",stylesheet,workflow,_list,list,svs-automation/style-guide/app/assets/stylesheets/svs_style_guide/_scss/usstyleguide/elements/_list.scss,.scss,82,,,,next-react,unknown,75,40,shared-style-candidate,True,secondary,secondary,none,"Style component for workflow; review for shared tokens, theme, palette, Tailwind, or global style normalization.",style-score:130 | automation-score:50 | process-score:45,e36f939673658212
869895d640faf837cf1c1c10,mbarbine__Scripts,style,"style,automation,process",stylesheet,workflow,_labels,labels,svs-automation/style-guide/app/assets/stylesheets/svs_style_guide/_scss/usstyleguide/elements/_labels.scss,.scss,39,,,,next-react,unknown,75,40,shared-style-candidate,True,secondary,secondary,none,"Style component for workflow; review for shared tokens, theme, palette, Tailwind, or global style normalization.",style-score:130 | automation-score:50 | process-score:45,4af3388d488e5e1f
ab2b87b650062aeadd9d7764,mbarbine__Scripts,style,"style,logic,automation,process",stylesheet,editor,_normalize,normalize,svs-automation/style-guide/app/assets/stylesheets/svs_style_guide/_scss/usstyleguide/lib/_normalize.scss,.scss,427,,,,next-react,unknown,75,35,shared-style-candidate,True,secondary,secondary,secondary,"Style component for editor; review for shared tokens, theme, palette, Tailwind, or global style normalization.",style-score:130 | logic-score:70 | automation-score:50 | process-score:45,f4d7e8250f8f124f
035b0d6ebb27d900b39633ca,mbarbine__Scripts,style,"style,logic,security,automation,process",stylesheet,workflow,_bourbon,bourbon,svs-automation/style-guide/app/assets/stylesheets/svs_style_guide/_scss/usstyleguide/lib/bourbon/_bourbon.scss,.scss,87,,,,next-react,unknown,75,40,shared-style-candidate,True,secondary,secondary,secondary,"Style component for workflow; review for shared tokens, theme, palette, Tailwind, or global style normalization.",style-score:130 | logic-score:70 | security-score:55 | automation-score:50 | process-score:45,e5c8977f412b3ea4
b102de18da614a625ecbc0ff,mbarbine__Scripts,style,"style,logic,automation,process",stylesheet,workflow,_bourbon-deprecated-upcoming,bourbon-deprecated-upcoming,svs-automation/style-guide/app/assets/stylesheets/svs_style_guide/_scss/usstyleguide/lib/bourbon/_bourbon-deprecated-upcoming.scss,.scss,411,,,,next-react,unknown,75,35,shared-style-candidate,True,secondary,secondary,secondary,"Style component for workflow; review for shared tokens, theme, palette, Tailwind, or global style normalization.",style-score:130 | logic-score:70 | automation-score:50 | process-score:45,d43a961800347b17
2026c96a175be5a91d4dc7a2,mbarbine__Scripts,style,"style,automation,logic,process",stylesheet,workflow,_prefixer,prefixer,svs-automation/style-guide/app/assets/stylesheets/svs_style_guide/_scss/usstyleguide/lib/bourbon/settings/_prefixer.scss,.scss,9,,,,next-react,unknown,70,35,shared-style-candidate,True,secondary,secondary,secondary,"Style component for workflow; review for shared tokens, theme, palette, Tailwind, or global style normalization.",style-score:130 | automation-score:50 | logic-score:45 | process-score:45,f4aff0c23575c27d
031a967ff77c10edd41f9196,mbarbine__Scripts,style,"style,logic,automation,process",stylesheet,workflow,_asset-pipeline,asset-pipeline,svs-automation/style-guide/app/assets/stylesheets/svs_style_guide/_scss/usstyleguide/lib/bourbon/settings/_asset-pipeline.scss,.scss,7,,,,next-react,unknown,70,35,shared-style-candidate,True,secondary,secondary,secondary,"Style component for workflow; review for shared tokens, theme, palette, Tailwind, or global style normalization.",style-score:130 | logic-score:70 | automation-score:50 | process-score:45,79bec0e83c8de695
26f2265808703b5ad3383b0b,mbarbine__Scripts,style,"style,automation,logic,process",stylesheet,workflow,_px-to-em,px-to-em,svs-automation/style-guide/app/assets/stylesheets/svs_style_guide/_scss/usstyleguide/lib/bourbon/settings/_px-to-em.scss,.scss,1,,,,next-react,unknown,70,35,shared-style-candidate,True,secondary,secondary,secondary,"Style component for workflow; review for shared tokens, theme, palette, Tailwind, or global style normalization.",style-score:130 | automation-score:50 | logic-score:45 | process-score:45,d6fa6d254babb982
b46dc0d40ea78529907c7560,mbarbine__Scripts,style,"style,automation,logic,process",stylesheet,workflow,_border-color,border-color,svs-automation/style-guide/app/assets/stylesheets/svs_style_guide/_scss/usstyleguide/lib/bourbon/addons/_border-color.scss,.scss,26,,,,next-react,unknown,75,40,shared-style-candidate,True,secondary,secondary,secondary,"Style component for workflow; review for shared tokens, theme, palette, Tailwind, or global style normalization.",style-score:130 | automation-score:50 | logic-score:45 | process-score:45,973b55a8ef9c4d74
042901dc5cf20798182b4171,mbarbine__Scripts,style,"style,automation,logic,process",stylesheet,workflow,_border-width,border-width,svs-automation/style-guide/app/assets/stylesheets/svs_style_guide/_scss/usstyleguide/lib/bourbon/addons/_border-width.scss,.scss,25,,,,next-react,unknown,75,40,shared-style-candidate,True,secondary,secondary,secondary,"Style component for workflow; review for shared tokens, theme, palette, Tailwind, or global style normalization.",style-score:130 | automation-score:50 | logic-score:45 | process-score:45,91794c6b7291e10e
20fd8327855bfe04d3cefbf9,mbarbine__Scripts,style,"style,automation,logic,process",stylesheet,workflow,_word-wrap,word-wrap,svs-automation/style-guide/app/assets/stylesheets/svs_style_guide/_scss/usstyleguide/lib/bourbon/addons/_word-wrap.scss,.scss,29,,,,next-react,unknown,75,40,shared-style-candidate,True,secondary,secondary,secondary,"Style component for workflow; review for shared tokens, theme, palette, Tailwind, or global style normalization.",style-score:130 | automation-score:50 | logic-score:45 | process-score:45,ed1233d8678a54e9
f6fe0c307c4ccd90bda568f7,mbarbine__Scripts,style,"style,automation,logic,process",stylesheet,workflow,_retina-image,retina-image,svs-automation/style-guide/app/assets/stylesheets/svs_style_guide/_scss/usstyleguide/lib/bourbon/addons/_retina-image.scss,.scss,25,,,,next-react,unknown,75,40,shared-style-candidate,True,secondary,secondary,secondary,"Style component for workflow; review for shared tokens, theme, palette, Tailwind, or global style normalization.",style-score:130 | automation-score:50 | logic-score:45 | process-score:45,00480ad664624b36
c24358bd538a372117cea8cb,mbarbine__Scripts,style,"style,automation,logic,process",stylesheet,workflow,_triangle,triangle,svs-automation/style-guide/app/assets/stylesheets/svs_style_guide/_scss/usstyleguide/lib/bourbon/addons/_triangle.scss,.scss,63,,,,next-react,unknown,75,40,shared-style-candidate,True,secondary,secondary,secondary,"Style component for workflow; review for shared tokens, theme, palette, Tailwind, or global style normalization.",style-score:130 | automation-score:50 | logic-score:45 | process-score:45,49d48a936e856fbf
c0b1e2f4935bdb0be2fc4fe6,mbarbine__Scripts,style,"style,automation,logic,process",stylesheet,workflow,_hide-text,hide-text,svs-automation/style-guide/app/assets/stylesheets/svs_style_guide/_scss/usstyleguide/lib/bourbon/addons/_hide-text.scss,.scss,27,,,,next-react,unknown,75,40,shared-style-candidate,True,secondary,secondary,secondary,"Style component for workflow; review for shared tokens, theme, palette, Tailwind, or global style normalization.",style-score:130 | automation-score:50 | logic-score:45 | process-score:45,d9da6e0994d08a5d
ce9ff5bc57f8aa8d77d3da4a,mbarbine__Scripts,style,"style,automation,logic,process",stylesheet,workflow,_border-style,border-style,svs-automation/style-guide/app/assets/stylesheets/svs_style_guide/_scss/usstyleguide/lib/bourbon/addons/_border-style.scss,.scss,25,,,,next-react,unknown,75,40,shared-style-candidate,True,secondary,secondary,secondary,"Style component for workflow; review for shared tokens, theme, palette, Tailwind, or global style normalization.",style-score:130 | automation-score:50 | logic-score:45 | process-score:45,a7c815ffb76011cc
81fd4919b5c8ff29886e67c4,mbarbine__Scripts,style,"style,logic,automation,process",stylesheet,workflow,_text-inputs,text-inputs,svs-automation/style-guide/app/assets/stylesheets/svs_style_guide/_scss/usstyleguide/lib/bourbon/addons/_text-inputs.scss,.scss,112,,,,next-react,unknown,75,40,shared-style-candidate,True,secondary,secondary,secondary,"Style component for workflow; review for shared tokens, theme, palette, Tailwind, or global style normalization.",style-score:130 | logic-score:70 | automation-score:50 | process-score:45,35e69f77111b7fec
a71a5b508f225c8304771e46,mbarbine__Scripts,style,"style,automation,logic,process",stylesheet,workflow,_ellipsis,ellipsis,svs-automation/style-guide/app/assets/stylesheets/svs_style_guide/_scss/usstyleguide/lib/bourbon/addons/_ellipsis.scss,.scss,30,,,,next-react,unknown,75,40,shared-style-candidate,True,secondary,secondary,secondary,"Style component for workflow; review for shared tokens, theme, palette, Tailwind, or global style normalization.",style-score:130 | automation-score:50 | logic-score:45 | process-score:45,b787408b987c2cd4
f444875befcf351e9be3a426,mbarbine__Scripts,style,"style,logic,automation,process",stylesheet,workflow,_buttons,buttons,svs-automation/style-guide/app/assets/stylesheets/svs_style_guide/_scss/usstyleguide/lib/bourbon/addons/_buttons.scss,.scss,64,,,,next-react,unknown,75,40,shared-style-candidate,True,secondary,secondary,secondary,"Style component for workflow; review for shared tokens, theme, palette, Tailwind, or global style normalization.",style-score:130 | logic-score:70 | automation-score:50 | process-score:45,f812ad86130387d7
ce3e7f0ae05cd7f102774b91,mbarbine__Scripts,style,"style,automation,logic,process",stylesheet,workflow,_prefixer,prefixer,svs-automation/style-guide/app/assets/stylesheets/svs_style_guide/_scss/usstyleguide/lib/bourbon/addons/_prefixer.scss,.scss,66,,,,next-react,unknown,75,40,shared-style-candidate,True,secondary,secondary,secondary,"Style component for workflow; review for shared tokens, theme, palette, Tailwind, or global style normalization.",style-score:130 | automation-score:50 | logic-score:45 | process-score:45,dc1a87f24e837478
639ef5e37122494c4aa81182,mbarbine__Scripts,style,"style,automation,logic,process",stylesheet,workflow,_margin,margin,svs-automation/style-guide/app/assets/stylesheets/svs_style_guide/_scss/usstyleguide/lib/bourbon/addons/_margin.scss,.scss,26,,,,next-react,unknown,75,40,shared-style-candidate,True,secondary,secondary,secondary,"Style component for workflow; review for shared tokens, theme, palette, Tailwind, or global style normalization.",style-score:130 | automation-score:50 | logic-score:45 | process-score:45,ddb154993c32670f
45cb605a5137f5d6952c56c8,mbarbine__Scripts,style,"style,automation,logic,process",stylesheet,workflow,_clearfix,clearfix,svs-automation/style-guide/app/assets/stylesheets/svs_style_guide/_scss/usstyleguide/lib/bourbon/addons/_clearfix.scss,.scss,25,,,,next-react,unknown,75,40,shared-style-candidate,True,secondary,secondary,secondary,"Style component for workflow; review for shared tokens, theme, palette, Tailwind, or global style normalization.",style-score:130 | automation-score:50 | logic-score:45 | process-score:45,c5f3950a0287f465
334d7429022c431b5f490c51,mbarbine__Scripts,style,"style,logic,automation,process",stylesheet,workflow,_timing-functions,timing-functions,svs-automation/style-guide/app/assets/stylesheets/svs_style_guide/_scss/usstyleguide/lib/bourbon/addons/_timing-functions.scss,.scss,34,,,,next-react,unknown,75,40,shared-style-candidate,True,secondary,secondary,secondary,"Style component for workflow; review for shared tokens, theme, palette, Tailwind, or global style normalization.",style-score:130 | logic-score:70 | automation-score:50 | process-score:45,7fd6c314de1717d8
8faa9af4809a539c851acca8,mbarbine__Scripts,style,"style,automation,logic,process",stylesheet,workflow,_border-radius,border-radius,svs-automation/style-guide/app/assets/stylesheets/svs_style_guide/_scss/usstyleguide/lib/bourbon/addons/_border-radius.scss,.scss,48,,,,next-react,unknown,75,40,shared-style-candidate,True,secondary,secondary,secondary,"Style component for workflow; review for shared tokens, theme, palette, Tailwind, or global style normalization.",style-score:130 | automation-score:50 | logic-score:45 | process-score:45,bf712e1774e7fa37
9e418e82ff59ddbf480f1567,mbarbine__Scripts,style,"style,automation,logic,process",stylesheet,workflow,_size,size,svs-automation/style-guide/app/assets/stylesheets/svs_style_guide/_scss/usstyleguide/lib/bourbon/addons/_size.scss,.scss,51,,,,next-react,unknown,75,40,shared-style-candidate,True,secondary,secondary,secondary,"Style component for workflow; review for shared tokens, theme, palette, Tailwind, or global style normalization.",style-score:130 | automation-score:50 | logic-score:45 | process-score:45,9c3dc160886a7b4e
597e6714c48e63767593242b,mbarbine__Scripts,style,"style,logic,automation,process",stylesheet,workflow,_font-stacks,font-stacks,svs-automation/style-guide/app/assets/stylesheets/svs_style_guide/_scss/usstyleguide/lib/bourbon/addons/_font-stacks.scss,.scss,31,,,,next-react,unknown,75,40,shared-style-candidate,True,secondary,secondary,secondary,"Style component for workflow; review for shared tokens, theme, palette, Tailwind, or global style normalization.",style-score:130 | logic-score:70 | automation-score:50 | process-score:45,d561223b38a84db3
e707b2530ae4b28706a76f54,mbarbine__Scripts,style,"style,automation,logic,process",stylesheet,workflow,_position,position,svs-automation/style-guide/app/assets/stylesheets/svs_style_guide/_scss/usstyleguide/lib/bourbon/addons/_position.scss,.scss,48,,,,next-react,unknown,75,40,shared-style-candidate,True,secondary,secondary,secondary,"Style component for workflow; review for shared tokens, theme, palette, Tailwind, or global style normalization.",style-score:130 | automation-score:50 | logic-score:45 | process-score:45,8223197a434c5f61
914b6eaa3cab627ecb5e765b,mbarbine__Scripts,style,"style,automation,logic,process",stylesheet,workflow,_padding,padding,svs-automation/style-guide/app/assets/stylesheets/svs_style_guide/_scss/usstyleguide/lib/bourbon/addons/_padding.scss,.scss,26,,,,next-react,unknown,75,40,shared-style-candidate,True,secondary,secondary,secondary,"Style component for workflow; review for shared tokens, theme, palette, Tailwind, or global style normalization.",style-score:130 | automation-score:50 | logic-score:45 | process-score:45,b4769bc50f555a4a
c7a2b44dbf3985579042f952,mbarbine__Scripts,style,"style,automation,logic,process",stylesheet,discovery,_is-light,is-light,svs-automation/style-guide/app/assets/stylesheets/svs_style_guide/_scss/usstyleguide/lib/bourbon/functions/_is-light.scss,.scss,21,,,,next-react,unknown,75,55,shared-style-candidate,True,secondary,secondary,secondary,"Style component for discovery; review for shared tokens, theme, palette, Tailwind, or global style normalization.",style-score:130 | automation-score:50 | logic-score:45 | process-score:45,344ea342072beccc
4f133f963515cca4af3381f3,mbarbine__Scripts,style,"style,automation,logic,process",stylesheet,workflow,_unpack,unpack,svs-automation/style-guide/app/assets/stylesheets/svs_style_guide/_scss/usstyleguide/lib/bourbon/functions/_unpack.scss,.scss,27,,,,next-react,unknown,75,40,shared-style-candidate,True,secondary,secondary,secondary,"Style component for workflow; review for shared tokens, theme, palette, Tailwind, or global style normalization.",style-score:130 | automation-score:50 | logic-score:45 | process-score:45,e03ab479863a6615
5a9fefb9eb228278893055ed,mbarbine__Scripts,style,"style,automation,logic,process",stylesheet,workflow,_is-length,is-length,svs-automation/style-guide/app/assets/stylesheets/svs_style_guide/_scss/usstyleguide/lib/bourbon/functions/_is-length.scss,.scss,11,,,,next-react,unknown,75,40,shared-style-candidate,True,secondary,secondary,secondary,"Style component for workflow; review for shared tokens, theme, palette, Tailwind, or global style normalization.",style-score:130 | automation-score:50 | logic-score:45 | process-score:45,6421f1bee32b4918
c104c2a0b796c02c83f98e05,mbarbine__Scripts,style,"style,automation,logic,process",stylesheet,workflow,_contains,contains,svs-automation/style-guide/app/assets/stylesheets/svs_style_guide/_scss/usstyleguide/lib/bourbon/functions/_contains.scss,.scss,26,,,,next-react,unknown,75,40,shared-style-candidate,True,secondary,secondary,secondary,"Style component for workflow; review for shared tokens, theme, palette, Tailwind, or global style normalization.",style-score:130 | automation-score:50 | logic-score:45 | process-score:45,112f44c32736bc3b
daf36a8628649fecc0e954e5,mbarbine__Scripts,style,"style,automation,logic,process",stylesheet,workflow,_is-size,is-size,svs-automation/style-guide/app/assets/stylesheets/svs_style_guide/_scss/usstyleguide/lib/bourbon/functions/_is-size.scss,.scss,13,,,,next-react,unknown,75,40,shared-style-candidate,True,secondary,secondary,secondary,"Style component for workflow; review for shared tokens, theme, palette, Tailwind, or global style normalization.",style-score:130 | automation-score:50 | logic-score:45 | process-score:45,e61c877bbba10a0f
b0e5ef514e2afe2785964ff1,mbarbine__Scripts,style,"style,automation,logic,process",stylesheet,workflow,_shade,shade,svs-automation/style-guide/app/assets/stylesheets/svs_style_guide/_scss/usstyleguide/lib/bourbon/functions/_shade.scss,.scss,24,,,,next-react,unknown,75,40,shared-style-candidate,True,secondary,secondary,secondary,"Style component for workflow; review for shared tokens, theme, palette, Tailwind, or global style normalization.",style-score:130 | automation-score:50 | logic-score:45 | process-score:45,6fe447067d40c505
60394f0070a3f4c92ed493bf,mbarbine__Scripts,style,"style,automation,logic,process",stylesheet,workflow,_tint,tint,svs-automation/style-guide/app/assets/stylesheets/svs_style_guide/_scss/usstyleguide/lib/bourbon/functions/_tint.scss,.scss,24,,,,next-react,unknown,75,40,shared-style-candidate,True,secondary,secondary,secondary,"Style component for workflow; review for shared tokens, theme, palette, Tailwind, or global style normalization.",style-score:130 | automation-score:50 | logic-score:45 | process-score:45,aa54e5db85276f32
e912d93958c19b7888d66d4d,mbarbine__Scripts,style,"style,automation,logic,process",stylesheet,workflow,_px-to-rem,px-to-rem,svs-automation/style-guide/app/assets/stylesheets/svs_style_guide/_scss/usstyleguide/lib/bourbon/functions/_px-to-rem.scss,.scss,15,,,,next-react,unknown,75,40,shared-style-candidate,True,secondary,secondary,secondary,"Style component for workflow; review for shared tokens, theme, palette, Tailwind, or global style normalization.",style-score:130 | automation-score:50 | logic-score:45 | process-score:45,8bcb3ad9216db479
2b8c0140cc6750b76d3b80cd,mbarbine__Scripts,style,"style,automation,logic,process",stylesheet,workflow,_assign-inputs,assign-inputs,svs-automation/style-guide/app/assets/stylesheets/svs_style_guide/_scss/usstyleguide/lib/bourbon/functions/_assign-inputs.scss,.scss,11,,,,next-react,unknown,75,40,shared-style-candidate,True,secondary,secondary,secondary,"Style component for workflow; review for shared tokens, theme, palette, Tailwind, or global style normalization.",style-score:130 | automation-score:50 | logic-score:45 | process-score:45,e067744c8de1b313
b66ad65a50cc258ab72a9ca6,mbarbine__Scripts,style,"style,logic,automation,process",stylesheet,workflow,_transition-property-name,transition-property-name,svs-automation/style-guide/app/assets/stylesheets/svs_style_guide/_scss/usstyleguide/lib/bourbon/functions/_transition-property-name.scss,.scss,22,,,,next-react,unknown,75,40,shared-style-candidate,True,secondary,secondary,secondary,"Style component for workflow; review for shared tokens, theme, palette, Tailwind, or global style normalization.",style-score:130 | logic-score:70 | automation-score:50 | process-score:45,4c32ac8909b4bcf5
bdd16c192290da1512caf79d,mbarbine__Scripts,style,"style,automation,logic,process",stylesheet,workflow,_is-number,is-number,svs-automation/style-guide/app/assets/stylesheets/svs_style_guide/_scss/usstyleguide/lib/bourbon/functions/_is-number.scss,.scss,11,,,,next-react,unknown,75,40,shared-style-candidate,True,secondary,secondary,secondary,"Style component for workflow; review for shared tokens, theme, palette, Tailwind, or global style normalization.",style-score:130 | automation-score:50 | logic-score:45 | process-score:45,897e3b6df979d4db
bd4c6dc6515ddf805d98f3cf,mbarbine__Scripts,style,"style,automation,logic,process",stylesheet,analytics,_modular-scale,modular-scale,svs-automation/style-guide/app/assets/stylesheets/svs_style_guide/_scss/usstyleguide/lib/bourbon/functions/_modular-scale.scss,.scss,69,,,,next-react,unknown,75,40,shared-style-candidate,True,secondary,secondary,secondary,"Style component for analytics; review for shared tokens, theme, palette, Tailwind, or global style normalization.",style-score:130 | automation-score:95 | logic-score:45 | process-score:45,7466c8fdd946bc33
1c93aa37f99096a85ded1560,mbarbine__Scripts,style,"style,automation,logic,process",stylesheet,workflow,_contains-falsy,contains-falsy,svs-automation/style-guide/app/assets/stylesheets/svs_style_guide/_scss/usstyleguide/lib/bourbon/functions/_contains-falsy.scss,.scss,20,,,,next-react,unknown,75,40,shared-style-candidate,True,secondary,secondary,secondary,"Style component for workflow; review for shared tokens, theme, palette, Tailwind, or global style normalization.",style-score:130 | automation-score:50 | logic-score:45 | process-score:45,5b8b325798a47ac5
42a563edcd8e2d057ba10ddc,mbarbine__Scripts,style,"style,automation,logic,process",stylesheet,workflow,_px-to-em,px-to-em,svs-automation/style-guide/app/assets/stylesheets/svs_style_guide/_scss/usstyleguide/lib/bourbon/functions/_px-to-em.scss,.scss,13,,,,next-react,unknown,75,40,shared-style-candidate,True,secondary,secondary,secondary,"Style component for workflow; review for shared tokens, theme, palette, Tailwind, or global style normalization.",style-score:130 | automation-score:50 | logic-score:45 | process-score:45,c576b45208d47c19
db97220be3fcf3e69abc88c5,mbarbine__Scripts,style,"style,automation,logic,process",stylesheet,workflow,_strip-units,strip-units,svs-automation/style-guide/app/assets/stylesheets/svs_style_guide/_scss/usstyleguide/lib/bourbon/functions/_strip-units.scss,.scss,17,,,,next-react,unknown,75,40,shared-style-candidate,True,secondary,secondary,secondary,"Style component for workflow; review for shared tokens, theme, palette, Tailwind, or global style normalization.",style-score:130 | automation-score:50 | logic-score:45 | process-score:45,71a064707dc75beb
98b1e8968eb7ab170e9ff50a,mbarbine__Scripts,style,"style,automation,logic,process",stylesheet,workflow,_radial-arg-parser,radial-arg-parser,svs-automation/style-guide/app/assets/stylesheets/svs_style_guide/_scss/usstyleguide/lib/bourbon/helpers/_radial-arg-parser.scss,.scss,69,,,,next-react,unknown,75,40,shared-style-candidate,True,secondary,secondary,secondary,"Style component for workflow; review for shared tokens, theme, palette, Tailwind, or global style normalization.",style-score:130 | automation-score:95 | logic-score:70 | process-score:45,965a63afa429fe61
7f63a48237ed6bff3d913b82,mbarbine__Scripts,style,"style,logic,security,automation,process",stylesheet,workflow,_font-source-declaration,font-source-declaration,svs-automation/style-guide/app/assets/stylesheets/svs_style_guide/_scss/usstyleguide/lib/bourbon/helpers/_font-source-declaration.scss,.scss,43,,,,next-react,unknown,75,40,shared-style-candidate,True,secondary,secondary,secondary,"Style component for workflow; review for shared tokens, theme, palette, Tailwind, or global style normalization.",style-score:130 | logic-score:70 | security-score:55 | automation-score:50 | process-score:45,2de144ac53057533
44f80ebe89cef0bc07600cc0,mbarbine__Scripts,style,"style,logic,automation,process",stylesheet,workflow,_radial-positions-parser,radial-positions-parser,svs-automation/style-guide/app/assets/stylesheets/svs_style_guide/_scss/usstyleguide/lib/bourbon/helpers/_radial-positions-parser.scss,.scss,18,,,,next-react,unknown,75,40,shared-style-candidate,True,secondary,secondary,secondary,"Style component for workflow; review for shared tokens, theme, palette, Tailwind, or global style normalization.",style-score:130 | logic-score:70 | automation-score:50 | process-score:45,fd37d4cdcff0735d
720fabf8a155dd2c28cabaa4,mbarbine__Scripts,style,"style,automation,logic,process",stylesheet,workflow,_str-to-num,str-to-num,svs-automation/style-guide/app/assets/stylesheets/svs_style_guide/_scss/usstyleguide/lib/bourbon/helpers/_str-to-num.scss,.scss,50,,,,next-react,unknown,75,40,shared-style-candidate,True,secondary,secondary,secondary,"Style component for workflow; review for shared tokens, theme, palette, Tailwind, or global style normalization.",style-score:130 | automation-score:95 | logic-score:70 | process-score:45,7ce832631e0b20a9
74bdfe7169e44974ea388d54,mbarbine__Scripts,style,"style,logic,automation,process",stylesheet,workflow,_linear-gradient-parser,linear-gradient-parser,svs-automation/style-guide/app/assets/stylesheets/svs_style_guide/_scss/usstyleguide/lib/bourbon/helpers/_linear-gradient-parser.scss,.scss,41,,,,next-react,unknown,75,40,shared-style-candidate,True,secondary,secondary,secondary,"Style component for workflow; review for shared tokens, theme, palette, Tailwind, or global style normalization.",style-score:130 | logic-score:70 | automation-score:50 | process-score:45,d15ad3d334fbf122
73bd07b64425133e82802878,mbarbine__Scripts,style,"style,logic,automation,process",stylesheet,workflow,_linear-angle-parser,linear-angle-parser,svs-automation/style-guide/app/assets/stylesheets/svs_style_guide/_scss/usstyleguide/lib/bourbon/helpers/_linear-angle-parser.scss,.scss,25,,,,next-react,unknown,75,40,shared-style-candidate,True,secondary,secondary,secondary,"Style component for workflow; review for shared tokens, theme, palette, Tailwind, or global style normalization.",style-score:130 | logic-score:70 | automation-score:50 | process-score:45,668a8f461b46fc24
2e8a021052a64ab2e836e90f,mbarbine__Scripts,style,"style,logic,automation,process",stylesheet,workflow,_gradient-positions-parser,gradient-positions-parser,svs-automation/style-guide/app/assets/stylesheets/svs_style_guide/_scss/usstyleguide/lib/bourbon/helpers/_gradient-positions-parser.scss,.scss,13,,,,next-react,unknown,75,40,shared-style-candidate,True,secondary,secondary,secondary,"Style component for workflow; review for shared tokens, theme, palette, Tailwind, or global style normalization.",style-score:130 | logic-score:70 | automation-score:50 | process-score:45,2785be1a111c19a3
d9a808fab7ea0fbd01812f65,mbarbine__Scripts,style,"style,automation,logic,process",stylesheet,workflow,_shape-size-stripper,shape-size-stripper,svs-automation/style-guide/app/assets/stylesheets/svs_style_guide/_scss/usstyleguide/lib/bourbon/helpers/_shape-size-stripper.scss,.scss,10,,,,next-react,unknown,70,40,shared-style-candidate,True,secondary,secondary,secondary,"Style component for workflow; review for shared tokens, theme, palette, Tailwind, or global style normalization.",style-score:130 | automation-score:50 | logic-score:45 | process-score:45,93e0fc136ba58e9b
f15ac973fa9832d9f8fb9dad,mbarbine__Scripts,style,"style,logic,security,automation,process",stylesheet,workflow,_radial-gradient-parser,radial-gradient-parser,svs-automation/style-guide/app/assets/stylesheets/svs_style_guide/_scss/usstyleguide/lib/bourbon/helpers/_radial-gradient-parser.scss,.scss,50,,,,next-react,unknown,75,40,shared-style-candidate,True,secondary,secondary,secondary,"Style component for workflow; review for shared tokens, theme, palette, Tailwind, or global style normalization.",style-score:130 | logic-score:70 | security-score:55 | automation-score:50 | process-score:45,1a1044ca24585c67
784920f415ee7c7c19cfdf77,mbarbine__Scripts,style,"style,logic,automation,process",stylesheet,workflow,_linear-side-corner-parser,linear-side-corner-parser,svs-automation/style-guide/app/assets/stylesheets/svs_style_guide/_scss/usstyleguide/lib/bourbon/helpers/_linear-side-corner-parser.scss,.scss,31,,,,next-react,unknown,75,40,shared-style-candidate,True,secondary,secondary,secondary,"Style component for workflow; review for shared tokens, theme, palette, Tailwind, or global style normalization.",style-score:130 | logic-score:70 | automation-score:50 | process-score:45,b13a76b446afb076
82496fc42d357f739afbade1,mbarbine__Scripts,style,"style,logic,automation,process",stylesheet,workflow,_linear-positions-parser,linear-positions-parser,svs-automation/style-guide/app/assets/stylesheets/svs_style_guide/_scss/usstyleguide/lib/bourbon/helpers/_linear-positions-parser.scss,.scss,61,,,,next-react,unknown,75,40,shared-style-candidate,True,secondary,secondary,secondary,"Style component for workflow; review for shared tokens, theme, palette, Tailwind, or global style normalization.",style-score:130 | logic-score:70 | automation-score:50 | process-score:45,f08b8a5f11a0bd6a
7ade5c593593e9091a0479dc,mbarbine__Scripts,style,"style,logic,automation,process",stylesheet,workflow,_render-gradients,render-gradients,svs-automation/style-guide/app/assets/stylesheets/svs_style_guide/_scss/usstyleguide/lib/bourbon/helpers/_render-gradients.scss,.scss,26,,,,next-react,unknown,75,40,shared-style-candidate,True,secondary,secondary,secondary,"Style component for workflow; review for shared tokens, theme, palette, Tailwind, or global style normalization.",style-score:130 | logic-score:70 | automation-score:50 | process-score:45,30547c863670a78c
003b255aaa424784b30a3968,mbarbine__Scripts,style,"style,automation,logic,process",stylesheet,workflow,_directional-values,directional-values,svs-automation/style-guide/app/assets/stylesheets/svs_style_guide/_scss/usstyleguide/lib/bourbon/helpers/_directional-values.scss,.scss,96,,,,next-react,unknown,75,40,shared-style-candidate,True,secondary,secondary,secondary,"Style component for workflow; review for shared tokens, theme, palette, Tailwind, or global style normalization.",style-score:130 | automation-score:50 | logic-score:45 | process-score:45,06a4f8f63e5727f5
86679fff7f8e02d0fe8b91ae,mbarbine__Scripts,style,"style,automation,logic,process",stylesheet,workflow,_convert-units,convert-units,svs-automation/style-guide/app/assets/stylesheets/svs_style_guide/_scss/usstyleguide/lib/bourbon/helpers/_convert-units.scss,.scss,21,,,,next-react,unknown,75,40,shared-style-candidate,True,secondary,secondary,secondary,"Style component for workflow; review for shared tokens, theme, palette, Tailwind, or global style normalization.",style-score:130 | automation-score:50 | logic-score:45 | process-score:45,4740dd5845424685
61a2023d94b321210f41b8ad,mbarbine__Scripts,style,"style,logic,automation,process",stylesheet,workflow,_transform,transform,svs-automation/style-guide/app/assets/stylesheets/svs_style_guide/_scss/usstyleguide/lib/bourbon/css3/_transform.scss,.scss,15,,,,next-react,unknown,75,40,shared-style-candidate,True,secondary,secondary,secondary,"Style component for workflow; review for shared tokens, theme, palette, Tailwind, or global style normalization.",style-score:130 | logic-score:70 | automation-score:50 | process-score:45,519e509858aac661
77fed6b7085e97fdfd511f10,mbarbine__Scripts,style,"style,automation,logic,process",stylesheet,workflow,_font-face,font-face,svs-automation/style-guide/app/assets/stylesheets/svs_style_guide/_scss/usstyleguide/lib/bourbon/css3/_font-face.scss,.scss,24,,,,next-react,unknown,75,40,shared-style-candidate,True,secondary,secondary,secondary,"Style component for workflow; review for shared tokens, theme, palette, Tailwind, or global style normalization.",style-score:130 | automation-score:50 | logic-score:45 | process-score:45,2a86bd87d9195841
04b4e3718d55c1b443f78a7b,mbarbine__Scripts,style,"style,observability,automation,logic,process",stylesheet,observability,_columns,columns,svs-automation/style-guide/app/assets/stylesheets/svs_style_guide/_scss/usstyleguide/lib/bourbon/css3/_columns.scss,.scss,47,,,,next-react,unknown,75,55,shared-style-candidate,True,secondary,secondary,secondary,"Style component for observability; review for shared tokens, theme, palette, Tailwind, or global style normalization.",style-score:130 | observability-score:55 | automation-score:50 | logic-score:45 | process-score:45,8a89cbae07589529
f64deecb247dd581368bfe7b,mbarbine__Scripts,style,"style,logic,automation,process,ai",stylesheet,workflow,_flex-box,flex-box,svs-automation/style-guide/app/assets/stylesheets/svs_style_guide/_scss/usstyleguide/lib/bourbon/css3/_flex-box.scss,.scss,287,,,,next-react,unknown,75,35,shared-style-candidate,True,secondary,secondary,secondary,"Style component for workflow; review for shared tokens, theme, palette, Tailwind, or global style normalization.",style-score:130 | logic-score:70 | automation-score:50 | process-score:45 | ai-score:45,8a1193a53709c5c0
e5703f729e64b37fbad36e53,mbarbine__Scripts,style,"style,logic,automation,process",stylesheet,workflow,_background-image,background-image,svs-automation/style-guide/app/assets/stylesheets/svs_style_guide/_scss/usstyleguide/lib/bourbon/css3/_background-image.scss,.scss,42,,,,next-react,unknown,75,40,shared-style-candidate,True,secondary,secondary,secondary,"Style component for workflow; review for shared tokens, theme, palette, Tailwind, or global style normalization.",style-score:130 | logic-score:70 | automation-score:50 | process-score:45,81a31fa69c5bac1c
51a0dc751a0a1b5964a43f8f,mbarbine__Scripts,style,"style,automation,logic,process",stylesheet,workflow,_image-rendering,image-rendering,svs-automation/style-guide/app/assets/stylesheets/svs_style_guide/_scss/usstyleguide/lib/bourbon/css3/_image-rendering.scss,.scss,14,,,,next-react,unknown,75,40,shared-style-candidate,True,secondary,secondary,secondary,"Style component for workflow; review for shared tokens, theme, palette, Tailwind, or global style normalization.",style-score:130 | automation-score:50 | logic-score:45 | process-score:45,670084a7def7f4d4
5426277f61789c1ad7dc3db0,mbarbine__Scripts,style,"style,automation,logic,process",stylesheet,workflow,_perspective,perspective,svs-automation/style-guide/app/assets/stylesheets/svs_style_guide/_scss/usstyleguide/lib/bourbon/css3/_perspective.scss,.scss,8,,,,next-react,unknown,70,35,shared-style-candidate,True,secondary,secondary,secondary,"Style component for workflow; review for shared tokens, theme, palette, Tailwind, or global style normalization.",style-score:130 | automation-score:50 | logic-score:45 | process-score:45,4058a88f9a8fa244
76e20a78b67728bb99284262,mbarbine__Scripts,style,"style,logic,automation,process",stylesheet,workflow,_background,background,svs-automation/style-guide/app/assets/stylesheets/svs_style_guide/_scss/usstyleguide/lib/bourbon/css3/_background.scss,.scss,55,,,,next-react,unknown,75,40,shared-style-candidate,True,secondary,secondary,secondary,"Style component for workflow; review for shared tokens, theme, palette, Tailwind, or global style normalization.",style-score:130 | logic-score:70 | automation-score:50 | process-score:45,a61e2a90ed52b51b
dceae00828c919acd758490b,mbarbine__Scripts,style,"style,automation,logic,process",stylesheet,workflow,_backface-visibility,backface-visibility,svs-automation/style-guide/app/assets/stylesheets/svs_style_guide/_scss/usstyleguide/lib/bourbon/css3/_backface-visibility.scss,.scss,3,,,,next-react,unknown,70,35,shared-style-candidate,True,secondary,secondary,secondary,"Style component for workflow; review for shared tokens, theme, palette, Tailwind, or global style normalization.",style-score:130 | automation-score:50 | logic-score:45 | process-score:45,ea46084b17612ab9
9d1575dd6ea7b325e2948746,mbarbine__Scripts,style,"style,automation,logic,process",stylesheet,workflow,_font-feature-settings,font-feature-settings,svs-automation/style-guide/app/assets/stylesheets/svs_style_guide/_scss/usstyleguide/lib/bourbon/css3/_font-feature-settings.scss,.scss,4,,,,next-react,unknown,70,35,shared-style-candidate,True,secondary,secondary,secondary,"Style component for workflow; review for shared tokens, theme, palette, Tailwind, or global style normalization.",style-score:130 | automation-score:50 | logic-score:45 | process-score:45,1d93c60fdc234b0a
2a913d6ff0eb919734eb6fd1,mbarbine__Scripts,style,"style,automation,logic,process",stylesheet,workflow,_selection,selection,svs-automation/style-guide/app/assets/stylesheets/svs_style_guide/_scss/usstyleguide/lib/bourbon/css3/_selection.scss,.scss,42,,,,next-react,unknown,75,40,shared-style-candidate,True,secondary,secondary,secondary,"Style component for workflow; review for shared tokens, theme, palette, Tailwind, or global style normalization.",style-score:130 | automation-score:50 | logic-score:45 | process-score:45,3cfd1d89f37c6c2f
b032de9e3184147f92b286e6,mbarbine__Scripts,style,"style,logic,automation,process",stylesheet,workflow,_transition,transition,svs-automation/style-guide/app/assets/stylesheets/svs_style_guide/_scss/usstyleguide/lib/bourbon/css3/_transition.scss,.scss,71,,,,next-react,unknown,75,40,shared-style-candidate,True,secondary,secondary,secondary,"Style component for workflow; review for shared tokens, theme, palette, Tailwind, or global style normalization.",style-score:130 | logic-score:70 | automation-score:50 | process-score:45,629fc64206419c50
cd634b570775ccb6ef182530,mbarbine__Scripts,style,"style,automation,logic,process",stylesheet,workflow,_placeholder,placeholder,svs-automation/style-guide/app/assets/stylesheets/svs_style_guide/_scss/usstyleguide/lib/bourbon/css3/_placeholder.scss,.scss,8,,,,next-react,unknown,70,35,shared-style-candidate,True,secondary,secondary,secondary,"Style component for workflow; review for shared tokens, theme, palette, Tailwind, or global style normalization.",style-score:130 | automation-score:50 | logic-score:45 | process-score:45,04641a795415212c
c7627ebbeb690c1cccf11f39,mbarbine__Scripts,style,"style,logic,automation,process",stylesheet,workflow,_linear-gradient,linear-gradient,svs-automation/style-guide/app/assets/stylesheets/svs_style_guide/_scss/usstyleguide/lib/bourbon/css3/_linear-gradient.scss,.scss,38,,,,next-react,unknown,75,40,shared-style-candidate,True,secondary,secondary,secondary,"Style component for workflow; review for shared tokens, theme, palette, Tailwind, or global style normalization.",style-score:130 | logic-score:70 | automation-score:50 | process-score:45,606eba11ec94b34a
e1a9f8425acb0d885eae5dcf,mbarbine__Scripts,style,"style,logic,automation,process",stylesheet,workflow,_radial-gradient,radial-gradient,svs-automation/style-guide/app/assets/stylesheets/svs_style_guide/_scss/usstyleguide/lib/bourbon/css3/_radial-gradient.scss,.scss,39,,,,next-react,unknown,75,40,shared-style-candidate,True,secondary,secondary,secondary,"Style component for workflow; review for shared tokens, theme, palette, Tailwind, or global style normalization.",style-score:130 | logic-score:70 | automation-score:50 | process-score:45,911d96c7b91b4ec5
41851664853b932043741e39,mbarbine__Scripts,style,"style,automation,logic,process",stylesheet,workflow,_appearance,appearance,svs-automation/style-guide/app/assets/stylesheets/svs_style_guide/_scss/usstyleguide/lib/bourbon/css3/_appearance.scss,.scss,3,,,,next-react,unknown,70,35,shared-style-candidate,True,secondary,secondary,secondary,"Style component for workflow; review for shared tokens, theme, palette, Tailwind, or global style normalization.",style-score:130 | automation-score:50 | logic-score:45 | process-score:45,8552b8466513fc57
0efcfd36a813c1024a0fe2ce,mbarbine__Scripts,style,"style,automation,logic,process",stylesheet,workflow,_hidpi-media-query,hidpi-media-query,svs-automation/style-guide/app/assets/stylesheets/svs_style_guide/_scss/usstyleguide/lib/bourbon/css3/_hidpi-media-query.scss,.scss,10,,,,next-react,unknown,70,40,shared-style-candidate,True,secondary,secondary,secondary,"Style component for workflow; review for shared tokens, theme, palette, Tailwind, or global style normalization.",style-score:130 | automation-score:50 | logic-score:45 | process-score:45,6fde915467d4a8e8
5cc5ba170b5e7468123f6912,mbarbine__Scripts,style,"style,automation,logic,process",stylesheet,workflow,_user-select,user-select,svs-automation/style-guide/app/assets/stylesheets/svs_style_guide/_scss/usstyleguide/lib/bourbon/css3/_user-select.scss,.scss,3,,,,next-react,unknown,70,35,shared-style-candidate,True,secondary,secondary,secondary,"Style component for workflow; review for shared tokens, theme, palette, Tailwind, or global style normalization.",style-score:130 | automation-score:50 | logic-score:45 | process-score:45,203d70463479b13b
8f873dae9638f462c6e0a27d,mbarbine__Scripts,style,"style,automation,logic,process",stylesheet,workflow,_calc,calc,svs-automation/style-guide/app/assets/stylesheets/svs_style_guide/_scss/usstyleguide/lib/bourbon/css3/_calc.scss,.scss,4,,,,next-react,unknown,70,35,shared-style-candidate,True,secondary,secondary,secondary,"Style component for workflow; review for shared tokens, theme, palette, Tailwind, or global style normalization.",style-score:130 | automation-score:50 | logic-score:45 | process-score:45,bec7bcae8ab44b59
6907e7e5ecc93f06491b1c01,mbarbine__Scripts,style,"style,automation,logic,process",stylesheet,workflow,_text-decoration,text-decoration,svs-automation/style-guide/app/assets/stylesheets/svs_style_guide/_scss/usstyleguide/lib/bourbon/css3/_text-decoration.scss,.scss,19,,,,next-react,unknown,75,40,shared-style-candidate,True,secondary,secondary,secondary,"Style component for workflow; review for shared tokens, theme, palette, Tailwind, or global style normalization.",style-score:130 | automation-score:50 | logic-score:45 | process-score:45,9a3088ddd4463f91
ba006dd33920108c7d630933,mbarbine__Scripts,style,"style,automation,logic,process",stylesheet,workflow,_animation,animation,svs-automation/style-guide/app/assets/stylesheets/svs_style_guide/_scss/usstyleguide/lib/bourbon/css3/_animation.scss,.scss,43,,,,next-react,unknown,75,40,shared-style-candidate,True,secondary,secondary,secondary,"Style component for workflow; review for shared tokens, theme, palette, Tailwind, or global style normalization.",style-score:130 | automation-score:50 | logic-score:45 | process-score:45,44f359541f9621b9
2847b0ac516a7f0e2a1b03b5,mbarbine__Scripts,style,"style,security,automation,logic,process",stylesheet,workflow,_keyframes,keyframes,svs-automation/style-guide/app/assets/stylesheets/svs_style_guide/_scss/usstyleguide/lib/bourbon/css3/_keyframes.scss,.scss,36,,,,next-react,unknown,75,40,shared-style-candidate,True,secondary,secondary,secondary,"Style component for workflow; review for shared tokens, theme, palette, Tailwind, or global style normalization.",style-score:130 | security-score:55 | automation-score:50 | logic-score:45 | process-score:45,8fb9c34a9d5c4c72
c3a1c22e9ac1e62a253ede92,mbarbine__Scripts,style,"style,automation,logic,process",stylesheet,workflow,_hyphens,hyphens,svs-automation/style-guide/app/assets/stylesheets/svs_style_guide/_scss/usstyleguide/lib/bourbon/css3/_hyphens.scss,.scss,4,,,,next-react,unknown,70,35,shared-style-candidate,True,secondary,secondary,secondary,"Style component for workflow; review for shared tokens, theme, palette, Tailwind, or global style normalization.",style-score:130 | automation-score:50 | logic-score:45 | process-score:45,35d8cfec4cbf6d9e
70a79d2656bb8ac3aa68bfed,mbarbine__Scripts,style,"style,logic,automation,process",stylesheet,workflow,_border-image,border-image,svs-automation/style-guide/app/assets/stylesheets/svs_style_guide/_scss/usstyleguide/lib/bourbon/css3/_border-image.scss,.scss,59,,,,next-react,unknown,75,40,shared-style-candidate,True,secondary,secondary,secondary,"Style component for workflow; review for shared tokens, theme, palette, Tailwind, or global style normalization.",style-score:130 | logic-score:70 | automation-score:50 | process-score:45,bc8003fd76be0b05
16ae11732be9404abd9e56aa,mbarbine__Scripts,style,"style,logic,automation,process",stylesheet,workflow,_filter,filter,svs-automation/style-guide/app/assets/stylesheets/svs_style_guide/_scss/usstyleguide/lib/bourbon/css3/_filter.scss,.scss,4,,,,next-react,unknown,70,35,shared-style-candidate,True,secondary,secondary,secondary,"Style component for workflow; review for shared tokens, theme, palette, Tailwind, or global style normalization.",style-score:130 | logic-score:70 | automation-score:50 | process-score:45,e437bb994a8f1bf4
a7090a01a1e4f508d81323c1,mbarbine__Scripts,style,"style,automation,logic,process",stylesheet,workflow,_neat-helpers,neat-helpers,svs-automation/style-guide/app/assets/stylesheets/svs_style_guide/_scss/usstyleguide/lib/neat/_neat-helpers.scss,.scss,8,,,,next-react,unknown,70,35,shared-style-candidate,True,secondary,secondary,secondary,"Style component for workflow; review for shared tokens, theme, palette, Tailwind, or global style normalization.",style-score:130 | automation-score:50 | logic-score:45 | process-score:45,174d3fce89db7c94
a41345ab55a7767ca87bd63f,mbarbine__Scripts,style,"style,observability,automation,logic,process",stylesheet,observability,_neat,neat,svs-automation/style-guide/app/assets/stylesheets/svs_style_guide/_scss/usstyleguide/lib/neat/_neat.scss,.scss,23,,,,next-react,unknown,75,55,shared-style-candidate,True,secondary,secondary,secondary,"Style component for observability; review for shared tokens, theme, palette, Tailwind, or global style normalization.",style-score:130 | observability-score:55 | automation-score:50 | logic-score:45 | process-score:45,67d2f9388fbdb18b
be2edc153041cc821cf9ee9a,mbarbine__Scripts,style,"style,logic,automation,process",stylesheet,workflow,_disable-warnings,disable-warnings,svs-automation/style-guide/app/assets/stylesheets/svs_style_guide/_scss/usstyleguide/lib/neat/settings/_disable-warnings.scss,.scss,13,,,,next-react,unknown,75,40,shared-style-candidate,True,secondary,secondary,secondary,"Style component for workflow; review for shared tokens, theme, palette, Tailwind, or global style normalization.",style-score:130 | logic-score:70 | automation-score:50 | process-score:45,d35e739d16d0af00
bb140595765b348b6c163bef,mbarbine__Scripts,style,"style,logic,automation,process",stylesheet,workflow,_grid,grid,svs-automation/style-guide/app/assets/stylesheets/svs_style_guide/_scss/usstyleguide/lib/neat/settings/_grid.scss,.scss,51,,,,next-react,unknown,75,40,shared-style-candidate,True,secondary,secondary,secondary,"Style component for workflow; review for shared tokens, theme, palette, Tailwind, or global style normalization.",style-score:130 | logic-score:70 | automation-score:50 | process-score:45,9ec8234df679ba31
0a2c00becb200fde0ffddb45,mbarbine__Scripts,style,"style,logic,automation,process",stylesheet,workflow,_visual-grid,visual-grid,svs-automation/style-guide/app/assets/stylesheets/svs_style_guide/_scss/usstyleguide/lib/neat/settings/_visual-grid.scss,.scss,27,,,,next-react,unknown,75,40,shared-style-candidate,True,secondary,secondary,secondary,"Style component for workflow; review for shared tokens, theme, palette, Tailwind, or global style normalization.",style-score:130 | logic-score:70 | automation-score:50 | process-score:45,b0185bfada287eda
39b9fc6c8930a18863b9832c,mbarbine__Scripts,style,"style,observability,security,automation,logic,process",stylesheet,observability,_new-breakpoint,new-breakpoint,svs-automation/style-guide/app/assets/stylesheets/svs_style_guide/_scss/usstyleguide/lib/neat/functions/_new-breakpoint.scss,.scss,49,,,,next-react,unknown,75,55,shared-style-candidate,True,secondary,secondary,secondary,"Style component for observability; review for shared tokens, theme, palette, Tailwind, or global style normalization.",style-score:130 | observability-score:55 | security-score:55 | automation-score:50 | logic-score:45 | process-score:45,a5b54e8737dbb977
da72687a3656184f5936c42c,mbarbine__Scripts,style,"style,logic,observability,automation,process",stylesheet,observability,_private,private,svs-automation/style-guide/app/assets/stylesheets/svs_style_guide/_scss/usstyleguide/lib/neat/functions/_private.scss,.scss,114,,,,next-react,unknown,75,55,shared-style-candidate,True,secondary,secondary,secondary,"Style component for observability; review for shared tokens, theme, palette, Tailwind, or global style normalization.",style-score:130 | logic-score:70 | observability-score:55 | automation-score:50 | process-score:45,ddb30067a9a5487c
4e427ba10ad62ba9398d3958,mbarbine__Scripts,style,"style,automation,logic,process",stylesheet,workflow,_fill-parent,fill-parent,svs-automation/style-guide/app/assets/stylesheets/svs_style_guide/_scss/usstyleguide/lib/neat/grid/_fill-parent.scss,.scss,22,,,,next-react,unknown,75,40,shared-style-candidate,True,secondary,secondary,secondary,"Style component for workflow; review for shared tokens, theme, palette, Tailwind, or global style normalization.",style-score:130 | automation-score:50 | logic-score:45 | process-score:45,3d2613c78dd56137
dfa072022f90f7d6ddb1cf7d,mbarbine__Scripts,style,"style,automation,logic,process",stylesheet,workflow,_row,row,svs-automation/style-guide/app/assets/stylesheets/svs_style_guide/_scss/usstyleguide/lib/neat/grid/_row.scss,.scss,52,,,,next-react,unknown,75,40,shared-style-candidate,True,secondary,secondary,secondary,"Style component for workflow; review for shared tokens, theme, palette, Tailwind, or global style normalization.",style-score:130 | automation-score:50 | logic-score:45 | process-score:45,68cb036c1c06ecea
54ca85eb598f294e154dc4fa,mbarbine__Scripts,style,"style,logic,observability,automation,process",stylesheet,observability,_span-columns,span-columns,svs-automation/style-guide/app/assets/stylesheets/svs_style_guide/_scss/usstyleguide/lib/neat/grid/_span-columns.scss,.scss,94,,,,next-react,unknown,75,55,shared-style-candidate,True,secondary,secondary,secondary,"Style component for observability; review for shared tokens, theme, palette, Tailwind, or global style normalization.",style-score:130 | logic-score:70 | observability-score:55 | automation-score:50 | process-score:45,ef536b367f5c899d
5e5e1f156502e741ef1d511c,mbarbine__Scripts,style,"style,automation,logic,process",stylesheet,workflow,_outer-container,outer-container,svs-automation/style-guide/app/assets/stylesheets/svs_style_guide/_scss/usstyleguide/lib/neat/grid/_outer-container.scss,.scss,38,,,,next-react,unknown,75,40,shared-style-candidate,True,secondary,secondary,secondary,"Style component for workflow; review for shared tokens, theme, palette, Tailwind, or global style normalization.",style-score:130 | automation-score:95 | logic-score:45 | process-score:45,d13753ebe3f473b5
6c6b708eae0256ffe6f2c38e,mbarbine__Scripts,style,"style,observability,automation,logic,process",stylesheet,observability,_media,media,svs-automation/style-guide/app/assets/stylesheets/svs_style_guide/_scss/usstyleguide/lib/neat/grid/_media.scss,.scss,92,,,,next-react,unknown,75,55,shared-style-candidate,True,secondary,secondary,secondary,"Style component for observability; review for shared tokens, theme, palette, Tailwind, or global style normalization.",style-score:130 | observability-score:55 | automation-score:50 | logic-score:45 | process-score:45,0ec5e77ef39feb3a
9b88b06ccaeca194631d598a,mbarbine__Scripts,style,"style,observability,automation,logic,process",stylesheet,observability,_direction-context,direction-context,svs-automation/style-guide/app/assets/stylesheets/svs_style_guide/_scss/usstyleguide/lib/neat/grid/_direction-context.scss,.scss,33,,,,next-react,unknown,75,55,shared-style-candidate,True,secondary,secondary,secondary,"Style component for observability; review for shared tokens, theme, palette, Tailwind, or global style normalization.",style-score:130 | observability-score:55 | automation-score:50 | logic-score:45 | process-score:45,e8ca82b0a0c4b56e
39c81cd1be6998475013c6d5,mbarbine__Scripts,style,"style,automation,logic,process",stylesheet,workflow,_shift,shift,svs-automation/style-guide/app/assets/stylesheets/svs_style_guide/_scss/usstyleguide/lib/neat/grid/_shift.scss,.scss,50,,,,next-react,unknown,75,40,shared-style-candidate,True,secondary,secondary,secondary,"Style component for workflow; review for shared tokens, theme, palette, Tailwind, or global style normalization.",style-score:130 | automation-score:50 | logic-score:45 | process-score:45,465cd485999fdc63
07757482e51d379fc2f7a5ba,mbarbine__Scripts,style,"style,automation,logic,process",stylesheet,workflow,_pad,pad,svs-automation/style-guide/app/assets/stylesheets/svs_style_guide/_scss/usstyleguide/lib/neat/grid/_pad.scss,.scss,25,,,,next-react,unknown,75,40,shared-style-candidate,True,secondary,secondary,secondary,"Style component for workflow; review for shared tokens, theme, palette, Tailwind, or global style normalization.",style-score:130 | automation-score:50 | logic-score:45 | process-score:45,9323bb33490d01a2
8e2aaf161ba2283e7c5f93d1,mbarbine__Scripts,style,"style,automation,logic,process",stylesheet,workflow,_box-sizing,box-sizing,svs-automation/style-guide/app/assets/stylesheets/svs_style_guide/_scss/usstyleguide/lib/neat/grid/_box-sizing.scss,.scss,15,,,,next-react,unknown,75,40,shared-style-candidate,True,secondary,secondary,secondary,"Style component for workflow; review for shared tokens, theme, palette, Tailwind, or global style normalization.",style-score:130 | automation-score:50 | logic-score:45 | process-score:45,665744978822b14f
291a7eaf566d82e78d0d8d68,mbarbine__Scripts,style,"style,logic,automation,process",stylesheet,workflow,_omega,omega,svs-automation/style-guide/app/assets/stylesheets/svs_style_guide/_scss/usstyleguide/lib/neat/grid/_omega.scss,.scss,87,,,,next-react,unknown,75,40,shared-style-candidate,True,secondary,secondary,secondary,"Style component for workflow; review for shared tokens, theme, palette, Tailwind, or global style normalization.",style-score:130 | logic-score:70 | automation-score:50 | process-score:45,14963b1fb1df9617
c8586319e2a55e11c68bc9c7,mbarbine__Scripts,style,"style,observability,automation,logic,process",stylesheet,observability,_display-context,display-context,svs-automation/style-guide/app/assets/stylesheets/svs_style_guide/_scss/usstyleguide/lib/neat/grid/_display-context.scss,.scss,28,,,,next-react,unknown,75,55,shared-style-candidate,True,secondary,secondary,secondary,"Style component for observability; review for shared tokens, theme, palette, Tailwind, or global style normalization.",style-score:130 | observability-score:55 | automation-score:50 | logic-score:45 | process-score:45,7bfa1c2e893529ea
ba20a29a63af6b04c4e8e297,mbarbine__Scripts,style,"style,automation,logic,process",stylesheet,analytics,_visual-grid,visual-grid,svs-automation/style-guide/app/assets/stylesheets/svs_style_guide/_scss/usstyleguide/lib/neat/grid/_visual-grid.scss,.scss,42,,,,next-react,unknown,75,40,shared-style-candidate,True,secondary,secondary,secondary,"Style component for analytics; review for shared tokens, theme, palette, Tailwind, or global style normalization.",style-score:130 | automation-score:50 | logic-score:45 | process-score:45,5ef805d3b9277f64
3bbfccfe42c12ba00f66c0a1,mbarbine__Scripts,style,"style,automation,logic,process",stylesheet,workflow,_to-deprecate,to-deprecate,svs-automation/style-guide/app/assets/stylesheets/svs_style_guide/_scss/usstyleguide/lib/neat/grid/_to-deprecate.scss,.scss,97,,,,next-react,unknown,75,40,shared-style-candidate,True,secondary,secondary,secondary,"Style component for workflow; review for shared tokens, theme, palette, Tailwind, or global style normalization.",style-score:130 | automation-score:50 | logic-score:45 | process-score:45,40b1dea187421c33
93cd0849e7dc95496f580009,mbarbine__Scripts,style,"style,automation,logic,process",stylesheet,workflow,_private,private,svs-automation/style-guide/app/assets/stylesheets/svs_style_guide/_scss/usstyleguide/lib/neat/grid/_private.scss,.scss,35,,,,next-react,unknown,75,40,shared-style-candidate,True,secondary,secondary,secondary,"Style component for workflow; review for shared tokens, theme, palette, Tailwind, or global style normalization.",style-score:130 | automation-score:50 | logic-score:45 | process-score:45,4aa04fec8f0097c4
bc0dbfe51dd7c6e3d97579f6,mbarbine__Scripts,style,"style,observability,automation,process",stylesheet,workflow,_status,status,svs-automation/style-guide/app/assets/stylesheets/svs_style_guide/_scss/svshomegrown/_status.scss,.scss,7,,,,next-react,unknown,70,35,shared-style-candidate,True,secondary,secondary,none,"Style component for workflow; review for shared tokens, theme, palette, Tailwind, or global style normalization.",style-score:130 | observability-score:55 | automation-score:50 | process-score:45,22669d3e6c0baacc
370e53c19d95f6d0549d3f42,mbarbine__Scripts,style,"style,automation,process",stylesheet,workflow,_case-details,case-details,svs-automation/style-guide/app/assets/stylesheets/svs_style_guide/_scss/svshomegrown/_case-details.scss,.scss,58,,,,next-react,unknown,75,40,shared-style-candidate,True,secondary,secondary,none,"Style component for workflow; review for shared tokens, theme, palette, Tailwind, or global style normalization.",style-score:130 | automation-score:50 | process-score:45,2ef075185ed1b5d3
07fa7e2e5564937a4d6a378f,mbarbine__Scripts,style,"style,automation,process",stylesheet,workflow,_datatables,datatables,svs-automation/style-guide/app/assets/stylesheets/svs_style_guide/_scss/svshomegrown/_datatables.scss,.scss,28,,,,next-react,unknown,75,40,shared-style-candidate,True,secondary,secondary,none,"Style component for workflow; review for shared tokens, theme, palette, Tailwind, or global style normalization.",style-score:130 | automation-score:50 | process-score:45,5e169456bbcf4b10
cc2695658920ed241ad6a0e4,mbarbine__Scripts,style,"style,automation,process",stylesheet,workflow,_body-wrapper,body-wrapper,svs-automation/style-guide/app/assets/stylesheets/svs_style_guide/_scss/svshomegrown/_body-wrapper.scss,.scss,3,,,,next-react,unknown,70,35,shared-style-candidate,True,secondary,secondary,none,"Style component for workflow; review for shared tokens, theme, palette, Tailwind, or global style normalization.",style-score:130 | automation-score:50 | process-score:45,1c2f70bb5c076bff
2585d6a460cde6744bca6224,mbarbine__Scripts,style,"style,automation,process",stylesheet,workflow,_layout,layout,svs-automation/style-guide/app/assets/stylesheets/svs_style_guide/_scss/svshomegrown/_layout.scss,.scss,107,,,,next-react,unknown,75,40,shared-style-candidate,True,secondary,secondary,none,"Style component for workflow; review for shared tokens, theme, palette, Tailwind, or global style normalization.",style-score:130 | automation-score:50 | process-score:45,50f5d795fc99539e
1cd9a07eeec9ce01cb00cf98,mbarbine__Scripts,style,"style,automation,process",stylesheet,workflow,_main-menu,main-menu,svs-automation/style-guide/app/assets/stylesheets/svs_style_guide/_scss/svshomegrown/_main-menu.scss,.scss,12,,,,next-react,unknown,75,40,shared-style-candidate,True,secondary,secondary,none,"Style component for workflow; review for shared tokens, theme, palette, Tailwind, or global style normalization.",style-score:130 | automation-score:50 | process-score:45,6761885164061696
46b9940c4d07fbebe0cf8dd7,mbarbine__Scripts,style,"style,automation,process",stylesheet,workflow,_flash,flash,svs-automation/style-guide/app/assets/stylesheets/svs_style_guide/_scss/svshomegrown/_flash.scss,.scss,13,,,,next-react,unknown,75,40,shared-style-candidate,True,secondary,secondary,none,"Style component for workflow; review for shared tokens, theme, palette, Tailwind, or global style normalization.",style-score:130 | automation-score:50 | process-score:45,d71c71e5e9a7080d
fb4b659b021985c53dfc30cd,mbarbine__Scripts,style,"style,automation,process",stylesheet,workflow,_everify-search,everify-search,svs-automation/style-guide/app/assets/stylesheets/svs_style_guide/_scss/svshomegrown/_everify-search.scss,.scss,43,,,,next-react,unknown,75,40,shared-style-candidate,True,secondary,secondary,none,"Style component for workflow; review for shared tokens, theme, palette, Tailwind, or global style normalization.",style-score:130 | automation-score:50 | process-score:45,51077ba4b5c452d1
5cbb14608d0a67cc2769d26d,mbarbine__Scripts,style,"style,ui,automation,process",ui-primitive,workflow,_table,table,svs-automation/style-guide/app/assets/stylesheets/svs_style_guide/_scss/svshomegrown/_table.scss,.scss,17,,,,next-react,unknown,75,65,shared-style-candidate,True,secondary,secondary,none,"Style component for workflow; review for shared tokens, theme, palette, Tailwind, or global style normalization.",style-score:130 | ui-score:70 | automation-score:50 | process-score:45,fe321f01ec599c90
eef22530e1f53fd2224300b6,mbarbine__Scripts,style,"style,automation,process",stylesheet,workflow,_forms,forms,svs-automation/style-guide/app/assets/stylesheets/svs_style_guide/_scss/svshomegrown/_forms.scss,.scss,7,,,,next-react,unknown,70,35,shared-style-candidate,True,secondary,secondary,none,"Style component for workflow; review for shared tokens, theme, palette, Tailwind, or global style normalization.",style-score:130 | automation-score:50 | process-score:45,4838dc9a34e92d03
08727a3729fa3e9f756cc5bc,mbarbine__Scripts,style,"style,automation,process",stylesheet,workflow,_buttons,buttons,svs-automation/style-guide/app/assets/stylesheets/svs_style_guide/_scss/svshomegrown/_buttons.scss,.scss,5,,,,next-react,unknown,70,35,shared-style-candidate,True,secondary,secondary,none,"Style component for workflow; review for shared tokens, theme, palette, Tailwind, or global style normalization.",style-score:130 | automation-score:50 | process-score:45,205354168b53f8be
768c97d268293da00d2c8a73,mbarbine__Scripts,style,"style,automation,process",stylesheet,workflow,_list,list,svs-automation/style-guide/app/assets/stylesheets/svs_style_guide/_scss/svshomegrown/_list.scss,.scss,8,,,,next-react,unknown,70,35,shared-style-candidate,True,secondary,secondary,none,"Style component for workflow; review for shared tokens, theme, palette, Tailwind, or global style normalization.",style-score:130 | automation-score:50 | process-score:45,339c99898c56e65b
b8031e207ca8b3c7452ea5f2,mbarbine__Scripts,style,"style,automation,process",stylesheet,workflow,_self-lock,self-lock,svs-automation/style-guide/app/assets/stylesheets/svs_style_guide/_scss/svshomegrown/_self-lock.scss,.scss,20,,,,next-react,unknown,75,40,shared-style-candidate,True,secondary,secondary,none,"Style component for workflow; review for shared tokens, theme, palette, Tailwind, or global style normalization.",style-score:130 | automation-score:50 | process-score:45,4547f5c0f6c334cb
2aadfad5e0e8bcbfe2d93b9a,mbarbine__Scripts,style,"style,automation,process",stylesheet,workflow,_grid,grid,svs-automation/style-guide/app/assets/stylesheets/svs_style_guide/_scss/svshomegrown/_grid.scss,.scss,19,,,,next-react,unknown,75,40,shared-style-candidate,True,secondary,secondary,none,"Style component for workflow; review for shared tokens, theme, palette, Tailwind, or global style normalization.",style-score:130 | automation-score:50 | process-score:45,eb10e4d2c8546388
3a2f6efd398b3291f9ff4c87,mbarbine__Scripts,style,"style,observability,automation,process",stylesheet,observability,_devise-override,devise-override,svs-automation/style-guide/app/assets/stylesheets/svs_style_guide/_scss/svshomegrown/_devise-override.scss,.scss,7,,,,next-react,unknown,70,50,shared-style-candidate,True,secondary,secondary,none,"Style component for observability; review for shared tokens, theme, palette, Tailwind, or global style normalization.",style-score:130 | observability-score:55 | automation-score:50 | process-score:45,3b9f5a1a69d2ccaf
33bac752128557a2de202ca8,mbarbine__Scripts,style,"style,automation,process",stylesheet,workflow,_main-wrapper,main-wrapper,svs-automation/style-guide/app/assets/stylesheets/svs_style_guide/_scss/svshomegrown/_main-wrapper.scss,.scss,4,,,,next-react,unknown,70,35,shared-style-candidate,True,secondary,secondary,none,"Style component for workflow; review for shared tokens, theme, palette, Tailwind, or global style normalization.",style-score:130 | automation-score:50 | process-score:45,94387ead6f924895
500eeb1070e1bf447fcf1524,mbarbine__Scripts,style,"style,automation,logic,process",stylesheet,workflow,_validation,validation,svs-automation/style-guide/app/assets/stylesheets/svs_style_guide/_scss/svshomegrown/_validation.scss,.scss,8,,,,next-react,unknown,70,35,shared-style-candidate,True,secondary,secondary,secondary,"Style component for workflow; review for shared tokens, theme, palette, Tailwind, or global style normalization.",style-score:130 | automation-score:50 | logic-score:45 | process-score:45,4dbf22259cf685a5
5797955407aa157901661cf2,mbarbine__Scripts,style,"style,automation,process",stylesheet,editor,_focus-outline,focus-outline,svs-automation/style-guide/app/assets/stylesheets/svs_style_guide/_scss/svshomegrown/_focus-outline.scss,.scss,10,,,,next-react,unknown,70,40,shared-style-candidate,True,secondary,secondary,none,"Style component for editor; review for shared tokens, theme, palette, Tailwind, or global style normalization.",style-score:130 | automation-score:50 | process-score:45,1a6c8661286b9fe6
620359d758d517b08ba6d009,mbarbine__Scripts,style,"style,automation,process",stylesheet,discovery,application,application,svs-automation/style-guide/test/dummy/app/assets/stylesheets/application.css,.css,15,,,,next-react,unknown,75,55,shared-style-candidate,True,secondary,secondary,none,"Style component for discovery; review for shared tokens, theme, palette, Tailwind, or global style normalization.",style-score:130 | automation-score:50 | process-score:45,d1b0c48d409cf1ce
6f30194ef752f20b15dff8cd,mbarbine__Scripts,style,"style,automation,process",stylesheet,discovery,application-e80e8f2318043e8af94dddc2adad5a4f09739a8ebb323b3ab31cd71d45fd9113,application-e80e8f2318043e8af94dddc2adad5a4f09739a8ebb323b3ab31cd71d45fd9113,svs-automation/style-guide/test/dummy/public/assets/application-e80e8f2318043e8af94dddc2adad5a4f09739a8ebb323b3ab31cd71d45fd9113.css,.css,16,,,,css,unknown,65,55,shared-style-candidate,True,secondary,secondary,none,"Style component for discovery; review for shared tokens, theme, palette, Tailwind, or global style normalization.",style-score:130 | automation-score:50 | process-score:45,e80e8f2318043e8a
672ee102fc0b58fde236a202,mbarbine__Scripts,style,"style,observability,automation,process,ai",stylesheet,editor,application-e3aee515d50be10231cca2520c1c9e17165097b6130f64c112f08ab55dc8cf8a,application-e3aee515d50be10231cca2520c1c9e17165097b6130f64c112f08ab55dc8cf8a,svs-automation/style-guide/test/dummy/public/assets/svs_style_guide/application-e3aee515d50be10231cca2520c1c9e17165097b6130f64c112f08ab55dc8cf8a.css,.css,2309,,,,css,unknown,65,20,shared-style-candidate,True,secondary,secondary,none,"Style component for editor; review for shared tokens, theme, palette, Tailwind, or global style normalization.",style-score:130 | observability-score:55 | automation-score:50 | process-score:45 | ai-score:45,afb68c208a277b44
9e6772b1cac4ac3e2e7b70cc,mbarbine__Scripts,style,"style,observability,security,automation,ai",stylesheet,observability,setup,setup,ansible/magento/magento2/repos/magento2/update/pub/css/setup.css,.css,6,,,,css,unknown,60,50,shared-style-candidate,True,none,secondary,none,"Style component for observability; review for shared tokens, theme, palette, Tailwind, or global style normalization.",style-score:130 | observability-score:55 | security-score:55 | automation-score:50 | ai-score:45,c9fd0070c8bdd26d
032583ee8622e9f6eebc7975,mbarbine__Scripts,style,"style,automation,logic",stylesheet,ai,_buttons,buttons,ansible/magento/magento2/repos/magento2/setup/view/styles/lib/variables/_buttons.less,.less,15,,,,css,unknown,75,55,shared-style-candidate,False,none,secondary,secondary,"Style component for ai; review for shared tokens, theme, palette, Tailwind, or global style normalization.",style-score:130 | automation-score:50 | logic-score:45,6db76776bfb97949
a7616374784ca5d8a2e168e9,mbarbine__Scripts,style,"style,automation,logic",stylesheet,ai,_typography,typography,ansible/magento/magento2/repos/magento2/setup/view/styles/lib/variables/_typography.less,.less,8,,,,css,unknown,70,50,shared-style-candidate,False,none,secondary,secondary,"Style component for ai; review for shared tokens, theme, palette, Tailwind, or global style normalization.",style-score:130 | automation-score:50 | logic-score:45,c8189054711956be
a0d9c1f04f405dfec706d616,mbarbine__Scripts,style,"style,automation,logic",stylesheet,ai,_colors,colors,ansible/magento/magento2/repos/magento2/setup/view/styles/lib/variables/_colors.less,.less,42,,,,css,unknown,75,55,shared-style-candidate,False,none,secondary,secondary,"Style component for ai; review for shared tokens, theme, palette, Tailwind, or global style normalization.",style-score:130 | automation-score:50 | logic-score:45,5d07464dd391460f
3d66f6433dd7d0454970c4cd,mbarbine__Scripts,style,"style,observability,security,automation,ai",stylesheet,observability,setup,setup,ansible/magento/magento2/repos/magento2/setup/pub/styles/setup.css,.css,6,,,,css,unknown,60,50,shared-style-candidate,True,none,secondary,none,"Style component for observability; review for shared tokens, theme, palette, Tailwind, or global style normalization.",style-score:130 | observability-score:55 | security-score:55 | automation-score:50 | ai-score:45,053be8d1396d2952
05924a73eb8e2e037ce92ae6,mbarbine__Scripts,style,"style,observability,automation,logic",stylesheet,observability,translate-inline-vde,translate-inline-vde,ansible/magento/magento2/repos/magento2/lib/web/mage/translate-inline-vde.css,.css,205,,,,css,unknown,75,50,shared-style-candidate,True,none,secondary,secondary,"Style component for observability; review for shared tokens, theme, palette, Tailwind, or global style normalization.",style-score:130 | observability-score:55 | automation-score:50 | logic-score:45,71173e905c7a42ff
34ef011ca2426ef74bb9000a,mbarbine__Scripts,style,"style,logic,automation",stylesheet,ai,translate-inline,translate-inline,ansible/magento/magento2/repos/magento2/lib/web/mage/translate-inline.css,.css,57,,,,css,unknown,75,55,shared-style-candidate,False,none,secondary,secondary,"Style component for ai; review for shared tokens, theme, palette, Tailwind, or global style normalization.",style-score:130 | logic-score:70 | automation-score:50,5cf00e8d92bd66c1
870b383f29ee83c999f97cd5,mbarbine__Scripts,style,"style,ui,logic,integration,observability,automation",ui-primitive,observability,calendar,calendar,ansible/magento/magento2/repos/magento2/lib/web/mage/calendar.css,.css,269,,,,css,unknown,75,75,shared-style-candidate,False,none,secondary,secondary,"Style component for observability; review for shared tokens, theme, palette, Tailwind, or global style normalization.",style-score:130 | ui-score:70 | logic-score:70 | integration-score:55 | observability-score:55 | automation-score:50,de7f66e9b4ef919a
6febae4ed8e40d3b8486e1d7,mbarbine__Scripts,style,"style,logic,security,automation",stylesheet,ai,gallery,gallery,ansible/magento/magento2/repos/magento2/lib/web/mage/gallery/gallery.less,.less,1022,,,,css,unknown,75,35,shared-style-candidate,True,none,secondary,secondary,"Style component for ai; review for shared tokens, theme, palette, Tailwind, or global style normalization.",style-score:100 | logic-score:70 | security-score:55 | automation-score:50,ff75d56f9b19b9ef
ff1e444a8ffe55397f2e645c,mbarbine__Scripts,style,"style,automation,logic",stylesheet,ai,_variables,variables,ansible/magento/magento2/repos/magento2/lib/web/mage/gallery/module/_variables.less,.less,12,,,,css,unknown,75,55,shared-style-candidate,False,none,secondary,secondary,"Style component for ai; review for shared tokens, theme, palette, Tailwind, or global style normalization.",style-score:100 | automation-score:50 | logic-score:45,79b6253e74481e94
34b577d61df691898a7c63ff,mbarbine__Scripts,style,"style,automation,logic",stylesheet,ai,_fullscreen,fullscreen,ansible/magento/magento2/repos/magento2/lib/web/mage/gallery/module/_fullscreen.less,.less,64,,,,css,unknown,75,55,shared-style-candidate,False,none,secondary,secondary,"Style component for ai; review for shared tokens, theme, palette, Tailwind, or global style normalization.",style-score:100 | automation-score:50 | logic-score:45,32c1fcf9656d2c63
4013d63178437a1e8d16f268,mbarbine__Scripts,style,"style,automation,logic",stylesheet,ai,_focus,focus,ansible/magento/magento2/repos/magento2/lib/web/mage/gallery/module/_focus.less,.less,66,,,,css,unknown,75,55,shared-style-candidate,True,none,secondary,secondary,"Style component for ai; review for shared tokens, theme, palette, Tailwind, or global style normalization.",style-score:100 | automation-score:50 | logic-score:45,aa9ad25bc6a5d0e8
9a0e86c3c19cbdd9e84807a6,mbarbine__Scripts,style,"style,logic,automation",stylesheet,ai,_mixins,mixins,ansible/magento/magento2/repos/magento2/lib/web/mage/gallery/module/_mixins.less,.less,55,,,,css,unknown,75,55,shared-style-candidate,False,none,secondary,secondary,"Style component for ai; review for shared tokens, theme, palette, Tailwind, or global style normalization.",style-score:100 | logic-score:70 | automation-score:50,1befa86ab6196764
8eda32edb0433090231e3eaa,mbarbine__Scripts,style,"style,logic,automation",stylesheet,ai,_extends,extends,ansible/magento/magento2/repos/magento2/lib/web/mage/gallery/module/_extends.less,.less,127,,,,css,unknown,75,55,shared-style-candidate,True,none,secondary,secondary,"Style component for ai; review for shared tokens, theme, palette, Tailwind, or global style normalization.",style-score:100 | logic-score:70 | automation-score:50,b59e3e4c3d602d5e
1168e908274d2d173abbef3e,mbarbine__Scripts,style,"style,automation,logic",design-token,ai,content,content,ansible/magento/magento2/repos/magento2/lib/web/mage/adminhtml/wysiwyg/tiny_mce/themes/advanced/skins/default/content.css,.css,36,,,,css,unknown,75,80,shared-style-candidate,True,none,secondary,secondary,"Style component for ai; review for shared tokens, theme, palette, Tailwind, or global style normalization.",style-score:130 | automation-score:95 | logic-score:45 | cron-or-schedule,aea397555444ee51
056a9a92cb7aafae81eecf5b,mbarbine__Scripts,style,"style,ui,logic,observability,automation,ai",ui-primitive,observability,dialog,dialog,ansible/magento/magento2/repos/magento2/lib/web/mage/adminhtml/wysiwyg/tiny_mce/themes/advanced/skins/default/dialog.css,.css,67,,,,css,unknown,75,80,shared-style-candidate,True,none,secondary,secondary,"Style component for observability; review for shared tokens, theme, palette, Tailwind, or global style normalization.",style-score:130 | ui-score:70 | logic-score:70 | observability-score:55 | automation-score:50 | ai-score:45,2211d86b130b13eb
08ba4816768114d753fb3494,mbarbine__Scripts,style,"style,automation,logic",stylesheet,ai,_widgets,widgets,ansible/magento/magento2/repos/magento2/lib/web/css/source/_widgets.less,.less,10,,,,css,unknown,70,55,shared-style-candidate,False,none,secondary,secondary,"Style component for ai; review for shared tokens, theme, palette, Tailwind, or global style normalization.",style-score:130 | automation-score:50 | logic-score:45,600f884eb88906c7
4b19aa9e2e34b0ced2bf0185,mbarbine__Scripts,style,"style,automation,logic",stylesheet,ai,_variables,variables,ansible/magento/magento2/repos/magento2/lib/web/css/source/_variables.less,.less,10,,,,css,unknown,70,55,shared-style-candidate,False,none,secondary,secondary,"Style component for ai; review for shared tokens, theme, palette, Tailwind, or global style normalization.",style-score:130 | automation-score:50 | logic-score:45,6adaca4c081b3856
317646c58deb18e2aa71bd93,mbarbine__Scripts,style,"style,automation,logic",stylesheet,ai,_email-variables,email-variables,ansible/magento/magento2/repos/magento2/lib/web/css/source/_email-variables.less,.less,21,,,,css,unknown,75,55,shared-style-candidate,False,none,secondary,secondary,"Style component for ai; review for shared tokens, theme, palette, Tailwind, or global style normalization.",style-score:130 | automation-score:50 | logic-score:45,74b55f669337795e
9f4b7d628dc76bba0abf08f7,mbarbine__Scripts,style,"style,automation,logic",design-token,ai,_theme,theme,ansible/magento/magento2/repos/magento2/lib/web/css/source/_theme.less,.less,10,,,,css,unknown,70,80,shared-style-candidate,False,none,secondary,secondary,"Style component for ai; review for shared tokens, theme, palette, Tailwind, or global style normalization.",style-score:130 | automation-score:50 | logic-score:45,adef0312d1ba634a
c0f11256e68f133d6fe1ffd9,mbarbine__Scripts,style,"style,automation,logic",stylesheet,ai,_extend,extend,ansible/magento/magento2/repos/magento2/lib/web/css/source/_extend.less,.less,10,,,,css,unknown,70,55,shared-style-candidate,False,none,secondary,secondary,"Style component for ai; review for shared tokens, theme, palette, Tailwind, or global style normalization.",style-score:130 | automation-score:50 | logic-score:45,625b9fddc063c886
038ab4ea098cd4b9edd2d774,mbarbine__Scripts,style,"style,logic,automation",stylesheet,ai,_modals,modals,ansible/magento/magento2/repos/magento2/lib/web/css/source/components/_modals.less,.less,256,,,,css,unknown,75,50,shared-style-candidate,False,none,secondary,secondary,"Style component for ai; review for shared tokens, theme, palette, Tailwind, or global style normalization.",style-score:130 | logic-score:70 | automation-score:50,932da499e013058f
e774c72e287aae18ebb1c0ac,mbarbine__Scripts,style,"style,logic,observability,automation",stylesheet,ai,_utilities,utilities,ansible/magento/magento2/repos/magento2/lib/web/css/source/lib/_utilities.less,.less,540,,,,css,unknown,75,40,shared-style-candidate,True,none,secondary,secondary,"Style component for ai; review for shared tokens, theme, palette, Tailwind, or global style normalization.",style-score:130 | logic-score:70 | observability-score:55 | automation-score:50,a0e388c2742d4ea9
2ae86a240ba7231fae36ca84,mbarbine__Scripts,style,"style,observability,automation,logic",stylesheet,observability,_grids,grids,ansible/magento/magento2/repos/magento2/lib/web/css/source/lib/_grids.less,.less,247,,,,css,unknown,75,50,shared-style-candidate,False,none,secondary,secondary,"Style component for observability; review for shared tokens, theme, palette, Tailwind, or global style normalization.",style-score:130 | observability-score:55 | automation-score:50 | logic-score:45,75d02faa5a8aaea8
47c7c7c9655138c07887dcf2,mbarbine__Scripts,style,"style,automation,logic",stylesheet,ai,_responsive,responsive,ansible/magento/magento2/repos/magento2/lib/web/css/source/lib/_responsive.less,.less,81,,,,css,unknown,75,55,shared-style-candidate,False,none,secondary,secondary,"Style component for ai; review for shared tokens, theme, palette, Tailwind, or global style normalization.",style-score:130 | automation-score:50 | logic-score:45,c84609f715b10477
13af40f972b87151d11f0d9b,mbarbine__Scripts,style,"style,automation,logic",stylesheet,ai,_buttons,buttons,ansible/magento/magento2/repos/magento2/lib/web/css/source/lib/_buttons.less,.less,437,,,,css,unknown,75,50,shared-style-candidate,True,none,secondary,secondary,"Style component for ai; review for shared tokens, theme, palette, Tailwind, or global style normalization.",style-score:130 | automation-score:50 | logic-score:45,5909e84a349d6cb8
8e0c1856e253cc12478de5db,mbarbine__Scripts,style,"style,logic,security,automation",stylesheet,ai,_forms,forms,ansible/magento/magento2/repos/magento2/lib/web/css/source/lib/_forms.less,.less,1109,,,,css,unknown,75,35,shared-style-candidate,True,none,secondary,secondary,"Style component for ai; review for shared tokens, theme, palette, Tailwind, or global style normalization.",style-score:130 | logic-score:70 | security-score:55 | automation-score:50,d414bc1047dfa3cc
c5f657de636e77f1e048ea51,mbarbine__Scripts,style,"style,automation,logic,ai",stylesheet,ai,_lib,lib,ansible/magento/magento2/repos/magento2/lib/web/css/source/lib/_lib.less,.less,30,,,,css,unknown,75,55,shared-style-candidate,True,none,secondary,secondary,"Style component for ai; review for shared tokens, theme, palette, Tailwind, or global style normalization.",style-score:130 | automation-score:50 | logic-score:45 | ai-score:45,e23b67a8674a9d95
b1e8f6eec2a7b4622d4f6622,mbarbine__Scripts,style,"style,logic,observability,automation",stylesheet,observability,_navigation,navigation,ansible/magento/magento2/repos/magento2/lib/web/css/source/lib/_navigation.less,.less,524,,,,css,unknown,75,40,shared-style-candidate,False,none,secondary,secondary,"Style component for observability; review for shared tokens, theme, palette, Tailwind, or global style normalization.",style-score:130 | logic-score:70 | observability-score:55 | automation-score:50,e67afb16cc24722a
49fc2deec1b8cd7069f9f392,mbarbine__Scripts,style,"style,automation,logic",stylesheet,ai,_layout,layout,ansible/magento/magento2/repos/magento2/lib/web/css/source/lib/_layout.less,.less,126,,,,css,unknown,75,55,shared-style-candidate,True,none,secondary,secondary,"Style component for ai; review for shared tokens, theme, palette, Tailwind, or global style normalization.",style-score:130 | automation-score:50 | logic-score:45,938f31f9fff3147e
365d9a8710ae7ace5790a502,mbarbine__Scripts,style,"style,automation,logic",stylesheet,ai,_actions-toolbar,actions-toolbar,ansible/magento/magento2/repos/magento2/lib/web/css/source/lib/_actions-toolbar.less,.less,152,,,,css,unknown,75,55,shared-style-candidate,False,none,secondary,secondary,"Style component for ai; review for shared tokens, theme, palette, Tailwind, or global style normalization.",style-score:130 | automation-score:50 | logic-score:45,23f858b0a6b9ca70
32b4824f69359b582306dcf5,mbarbine__Scripts,style,"style,automation,logic",stylesheet,ai,_pages,pages,ansible/magento/magento2/repos/magento2/lib/web/css/source/lib/_pages.less,.less,440,,,,css,unknown,75,50,shared-style-candidate,False,none,secondary,secondary,"Style component for ai; review for shared tokens, theme, palette, Tailwind, or global style normalization.",style-score:130 | automation-score:50 | logic-score:45,feb3db687434da4d
5a8e1df57d68c614b8b8ab4c,mbarbine__Scripts,style,"style,observability,automation,logic",stylesheet,ai,_sections,sections,ansible/magento/magento2/repos/magento2/lib/web/css/source/lib/_sections.less,.less,288,,,,css,unknown,75,50,shared-style-candidate,True,none,secondary,secondary,"Style component for ai; review for shared tokens, theme, palette, Tailwind, or global style normalization.",style-score:130 | observability-score:55 | automation-score:50 | logic-score:45,01b60bbbb6053442
872438bf52f0e8019585d32f,mbarbine__Scripts,style,"style,logic,integration,automation",stylesheet,ai,_popups,popups,ansible/magento/magento2/repos/magento2/lib/web/css/source/lib/_popups.less,.less,317,,,,css,unknown,75,50,shared-style-candidate,True,none,secondary,secondary,"Style component for ai; review for shared tokens, theme, palette, Tailwind, or global style normalization.",style-score:130 | logic-score:70 | integration-score:55 | automation-score:50,8e43581b4283fee2
71180f955b4cdc7f3e9708e5,mbarbine__Scripts,style,"style,automation,logic,ai",stylesheet,ai,_variables,variables,ansible/magento/magento2/repos/magento2/lib/web/css/source/lib/_variables.less,.less,33,,,,css,unknown,75,55,shared-style-candidate,True,none,secondary,secondary,"Style component for ai; review for shared tokens, theme, palette, Tailwind, or global style normalization.",style-score:130 | automation-score:50 | logic-score:45 | ai-score:45,364e26b56a30acfd
afd6f5709e1397ce4d655d97,mbarbine__Scripts,style,"style,automation,security,logic",stylesheet,ai,_typography,typography,ansible/magento/magento2/repos/magento2/lib/web/css/source/lib/_typography.less,.less,477,,,,css,unknown,75,50,shared-style-candidate,True,none,secondary,secondary,"Style component for ai; review for shared tokens, theme, palette, Tailwind, or global style normalization.",style-score:130 | automation-score:95 | security-score:55 | logic-score:45 | cron-or-schedule,e60c61f58ff67d53
6ac41febaf8fc7e335ffd705,mbarbine__Scripts,style,"style,automation,logic",stylesheet,ai,_loaders,loaders,ansible/magento/magento2/repos/magento2/lib/web/css/source/lib/_loaders.less,.less,96,,,,css,unknown,75,55,shared-style-candidate,True,none,secondary,secondary,"Style component for ai; review for shared tokens, theme, palette, Tailwind, or global style normalization.",style-score:130 | automation-score:50 | logic-score:45,46fdeac9df0d73d8
69aae8abd9003896f225e223,mbarbine__Scripts,style,"style,observability,automation,logic",stylesheet,observability,_icons,icons,ansible/magento/magento2/repos/magento2/lib/web/css/source/lib/_icons.less,.less,363,,,,css,unknown,75,50,shared-style-candidate,True,none,secondary,secondary,"Style component for observability; review for shared tokens, theme, palette, Tailwind, or global style normalization.",style-score:130 | observability-score:55 | automation-score:50 | logic-score:45,ad50ffdc6cc9685f
39b15cdba53356fca4fc4ce6,mbarbine__Scripts,style,"style,automation,logic,ai",stylesheet,ai,_messages,messages,ansible/magento/magento2/repos/magento2/lib/web/css/source/lib/_messages.less,.less,281,,,,css,unknown,75,50,shared-style-candidate,True,none,secondary,secondary,"Style component for ai; review for shared tokens, theme, palette, Tailwind, or global style normalization.",style-score:130 | automation-score:50 | logic-score:45 | ai-score:45,f356bbec63420444
3c27531d9ab1b1abd049a099,mbarbine__Scripts,style,"style,automation,logic",stylesheet,ai,_dropdowns,dropdowns,ansible/magento/magento2/repos/magento2/lib/web/css/source/lib/_dropdowns.less,.less,627,,,,css,unknown,75,40,shared-style-candidate,True,none,secondary,secondary,"Style component for ai; review for shared tokens, theme, palette, Tailwind, or global style normalization.",style-score:130 | automation-score:50 | logic-score:45,190d9b5554da505a
0e127754d9c14bd88acd0f46,mbarbine__Scripts,style,"style,logic,observability,automation",stylesheet,observability,_rating,rating,ansible/magento/magento2/repos/magento2/lib/web/css/source/lib/_rating.less,.less,228,,,,css,unknown,75,50,shared-style-candidate,True,none,secondary,secondary,"Style component for observability; review for shared tokens, theme, palette, Tailwind, or global style normalization.",style-score:130 | logic-score:70 | observability-score:55 | automation-score:50,a657eddb2fac7459
6428bf8328f854ecf0b3a498,mbarbine__Scripts,style,"style,logic,automation",stylesheet,ai,_tables,tables,ansible/magento/magento2/repos/magento2/lib/web/css/source/lib/_tables.less,.less,554,,,,css,unknown,75,40,shared-style-candidate,False,none,secondary,secondary,"Style component for ai; review for shared tokens, theme, palette, Tailwind, or global style normalization.",style-score:130 | logic-score:70 | automation-score:50,53ccab7c5ccd2ebe
9fb0132e60ba98d12e1dd38d,mbarbine__Scripts,style,"style,automation,logic",stylesheet,ai,_tooltips,tooltips,ansible/magento/magento2/repos/magento2/lib/web/css/source/lib/_tooltips.less,.less,230,,,,css,unknown,75,50,shared-style-candidate,True,none,secondary,secondary,"Style component for ai; review for shared tokens, theme, palette, Tailwind, or global style normalization.",style-score:130 | automation-score:50 | logic-score:45,a9410e84f37a1356
d62f0bf191393b1901ac23d0,mbarbine__Scripts,style,"style,automation,logic",stylesheet,ai,_breadcrumbs,breadcrumbs,ansible/magento/magento2/repos/magento2/lib/web/css/source/lib/_breadcrumbs.less,.less,178,,,,css,unknown,75,55,shared-style-candidate,True,none,secondary,secondary,"Style component for ai; review for shared tokens, theme, palette, Tailwind, or global style normalization.",style-score:130 | automation-score:50 | logic-score:45,592ea88109ac1f43
8a99ad1f983ebdb794045c9e,mbarbine__Scripts,style,"style,automation,logic,observability,security",stylesheet,observability,_resets,resets,ansible/magento/magento2/repos/magento2/lib/web/css/source/lib/_resets.less,.less,521,,,,css,unknown,75,40,shared-style-candidate,True,none,secondary,secondary,"Style component for observability; review for shared tokens, theme, palette, Tailwind, or global style normalization.",style-score:130 | automation-score:95 | logic-score:70 | observability-score:55 | security-score:55 | cron-or-schedule,133202f05725cdde
6c86422800c7fbd4e88f234c,mbarbine__Scripts,style,"style,automation,logic",stylesheet,ai,_responsive,responsive,ansible/magento/magento2/repos/magento2/lib/web/css/source/lib/variables/_responsive.less,.less,18,,,,css,unknown,75,55,shared-style-candidate,False,none,secondary,secondary,"Style component for ai; review for shared tokens, theme, palette, Tailwind, or global style normalization.",style-score:130 | automation-score:50 | logic-score:45,6637cca9c717664d
3c4b9e185710ee858f64f79f,mbarbine__Scripts,style,"style,automation,logic",stylesheet,ai,_buttons,buttons,ansible/magento/magento2/repos/magento2/lib/web/css/source/lib/variables/_buttons.less,.less,102,,,,css,unknown,75,55,shared-style-candidate,True,none,secondary,secondary,"Style component for ai; review for shared tokens, theme, palette, Tailwind, or global style normalization.",style-score:130 | automation-score:50 | logic-score:45,ed4fb6a28dfce2a2
de53c39282497bdaa07e01b1,mbarbine__Scripts,style,"style,security,automation,logic",stylesheet,ai,_forms,forms,ansible/magento/magento2/repos/magento2/lib/web/css/source/lib/variables/_forms.less,.less,315,,,,css,unknown,75,50,shared-style-candidate,True,none,secondary,secondary,"Style component for ai; review for shared tokens, theme, palette, Tailwind, or global style normalization.",style-score:130 | security-score:55 | automation-score:50 | logic-score:45,a98d236f81bd22d2
ee1f5e4219dd4a91d67aa844,mbarbine__Scripts,style,"style,logic,automation",stylesheet,ai,_navigation,navigation,ansible/magento/magento2/repos/magento2/lib/web/css/source/lib/variables/_navigation.less,.less,115,,,,css,unknown,75,55,shared-style-candidate,False,none,secondary,secondary,"Style component for ai; review for shared tokens, theme, palette, Tailwind, or global style normalization.",style-score:130 | logic-score:70 | automation-score:50,4698da0f07de89d2
0333c75f9332898cd006fbd7,mbarbine__Scripts,style,"style,automation,logic",stylesheet,ai,_structure,structure,ansible/magento/magento2/repos/magento2/lib/web/css/source/lib/variables/_structure.less,.less,29,,,,css,unknown,75,55,shared-style-candidate,False,none,secondary,secondary,"Style component for ai; review for shared tokens, theme, palette, Tailwind, or global style normalization.",style-score:130 | automation-score:50 | logic-score:45,5bda7f1565ec35d2
fe69fc98af1f982afebe53fa,mbarbine__Scripts,style,"style,automation,logic",stylesheet,ai,_layout,layout,ansible/magento/magento2/repos/magento2/lib/web/css/source/lib/variables/_layout.less,.less,40,,,,css,unknown,75,55,shared-style-candidate,False,none,secondary,secondary,"Style component for ai; review for shared tokens, theme, palette, Tailwind, or global style normalization.",style-score:130 | automation-score:50 | logic-score:45,8b06da1e571b32e1
b223e1209de3587e8d83e9b7,mbarbine__Scripts,style,"style,automation,logic",stylesheet,ai,_actions-toolbar,actions-toolbar,ansible/magento/magento2/repos/magento2/lib/web/css/source/lib/variables/_actions-toolbar.less,.less,22,,,,css,unknown,75,55,shared-style-candidate,False,none,secondary,secondary,"Style component for ai; review for shared tokens, theme, palette, Tailwind, or global style normalization.",style-score:130 | automation-score:50 | logic-score:45,3ec2892c4b3ba82c
f0659be1ef21e0de2ccf993a,mbarbine__Scripts,style,"style,automation,logic",stylesheet,ai,_pages,pages,ansible/magento/magento2/repos/magento2/lib/web/css/source/lib/variables/_pages.less,.less,111,,,,css,unknown,75,55,shared-style-candidate,True,none,secondary,secondary,"Style component for ai; review for shared tokens, theme, palette, Tailwind, or global style normalization.",style-score:130 | automation-score:50 | logic-score:45,e330033f5b0e159d
a3fe21ff4f3ce75773311960,mbarbine__Scripts,style,"style,observability,automation,logic",stylesheet,ai,_sections,sections,ansible/magento/magento2/repos/magento2/lib/web/css/source/lib/variables/_sections.less,.less,89,,,,css,unknown,75,55,shared-style-candidate,True,none,secondary,secondary,"Style component for ai; review for shared tokens, theme, palette, Tailwind, or global style normalization.",style-score:130 | observability-score:55 | automation-score:50 | logic-score:45,03f6f1a99f68dddc
d238bd559d17cd4041a7b117,mbarbine__Scripts,style,"style,integration,automation,logic",stylesheet,ai,_popups,popups,ansible/magento/magento2/repos/magento2/lib/web/css/source/lib/variables/_popups.less,.less,80,,,,css,unknown,75,55,shared-style-candidate,True,none,secondary,secondary,"Style component for ai; review for shared tokens, theme, palette, Tailwind, or global style normalization.",style-score:130 | integration-score:55 | automation-score:50 | logic-score:45,529787ddc8e04d85
135291edbcfaa45eac0563d5,mbarbine__Scripts,style,"style,logic,automation",stylesheet,ai,_typography,typography,ansible/magento/magento2/repos/magento2/lib/web/css/source/lib/variables/_typography.less,.less,245,,,,css,unknown,75,50,shared-style-candidate,False,none,secondary,secondary,"Style component for ai; review for shared tokens, theme, palette, Tailwind, or global style normalization.",style-score:130 | logic-score:70 | automation-score:50,d4a36980ba4ac3fb
0de5fe89275651b26c50a853,mbarbine__Scripts,style,"style,automation,logic",stylesheet,ai,_colors,colors,ansible/magento/magento2/repos/magento2/lib/web/css/source/lib/variables/_colors.less,.less,102,,,,css,unknown,75,55,shared-style-candidate,False,none,secondary,secondary,"Style component for ai; review for shared tokens, theme, palette, Tailwind, or global style normalization.",style-score:130 | automation-score:50 | logic-score:45,5474e6a1067ea681
77b222de402f350333a76bde,mbarbine__Scripts,style,"style,automation,logic,ai",stylesheet,ai,_email,email,ansible/magento/magento2/repos/magento2/lib/web/css/source/lib/variables/_email.less,.less,32,,,,css,unknown,75,55,shared-style-candidate,True,none,secondary,secondary,"Style component for ai; review for shared tokens, theme, palette, Tailwind, or global style normalization.",style-score:130 | automation-score:50 | logic-score:45 | ai-score:45,3555310775d3119f
d264e431a07692fd31bf0cb2,mbarbine__Scripts,style,"style,automation,logic",stylesheet,ai,_loaders,loaders,ansible/magento/magento2/repos/magento2/lib/web/css/source/lib/variables/_loaders.less,.less,30,,,,css,unknown,75,55,shared-style-candidate,False,none,secondary,secondary,"Style component for ai; review for shared tokens, theme, palette, Tailwind, or global style normalization.",style-score:130 | automation-score:50 | logic-score:45,51cbf3c4cbb87054
2186add2148707c9c4308d16,mbarbine__Scripts,style,"style,automation,logic",stylesheet,ai,_icons,icons,ansible/magento/magento2/repos/magento2/lib/web/css/source/lib/variables/_icons.less,.less,85,,,,css,unknown,75,55,shared-style-candidate,True,none,secondary,secondary,"Style component for ai; review for shared tokens, theme, palette, Tailwind, or global style normalization.",style-score:130 | automation-score:50 | logic-score:45,90885f39f86594e2
ff5586ee4209fd28f34eedf1,mbarbine__Scripts,style,"style,logic,automation,ai",stylesheet,ai,_messages,messages,ansible/magento/magento2/repos/magento2/lib/web/css/source/lib/variables/_messages.less,.less,123,,,,css,unknown,75,55,shared-style-candidate,True,none,secondary,secondary,"Style component for ai; review for shared tokens, theme, palette, Tailwind, or global style normalization.",style-score:130 | logic-score:70 | automation-score:50 | ai-score:45,6abe2925c95e40cf
597cd1acc3eb487683189c57,mbarbine__Scripts,style,"style,automation,logic",stylesheet,ai,_components,components,ansible/magento/magento2/repos/magento2/lib/web/css/source/lib/variables/_components.less,.less,13,,,,css,unknown,75,55,shared-style-candidate,False,none,secondary,secondary,"Style component for ai; review for shared tokens, theme, palette, Tailwind, or global style normalization.",style-score:130 | automation-score:50 | logic-score:45,43d26a0cf237f305
089685bfa9e3d84a4e4120e6,mbarbine__Scripts,style,"style,automation,logic",stylesheet,ai,_dropdowns,dropdowns,ansible/magento/magento2/repos/magento2/lib/web/css/source/lib/variables/_dropdowns.less,.less,99,,,,css,unknown,75,55,shared-style-candidate,True,none,secondary,secondary,"Style component for ai; review for shared tokens, theme, palette, Tailwind, or global style normalization.",style-score:130 | automation-score:50 | logic-score:45,300162c397db3b4c
01844a9b0bfcb2980ec0444e,mbarbine__Scripts,style,"style,automation,logic",stylesheet,ai,_rating,rating,ansible/magento/magento2/repos/magento2/lib/web/css/source/lib/variables/_rating.less,.less,19,,,,css,unknown,75,55,shared-style-candidate,True,none,secondary,secondary,"Style component for ai; review for shared tokens, theme, palette, Tailwind, or global style normalization.",style-score:130 | automation-score:50 | logic-score:45,d1b5c83eb77c8925
9f1bf8376465e3fc48fe0386,mbarbine__Scripts,style,"style,automation,logic",stylesheet,ai,_tables,tables,ansible/magento/magento2/repos/magento2/lib/web/css/source/lib/variables/_tables.less,.less,55,,,,css,unknown,75,55,shared-style-candidate,False,none,secondary,secondary,"Style component for ai; review for shared tokens, theme, palette, Tailwind, or global style normalization.",style-score:130 | automation-score:50 | logic-score:45,bd4ff629b28ee258
425e36df17902c664c45162c,mbarbine__Scripts,style,"style,automation,logic",stylesheet,ai,_tooltips,tooltips,ansible/magento/magento2/repos/magento2/lib/web/css/source/lib/variables/_tooltips.less,.less,28,,,,css,unknown,75,55,shared-style-candidate,False,none,secondary,secondary,"Style component for ai; review for shared tokens, theme, palette, Tailwind, or global style normalization.",style-score:130 | automation-score:50 | logic-score:45,142f4408d18d88de
c47f9765b720fd52124af344,mbarbine__Scripts,style,"style,automation,logic",stylesheet,ai,_breadcrumbs,breadcrumbs,ansible/magento/magento2/repos/magento2/lib/web/css/source/lib/variables/_breadcrumbs.less,.less,76,,,,css,unknown,75,55,shared-style-candidate,True,none,secondary,secondary,"Style component for ai; review for shared tokens, theme, palette, Tailwind, or global style normalization.",style-score:130 | automation-score:50 | logic-score:45,acaaa4014979711e
f831ab4fcb0a044d0400be52,mbarbine__Scripts,style,"style,logic,observability,automation,process",stylesheet,ai,docs,docs,ansible/magento/magento2/repos/magento2/lib/web/css/docs/docs.css,.css,8908,,,,css,unknown,75,35,shared-style-candidate,True,secondary,secondary,secondary,"Style component for ai; review for shared tokens, theme, palette, Tailwind, or global style normalization.",style-score:130 | logic-score:70 | observability-score:55 | automation-score:50 | process-score:45,7f53ff02f540e9bc
4fe2ff241eac64268166aeb3,mbarbine__Scripts,style,"style,logic,automation,process",stylesheet,ai,_utilities,utilities,ansible/magento/magento2/repos/magento2/lib/web/css/docs/source/_utilities.less,.less,432,,,,css,unknown,75,50,shared-style-candidate,True,secondary,secondary,secondary,"Style component for ai; review for shared tokens, theme, palette, Tailwind, or global style normalization.",style-score:130 | logic-score:70 | automation-score:50 | process-score:45,8878a98693bcb086
d069fe2dbdf21f0aa987a75c,mbarbine__Scripts,style,"style,automation,logic,process",stylesheet,ai,_responsive,responsive,ansible/magento/magento2/repos/magento2/lib/web/css/docs/source/_responsive.less,.less,108,,,,css,unknown,75,55,shared-style-candidate,True,secondary,secondary,secondary,"Style component for ai; review for shared tokens, theme, palette, Tailwind, or global style normalization.",style-score:130 | automation-score:50 | logic-score:45 | process-score:45,7dd9fb4568282fde
7b14217453a1443d7873b185,mbarbine__Scripts,style,"style,observability,automation,logic,process",stylesheet,observability,_buttons,buttons,ansible/magento/magento2/repos/magento2/lib/web/css/docs/source/_buttons.less,.less,1004,,,,css,unknown,75,35,shared-style-candidate,True,secondary,secondary,secondary,"Style component for observability; review for shared tokens, theme, palette, Tailwind, or global style normalization.",style-score:130 | observability-score:55 | automation-score:50 | logic-score:45 | process-score:45,bf509f3946b965c7
0f5a7592f2762e8ed8546762,mbarbine__Scripts,style,"style,logic,observability,automation,process",stylesheet,observability,_forms,forms,ansible/magento/magento2/repos/magento2/lib/web/css/docs/source/_forms.less,.less,1196,,,,css,unknown,75,35,shared-style-candidate,True,secondary,secondary,secondary,"Style component for observability; review for shared tokens, theme, palette, Tailwind, or global style normalization.",style-score:130 | logic-score:70 | observability-score:55 | automation-score:50 | process-score:45,2b3cc50a09e2a6bf
e47252c66814f699211dc76e,mbarbine__Scripts,style,"style,automation,logic,process",stylesheet,ai,_lib,lib,ansible/magento/magento2/repos/magento2/lib/web/css/docs/source/_lib.less,.less,12,,,,css,unknown,75,55,shared-style-candidate,True,secondary,secondary,secondary,"Style component for ai; review for shared tokens, theme, palette, Tailwind, or global style normalization.",style-score:130 | automation-score:50 | logic-score:45 | process-score:45,2335a23ed6498617
6ac69275e6c2c25e25c6e251,mbarbine__Scripts,style,"style,logic,observability,automation,process",stylesheet,observability,_layout,layout,ansible/magento/magento2/repos/magento2/lib/web/css/docs/source/_layout.less,.less,395,,,,css,unknown,75,50,shared-style-candidate,True,secondary,secondary,secondary,"Style component for observability; review for shared tokens, theme, palette, Tailwind, or global style normalization.",style-score:130 | logic-score:70 | observability-score:55 | automation-score:50 | process-score:45,a624495684938794
190cb457be69ba90a6d75598,mbarbine__Scripts,style,"style,logic,observability,automation,process",stylesheet,observability,_actions-toolbar,actions-toolbar,ansible/magento/magento2/repos/magento2/lib/web/css/docs/source/_actions-toolbar.less,.less,388,,,,css,unknown,75,50,shared-style-candidate,True,secondary,secondary,secondary,"Style component for observability; review for shared tokens, theme, palette, Tailwind, or global style normalization.",style-score:130 | logic-score:70 | observability-score:55 | automation-score:50 | process-score:45,7390ed33f1249bb9
53b713bf4bb813017fd8a0d7,mbarbine__Scripts,style,"style,observability,automation,logic,process",stylesheet,observability,_pages,pages,ansible/magento/magento2/repos/magento2/lib/web/css/docs/source/_pages.less,.less,873,,,,css,unknown,75,35,shared-style-candidate,True,secondary,secondary,secondary,"Style component for observability; review for shared tokens, theme, palette, Tailwind, or global style normalization.",style-score:130 | observability-score:55 | automation-score:50 | logic-score:45 | process-score:45,1b0a9da5fc29cfa4
34757f02d11671a0084e9e83,mbarbine__Scripts,style,"style,logic,observability,automation,process",stylesheet,observability,_sections,sections,ansible/magento/magento2/repos/magento2/lib/web/css/docs/source/_sections.less,.less,691,,,,css,unknown,75,40,shared-style-candidate,True,secondary,secondary,secondary,"Style component for observability; review for shared tokens, theme, palette, Tailwind, or global style normalization.",style-score:130 | logic-score:70 | observability-score:55 | automation-score:50 | process-score:45,33810127af619813
21e6475ed8211b717fe1aff1,mbarbine__Scripts,style,"style,integration,observability,automation,logic,process",stylesheet,observability,_popups,popups,ansible/magento/magento2/repos/magento2/lib/web/css/docs/source/_popups.less,.less,824,,,,css,unknown,75,35,shared-style-candidate,True,secondary,secondary,secondary,"Style component for observability; review for shared tokens, theme, palette, Tailwind, or global style normalization.",style-score:130 | integration-score:55 | observability-score:55 | automation-score:50 | logic-score:45 | process-score:45,457780ec545544a8
31f735363edac7a219acad12,mbarbine__Scripts,style,"style,observability,automation,logic,process",stylesheet,observability,_variables,variables,ansible/magento/magento2/repos/magento2/lib/web/css/docs/source/_variables.less,.less,6912,,,,css,unknown,75,35,shared-style-candidate,True,secondary,secondary,secondary,"Style component for observability; review for shared tokens, theme, palette, Tailwind, or global style normalization.",style-score:130 | observability-score:55 | automation-score:50 | logic-score:45 | process-score:45,0be22b8e50af8313
587ce51eda442ecd1224c54f,mbarbine__Scripts,style,"style,process,observability,security,automation,logic",stylesheet,observability,_typography,typography,ansible/magento/magento2/repos/magento2/lib/web/css/docs/source/_typography.less,.less,1384,,,,css,unknown,75,35,shared-style-candidate,True,secondary,secondary,secondary,"Style component for observability; review for shared tokens, theme, palette, Tailwind, or global style normalization.",style-score:130 | process-score:80 | observability-score:55 | security-score:55 | automation-score:50 | logic-score:45,11f012cd878e2a9d
06320db6fc5e645337c591fc,mbarbine__Scripts,style,"style,logic,observability,automation,process",stylesheet,observability,_loaders,loaders,ansible/magento/magento2/repos/magento2/lib/web/css/docs/source/_loaders.less,.less,199,,,,css,unknown,75,55,shared-style-candidate,True,secondary,secondary,secondary,"Style component for observability; review for shared tokens, theme, palette, Tailwind, or global style normalization.",style-score:130 | logic-score:70 | observability-score:55 | automation-score:50 | process-score:45,f085daf17eb35cc5
efad7b3b616ee2324d0b0c51,mbarbine__Scripts,style,"style,automation,logic,process,ai",stylesheet,ai,docs,docs,ansible/magento/magento2/repos/magento2/lib/web/css/docs/source/docs.less,.less,41,,,,css,unknown,75,55,shared-style-candidate,True,secondary,secondary,secondary,"Style component for ai; review for shared tokens, theme, palette, Tailwind, or global style normalization.",style-score:130 | automation-score:50 | logic-score:45 | process-score:45 | ai-score:45,84959017ba86b285
dd3f1abbe214f8d4c6785358,mbarbine__Scripts,style,"style,observability,automation,logic,process",stylesheet,observability,_icons,icons,ansible/magento/magento2/repos/magento2/lib/web/css/docs/source/_icons.less,.less,912,,,,css,unknown,75,35,shared-style-candidate,True,secondary,secondary,secondary,"Style component for observability; review for shared tokens, theme, palette, Tailwind, or global style normalization.",style-score:130 | observability-score:55 | automation-score:50 | logic-score:45 | process-score:45,bd68cb42a0a3a9c8
27f0cc1405cedef5366b4b58,mbarbine__Scripts,style,"style,logic,observability,automation,process,ai",stylesheet,observability,_messages,messages,ansible/magento/magento2/repos/magento2/lib/web/css/docs/source/_messages.less,.less,781,,,,css,unknown,75,35,shared-style-candidate,True,secondary,secondary,secondary,"Style component for observability; review for shared tokens, theme, palette, Tailwind, or global style normalization.",style-score:130 | logic-score:70 | observability-score:55 | automation-score:50 | process-score:45 | ai-score:45,043ac413d334e4ac
e06cddfcea0bd31446b68647,mbarbine__Scripts,style,"style,observability,automation,logic,process",stylesheet,observability,_components,components,ansible/magento/magento2/repos/magento2/lib/web/css/docs/source/_components.less,.less,156,,,,css,unknown,75,55,shared-style-candidate,True,secondary,secondary,secondary,"Style component for observability; review for shared tokens, theme, palette, Tailwind, or global style normalization.",style-score:130 | observability-score:55 | automation-score:50 | logic-score:45 | process-score:45,593cf272e12527d2
7db9c0e5a50afcf067857873,mbarbine__Scripts,style,"style,observability,automation,logic,process",stylesheet,observability,_dropdowns,dropdowns,ansible/magento/magento2/repos/magento2/lib/web/css/docs/source/_dropdowns.less,.less,954,,,,css,unknown,75,35,shared-style-candidate,True,secondary,secondary,secondary,"Style component for observability; review for shared tokens, theme, palette, Tailwind, or global style normalization.",style-score:130 | observability-score:55 | automation-score:50 | logic-score:45 | process-score:45,fd1f5c43a58fa662
62e238d44fe8cac1a6c4a82e,mbarbine__Scripts,style,"style,logic,observability,automation,process",stylesheet,observability,_rating,rating,ansible/magento/magento2/repos/magento2/lib/web/css/docs/source/_rating.less,.less,437,,,,css,unknown,75,50,shared-style-candidate,True,secondary,secondary,secondary,"Style component for observability; review for shared tokens, theme, palette, Tailwind, or global style normalization.",style-score:130 | logic-score:70 | observability-score:55 | automation-score:50 | process-score:45,885c18db2fce4564
8b88d8ef5ee305dd47d92c2b,mbarbine__Scripts,style,"style,observability,automation,logic,process",stylesheet,ai,_tables,tables,ansible/magento/magento2/repos/magento2/lib/web/css/docs/source/_tables.less,.less,1624,,,,css,unknown,75,35,shared-style-candidate,True,secondary,secondary,secondary,"Style component for ai; review for shared tokens, theme, palette, Tailwind, or global style normalization.",style-score:130 | observability-score:55 | automation-score:50 | logic-score:45 | process-score:45,9f861d9793c11783
60f70eb519d5cef1c77c292b,mbarbine__Scripts,style,"style,logic,observability,automation,process",stylesheet,observability,_tooltips,tooltips,ansible/magento/magento2/repos/magento2/lib/web/css/docs/source/_tooltips.less,.less,195,,,,css,unknown,75,55,shared-style-candidate,True,secondary,secondary,secondary,"Style component for observability; review for shared tokens, theme, palette, Tailwind, or global style normalization.",style-score:130 | logic-score:70 | observability-score:55 | automation-score:50 | process-score:45,5b54080c5edbd1e3
7a4b322f8faa8f0f7f2a6ace,mbarbine__Scripts,style,"style,observability,automation,logic,process",stylesheet,observability,_breadcrumbs,breadcrumbs,ansible/magento/magento2/repos/magento2/lib/web/css/docs/source/_breadcrumbs.less,.less,537,,,,css,unknown,75,40,shared-style-candidate,True,secondary,secondary,secondary,"Style component for observability; review for shared tokens, theme, palette, Tailwind, or global style normalization.",style-score:130 | observability-score:55 | automation-score:50 | logic-score:45 | process-score:45,813378b7c5b420fe
afc5fa85d82c7c5a9b5773a8,mbarbine__Scripts,style,"style,automation,logic,process",stylesheet,ai,_resets,resets,ansible/magento/magento2/repos/magento2/lib/web/css/docs/source/_resets.less,.less,64,,,,css,unknown,75,55,shared-style-candidate,True,secondary,secondary,secondary,"Style component for ai; review for shared tokens, theme, palette, Tailwind, or global style normalization.",style-score:130 | automation-score:95 | logic-score:70 | process-score:45 | cron-or-schedule,1a0a4d66aa00b532
087e2827bffe5849d00db05b,mbarbine__Scripts,style,"style,logic,observability,automation",stylesheet,observability,jquery.multiselect,jquery-multiselect,ansible/magento/magento2/repos/magento2/lib/web/jquery/editableMultiselect/css/jquery.multiselect.css,.css,219,,,,css,unknown,75,50,shared-style-candidate,True,none,secondary,secondary,"Style component for observability; review for shared tokens, theme, palette, Tailwind, or global style normalization.",style-score:130 | logic-score:70 | observability-score:55 | automation-score:50,fcce8ec90e061395
c5439e0a75aad35053d4e311,mbarbine__Scripts,style,"style,automation,logic",design-token,ai,style,style,ansible/magento/magento2/repos/magento2/lib/web/jquery/jstree/themes/apple/style.css,.css,61,,,,css,unknown,75,80,shared-style-candidate,True,none,secondary,secondary,"Style component for ai; review for shared tokens, theme, palette, Tailwind, or global style normalization.",style-score:130 | automation-score:50 | logic-score:45,fe24856895059eea
40ee2e8205d59244768fa4d2,mbarbine__Scripts,style,"style,automation,logic",design-token,ai,style,style,ansible/magento/magento2/repos/magento2/lib/web/jquery/jstree/themes/classic/style.css,.css,77,,,,css,unknown,75,80,shared-style-candidate,True,none,secondary,secondary,"Style component for ai; review for shared tokens, theme, palette, Tailwind, or global style normalization.",style-score:130 | automation-score:50 | logic-score:45,406fd8a5a798d9cf
12c5a14ad4ca606f16143a1a,mbarbine__Scripts,style,"style,automation,logic",design-token,ai,style,style,ansible/magento/magento2/repos/magento2/lib/web/jquery/jstree/themes/default/style.css,.css,74,,,,css,unknown,75,80,shared-style-candidate,True,none,secondary,secondary,"Style component for ai; review for shared tokens, theme, palette, Tailwind, or global style normalization.",style-score:130 | automation-score:50 | logic-score:45,45780bd14c1d48b5
a81b0189e7e8fb4deec5f5ad,mbarbine__Scripts,style,"style,automation,logic",design-token,ai,style,style,ansible/magento/magento2/repos/magento2/lib/web/jquery/jstree/themes/default-rtl/style.css,.css,84,,,,css,unknown,75,80,shared-style-candidate,True,none,secondary,secondary,"Style component for ai; review for shared tokens, theme, palette, Tailwind, or global style normalization.",style-score:130 | automation-score:50 | logic-score:45,0644411b87f8ad00
9ca642562b55d776f6f5e5d7,mbarbine__Scripts,style,"style,observability,automation,logic",stylesheet,observability,colorpicker,colorpicker,ansible/magento/magento2/repos/magento2/lib/web/jquery/colorpicker/css/colorpicker.css,.css,161,,,,css,unknown,75,55,shared-style-candidate,False,none,secondary,secondary,"Style component for observability; review for shared tokens, theme, palette, Tailwind, or global style normalization.",style-score:130 | observability-score:55 | automation-score:50 | logic-score:45,1eff82ad310571c6
1bc31e9df3067debc003355d,mbarbine__Scripts,style,"style,logic,observability,automation",stylesheet,observability,jquery.fileupload-ui,jquery-fileupload-ui,ansible/magento/magento2/repos/magento2/lib/web/jquery/fileUploader/css/jquery.fileupload-ui.css,.css,84,,,,css,unknown,75,55,shared-style-candidate,True,none,secondary,secondary,"Style component for observability; review for shared tokens, theme, palette, Tailwind, or global style normalization.",style-score:130 | logic-score:70 | observability-score:55 | automation-score:50,d18c77d59aecbca1
fb1c556eff1e4127401c10d4,mbarbine__Scripts,style,"style,ui,logic,observability,automation",ui-primitive,observability,alert,alert,ansible/magento/magento2/repos/magento2/lib/web/prototype/windows/themes/alert.css,.css,119,,,,css,unknown,75,80,shared-style-candidate,True,none,secondary,secondary,"Style component for observability; review for shared tokens, theme, palette, Tailwind, or global style normalization.",style-score:130 | ui-score:70 | logic-score:70 | observability-score:55 | automation-score:50,53c037aeeebe92c0
e2c7ea7984b24fc39feac33d,mbarbine__Scripts,style,"style,automation,logic",design-token,ai,debug,debug,ansible/magento/magento2/repos/magento2/lib/web/prototype/windows/themes/debug.css,.css,25,,,,css,unknown,75,80,shared-style-candidate,True,none,secondary,secondary,"Style component for ai; review for shared tokens, theme, palette, Tailwind, or global style normalization.",style-score:130 | automation-score:50 | logic-score:45,9a3b7cffd2cb0172
bf0872e27c5aa5094a013a7b,mbarbine__Scripts,style,"style,logic,automation",design-token,ai,spread,spread,ansible/magento/magento2/repos/magento2/lib/web/prototype/windows/themes/spread.css,.css,108,,,,css,unknown,75,80,shared-style-candidate,True,none,secondary,secondary,"Style component for ai; review for shared tokens, theme, palette, Tailwind, or global style normalization.",style-score:130 | logic-score:70 | automation-score:50,6ae8b7b5606bb689
325b3fb908a61f9bf8b61737,mbarbine__Scripts,style,"style,logic,automation",design-token,ai,nuncio,nuncio,ansible/magento/magento2/repos/magento2/lib/web/prototype/windows/themes/nuncio.css,.css,164,,,,css,unknown,75,80,shared-style-candidate,True,none,secondary,secondary,"Style component for ai; review for shared tokens, theme, palette, Tailwind, or global style normalization.",style-score:130 | logic-score:70 | automation-score:50,0b0d9e9fd5c8ea7a
21a0df573a44a944945f8b9c,mbarbine__Scripts,style,"style,logic,automation",design-token,ai,darkX,dark-x,ansible/magento/magento2/repos/magento2/lib/web/prototype/windows/themes/darkX.css,.css,121,,,,css,unknown,75,80,shared-style-candidate,True,none,secondary,secondary,"Style component for ai; review for shared tokens, theme, palette, Tailwind, or global style normalization.",style-score:130 | logic-score:70 | automation-score:50,ead9815fa48842c5
8d9b31306d89297a856c715b,mbarbine__Scripts,style,"style,logic,observability,automation",design-token,observability,default,default,ansible/magento/magento2/repos/magento2/lib/web/prototype/windows/themes/default.css,.css,155,,,,css,unknown,75,80,shared-style-candidate,True,none,secondary,secondary,"Style component for observability; review for shared tokens, theme, palette, Tailwind, or global style normalization.",style-score:130 | logic-score:70 | observability-score:55 | automation-score:50,8dc8432fcd20a29f
c084b95bfb7ed491dc376a80,mbarbine__Scripts,style,"style,logic,observability,automation",design-token,ai,mac_os_x,mac-os-x,ansible/magento/magento2/repos/magento2/lib/web/prototype/windows/themes/mac_os_x.css,.css,333,,,,css,unknown,75,75,shared-style-candidate,True,none,secondary,secondary,"Style component for ai; review for shared tokens, theme, palette, Tailwind, or global style normalization.",style-score:130 | logic-score:70 | observability-score:55 | automation-score:50,d77d21378886bb9e
640c8f383b70782647f0eef6,mbarbine__Scripts,style,"style,logic,observability,automation",design-token,observability,alert_lite,alert-lite,ansible/magento/magento2/repos/magento2/lib/web/prototype/windows/themes/alert_lite.css,.css,88,,,,css,unknown,75,80,shared-style-candidate,True,none,secondary,secondary,"Style component for observability; review for shared tokens, theme, palette, Tailwind, or global style normalization.",style-score:130 | logic-score:70 | observability-score:55 | automation-score:50,03f882783e35c72b
2b6969f0fb8919beb6e463de,mbarbine__Scripts,style,"style,logic,observability,automation",design-token,observability,mac_os_x_dialog,mac-os-x-dialog,ansible/magento/magento2/repos/magento2/lib/web/prototype/windows/themes/mac_os_x_dialog.css,.css,160,,,,css,unknown,75,80,shared-style-candidate,True,none,secondary,secondary,"Style component for observability; review for shared tokens, theme, palette, Tailwind, or global style normalization.",style-score:130 | logic-score:70 | observability-score:55 | automation-score:50,1640702295402010
4f8cb45aedff523bd4eac70d,mbarbine__Scripts,style,"style,logic,observability,automation",design-token,observability,lighting,lighting,ansible/magento/magento2/repos/magento2/lib/web/prototype/windows/themes/lighting.css,.css,960,,,,css,unknown,75,60,shared-style-candidate,True,none,secondary,secondary,"Style component for observability; review for shared tokens, theme, palette, Tailwind, or global style normalization.",style-score:130 | logic-score:70 | observability-score:55 | automation-score:50,aa06294358662def
9a78a640d0d9631d3c849380,mbarbine__Scripts,style,"style,logic,observability,automation",design-token,observability,alphacube,alphacube,ansible/magento/magento2/repos/magento2/lib/web/prototype/windows/themes/alphacube.css,.css,150,,,,css,unknown,75,80,shared-style-candidate,True,none,secondary,secondary,"Style component for observability; review for shared tokens, theme, palette, Tailwind, or global style normalization.",style-score:130 | logic-score:70 | observability-score:55 | automation-score:50,6948cc49adc5dba9
66f951906d6d25a7429c18c4,mbarbine__Scripts,style,"style,automation,logic",design-token,ai,iepngfix,iepngfix,ansible/magento/magento2/repos/magento2/lib/web/prototype/windows/themes/iefix/iepngfix.css,.css,3,,,,css,unknown,70,75,shared-style-candidate,False,none,secondary,secondary,"Style component for ai; review for shared tokens, theme, palette, Tailwind, or global style normalization.",style-score:130 | automation-score:50 | logic-score:45,84a9956d46d17cb3
8d4e716561141682760e0300,mbarbine__Scripts,style,"style,logic,observability,automation",design-token,observability,ytheme-magento,ytheme-magento,ansible/magento/magento2/repos/magento2/lib/web/extjs/resources/css/ytheme-magento.css,.css,634,,,,css,unknown,75,65,shared-style-candidate,False,none,secondary,secondary,"Style component for observability; review for shared tokens, theme, palette, Tailwind, or global style normalization.",style-score:130 | logic-score:70 | observability-score:55 | automation-score:50,95bc32b98680246a
116aaaa4c073457c5e1996ec,mbarbine__Scripts,style,"style,logic,observability,automation",stylesheet,observability,ext-all,ext-all,ansible/magento/magento2/repos/magento2/lib/web/extjs/resources/css/ext-all.css,.css,2151,,,,css,unknown,75,35,shared-style-candidate,False,none,secondary,secondary,"Style component for observability; review for shared tokens, theme, palette, Tailwind, or global style normalization.",style-score:130 | logic-score:70 | observability-score:55 | automation-score:50,8fe6f850a7254a4b
b9c4826b20c0633e33053c6c,mbarbine__Scripts,style,"style,logic,automation",stylesheet,ai,advimage,advimage,ansible/magento/magento2/repos/magento2/lib/web/tiny_mce/plugins/advimage/css/advimage.css,.css,13,,,,css,unknown,75,55,shared-style-candidate,False,none,secondary,secondary,"Style component for ai; review for shared tokens, theme, palette, Tailwind, or global style normalization.",style-score:130 | logic-score:70 | automation-score:50,6096346196528d50
eca848a03f72788913e982ae,mbarbine__Scripts,style,"style,automation,logic",stylesheet,ai,template,template,ansible/magento/magento2/repos/magento2/lib/web/tiny_mce/plugins/template/css/template.css,.css,23,,,,css,unknown,75,55,shared-style-candidate,False,none,secondary,secondary,"Style component for ai; review for shared tokens, theme, palette, Tailwind, or global style normalization.",style-score:130 | automation-score:50 | logic-score:45,9593c0fe92578c34
c56b26812ecea656cd4717a2,mbarbine__Scripts,style,"style,automation,logic",stylesheet,ai,searchreplace,searchreplace,ansible/magento/magento2/repos/magento2/lib/web/tiny_mce/plugins/searchreplace/css/searchreplace.css,.css,6,,,,css,unknown,70,50,shared-style-candidate,True,none,secondary,secondary,"Style component for ai; review for shared tokens, theme, palette, Tailwind, or global style normalization.",style-score:130 | automation-score:50 | logic-score:45,a1e824ef30a2a36a
beb86135fc93393635854334,mbarbine__Scripts,style,"style,logic,integration,observability,automation",stylesheet,observability,window,window,ansible/magento/magento2/repos/magento2/lib/web/tiny_mce/plugins/inlinepopups/skins/clearlooks2/window.css,.css,90,,,,css,unknown,75,55,shared-style-candidate,False,none,secondary,secondary,"Style component for observability; review for shared tokens, theme, palette, Tailwind, or global style normalization.",style-score:130 | logic-score:70 | integration-score:55 | observability-score:55 | automation-score:50,1c6ad1da5ee7ee22
a9c508d3dce453acc27895e5,mbarbine__Scripts,style,"style,logic,automation",stylesheet,ai,props,props,ansible/magento/magento2/repos/magento2/lib/web/tiny_mce/plugins/style/css/props.css,.css,13,,,,css,unknown,75,55,shared-style-candidate,False,none,secondary,secondary,"Style component for ai; review for shared tokens, theme, palette, Tailwind, or global style normalization.",style-score:130 | logic-score:70 | automation-score:50,7ef5bce89b2531a0
fc6206b392172268666f09ee,mbarbine__Scripts,style,"style,security,automation,logic",stylesheet,ai,attributes,attributes,ansible/magento/magento2/repos/magento2/lib/web/tiny_mce/plugins/xhtmlxtras/css/attributes.css,.css,11,,,,css,unknown,75,55,shared-style-candidate,False,none,secondary,secondary,"Style component for ai; review for shared tokens, theme, palette, Tailwind, or global style normalization.",style-score:130 | security-score:55 | automation-score:50 | logic-score:45,02ff3af5e41645b2
ec67110eee089b66de586dc3,mbarbine__Scripts,style,"style,observability,automation,logic",stylesheet,observability,popup,popup,ansible/magento/magento2/repos/magento2/lib/web/tiny_mce/plugins/xhtmlxtras/css/popup.css,.css,9,,,,css,unknown,70,50,shared-style-candidate,False,none,secondary,secondary,"Style component for observability; review for shared tokens, theme, palette, Tailwind, or global style normalization.",style-score:130 | observability-score:55 | automation-score:50 | logic-score:45,ab3e6bd746c698b0
164702839b3c8aa5da99dbb2,mbarbine__Scripts,style,"style,ui,logic,observability,automation",ui-primitive,observability,table,table,ansible/magento/magento2/repos/magento2/lib/web/tiny_mce/plugins/table/css/table.css,.css,13,,,,css,unknown,75,80,shared-style-candidate,True,none,secondary,secondary,"Style component for observability; review for shared tokens, theme, palette, Tailwind, or global style normalization.",style-score:130 | ui-score:70 | logic-score:70 | observability-score:55 | automation-score:50,b1d4c50f65d2826b
0c419a14b128ca611a6f1dc8,mbarbine__Scripts,style,"style,observability,automation,logic",stylesheet,observability,row,row,ansible/magento/magento2/repos/magento2/lib/web/tiny_mce/plugins/table/css/row.css,.css,25,,,,css,unknown,75,55,shared-style-candidate,True,none,secondary,secondary,"Style component for observability; review for shared tokens, theme, palette, Tailwind, or global style normalization.",style-score:130 | observability-score:55 | automation-score:50 | logic-score:45,6744dd15d98e7d19
296f031c7f8fe4e95abc5c27,mbarbine__Scripts,style,"style,logic,observability,automation",stylesheet,observability,cell,cell,ansible/magento/magento2/repos/magento2/lib/web/tiny_mce/plugins/table/css/cell.css,.css,17,,,,css,unknown,75,55,shared-style-candidate,True,none,secondary,secondary,"Style component for observability; review for shared tokens, theme, palette, Tailwind, or global style normalization.",style-score:130 | logic-score:70 | observability-score:55 | automation-score:50,f797375d5fa87c52
3cfcd78232546877e0348c57,mbarbine__Scripts,style,"style,observability,security,automation,logic",stylesheet,observability,fullpage,fullpage,ansible/magento/magento2/repos/magento2/lib/web/tiny_mce/plugins/fullpage/css/fullpage.css,.css,143,,,,css,unknown,75,55,shared-style-candidate,True,none,secondary,secondary,"Style component for observability; review for shared tokens, theme, palette, Tailwind, or global style normalization.",style-score:130 | observability-score:55 | security-score:55 | automation-score:50 | logic-score:45,1028860bb634dc25
1403c2680a66791dd7337b12,mbarbine__Scripts,style,"style,automation,logic",stylesheet,ai,content,content,ansible/magento/magento2/repos/magento2/lib/web/tiny_mce/plugins/pagebreak/css/content.css,.css,1,,,,css,unknown,70,50,shared-style-candidate,True,none,secondary,secondary,"Style component for ai; review for shared tokens, theme, palette, Tailwind, or global style normalization.",style-score:130 | automation-score:50 | logic-score:45,804068b16a08a9dc
33d1b519832aadd7c333f659,mbarbine__Scripts,style,"style,security,automation,logic",stylesheet,ai,advlink,advlink,ansible/magento/magento2/repos/magento2/lib/web/tiny_mce/plugins/advlink/css/advlink.css,.css,8,,,,css,unknown,70,50,shared-style-candidate,False,none,secondary,secondary,"Style component for ai; review for shared tokens, theme, palette, Tailwind, or global style normalization.",style-score:130 | security-score:55 | automation-score:50 | logic-score:45,656c287ac9c3f20e
83a270b462379ac394e78b20,mbarbine__Scripts,style,"style,automation,logic",stylesheet,ai,content,content,ansible/magento/magento2/repos/magento2/lib/web/tiny_mce/plugins/spellchecker/css/content.css,.css,1,,,,css,unknown,70,50,shared-style-candidate,True,none,secondary,secondary,"Style component for ai; review for shared tokens, theme, palette, Tailwind, or global style normalization.",style-score:130 | automation-score:50 | logic-score:45,d9fdcbcc53fa0860
6af56dbc424a6eff6deebcc6,mbarbine__Scripts,style,"style,logic,automation",stylesheet,ai,media,media,ansible/magento/magento2/repos/magento2/lib/web/tiny_mce/plugins/media/css/media.css,.css,17,,,,css,unknown,75,55,shared-style-candidate,False,none,secondary,secondary,"Style component for ai; review for shared tokens, theme, palette, Tailwind, or global style normalization.",style-score:130 | logic-score:70 | automation-score:50,645ffc1c9d321582
182e220a9df7e6fd05225bcd,mbarbine__Scripts,style,"style,automation,logic",stylesheet,ai,advhr,advhr,ansible/magento/magento2/repos/magento2/lib/web/tiny_mce/plugins/advhr/css/advhr.css,.css,5,,,,css,unknown,70,50,shared-style-candidate,False,none,secondary,secondary,"Style component for ai; review for shared tokens, theme, palette, Tailwind, or global style normalization.",style-score:130 | automation-score:50 | logic-score:45,8345a5b49c91a873
53badd1ee4d264449acea0b9,mbarbine__Scripts,style,"style,automation,observability,logic",design-token,observability,content,content,ansible/magento/magento2/repos/magento2/lib/web/tiny_mce/themes/advanced/skins/highcontrast/content.css,.css,24,,,,css,unknown,75,80,shared-style-candidate,True,none,secondary,secondary,"Style component for observability; review for shared tokens, theme, palette, Tailwind, or global style normalization.",style-score:130 | automation-score:95 | observability-score:55 | logic-score:45 | cron-or-schedule,0c8e041ccbcb499c
ffbf3e8c6cdffcbe29eb3c38,mbarbine__Scripts,style,"style,logic,observability,automation",design-token,observability,ui,ui,ansible/magento/magento2/repos/magento2/lib/web/tiny_mce/themes/advanced/skins/highcontrast/ui.css,.css,102,,,,css,unknown,75,80,shared-style-candidate,False,none,secondary,secondary,"Style component for observability; review for shared tokens, theme, palette, Tailwind, or global style normalization.",style-score:130 | logic-score:70 | observability-score:55 | automation-score:50,11f89e153880f048
21159f38a3c860421fc8e188,mbarbine__Scripts,style,"style,ui,logic,observability,automation,ai",ui-primitive,observability,dialog,dialog,ansible/magento/magento2/repos/magento2/lib/web/tiny_mce/themes/advanced/skins/highcontrast/dialog.css,.css,105,,,,css,unknown,75,80,shared-style-candidate,True,none,secondary,secondary,"Style component for observability; review for shared tokens, theme, palette, Tailwind, or global style normalization.",style-score:130 | ui-score:70 | logic-score:70 | observability-score:55 | automation-score:50 | ai-score:45,40cdf01f0111e201
20f0778267b7773dd44c965f,mbarbine__Scripts,style,"style,automation,observability,logic",design-token,observability,content,content,ansible/magento/magento2/repos/magento2/lib/web/tiny_mce/themes/advanced/skins/default/content.css,.css,50,,,,css,unknown,75,80,shared-style-candidate,True,none,secondary,secondary,"Style component for observability; review for shared tokens, theme, palette, Tailwind, or global style normalization.",style-score:130 | automation-score:95 | observability-score:55 | logic-score:45 | cron-or-schedule,22486fef60d43fc1
431742aa13bd09134efb8a2b,mbarbine__Scripts,style,"style,automation,logic,observability,ai",design-token,observability,ui,ui,ansible/magento/magento2/repos/magento2/lib/web/tiny_mce/themes/advanced/skins/default/ui.css,.css,218,,,,css,unknown,75,75,shared-style-candidate,True,none,secondary,secondary,"Style component for observability; review for shared tokens, theme, palette, Tailwind, or global style normalization.",style-score:130 | automation-score:95 | logic-score:70 | observability-score:55 | ai-score:45 | cron-or-schedule,286403d09c9588b8
183eb1314d7985907672bc5a,mbarbine__Scripts,style,"style,ui,logic,observability,automation,ai",ui-primitive,observability,dialog,dialog,ansible/magento/magento2/repos/magento2/lib/web/tiny_mce/themes/advanced/skins/default/dialog.css,.css,117,,,,css,unknown,75,80,shared-style-candidate,True,none,secondary,secondary,"Style component for observability; review for shared tokens, theme, palette, Tailwind, or global style normalization.",style-score:130 | ui-score:70 | logic-score:70 | observability-score:55 | automation-score:50 | ai-score:45,c694393c5f31c035
f1e86572e1c6be97d71ef036,mbarbine__Scripts,style,"style,observability,automation,logic",design-token,observability,ui_silver,ui-silver,ansible/magento/magento2/repos/magento2/lib/web/tiny_mce/themes/advanced/skins/o2k7/ui_silver.css,.css,5,,,,css,unknown,70,75,shared-style-candidate,False,none,secondary,secondary,"Style component for observability; review for shared tokens, theme, palette, Tailwind, or global style normalization.",style-score:130 | observability-score:55 | automation-score:50 | logic-score:45,28a5c6fea487684f
f3be37d61c5497e8c148d92c,mbarbine__Scripts,style,"style,automation,observability,logic",design-token,observability,content,content,ansible/magento/magento2/repos/magento2/lib/web/tiny_mce/themes/advanced/skins/o2k7/content.css,.css,48,,,,css,unknown,75,80,shared-style-candidate,True,none,secondary,secondary,"Style component for observability; review for shared tokens, theme, palette, Tailwind, or global style normalization.",style-score:130 | automation-score:95 | observability-score:55 | logic-score:45 | cron-or-schedule,47c69c20a5e789c3
7039404f42d9315e7a40581d,mbarbine__Scripts,style,"style,automation,logic,observability,ai",design-token,observability,ui,ui,ansible/magento/magento2/repos/magento2/lib/web/tiny_mce/themes/advanced/skins/o2k7/ui.css,.css,217,,,,css,unknown,75,75,shared-style-candidate,True,none,secondary,secondary,"Style component for observability; review for shared tokens, theme, palette, Tailwind, or global style normalization.",style-score:130 | automation-score:95 | logic-score:70 | observability-score:55 | ai-score:45 | cron-or-schedule,4fff866b3ac2acb5
104ecc6348dab57b60034385,mbarbine__Scripts,style,"style,observability,automation,logic",design-token,observability,ui_black,ui-black,ansible/magento/magento2/repos/magento2/lib/web/tiny_mce/themes/advanced/skins/o2k7/ui_black.css,.css,8,,,,css,unknown,70,75,shared-style-candidate,False,none,secondary,secondary,"Style component for observability; review for shared tokens, theme, palette, Tailwind, or global style normalization.",style-score:130 | observability-score:55 | automation-score:50 | logic-score:45,2bd4e665fb92bf2d
34964d944d9137d8cc5e3cdf,mbarbine__Scripts,style,"style,ui,logic,observability,automation,ai",ui-primitive,observability,dialog,dialog,ansible/magento/magento2/repos/magento2/lib/web/tiny_mce/themes/advanced/skins/o2k7/dialog.css,.css,117,,,,css,unknown,75,80,shared-style-candidate,True,none,secondary,secondary,"Style component for observability; review for shared tokens, theme, palette, Tailwind, or global style normalization.",style-score:130 | ui-score:70 | logic-score:70 | observability-score:55 | automation-score:50 | ai-score:45,f11beab5359cc142
fe750b4fd24f7fd65605fc52,mbarbine__Scripts,style,"style,automation,logic",design-token,ai,content,content,ansible/magento/magento2/repos/magento2/lib/web/tiny_mce/themes/simple/skins/default/content.css,.css,25,,,,css,unknown,75,80,shared-style-candidate,True,none,secondary,secondary,"Style component for ai; review for shared tokens, theme, palette, Tailwind, or global style normalization.",style-score:130 | automation-score:50 | logic-score:45,d843e16085cb3ef8
b3df0ae4c5f46482180f386c,mbarbine__Scripts,style,"style,automation,logic,observability",design-token,observability,ui,ui,ansible/magento/magento2/repos/magento2/lib/web/tiny_mce/themes/simple/skins/default/ui.css,.css,32,,,,css,unknown,75,80,shared-style-candidate,False,none,secondary,secondary,"Style component for observability; review for shared tokens, theme, palette, Tailwind, or global style normalization.",style-score:130 | automation-score:95 | logic-score:70 | observability-score:55,669988153e6b04be
a05efb4b9971eaec51e15bca,mbarbine__Scripts,style,"style,automation,logic",design-token,ai,content,content,ansible/magento/magento2/repos/magento2/lib/web/tiny_mce/themes/simple/skins/o2k7/content.css,.css,17,,,,css,unknown,75,80,shared-style-candidate,True,none,secondary,secondary,"Style component for ai; review for shared tokens, theme, palette, Tailwind, or global style normalization.",style-score:130 | automation-score:50 | logic-score:45,b29eef95ec7ae1f7
2824cc0bcd7152e72903fbf2,mbarbine__Scripts,style,"style,automation,logic,observability",design-token,observability,ui,ui,ansible/magento/magento2/repos/magento2/lib/web/tiny_mce/themes/simple/skins/o2k7/ui.css,.css,35,,,,css,unknown,75,80,shared-style-candidate,False,none,secondary,secondary,"Style component for observability; review for shared tokens, theme, palette, Tailwind, or global style normalization.",style-score:130 | automation-score:95 | logic-score:70 | observability-score:55,0ff5831a8328ae03
1e6462aaf2d9e5b4e96a4495,mbarbine__Scripts,style,"style,automation",stylesheet,ai,qunit-1.14.0,qunit-1-14-0,ansible/magento/magento2/repos/magento2/dev/tests/js/JsTestDriver/framework/qunit/qunit-1.14.0.css,.css,237,,,,css,unknown,65,50,shared-style-candidate,False,none,secondary,none,"Style component for ai; review for shared tokens, theme, palette, Tailwind, or global style normalization.",style-score:130 | automation-score:50,af6ddbbc11314617
b851645dd991036667f49e5b,mbarbine__Scripts,style,"style,automation",stylesheet,ai,3,3,ansible/magento/magento2/repos/magento2/dev/tests/integration/testsuite/Magento/Framework/Css/PreProcessor/_files/design/frontend/Test/default/MagentoFrameworkCssTest_Third/web/3.less,.less,7,,,,css,unknown,60,50,shared-style-candidate,True,none,secondary,none,"Style component for ai; review for shared tokens, theme, palette, Tailwind, or global style normalization.",style-score:130 | automation-score:50,4e80155d160da05e
7dd0dc6db4f565a1f5970b8e,mbarbine__Scripts,style,"style,automation",stylesheet,ai,3,3,ansible/magento/magento2/repos/magento2/dev/tests/integration/testsuite/Magento/Framework/Css/PreProcessor/_files/code/Magento/Third/view/frontend/web/3.less,.less,7,,,,css,unknown,60,50,shared-style-candidate,True,none,secondary,none,"Style component for ai; review for shared tokens, theme, palette, Tailwind, or global style normalization.",style-score:130 | automation-score:50,4e80155d160da05e
e91b09b5d80735aea722fcf7,mbarbine__Scripts,style,"style,automation",stylesheet,ai,3,3,ansible/magento/magento2/repos/magento2/dev/tests/integration/testsuite/Magento/Framework/Css/PreProcessor/_files/code/Magento/Other/view/frontend/web/3.less,.less,7,,,,css,unknown,60,50,shared-style-candidate,True,none,secondary,none,"Style component for ai; review for shared tokens, theme, palette, Tailwind, or global style normalization.",style-score:130 | automation-score:50,4e80155d160da05e
2ddddc89cf89afbb3528a2c5,mbarbine__Scripts,style,"style,automation,logic",stylesheet,ai,3,3,ansible/magento/magento2/repos/magento2/dev/tests/integration/testsuite/Magento/Framework/Css/PreProcessor/_files/lib/web/3.less,.less,7,,,,css,unknown,70,50,shared-style-candidate,True,none,secondary,secondary,"Style component for ai; review for shared tokens, theme, palette, Tailwind, or global style normalization.",style-score:130 | automation-score:50 | logic-score:45,5470f324032e17b4
ba26aa7ecd7af9b97adb0340,mbarbine__Scripts,style,"style,automation,logic",stylesheet,ai,magento_import,magento-import,ansible/magento/magento2/repos/magento2/dev/tests/integration/testsuite/Magento/Framework/Css/PreProcessor/_files/lib/web/some_dir/magento_import.less,.less,4,,,,css,unknown,70,50,shared-style-candidate,True,none,secondary,secondary,"Style component for ai; review for shared tokens, theme, palette, Tailwind, or global style normalization.",style-score:130 | automation-score:50 | logic-score:45,18147dc4f8992847
d253f02642f6fb0eb17458c7,mbarbine__Scripts,style,"style,automation,logic",stylesheet,ai,import_in_magento_import,import-in-magento-import,ansible/magento/magento2/repos/magento2/dev/tests/integration/testsuite/Magento/Framework/Css/PreProcessor/_files/lib/web/some_dir/import_dir/import_in_magento_import.less,.less,3,,,,css,unknown,70,50,shared-style-candidate,True,none,secondary,secondary,"Style component for ai; review for shared tokens, theme, palette, Tailwind, or global style normalization.",style-score:130 | automation-score:50 | logic-score:45,5400d47e39917ed7
4a18b1ff7e579af3ca6c511c,mbarbine__Scripts,style,"style,automation",stylesheet,ai,wrong,wrong,ansible/magento/magento2/repos/magento2/dev/tests/integration/testsuite/Magento/Framework/View/Element/_files/frontend/Magento/plushe/css/wrong.css,.css,5,,,,css,unknown,60,50,shared-style-candidate,False,none,secondary,none,"Style component for ai; review for shared tokens, theme, palette, Tailwind, or global style normalization.",style-score:130 | automation-score:50,126bd8cba045ee63
fb6d546db079b06daf4e6483,mbarbine__Scripts,style,"style,observability,automation",stylesheet,observability,styles,styles,ansible/magento/magento2/repos/magento2/dev/tests/integration/testsuite/Magento/Framework/View/_files/Magento/ModuleC/view/adminhtml/styles.css,.css,13,,,,css,unknown,65,55,shared-style-candidate,True,none,secondary,none,"Style component for observability; review for shared tokens, theme, palette, Tailwind, or global style normalization.",style-score:130 | observability-score:55 | automation-score:50,33212def3e5a6027
3148a8db628de7452c88ee46,mbarbine__Scripts,style,"style,observability,automation",stylesheet,observability,product,product,ansible/magento/magento2/repos/magento2/dev/tests/integration/testsuite/Magento/Framework/View/_files/Magento/ModuleA/view/adminhtml/product/product.css,.css,858,,,,css,unknown,65,35,shared-style-candidate,True,none,secondary,none,"Style component for observability; review for shared tokens, theme, palette, Tailwind, or global style normalization.",style-score:130 | observability-score:55 | automation-score:50,f51945e47cfd3329
0870d6de8f593649753c0ed0,mbarbine__Scripts,style,"style,observability,automation",stylesheet,ai,styles.magento.min,styles-magento-min,ansible/magento/magento2/repos/magento2/dev/tests/integration/testsuite/Magento/Framework/View/_files/static/expected/styles.magento.min.css,.css,1,,,,css,unknown,60,50,shared-style-candidate,True,none,secondary,none,"Style component for ai; review for shared tokens, theme, palette, Tailwind, or global style normalization.",style-score:130 | observability-score:55 | automation-score:50,42bd73ae9a629e61
3ae090fe04e3af816e7eb342,mbarbine__Scripts,style,"style,observability,automation",design-token,ai,styles,styles,ansible/magento/magento2/repos/magento2/dev/tests/integration/testsuite/Magento/Framework/View/_files/static/theme/web/css/styles.css,.css,6118,,,,css,unknown,65,60,shared-style-candidate,True,none,secondary,none,"Style component for ai; review for shared tokens, theme, palette, Tailwind, or global style normalization.",style-score:130 | observability-score:55 | automation-score:50,57cb7dbcd262be9f
f2c660caee90cd822e105903,mbarbine__Scripts,style,"style,automation",design-token,ai,preminified-styles.min,preminified-styles-min,ansible/magento/magento2/repos/magento2/dev/tests/integration/testsuite/Magento/Framework/View/_files/static/theme/web/css/preminified-styles.min.css,.css,9,,,,css,unknown,60,75,shared-style-candidate,False,none,secondary,none,"Style component for ai; review for shared tokens, theme, palette, Tailwind, or global style normalization.",style-score:130 | automation-score:50,f3d17411d0d1730f
c80ea214d5822e0be8515a93,mbarbine__Scripts,style,"style,ai,automation,logic",design-token,ai,result_source,result-source,ansible/magento/magento2/repos/magento2/dev/tests/integration/testsuite/Magento/Theme/Model/_files/design/frontend/Test/default/web/result_source.css,.css,6,,,,css,unknown,60,75,shared-style-candidate,True,none,secondary,secondary,"Style component for ai; review for shared tokens, theme, palette, Tailwind, or global style normalization.",style-score:130 | ai-score:75 | automation-score:50 | logic-score:45,a249ce2c699bd793
e1e7596d562b0c3586d20024,mbarbine__Scripts,style,"style,ai,automation,logic",design-token,ai,source,source,ansible/magento/magento2/repos/magento2/dev/tests/integration/testsuite/Magento/Theme/Model/_files/design/frontend/Test/default/web/source.less,.less,66,,,,css,unknown,65,80,shared-style-candidate,True,none,secondary,secondary,"Style component for ai; review for shared tokens, theme, palette, Tailwind, or global style normalization.",style-score:130 | ai-score:75 | automation-score:50 | logic-score:45,3bf94bc3dd7d4373
d39f4a156c34521c9e774b7b,mbarbine__Scripts,style,"style,ai,automation,logic",design-token,ai,result_source_dev,result-source-dev,ansible/magento/magento2/repos/magento2/dev/tests/integration/testsuite/Magento/Theme/Model/_files/design/frontend/Test/default/web/result_source_dev.css,.css,47,,,,css,unknown,65,80,shared-style-candidate,True,none,secondary,secondary,"Style component for ai; review for shared tokens, theme, palette, Tailwind, or global style normalization.",style-score:130 | ai-score:75 | automation-score:50 | logic-score:45,ccf2ad4a037bc9d6
5762dbd62dedfe8bad388c2c,mbarbine__Scripts,style,"style,ai,automation,logic",design-token,ai,styles,styles,ansible/magento/magento2/repos/magento2/dev/tests/integration/testsuite/Magento/Theme/Model/_files/design/frontend/Test/default/web/css/styles.css,.css,4,,,,css,unknown,60,75,shared-style-candidate,True,none,secondary,secondary,"Style component for ai; review for shared tokens, theme, palette, Tailwind, or global style normalization.",style-score:130 | ai-score:75 | automation-score:50 | logic-score:45,6e540d803e244405
f962f2e3bdf0298725ddd3be,mbarbine__Scripts,style,"style,ai,automation,logic",design-token,ai,recursive,recursive,ansible/magento/magento2/repos/magento2/dev/tests/integration/testsuite/Magento/Theme/Model/_files/design/frontend/Vendor/default/web/recursive.css,.css,5,,,,css,unknown,60,75,shared-style-candidate,True,none,secondary,secondary,"Style component for ai; review for shared tokens, theme, palette, Tailwind, or global style normalization.",style-score:130 | ai-score:75 | automation-score:50 | logic-score:45,37366d1d8e8d641f
016eec11bf34a3e89bd72d10,mbarbine__Scripts,style,"style,ai,automation,logic",design-token,ai,file,file,ansible/magento/magento2/repos/magento2/dev/tests/integration/testsuite/Magento/Theme/Model/_files/design/frontend/Vendor/default/web/css/file.css,.css,17,,,,css,unknown,65,80,shared-style-candidate,True,none,secondary,secondary,"Style component for ai; review for shared tokens, theme, palette, Tailwind, or global style normalization.",style-score:130 | ai-score:75 | automation-score:50 | logic-score:45,5cd521100c860bc0
f93b1382f3f7d080766a85f2,mbarbine__Scripts,style,"style,ai,automation,logic",design-token,ai,exception,exception,ansible/magento/magento2/repos/magento2/dev/tests/integration/testsuite/Magento/Theme/Model/_files/design/frontend/Vendor/default/web/css/exception.css,.css,6,,,,css,unknown,60,75,shared-style-candidate,True,none,secondary,secondary,"Style component for ai; review for shared tokens, theme, palette, Tailwind, or global style normalization.",style-score:130 | ai-score:75 | automation-score:50 | logic-score:45,fa835440b6ba82fd
712da1f447fa9cb1228110de,mbarbine__Scripts,style,"style,ai,automation,logic",design-token,ai,base64,base64,ansible/magento/magento2/repos/magento2/dev/tests/integration/testsuite/Magento/Theme/Model/_files/design/frontend/Vendor/default/web/css/base64.css,.css,8,,,,css,unknown,60,75,shared-style-candidate,True,none,secondary,secondary,"Style component for ai; review for shared tokens, theme, palette, Tailwind, or global style normalization.",style-score:130 | ai-score:75 | automation-score:50 | logic-score:45,00392dc8dd0fd366
26f7e57ad63f608b85915582,mbarbine__Scripts,style,"style,ai,automation,logic",design-token,ai,recursive,recursive,ansible/magento/magento2/repos/magento2/dev/tests/integration/testsuite/Magento/Theme/Model/_files/design/frontend/Vendor/default/web/css/deep/recursive.css,.css,5,,,,css,unknown,60,75,shared-style-candidate,True,none,secondary,secondary,"Style component for ai; review for shared tokens, theme, palette, Tailwind, or global style normalization.",style-score:130 | ai-score:75 | automation-score:50 | logic-score:45,6af55b3ad4bc946f
4f7a59e3d0d70569ce31bb15,mbarbine__Scripts,style,"style,ai,automation,logic",stylesheet,ai,email-inline-3,email-inline-3,ansible/magento/magento2/repos/magento2/dev/tests/integration/testsuite/Magento/Email/Model/_files/design/frontend/Magento/default/web/css/email-inline-3.less,.less,8,,,,css,unknown,60,50,shared-style-candidate,True,none,secondary,secondary,"Style component for ai; review for shared tokens, theme, palette, Tailwind, or global style normalization.",style-score:130 | ai-score:75 | automation-score:50 | logic-score:45,5dab9a1d7c85b59f
46e2620866500e57a0bf18c7,mbarbine__Scripts,style,"style,ai,automation,logic",stylesheet,ai,email-3,email-3,ansible/magento/magento2/repos/magento2/dev/tests/integration/testsuite/Magento/Email/Model/_files/design/frontend/Magento/default/web/css/email-3.less,.less,7,,,,css,unknown,60,50,shared-style-candidate,True,none,secondary,secondary,"Style component for ai; review for shared tokens, theme, palette, Tailwind, or global style normalization.",style-score:130 | ai-score:75 | automation-score:50 | logic-score:45,b2dc63ed2739df08
cf1defec31e3485fab83ba46,mbarbine__Scripts,style,"style,ai,automation,logic",stylesheet,ai,file-with-error,file-with-error,ansible/magento/magento2/repos/magento2/dev/tests/integration/testsuite/Magento/Email/Model/_files/design/frontend/Magento/default/web/css/file-with-error.less,.less,7,,,,css,unknown,60,50,shared-style-candidate,True,none,secondary,secondary,"Style component for ai; review for shared tokens, theme, palette, Tailwind, or global style normalization.",style-score:130 | ai-score:75 | automation-score:50 | logic-score:45,717757f7e8531ac9
74ca553d57aaf1cc4d27c525,mbarbine__Scripts,style,"style,ai,automation,logic",stylesheet,ai,email-2,email-2,ansible/magento/magento2/repos/magento2/dev/tests/integration/testsuite/Magento/Email/Model/_files/design/frontend/Vendor/default/web/css/email-2.less,.less,7,,,,css,unknown,60,50,shared-style-candidate,True,none,secondary,secondary,"Style component for ai; review for shared tokens, theme, palette, Tailwind, or global style normalization.",style-score:130 | ai-score:75 | automation-score:50 | logic-score:45,f73a216e9a47839a
3113db64ecd267e5ca24e817,mbarbine__Scripts,style,"style,ai,automation,logic",stylesheet,ai,email-inline-2,email-inline-2,ansible/magento/magento2/repos/magento2/dev/tests/integration/testsuite/Magento/Email/Model/_files/design/frontend/Vendor/default/web/css/email-inline-2.less,.less,8,,,,css,unknown,60,50,shared-style-candidate,True,none,secondary,secondary,"Style component for ai; review for shared tokens, theme, palette, Tailwind, or global style normalization.",style-score:130 | ai-score:75 | automation-score:50 | logic-score:45,d8bbc90bb905d3c8
a6f0a922c17b3b5eb1f2cfdd,mbarbine__Scripts,style,"style,ai,automation,logic",design-token,ai,email-inline-1,email-inline-1,ansible/magento/magento2/repos/magento2/dev/tests/integration/testsuite/Magento/Email/Model/_files/design/frontend/Vendor/custom_theme/web/css/email-inline-1.less,.less,8,,,,css,unknown,60,75,shared-style-candidate,True,none,secondary,secondary,"Style component for ai; review for shared tokens, theme, palette, Tailwind, or global style normalization.",style-score:130 | ai-score:75 | automation-score:50 | logic-score:45,203be3b526311dc3
63af4aa1827165b21f76fcc6,mbarbine__Scripts,style,"style,ai,automation,logic",design-token,ai,email-1,email-1,ansible/magento/magento2/repos/magento2/dev/tests/integration/testsuite/Magento/Email/Model/_files/design/frontend/Vendor/custom_theme/web/css/email-1.less,.less,7,,,,css,unknown,60,75,shared-style-candidate,True,none,secondary,secondary,"Style component for ai; review for shared tokens, theme, palette, Tailwind, or global style normalization.",style-score:130 | ai-score:75 | automation-score:50 | logic-score:45,b566cadc9dc920a8
675cd9964b88d3b6821f8beb,mbarbine__Scripts,style,"style,observability,automation",stylesheet,observability,styles,styles,ansible/magento/magento2/repos/magento2/pub/errors/default/css/styles.css,.css,6,,,,css,unknown,60,50,shared-style-candidate,True,none,secondary,none,"Style component for observability; review for shared tokens, theme, palette, Tailwind, or global style normalization.",style-score:130 | observability-score:55 | automation-score:50,2185076774c28d94
7bb4050571b658ce0998b1fe,mbarbine__ai-chat-interface-webby,style,style,stylesheet,commerce,globals,globals,app/globals.css,.css,92,,,,next-react,pnpm,65,40,shared-style-candidate,False,none,none,none,"Style component for commerce; review for shared tokens, theme, palette, Tailwind, or global style normalization.",style-score:130,a907a4837bf02600
d8ad94e4daf213e71b6d17e7,mbarbine__airrow-commuter-balloon,style,"style,security",stylesheet,editor,globals,globals,app/globals.css,.css,395,,,,next-react,pnpm,75,35,shared-style-candidate,True,none,none,none,"Style component for editor; review for shared tokens, theme, palette, Tailwind, or global style normalization.",style-score:130 | security-score:55,c74fd225d563dc2d
e4f209e953e321e7ef689b68,mbarbine__airrow-commuter-balloon,style,style,stylesheet,editor,globals,globals,styles/globals.css,.css,125,,,,next-react,pnpm,55,40,shared-style-candidate,True,none,none,none,"Style component for editor; review for shared tokens, theme, palette, Tailwind, or global style normalization.",style-score:130,7f30dbe34b65246e
23ea9f688258a867a56057cc,mbarbine__autographed-bibles-webby,style,style,stylesheet,editor,globals,globals,app/globals.css,.css,128,,,,next-react,pnpm,65,40,shared-style-candidate,True,none,none,none,"Style component for editor; review for shared tokens, theme, palette, Tailwind, or global style normalization.",style-score:130,c8b258c37cf33813
1fe79a8b7faee2ae11d77eec,mbarbine__autographed-bibles-webby,style,style,stylesheet,editor,globals,globals,styles/globals.css,.css,125,,,,next-react,pnpm,55,40,shared-style-candidate,True,none,none,none,"Style component for editor; review for shared tokens, theme, palette, Tailwind, or global style normalization.",style-score:130,7f30dbe34b65246e
26fc7eb3e942db548af4ee21,mbarbine__automotive-flamethrower-webby,style,style,stylesheet,editor,globals,globals,app/globals.css,.css,124,,,,next-react,pnpm,65,40,shared-style-candidate,True,none,none,none,"Style component for editor; review for shared tokens, theme, palette, Tailwind, or global style normalization.",style-score:130,46604c6c795ce0de
103019f7862fd6c86d8d9d99,mbarbine__automotive-flamethrower-webby,style,style,stylesheet,editor,globals,globals,styles/globals.css,.css,125,,,,next-react,pnpm,55,40,shared-style-candidate,True,none,none,none,"Style component for editor; review for shared tokens, theme, palette, Tailwind, or global style normalization.",style-score:130,7f30dbe34b65246e
c0a2f97bc6c312c02d3e2839,mbarbine__barbine-worldwide-2025-wwww,style,style,stylesheet,commerce,globals,globals,app/globals.css,.css,94,,,,svelte,pnpm,65,40,shared-style-candidate,False,none,none,none,"Style component for commerce; review for shared tokens, theme, palette, Tailwind, or global style normalization.",style-score:130,65b5fa2721b8289a
43691d0101a2225912c0001d,mbarbine__barbine-worldwide-2025-wwww,style,style,stylesheet,commerce,globals,globals,styles/globals.css,.css,94,,,,svelte,pnpm,55,40,shared-style-candidate,False,none,none,none,"Style component for commerce; review for shared tokens, theme, palette, Tailwind, or global style normalization.",style-score:130,65b5fa2721b8289a
6429ca21d397f7b4ea41afaf,mbarbine__barbineworldwide-2026-metahack,style,"style,security",stylesheet,editor,globals,globals,app/globals.css,.css,318,,,,next-react,pnpm,75,35,shared-style-candidate,True,none,none,none,"Style component for editor; review for shared tokens, theme, palette, Tailwind, or global style normalization.",style-score:130 | security-score:55,fc0195d6e451aec7
ebff51c83b4ab24398831d98,mbarbine__barbineworldwide-2026-metahack,style,style,stylesheet,editor,globals,globals,styles/globals.css,.css,125,,,,next-react,pnpm,55,40,shared-style-candidate,True,none,none,none,"Style component for editor; review for shared tokens, theme, palette, Tailwind, or global style normalization.",style-score:130,7f30dbe34b65246e
f9e4d5ee56dcc4c5cf01c529,mbarbine__beer-museum-manager-www,style,style,stylesheet,editor,globals,globals,app/globals.css,.css,127,,,,next-react,pnpm,65,40,shared-style-candidate,True,none,none,none,"Style component for editor; review for shared tokens, theme, palette, Tailwind, or global style normalization.",style-score:130,c7644d1fa9896776
e130a5f8dbf9bd248f9ac098,mbarbine__beer-museum-manager-www,style,style,stylesheet,editor,globals,globals,styles/globals.css,.css,125,,,,next-react,pnpm,55,40,shared-style-candidate,True,none,none,none,"Style component for editor; review for shared tokens, theme, palette, Tailwind, or global style normalization.",style-score:130,1d616fde1da6c788
9a9986813217f677552d96db,mbarbine__biocyber-xr-training-nasa-webby-v0,style,style,stylesheet,editor,globals,globals,app/globals.css,.css,126,,,,next-react,pnpm,65,40,shared-style-candidate,True,none,none,none,"Style component for editor; review for shared tokens, theme, palette, Tailwind, or global style normalization.",style-score:130,c730fe286e11f5ca
560957b45911ec061c2d3cf9,mbarbine__biocyber-xr-training-nasa-webby-v0,style,style,stylesheet,editor,globals,globals,styles/globals.css,.css,125,,,,next-react,pnpm,55,40,shared-style-candidate,True,none,none,none,"Style component for editor; review for shared tokens, theme, palette, Tailwind, or global style normalization.",style-score:130,7f30dbe34b65246e
83e53d5f8d007fa616f29cf9,mbarbine__burrito-dealer-www,style,"style,security",stylesheet,auth-and-keys,globals,globals,app/globals.css,.css,134,,,,next-react,pnpm,75,55,shared-style-candidate,False,none,none,none,"Style component for auth-and-keys; review for shared tokens, theme, palette, Tailwind, or global style normalization.",style-score:130 | security-score:55,ed613320de910032
82dd1ad12564acbb5f9d03ed,mbarbine__burrito-dealer-www,style,style,stylesheet,editor,globals,globals,styles/globals.css,.css,125,,,,next-react,pnpm,55,40,shared-style-candidate,True,none,none,none,"Style component for editor; review for shared tokens, theme, palette, Tailwind, or global style normalization.",style-score:130,1d616fde1da6c788
0bb2cd791573a7fe67d2743c,mbarbine__calendar-app-webby,style,style,stylesheet,commerce,globals,globals,app/globals.css,.css,88,,,,next-react,pnpm,65,40,shared-style-candidate,False,none,none,none,"Style component for commerce; review for shared tokens, theme, palette, Tailwind, or global style normalization.",style-score:130,72832eacdbbaf1f3
ef1c7a4586f255278e759d4d,mbarbine__calendar-app-webby,style,style,stylesheet,commerce,globals,globals,styles/globals.css,.css,92,,,,next-react,pnpm,55,40,shared-style-candidate,False,none,none,none,"Style component for commerce; review for shared tokens, theme, palette, Tailwind, or global style normalization.",style-score:130,a907a4837bf02600
9f2ccd1c41696cd994a31827,mbarbine__car-service-records,style,"style,observability",stylesheet,editor,globals,globals,app/globals.css,.css,221,,,,next-react,pnpm,75,35,shared-style-candidate,True,none,none,none,"Style component for editor; review for shared tokens, theme, palette, Tailwind, or global style normalization.",style-score:130 | observability-score:55,72edab17d7d1dd67
339aa004411d6b75a8d7fc7b,mbarbine__car-service-records,style,style,stylesheet,editor,globals,globals,styles/globals.css,.css,125,,,,next-react,pnpm,55,40,shared-style-candidate,True,none,none,none,"Style component for editor; review for shared tokens, theme, palette, Tailwind, or global style normalization.",style-score:130,7f30dbe34b65246e
b13d758ae649f079ab837924,mbarbine__civic-engagement-platform-webby,style,style,stylesheet,editor,globals,globals,app/globals.css,.css,156,,,,next-react,pnpm,65,40,shared-style-candidate,True,none,none,none,"Style component for editor; review for shared tokens, theme, palette, Tailwind, or global style normalization.",style-score:130,f826462b35df765e
06d49cfee078c992a63066c2,mbarbine__civic-engagement-platform-webby,style,style,stylesheet,editor,globals,globals,styles/globals.css,.css,125,,,,next-react,pnpm,55,40,shared-style-candidate,True,none,none,none,"Style component for editor; review for shared tokens, theme, palette, Tailwind, or global style normalization.",style-score:130,7f30dbe34b65246e
a02e6e68377c4edd1189dcc0,mbarbine__crafted-virginia-website,style,style,stylesheet,editor,globals,globals,app/globals.css,.css,165,,,,next-react,pnpm,65,40,shared-style-candidate,True,none,none,none,"Style component for editor; review for shared tokens, theme, palette, Tailwind, or global style normalization.",style-score:130,fccc4343f8993880
64ddbbd44b3097403ddf9973,mbarbine__crafted-virginia-website,style,style,stylesheet,editor,globals,globals,styles/globals.css,.css,125,,,,next-react,pnpm,55,40,shared-style-candidate,True,none,none,none,"Style component for editor; review for shared tokens, theme, palette, Tailwind, or global style normalization.",style-score:130,7f30dbe34b65246e
fad235300db520af52aae713,mbarbine__desert-bus,style,"style,security",stylesheet,auth-and-keys,globals,globals,app/globals.css,.css,282,,,,next-react,pnpm,75,50,shared-style-candidate,False,none,none,none,"Style component for auth-and-keys; review for shared tokens, theme, palette, Tailwind, or global style normalization.",style-score:130 | security-score:55,1eb6addf38a57c01
80b6caf47032ba69f266252d,mbarbine__desert-bus,style,style,stylesheet,editor,globals,globals,styles/globals.css,.css,125,,,,next-react,pnpm,55,40,shared-style-candidate,True,none,none,none,"Style component for editor; review for shared tokens, theme, palette, Tailwind, or global style normalization.",style-score:130,7f30dbe34b65246e
2d59b4eddb358a00ff8daa12,mbarbine__dinoblocks-www,style,style,stylesheet,editor,globals,globals,app/globals.css,.css,123,,,,next-react,pnpm,65,40,shared-style-candidate,True,none,none,none,"Style component for editor; review for shared tokens, theme, palette, Tailwind, or global style normalization.",style-score:130,fc3acc734d23feda
a1e421b8f8ae9404de683f46,mbarbine__dinoblocks-www,style,style,stylesheet,editor,globals,globals,styles/globals.css,.css,123,,,,next-react,pnpm,55,40,shared-style-candidate,True,none,none,none,"Style component for editor; review for shared tokens, theme, palette, Tailwind, or global style normalization.",style-score:130,679ee4df07597d57
7445045d82f83e2ef9749c99,mbarbine__doflo-clone,style,"style,security",stylesheet,editor,globals,globals,app/globals.css,.css,192,,,,next-react,pnpm,75,40,shared-style-candidate,True,none,none,none,"Style component for editor; review for shared tokens, theme, palette, Tailwind, or global style normalization.",style-score:130 | security-score:55,487c3758930baaec
da645538008c2d21df8fbd97,mbarbine__doflo-clone,style,style,stylesheet,commerce,globals,globals,styles/globals.css,.css,90,,,,next-react,pnpm,55,40,shared-style-candidate,False,none,none,none,"Style component for commerce; review for shared tokens, theme, palette, Tailwind, or global style normalization.",style-score:130,af7d5ea33d927522
57fa3cb10341c4c34a8d14a9,mbarbine__dogstar-cybernetics-webby,style,style,stylesheet,editor,globals,globals,app/globals.css,.css,130,,,,next-react,pnpm,65,40,shared-style-candidate,True,none,none,none,"Style component for editor; review for shared tokens, theme, palette, Tailwind, or global style normalization.",style-score:130,551bcdd9d1b24f70
a2e7910d6330074cf72a5969,mbarbine__dogstar-cybernetics-webby,style,style,stylesheet,editor,globals,globals,styles/globals.css,.css,125,,,,next-react,pnpm,55,40,shared-style-candidate,True,none,none,none,"Style component for editor; review for shared tokens, theme, palette, Tailwind, or global style normalization.",style-score:130,7f30dbe34b65246e
9c90cac06e6ebae664ad8208,mbarbine__drone-reel-webby,style,style,stylesheet,commerce,globals,globals,app/globals.css,.css,67,,,,next-react,pnpm,65,40,shared-style-candidate,False,none,none,none,"Style component for commerce; review for shared tokens, theme, palette, Tailwind, or global style normalization.",style-score:130,f3585c94703c907b
e2ca024687ea982eaa710eb7,mbarbine__drone-reel-webby,style,style,stylesheet,commerce,globals,globals,styles/globals.css,.css,94,,,,next-react,pnpm,55,40,shared-style-candidate,False,none,none,none,"Style component for commerce; review for shared tokens, theme, palette, Tailwind, or global style normalization.",style-score:130,65b5fa2721b8289a
e6cf73e5b788d33e86563288,mbarbine__email-reading-service-webby,style,style,stylesheet,editor,globals,globals,app/globals.css,.css,130,,,,next-react,npm,65,40,shared-style-candidate,True,none,none,none,"Style component for editor; review for shared tokens, theme, palette, Tailwind, or global style normalization.",style-score:130,66b9197a343997e7
6f19f4a0f5c48956fe4ea3a2,mbarbine__email-reading-service-webby,style,style,stylesheet,editor,globals,globals,styles/globals.css,.css,125,,,,next-react,npm,55,40,shared-style-candidate,True,none,none,none,"Style component for editor; review for shared tokens, theme, palette, Tailwind, or global style normalization.",style-score:130,1d616fde1da6c788
294506376ae69b314bd47cad,mbarbine__evernote-js,style,style,stylesheet,design-system,index,index,index.css,.css,8,,,,react,pnpm,50,50,shared-style-candidate,False,none,none,none,"Style component for design-system; review for shared tokens, theme, palette, Tailwind, or global style normalization.",style-score:130,02ff958ed77672f8
898d52cd54ebca2769a63a6e,mbarbine__fashion-sadiepass-WWW,style,"style,security",stylesheet,editor,globals,globals,app/globals.css,.css,246,,,,svelte,pnpm,75,35,shared-style-candidate,True,none,none,none,"Style component for editor; review for shared tokens, theme, palette, Tailwind, or global style normalization.",style-score:130 | security-score:55,c1bffb16c8f1c9af
7e5b6ea52a6c8e7feefa0eb2,mbarbine__fashion-sadiepass-WWW,style,style,stylesheet,editor,globals,globals,styles/globals.css,.css,125,,,,svelte,pnpm,55,40,shared-style-candidate,True,none,none,none,"Style component for editor; review for shared tokens, theme, palette, Tailwind, or global style normalization.",style-score:130,1d616fde1da6c788
2620ac01b18aa0915181cc35,mbarbine__fortune-cookie-webby,style,style,stylesheet,commerce,globals,globals,app/globals.css,.css,57,,,,next-react,pnpm,65,40,shared-style-candidate,False,none,none,none,"Style component for commerce; review for shared tokens, theme, palette, Tailwind, or global style normalization.",style-score:130,22a7e682961fff27
474648fb3b19fa5bdb7bef67,mbarbine__fortune-cookie-webby-yj,style,"style,observability,security",stylesheet,observability,globals,globals,app/globals.css,.css,393,,,,next-react,pnpm,75,50,shared-style-candidate,False,none,none,none,"Style component for observability; review for shared tokens, theme, palette, Tailwind, or global style normalization.",style-score:130 | observability-score:55 | security-score:55,78888461bc805aa3
2b97fa8cd93ac24c2c7082e4,mbarbine__foxio-labs,style,style,stylesheet,commerce,Modal.module,modal-module,styles/Modal.module.css,.css,25,,,,css,unknown,55,40,shared-style-candidate,True,none,none,none,"Style component for commerce; review for shared tokens, theme, palette, Tailwind, or global style normalization.",style-score:130,f4cc8f4ca1a85ec8
87d02d038cbd3bf72785d025,mbarbine__foxio-labs,style,style,stylesheet,commerce,collapsesidebar.module,collapsesidebar-module,styles/collapsesidebar.module.css,.css,27,,,,css,unknown,55,40,shared-style-candidate,False,none,none,none,"Style component for commerce; review for shared tokens, theme, palette, Tailwind, or global style normalization.",style-score:130,f7514023c85a3391
42cd18131b494678c3a553bd,mbarbine__foxio-labs,style,style,stylesheet,commerce,pcap-viewer.module,pcap-viewer-module,styles/pcap-viewer.module.css,.css,21,,,,css,unknown,55,40,shared-style-candidate,False,none,none,none,"Style component for commerce; review for shared tokens, theme, palette, Tailwind, or global style normalization.",style-score:130,665410adc1dfd540
f4ff8c31a359024b95ebbc5e,mbarbine__foxio-labs,style,style,stylesheet,commerce,ErrorBoundary.module,error-boundary-module,styles/ErrorBoundary.module.css,.css,21,,,,css,unknown,55,40,shared-style-candidate,False,none,none,none,"Style component for commerce; review for shared tokens, theme, palette, Tailwind, or global style normalization.",style-score:130,c48b5b38c6d14ab5
35e19ebc28429f049f575491,mbarbine__foxio-labs,style,"style,security,ai",stylesheet,commerce,labs.module,labs-module,styles/labs.module.css,.css,211,,,,css,unknown,65,35,shared-style-candidate,True,none,none,none,"Style component for commerce; review for shared tokens, theme, palette, Tailwind, or global style normalization.",style-score:130 | security-score:55 | ai-score:45,c0ccd355db7ea8f5
3ce354763f335f2224bd8062,mbarbine__foxio-labs,style,"style,observability,ai",stylesheet,ai,terminal.module,terminal-module,styles/terminal.module.css,.css,275,,,,css,unknown,65,50,shared-style-candidate,True,none,none,none,"Style component for ai; review for shared tokens, theme, palette, Tailwind, or global style normalization.",style-score:130 | observability-score:55 | ai-score:45,92db89a5f146c096
b2a5250b3c03d3708ed12001,mbarbine__foxio-labs,style,"style,security",stylesheet,editor,ThreatSimulator.module,threat-simulator-module,styles/ThreatSimulator.module.css,.css,460,,,,css,unknown,65,35,shared-style-candidate,True,none,none,none,"Style component for editor; review for shared tokens, theme, palette, Tailwind, or global style normalization.",style-score:130 | security-score:55,69baf52af02bba76
86335f60465861f36a345134,mbarbine__foxio-labs,style,"style,security",stylesheet,editor,main,main,styles/main.css,.css,383,,,,css,unknown,65,35,shared-style-candidate,True,none,none,none,"Style component for editor; review for shared tokens, theme, palette, Tailwind, or global style normalization.",style-score:130 | security-score:55,0b6eb5dd849741b7
41ada39c0908e5372dce40f8,mbarbine__foxio-labs,style,style,stylesheet,logic,counters.module,counters-module,styles/counters.module.css,.css,30,,,,css,unknown,55,55,shared-style-candidate,True,none,none,none,"Style component for logic; review for shared tokens, theme, palette, Tailwind, or global style normalization.",style-score:130,6ed6d0345bbe294a
fbb457c1bb21a669ff14e8ae,mbarbine__foxio-labs,style,"style,security",stylesheet,commerce,ThreatQuiz.module,threat-quiz-module,styles/ThreatQuiz.module.css,.css,40,,,,css,unknown,65,40,shared-style-candidate,False,none,none,none,"Style component for commerce; review for shared tokens, theme, palette, Tailwind, or global style normalization.",style-score:130 | security-score:55,0aafa6a5bd847b5d
1bd10237abc39e7af0e816de,mbarbine__foxio-labs,style,"style,security,ai",stylesheet,discovery,QuizModeModal.module,quiz-mode-modal-module,styles/QuizModeModal.module.css,.css,164,,,,css,unknown,65,55,shared-style-candidate,True,none,none,none,"Style component for discovery; review for shared tokens, theme, palette, Tailwind, or global style normalization.",style-score:130 | security-score:55 | ai-score:45,c1a6b1e0ba6f3ca7
0ed866d73b9ee56d2b258c67,mbarbine__foxio-labs,style,style,stylesheet,commerce,integrations.module,integrations-module,styles/integrations.module.css,.css,54,,,,css,unknown,55,40,shared-style-candidate,False,none,none,none,"Style component for commerce; review for shared tokens, theme, palette, Tailwind, or global style normalization.",style-score:130,23f32e97ed162af6
e1cedc9232e13c19b0360678,mbarbine__foxio-labs,style,"style,observability",stylesheet,editor,globals,globals,styles/globals.css,.css,418,,,,css,unknown,65,35,shared-style-candidate,True,none,none,none,"Style component for editor; review for shared tokens, theme, palette, Tailwind, or global style normalization.",style-score:130 | observability-score:55,d5fce1ede29b203d
fd1f9624369525779aa93d51,mbarbine__foxio-labs,style,"style,ai",stylesheet,ai,OpenAIPrompt.module,open-aiprompt-module,styles/OpenAIPrompt.module.css,.css,109,,,,css,unknown,65,55,shared-style-candidate,True,none,none,none,"Style component for ai; review for shared tokens, theme, palette, Tailwind, or global style normalization.",style-score:130 | ai-score:45 | model-provider,59660a2136b38f48
27ae4fad3bbcaa428777586f,mbarbine__foxio-labs,style,"style,security",stylesheet,editor,FingerprintSearchAndScore.module,fingerprint-search-and-score-module,styles/FingerprintSearchAndScore.module.css,.css,143,,,,css,unknown,65,40,shared-style-candidate,True,none,none,none,"Style component for editor; review for shared tokens, theme, palette, Tailwind, or global style normalization.",style-score:130 | security-score:55,b207df52a05744a9
b24b9ab364b04e1a06acd19b,mbarbine__front-runners-webby,style,style,stylesheet,editor,globals,globals,app/globals.css,.css,153,,,,next-react,pnpm,65,40,shared-style-candidate,True,none,none,none,"Style component for editor; review for shared tokens, theme, palette, Tailwind, or global style normalization.",style-score:130,2523851db40e840f
18f385547fd89809b9997bcc,mbarbine__front-runners-webby,style,style,stylesheet,editor,globals,globals,styles/globals.css,.css,125,,,,next-react,pnpm,55,40,shared-style-candidate,True,none,none,none,"Style component for editor; review for shared tokens, theme, palette, Tailwind, or global style normalization.",style-score:130,7f30dbe34b65246e
7c9a361de633947b8f22e977,mbarbine__game-porting-service-webby,style,style,stylesheet,editor,globals,globals,app/globals.css,.css,185,,,,next-react,pnpm,65,40,shared-style-candidate,True,none,none,none,"Style component for editor; review for shared tokens, theme, palette, Tailwind, or global style normalization.",style-score:130,4ff33688cacaec03
e76bff9e27a5a73c211abd02,mbarbine__game-porting-service-webby,style,style,stylesheet,editor,globals,globals,styles/globals.css,.css,125,,,,next-react,pnpm,55,40,shared-style-candidate,True,none,none,none,"Style component for editor; review for shared tokens, theme, palette, Tailwind, or global style normalization.",style-score:130,7f30dbe34b65246e
cddaf3dbe628c498cf193c74,mbarbine__gamer,style,"style,observability,security",stylesheet,observability,globals,globals,app/globals.css,.css,98,,,,next-react,pnpm,75,55,shared-style-candidate,True,none,none,none,"Style component for observability; review for shared tokens, theme, palette, Tailwind, or global style normalization.",style-score:130 | observability-score:55 | security-score:55,82b52e356ff11774
4733e067cd3c3ae71e0c3650,mbarbine__gamer,style,style,stylesheet,commerce,globals,globals,styles/globals.css,.css,94,,,,next-react,pnpm,55,40,shared-style-candidate,False,none,none,none,"Style component for commerce; review for shared tokens, theme, palette, Tailwind, or global style normalization.",style-score:130,65b5fa2721b8289a
01a0420e7eea0bb4b74dd3c6,mbarbine__glass-blowing-website,style,style,stylesheet,editor,globals,globals,app/globals.css,.css,165,,,,next-react,pnpm,65,40,shared-style-candidate,True,none,none,none,"Style component for editor; review for shared tokens, theme, palette, Tailwind, or global style normalization.",style-score:130,de6f4f23c1f2d255
1302bea65f17221ff0019477,mbarbine__glass-blowing-website,style,style,stylesheet,editor,globals,globals,styles/globals.css,.css,125,,,,next-react,pnpm,55,40,shared-style-candidate,True,none,none,none,"Style component for editor; review for shared tokens, theme, palette, Tailwind, or global style normalization.",style-score:130,1d616fde1da6c788
417142f510e7416d987d75d4,mbarbine__global-anti-globalist-club-webby,style,style,stylesheet,editor,globals,globals,app/globals.css,.css,165,,,,next-react,pnpm,65,40,shared-style-candidate,True,none,none,none,"Style component for editor; review for shared tokens, theme, palette, Tailwind, or global style normalization.",style-score:130,c809136b264fe05e
b13cd02cfda0d2c5820f1791,mbarbine__global-anti-globalist-club-webby,style,style,stylesheet,editor,globals,globals,styles/globals.css,.css,125,,,,next-react,pnpm,55,40,shared-style-candidate,True,none,none,none,"Style component for editor; review for shared tokens, theme, palette, Tailwind, or global style normalization.",style-score:130,7f30dbe34b65246e
281c8cfecf5b2c90046a498e,mbarbine__gta-6-countdown-webby,style,"style,security",stylesheet,editor,globals,globals,app/globals.css,.css,437,,,,next-react,pnpm,75,35,shared-style-candidate,True,none,none,none,"Style component for editor; review for shared tokens, theme, palette, Tailwind, or global style normalization.",style-score:130 | security-score:55,a0a490d905d51898
e7b9574d080f161d87a99752,mbarbine__gta-6-countdown-webby,style,style,stylesheet,editor,globals,globals,styles/globals.css,.css,125,,,,next-react,pnpm,55,40,shared-style-candidate,True,none,none,none,"Style component for editor; review for shared tokens, theme, palette, Tailwind, or global style normalization.",style-score:130,7f30dbe34b65246e
d877f9679d6bfe5c94de05b8,mbarbine__hot-chocolate-for-profit-webby,style,style,stylesheet,editor,globals,globals,app/globals.css,.css,126,,,,next-react,pnpm,65,40,shared-style-candidate,True,none,none,none,"Style component for editor; review for shared tokens, theme, palette, Tailwind, or global style normalization.",style-score:130,788210da40904321
b06b75cd897749519746a98a,mbarbine__hot-chocolate-for-profit-webby,style,style,stylesheet,editor,globals,globals,styles/globals.css,.css,125,,,,next-react,pnpm,55,40,shared-style-candidate,True,none,none,none,"Style component for editor; review for shared tokens, theme, palette, Tailwind, or global style normalization.",style-score:130,7f30dbe34b65246e
3a85756981c31a8c39a35420,mbarbine__instant-snap-postcard,style,"style,observability,security",stylesheet,observability,App,app,src/App.css,.css,42,,,,react,npm,65,55,shared-style-candidate,True,none,none,none,"Style component for observability; review for shared tokens, theme, palette, Tailwind, or global style normalization.",style-score:130 | observability-score:55 | security-score:55,a0715e0a09edbd0f
4eafd0553fa060a5b7e884df,mbarbine__instant-snap-postcard,style,style,stylesheet,commerce,index,index,src/index.css,.css,105,,,,react,npm,55,40,shared-style-candidate,False,none,none,none,"Style component for commerce; review for shared tokens, theme, palette, Tailwind, or global style normalization.",style-score:130,43af8fa09b9285c2
a9f61a4990abe45dd038201e,mbarbine__ja4-sidecar,style,"style,observability,security,ai",stylesheet,observability,retro-modern,retro-modern,config/webmail/retro-modern.css,.css,402,,,,css,unknown,65,50,shared-style-candidate,True,none,none,none,"Style component for observability; review for shared tokens, theme, palette, Tailwind, or global style normalization.",style-score:130 | observability-score:55 | security-score:55 | ai-score:45,38b7c80401ead023
73cd9560bbc818cf5ad0fd04,mbarbine__ja4-vercel-lab-2,style,style,stylesheet,editor,globals,globals,app/globals.css,.css,122,,,,next-react,pnpm,65,40,shared-style-candidate,True,none,none,none,"Style component for editor; review for shared tokens, theme, palette, Tailwind, or global style normalization.",style-score:130,bed2e99848ee3673
49bd7dd8eaf4589634d987ff,mbarbine__jaydens-therapy-legal-www,style,"style,security",stylesheet,auth-and-keys,globals,globals,app/globals.css,.css,123,,,,next-react,pnpm,75,55,shared-style-candidate,False,none,none,none,"Style component for auth-and-keys; review for shared tokens, theme, palette, Tailwind, or global style normalization.",style-score:130 | security-score:55,e321fcbe3ffe0b4c
caf83ae5c4bc92550c0b191c,mbarbine__jaydens-therapy-legal-www,style,style,stylesheet,editor,globals,globals,styles/globals.css,.css,123,,,,next-react,pnpm,55,40,shared-style-candidate,True,none,none,none,"Style component for editor; review for shared tokens, theme, palette, Tailwind, or global style normalization.",style-score:130,679ee4df07597d57
2ad0f79d7024772ec6146183,mbarbine__job-manager,style,"style,backend",stylesheet,workflow,globals,globals,task-service/src/app/globals.css,.css,48,,,,next-react,npm,75,40,shared-style-candidate,True,none,none,none,"Style component for workflow; review for shared tokens, theme, palette, Tailwind, or global style normalization.",style-score:130 | backend-score:55,bddac62641f3d449
4558f43686f9681bf0a1f26d,mbarbine__job-manager,style,style,stylesheet,design-system,globals,globals,leases/src/app/globals.css,.css,48,,,,next-react,npm,65,55,shared-style-candidate,True,none,none,none,"Style component for design-system; review for shared tokens, theme, palette, Tailwind, or global style normalization.",style-score:130,bddac62641f3d449
d1147878e2a962a9f1a0a895,mbarbine__jts-hvac-gates-www,style,"style,security",stylesheet,auth-and-keys,globals,globals,app/globals.css,.css,201,,,,next-react,pnpm,75,50,shared-style-candidate,False,none,none,none,"Style component for auth-and-keys; review for shared tokens, theme, palette, Tailwind, or global style normalization.",style-score:130 | security-score:55,65da1d90cb0accb4
6f8fb3b42e45ba87742c3368,mbarbine__jts-hvac-gates-www,style,style,stylesheet,editor,globals,globals,styles/globals.css,.css,123,,,,next-react,pnpm,55,40,shared-style-candidate,True,none,none,none,"Style component for editor; review for shared tokens, theme, palette, Tailwind, or global style normalization.",style-score:130,679ee4df07597d57
306ba361de040b216e3c6f4c,mbarbine__legacy-platphorm-news,style,style,stylesheet,editor,app,app,src/app.css,.css,107,,,,svelte,unknown,55,40,shared-style-candidate,True,none,none,none,"Style component for editor; review for shared tokens, theme, palette, Tailwind, or global style normalization.",style-score:130,c41da03bccad0757
9037ac7ab99faf39ceddc26d,mbarbine__legacy-platphorm-news,style,"style,security",stylesheet,commerce,styles,styles,src/static/styles.css,.css,356,,,,svelte,unknown,65,35,shared-style-candidate,True,none,none,none,"Style component for commerce; review for shared tokens, theme, palette, Tailwind, or global style normalization.",style-score:130 | security-score:55,3e0250090389a04f
71409c69e13672e9d05ab74a,mbarbine__legacy-platphorm-news,style,"style,security",stylesheet,auth-and-keys,news,news,src/static/news.css,.css,162,,,,svelte,unknown,65,55,shared-style-candidate,True,none,none,none,"Style component for auth-and-keys; review for shared tokens, theme, palette, Tailwind, or global style normalization.",style-score:130 | security-score:55,ea34a1bea92d90e5
b732d78699231d5fde3c0e17,mbarbine__legacy-platphorm-news,style,"style,security",stylesheet,editor,global,global,src/static/global.css,.css,128,,,,svelte,unknown,65,40,shared-style-candidate,True,none,none,none,"Style component for editor; review for shared tokens, theme, palette, Tailwind, or global style normalization.",style-score:130 | security-score:55,c91b3f98c87ca7b0
8517bfadbe9d1cbdd39fb1f1,mbarbine__mailthing-api,style,style,stylesheet,design-system,globals,globals,app/globals.css,.css,21,,,,next-react,pnpm,65,55,shared-style-candidate,False,none,none,none,"Style component for design-system; review for shared tokens, theme, palette, Tailwind, or global style normalization.",style-score:130,ecbfe8b9473e9fbb
2bd20989b8159b657b58f713,mbarbine__mailthing-client,style,"style,automation,ai",stylesheet,discovery,App,app,src/App.css,.css,227,,,,react,pnpm,65,50,shared-style-candidate,True,none,secondary,none,"Style component for discovery; review for shared tokens, theme, palette, Tailwind, or global style normalization.",style-score:130 | automation-score:45 | ai-score:45,2031a387660cafcf
ed6926f2d53ed92223315ebe,mbarbine__mailthing-client,style,style,stylesheet,editor,main,main,src/main.css,.css,72,,,,react,pnpm,55,40,shared-style-candidate,True,none,none,none,"Style component for editor; review for shared tokens, theme, palette, Tailwind, or global style normalization.",style-score:130,580648daf4c2b333
987c9b04451b2d91f159b500,mbarbine__mailthing-main,style,"style,ai",stylesheet,commerce,globals,globals,styles/globals.css,.css,90,,,,next-react,pnpm,65,40,shared-style-candidate,True,none,none,none,"Style component for commerce; review for shared tokens, theme, palette, Tailwind, or global style normalization.",style-score:130 | ai-score:45,481e234c667dd890
9110f73211c2beb2d7c653c7,mbarbine__mailthing-main,style,"style,ui,observability",ui-primitive,observability,Navbar.module,navbar-module,components/ui/Navbar/Navbar.module.css,.css,19,,,,next-react,pnpm,75,80,shared-style-candidate,True,none,none,none,"Style component for observability; review for shared tokens, theme, palette, Tailwind, or global style normalization.",style-score:130 | ui-score:70 | observability-score:55,72f69e2511163b0b
c71d5331eb3aeade30918653,mbarbine__mailthing-main,style,"style,ui",ui-primitive,editor,Input.module,input-module,components/ui/Input/Input.module.css,.css,7,,,,next-react,pnpm,70,60,shared-style-candidate,True,none,none,none,"Style component for editor; review for shared tokens, theme, palette, Tailwind, or global style normalization.",style-score:130 | ui-score:70,ad1b7110d82df8ef
55659abcc9436484b829da98,mbarbine__mailthing-main,style,"style,ui,observability,security",ui-primitive,observability,LoadingDots.module,loading-dots-module,components/ui/LoadingDots/LoadingDots.module.css,.css,32,,,,next-react,pnpm,75,80,shared-style-candidate,False,none,none,none,"Style component for observability; review for shared tokens, theme, palette, Tailwind, or global style normalization.",style-score:130 | ui-score:70 | observability-score:55 | security-score:55,08a265b10b4ffcca
32f63ad0a95ea6ea96ad18c3,mbarbine__mailthing-main,style,"style,ui",ui-primitive,editor,Button.module,button-module,components/ui/Button/Button.module.css,.css,32,,,,next-react,pnpm,75,65,shared-style-candidate,True,none,none,none,"Style component for editor; review for shared tokens, theme, palette, Tailwind, or global style normalization.",style-score:130 | ui-score:70,bb8c258ba0d35586
7d7267710ae5f1d418d147a1,mbarbine__mermaid-community-platform,style,"style,security",stylesheet,editor,globals,globals,app/globals.css,.css,236,,,,next-react,pnpm,75,35,shared-style-candidate,True,none,none,none,"Style component for editor; review for shared tokens, theme, palette, Tailwind, or global style normalization.",style-score:130 | security-score:55,c207c78def2b1d0a
3781533bdec671622409da9a,mbarbine__mermaid-community-platform,style,style,stylesheet,editor,globals,globals,styles/globals.css,.css,125,,,,next-react,pnpm,55,40,shared-style-candidate,True,none,none,none,"Style component for editor; review for shared tokens, theme, palette, Tailwind, or global style normalization.",style-score:130,1d616fde1da6c788
61cebeee00149f35470f7db8,mbarbine__mermaid-next-www,style,"style,observability",stylesheet,observability,globals,globals,app/globals.css,.css,257,,,,next-react,yarn,75,50,shared-style-candidate,True,none,none,none,"Style component for observability; review for shared tokens, theme, palette, Tailwind, or global style normalization.",style-score:130 | observability-score:55,e83ea4c4cdbdb984
880b954282774c7818e500b1,mbarbine__mermaid-next-www,style,style,tailwind-config,design-system,tailwind,tailwind,styles/tailwind.css,.css,3,,,,next-react,yarn,50,75,shared-style-candidate,False,none,none,none,"Style component for design-system; review for shared tokens, theme, palette, Tailwind, or global style normalization.",style-score:130,cc1a7ad0d019ddb1
88fde66458cd78200178e060,mbarbine__microwave-sticker-webby,style,style,stylesheet,editor,globals,globals,app/globals.css,.css,123,,,,next-react,npm,65,40,shared-style-candidate,True,none,none,none,"Style component for editor; review for shared tokens, theme, palette, Tailwind, or global style normalization.",style-score:130,977d471ea1a8cf01
49952bd3b258fe0110a33cc3,mbarbine__microwave-sticker-webby,style,style,stylesheet,editor,globals,globals,styles/globals.css,.css,125,,,,next-react,npm,55,40,shared-style-candidate,True,none,none,none,"Style component for editor; review for shared tokens, theme, palette, Tailwind, or global style normalization.",style-score:130,7f30dbe34b65246e
bca8f1415c33b4660ba757f0,mbarbine__microwave-stickers-,style,style,stylesheet,commerce,globals,globals,app/globals.css,.css,94,,,,next-react,pnpm,65,40,shared-style-candidate,False,none,none,none,"Style component for commerce; review for shared tokens, theme, palette, Tailwind, or global style normalization.",style-score:130,65b5fa2721b8289a
218404fa58f5615ee52f8e24,mbarbine__microwave-stickers-,style,style,stylesheet,commerce,globals,globals,styles/globals.css,.css,94,,,,next-react,pnpm,55,40,shared-style-candidate,False,none,none,none,"Style component for commerce; review for shared tokens, theme, palette, Tailwind, or global style normalization.",style-score:130,65b5fa2721b8289a
3179e8f13f856080ad0e9564,mbarbine__multiplayer-puzzle-game,style,style,stylesheet,editor,globals,globals,app/globals.css,.css,125,,,,next-react,pnpm,65,40,shared-style-candidate,True,none,none,none,"Style component for editor; review for shared tokens, theme, palette, Tailwind, or global style normalization.",style-score:130,eee4ef8d3dcfb9cf
c8e10072948b41c55121b6a9,mbarbine__multiplayer-puzzle-game,style,style,stylesheet,editor,globals,globals,styles/globals.css,.css,125,,,,next-react,pnpm,55,40,shared-style-candidate,True,none,none,none,"Style component for editor; review for shared tokens, theme, palette, Tailwind, or global style normalization.",style-score:130,7f30dbe34b65246e
739258a2f01b3d692bab04f7,mbarbine__my-first-nova-hbackers-preseo,style,style,tailwind-config,commerce,tailwind,tailwind,styles/tailwind.css,.css,21,,,,next-react,pnpm,55,65,shared-style-candidate,False,none,none,none,"Style component for commerce; review for shared tokens, theme, palette, Tailwind, or global style normalization.",style-score:130,1f57df080b525eed
1bc258d96e7859d96b1c64fd,mbarbine__news-api,style,"style,security",stylesheet,commerce,styles,styles,static/styles.css,.css,141,,,,svelte,pnpm,65,40,shared-style-candidate,True,none,none,none,"Style component for commerce; review for shared tokens, theme, palette, Tailwind, or global style normalization.",style-score:130 | security-score:55,6d3842c27f398c50
b9128917b76bf06d1bcd3578,mbarbine__news-api,style,"style,security",stylesheet,auth-and-keys,news,news,static/news.css,.css,148,,,,svelte,pnpm,65,55,shared-style-candidate,True,none,none,none,"Style component for auth-and-keys; review for shared tokens, theme, palette, Tailwind, or global style normalization.",style-score:130 | security-score:55,a197ab5d1d73e727
0cde141c0dd4885e7e5f7566,mbarbine__news-api,style,"style,security",stylesheet,commerce,global,global,static/global.css,.css,121,,,,svelte,pnpm,65,40,shared-style-candidate,False,none,none,none,"Style component for commerce; review for shared tokens, theme, palette, Tailwind, or global style normalization.",style-score:130 | security-score:55,2847aaee09e63333
8fbfac911839c08d446140e4,mbarbine__news-api,style,style,stylesheet,editor,app,app,src/app.css,.css,107,,,,svelte,pnpm,55,40,shared-style-candidate,True,none,none,none,"Style component for editor; review for shared tokens, theme, palette, Tailwind, or global style normalization.",style-score:130,c41da03bccad0757
630156b61445cb1003a8f94b,mbarbine__news-api,style,"style,security",stylesheet,commerce,styles,styles,src/static/styles.css,.css,141,,,,svelte,pnpm,65,40,shared-style-candidate,True,none,none,none,"Style component for commerce; review for shared tokens, theme, palette, Tailwind, or global style normalization.",style-score:130 | security-score:55,6d3842c27f398c50
d8cc467adc1fd3373c0e312f,mbarbine__news-api,style,"style,security",stylesheet,auth-and-keys,news,news,src/static/news.css,.css,148,,,,svelte,pnpm,65,55,shared-style-candidate,True,none,none,none,"Style component for auth-and-keys; review for shared tokens, theme, palette, Tailwind, or global style normalization.",style-score:130 | security-score:55,a197ab5d1d73e727
dfb120588a1fb032a7f3d26d,mbarbine__news-api,style,"style,security",stylesheet,commerce,global,global,src/static/global.css,.css,121,,,,svelte,pnpm,65,40,shared-style-candidate,False,none,none,none,"Style component for commerce; review for shared tokens, theme, palette, Tailwind, or global style normalization.",style-score:130 | security-score:55,2847aaee09e63333
735ab3747226f2e2d949206f,mbarbine__nextjs-ai-4,style,style,stylesheet,editor,globals,globals,app/globals.css,.css,178,,,,next-react,pnpm,65,40,shared-style-candidate,True,none,none,none,"Style component for editor; review for shared tokens, theme, palette, Tailwind, or global style normalization.",style-score:130,171260b40bdc74eb
91adbfff36538687463deed3,mbarbine__nextjs-ai-chatbot,style,style,stylesheet,editor,globals,globals,app/globals.css,.css,178,,,,next-react,pnpm,65,40,shared-style-candidate,True,none,none,none,"Style component for editor; review for shared tokens, theme, palette, Tailwind, or global style normalization.",style-score:130,171260b40bdc74eb
573a2d6832e2ddc94d186940,mbarbine__nova-hackers-webby,style,"style,security",stylesheet,commerce,globals,globals,app/globals.css,.css,46,,,,next-react,pnpm,75,40,shared-style-candidate,False,none,none,none,"Style component for commerce; review for shared tokens, theme, palette, Tailwind, or global style normalization.",style-score:130 | security-score:55,e1f5df3fb1c852d7
321dfc18adc7982a837817fc,mbarbine__nova-hackers-webby,style,style,stylesheet,commerce,globals,globals,styles/globals.css,.css,92,,,,next-react,pnpm,55,40,shared-style-candidate,False,none,none,none,"Style component for commerce; review for shared tokens, theme, palette, Tailwind, or global style normalization.",style-score:130,a907a4837bf02600
23c9f7be39f1120a4ea5acde,mbarbine__nuclear-power-plant-webby-NPaaS,style,style,stylesheet,editor,globals,globals,app/globals.css,.css,174,,,,next-react,pnpm,65,40,shared-style-candidate,True,none,none,none,"Style component for editor; review for shared tokens, theme, palette, Tailwind, or global style normalization.",style-score:130,ff492654762c3d94
72e35e3d432f8bf0375160c1,mbarbine__nuclear-power-plant-webby-NPaaS,style,style,stylesheet,editor,globals,globals,styles/globals.css,.css,125,,,,next-react,pnpm,55,40,shared-style-candidate,True,none,none,none,"Style component for editor; review for shared tokens, theme, palette, Tailwind, or global style normalization.",style-score:130,1d616fde1da6c788
bc4f541ececccb01e8fa8f20,mbarbine__onboard-platphorm-boilerplate-repo,style,"style,security,automation",stylesheet,editor,globals,globals,app/globals.css,.css,226,,,,next-react,pnpm,75,35,shared-style-candidate,True,none,secondary,none,"Style component for editor; review for shared tokens, theme, palette, Tailwind, or global style normalization.",style-score:130 | security-score:55 | automation-score:45,d15b6110571df797
f416f4add52af14107684776,mbarbine__onboard-platphorm-boilerplate-repo,style,style,stylesheet,editor,globals,globals,styles/globals.css,.css,125,,,,next-react,pnpm,55,40,shared-style-candidate,True,none,none,none,"Style component for editor; review for shared tokens, theme, palette, Tailwind, or global style normalization.",style-score:130,7f30dbe34b65246e
722aad1eacabf9479f0217cd,mbarbine__ph3ar-admin-dashboard,style,"style,observability,security",stylesheet,auth-and-keys,globals,globals,app/globals.css,.css,140,,,,next-react,pnpm,75,55,shared-style-candidate,True,none,none,none,"Style component for auth-and-keys; review for shared tokens, theme, palette, Tailwind, or global style normalization.",style-score:130 | observability-score:55 | security-score:55,5df0eee91d544268
6f49305aa83139738384b396,mbarbine__ph3ar-blog,style,"style,security",stylesheet,editor,globals,globals,src/app/globals.css,.css,1024,,,,next-react,pnpm,75,20,shared-style-candidate,True,none,none,none,"Style component for editor; review for shared tokens, theme, palette, Tailwind, or global style normalization.",style-score:130 | security-score:55,3bb7aced4dc0d6d0
5ca710406e8f79c5763e2b2d,mbarbine__ph3ar-blog,style,"style,security",stylesheet,commerce,switch.module,switch-module,src/app/_components/switch.module.css,.css,56,,,,next-react,pnpm,75,40,shared-style-candidate,True,none,none,none,"Style component for commerce; review for shared tokens, theme, palette, Tailwind, or global style normalization.",style-score:130 | security-score:55,e1ddd1dc1f7d40e3
5e961ce9cfbefe6e058a3d9c,mbarbine__ph3ar-blog,style,style,stylesheet,editor,markdown-styles.module,markdown-styles-module,src/app/_components/markdown-styles.module.css,.css,18,,,,next-react,pnpm,65,40,shared-style-candidate,True,none,none,none,"Style component for editor; review for shared tokens, theme, palette, Tailwind, or global style normalization.",style-score:130,07016fd78c5450b8
c2b29ae4f65d8055c7ef35d1,mbarbine__ph3ar-chatbot,style,style,stylesheet,editor,globals,globals,app/globals.css,.css,165,,,,next-react,pnpm,65,40,shared-style-candidate,True,none,none,none,"Style component for editor; review for shared tokens, theme, palette, Tailwind, or global style normalization.",style-score:130,5ec0cfabef8939ca
048e5862917dcea4c880323f,mbarbine__ph3ar-web,style,style,stylesheet,ai,main,main,public/main.scss,.scss,82,,,,css,npm,55,55,shared-style-candidate,False,none,none,none,"Style component for ai; review for shared tokens, theme, palette, Tailwind, or global style normalization.",style-score:130,3a3015f7a3ba0341
87d1b4534db72c16772dd779,mbarbine__ph3ar-web,style,"style,security",stylesheet,auth-and-keys,bootstrap.min,bootstrap-min,public/css/bootstrap.min.css,.css,7,,,,css,npm,60,50,shared-style-candidate,True,none,none,none,"Style component for auth-and-keys; review for shared tokens, theme, palette, Tailwind, or global style normalization.",style-score:130 | security-score:55,5b0fbe5b7ad705f6
9992e6b0957e125059418ce5,mbarbine__ph3ar-web,style,style,stylesheet,discovery,bbs-style,bbs-style,public/css/bbs-style.css,.css,43,,,,css,npm,55,55,shared-style-candidate,True,none,none,none,"Style component for discovery; review for shared tokens, theme, palette, Tailwind, or global style normalization.",style-score:130,fb20a222cd6f087a
928258fb3441f8b9bc1ea633,mbarbine__ph3ar-web,style,style,stylesheet,commerce,arcade,arcade,public/css/arcade.css,.css,124,,,,css,npm,55,40,shared-style-candidate,True,none,none,none,"Style component for commerce; review for shared tokens, theme, palette, Tailwind, or global style normalization.",style-score:130,9323e66e2d47a218
c3e540d104bde45754c76ded,mbarbine__platphorm-404,style,"style,observability,security",stylesheet,observability,globals,globals,app/globals.css,.css,418,,,,next-react,pnpm,75,50,shared-style-candidate,False,none,none,none,"Style component for observability; review for shared tokens, theme, palette, Tailwind, or global style normalization.",style-score:130 | observability-score:55 | security-score:55,13efa5b5308ae6d6
4ac655895d3d8a8c7962fa96,mbarbine__platphorm-404,style,style,stylesheet,editor,globals,globals,styles/globals.css,.css,125,,,,next-react,pnpm,55,40,shared-style-candidate,True,none,none,none,"Style component for editor; review for shared tokens, theme, palette, Tailwind, or global style normalization.",style-score:130,7f30dbe34b65246e
ce587558ae31b046f6541d4c,mbarbine__platphorm-agentui,style,"style,security",stylesheet,editor,globals,globals,app/globals.css,.css,181,,,,next-react,pnpm,75,40,shared-style-candidate,True,none,none,none,"Style component for editor; review for shared tokens, theme, palette, Tailwind, or global style normalization.",style-score:130 | security-score:55,0acd0dbe5fe1e3d8
025a14f960b5877c0ef8988c,mbarbine__platphorm-ai-photo-enrichment,style,style,stylesheet,editor,globals,globals,app/globals.css,.css,127,,,,next-react,pnpm,65,40,shared-style-candidate,True,none,none,none,"Style component for editor; review for shared tokens, theme, palette, Tailwind, or global style normalization.",style-score:130,7e743a1e2a96ceea
40cbdca41ee7973fd7314307,mbarbine__platphorm-ai-photo-enrichment,style,style,stylesheet,editor,globals,globals,styles/globals.css,.css,125,,,,next-react,pnpm,55,40,shared-style-candidate,True,none,none,none,"Style component for editor; review for shared tokens, theme, palette, Tailwind, or global style normalization.",style-score:130,7f30dbe34b65246e
7e02046f143b69a4f545773c,mbarbine__platphorm-alleycats,style,"style,security,automation",stylesheet,editor,globals,globals,app/globals.css,.css,360,,,,next-react,pnpm,75,35,shared-style-candidate,True,none,secondary,none,"Style component for editor; review for shared tokens, theme, palette, Tailwind, or global style normalization.",style-score:130 | security-score:55 | automation-score:45,ff6d17c114b3fdfe
bd623ea7979b30aebfa62fd5,mbarbine__platphorm-alleycats,style,style,stylesheet,editor,globals,globals,styles/globals.css,.css,125,,,,next-react,pnpm,55,40,shared-style-candidate,True,none,none,none,"Style component for editor; review for shared tokens, theme, palette, Tailwind, or global style normalization.",style-score:130,7f30dbe34b65246e
28098ad760612a6fba252031,mbarbine__platphorm-ascii,style,"style,security",stylesheet,commerce,globals,globals,app/globals.css,.css,118,,,,next-react,pnpm,75,40,shared-style-candidate,True,none,none,none,"Style component for commerce; review for shared tokens, theme, palette, Tailwind, or global style normalization.",style-score:130 | security-score:55,5731074f938e7510
adfca3f1bf2c04447a4546ad,mbarbine__platphorm-ascii,style,"style,security",stylesheet,commerce,globals,globals,styles/globals.css,.css,118,,,,next-react,pnpm,65,40,shared-style-candidate,True,none,none,none,"Style component for commerce; review for shared tokens, theme, palette, Tailwind, or global style normalization.",style-score:130 | security-score:55,5731074f938e7510
60cf2692befc54819ed8e578,mbarbine__platphorm-auction-vice,style,"style,security",stylesheet,auth-and-keys,globals,globals,app/globals.css,.css,237,,,,next-react,pnpm,75,50,shared-style-candidate,False,none,none,none,"Style component for auth-and-keys; review for shared tokens, theme, palette, Tailwind, or global style normalization.",style-score:130 | security-score:55,483504da0112df0b
9d7d080a493234151e43bfdc,mbarbine__platphorm-auction-vice,style,style,stylesheet,editor,globals,globals,styles/globals.css,.css,125,,,,next-react,pnpm,55,40,shared-style-candidate,True,none,none,none,"Style component for editor; review for shared tokens, theme, palette, Tailwind, or global style normalization.",style-score:130,7f30dbe34b65246e
61e0c4adb95256b5ab3dcc03,mbarbine__platphorm-base,style,"style,security",stylesheet,editor,globals,globals,app/globals.css,.css,312,,,,next-react,pnpm,75,35,shared-style-candidate,True,none,none,none,"Style component for editor; review for shared tokens, theme, palette, Tailwind, or global style normalization.",style-score:130 | security-score:55,4e6894e2cabf53f2
99fd46ec6d48a6c8bc29e5fa,mbarbine__platphorm-base,style,style,stylesheet,editor,globals,globals,styles/globals.css,.css,125,,,,next-react,pnpm,55,40,shared-style-candidate,True,none,none,none,"Style component for editor; review for shared tokens, theme, palette, Tailwind, or global style normalization.",style-score:130,7f30dbe34b65246e
146769e14ee4dc2b0a6e21af,mbarbine__platphorm-bbs,style,"style,security",stylesheet,ai,globals,globals,app/globals.css,.css,285,,,,next-react,pnpm,75,50,shared-style-candidate,False,none,none,none,"Style component for ai; review for shared tokens, theme, palette, Tailwind, or global style normalization.",style-score:130 | security-score:55,20b7e26724c1d4ba
799c2e6a50e0d183fc9ff732,mbarbine__platphorm-bbs,style,style,stylesheet,editor,globals,globals,styles/globals.css,.css,125,,,,next-react,pnpm,55,40,shared-style-candidate,True,none,none,none,"Style component for editor; review for shared tokens, theme, palette, Tailwind, or global style normalization.",style-score:130,7f30dbe34b65246e
eefe1f4fa884155aa12c228a,mbarbine__platphorm-browserops,style,"style,observability,security,automation",stylesheet,editor,globals,globals,app/globals.css,.css,565,,,,next-react,pnpm,75,25,shared-style-candidate,True,none,secondary,none,"Style component for editor; review for shared tokens, theme, palette, Tailwind, or global style normalization.",style-score:130 | observability-score:55 | security-score:55 | automation-score:45,edf5f28271f420a2
a7722403a4dddde4634041e1,mbarbine__platphorm-business-EmployerServicesIncorporated,style,style,stylesheet,design-system,globals,globals,src/app/globals.css,.css,26,,,,next-react,pnpm,65,55,shared-style-candidate,False,none,none,none,"Style component for design-system; review for shared tokens, theme, palette, Tailwind, or global style normalization.",style-score:130,769edf77bd0d101a
54c72c1a06323499464d75b4,mbarbine__platphorm-cobol,style,"style,security",stylesheet,editor,globals,globals,app/globals.css,.css,230,,,,next-react,pnpm,75,35,shared-style-candidate,True,none,none,none,"Style component for editor; review for shared tokens, theme, palette, Tailwind, or global style normalization.",style-score:130 | security-score:55,d369e7139ea1404d
90e6889a00eb47846146e8cf,mbarbine__platphorm-cobol,style,style,stylesheet,editor,globals,globals,styles/globals.css,.css,125,,,,next-react,pnpm,55,40,shared-style-candidate,True,none,none,none,"Style component for editor; review for shared tokens, theme, palette, Tailwind, or global style normalization.",style-score:130,7f30dbe34b65246e
7acfcfa52452e95b9a3d9bf5,mbarbine__platphorm-codex,style,"style,observability,security,automation",stylesheet,editor,globals,globals,app/globals.css,.css,895,,,,next-react,pnpm,75,20,shared-style-candidate,True,none,secondary,none,"Style component for editor; review for shared tokens, theme, palette, Tailwind, or global style normalization.",style-score:130 | observability-score:55 | security-score:55 | automation-score:45,e01e247a6856ff0a
82b14cd0187bc6e1a2849cf5,mbarbine__platphorm-codex,style,style,stylesheet,editor,globals,globals,styles/globals.css,.css,125,,,,next-react,pnpm,55,40,shared-style-candidate,True,none,none,none,"Style component for editor; review for shared tokens, theme, palette, Tailwind, or global style normalization.",style-score:130,7f30dbe34b65246e
ba678162654cf37db7ab4e1d,mbarbine__platphorm-content-showback-dashboard,style,"style,security",stylesheet,commerce,globals,globals,app/globals.css,.css,824,,,,next-react,pnpm,75,20,shared-style-candidate,True,none,none,none,"Style component for commerce; review for shared tokens, theme, palette, Tailwind, or global style normalization.",style-score:130 | security-score:55,787ed6ec8621240b
ad6210933c6573e21a7bf8fa,mbarbine__platphorm-content-showback-dashboard,style,style,stylesheet,editor,globals,globals,styles/globals.css,.css,125,,,,next-react,pnpm,55,40,shared-style-candidate,True,none,none,none,"Style component for editor; review for shared tokens, theme, palette, Tailwind, or global style normalization.",style-score:130,1d616fde1da6c788
109346e628a4157bb6ac1c66,mbarbine__platphorm-decks,style,"style,security,automation",stylesheet,editor,globals,globals,app/globals.css,.css,266,,,,next-react,pnpm,75,35,shared-style-candidate,True,none,secondary,none,"Style component for editor; review for shared tokens, theme, palette, Tailwind, or global style normalization.",style-score:130 | security-score:55 | automation-score:45,1aeaab73dc1c6e0c
a919711a1c9504831ab16170,mbarbine__platphorm-decks,style,style,stylesheet,editor,globals,globals,styles/globals.css,.css,125,,,,next-react,pnpm,55,40,shared-style-candidate,True,none,none,none,"Style component for editor; review for shared tokens, theme, palette, Tailwind, or global style normalization.",style-score:130,7f30dbe34b65246e
41033a32789d3a676870e4bb,mbarbine__platphorm-desa,style,"style,security",stylesheet,editor,globals,globals,app/globals.css,.css,145,,,,next-react,pnpm,75,40,shared-style-candidate,True,none,none,none,"Style component for editor; review for shared tokens, theme, palette, Tailwind, or global style normalization.",style-score:130 | security-score:55,58ddec5a446cd5a6
e28903e3e9d2a151bde29ba7,mbarbine__platphorm-desa,style,style,stylesheet,editor,globals,globals,styles/globals.css,.css,125,,,,next-react,pnpm,55,40,shared-style-candidate,True,none,none,none,"Style component for editor; review for shared tokens, theme, palette, Tailwind, or global style normalization.",style-score:130,7f30dbe34b65246e
6707f67659eaf1256c355dd7,mbarbine__platphorm-design,style,"style,observability,security",stylesheet,editor,globals,globals,app/globals.css,.css,406,,,,next-react,pnpm,75,35,shared-style-candidate,True,none,none,none,"Style component for editor; review for shared tokens, theme, palette, Tailwind, or global style normalization.",style-score:130 | observability-score:55 | security-score:55,d6ae58785b95c8f9
c555975632190e4381bbf3f1,mbarbine__platphorm-design,style,style,stylesheet,editor,globals,globals,styles/globals.css,.css,125,,,,next-react,pnpm,55,40,shared-style-candidate,True,none,none,none,"Style component for editor; review for shared tokens, theme, palette, Tailwind, or global style normalization.",style-score:130,7f30dbe34b65246e
c266ddae8647f1fd15e8b2dc,mbarbine__platphorm-dictionary,style,style,stylesheet,editor,globals,globals,app/globals.css,.css,125,,,,next-react,pnpm,65,40,shared-style-candidate,True,none,none,none,"Style component for editor; review for shared tokens, theme, palette, Tailwind, or global style normalization.",style-score:130,b171214b049e5d90
a49d9001550559d94e252d82,mbarbine__platphorm-dictionary,style,style,stylesheet,editor,globals,globals,styles/globals.css,.css,125,,,,next-react,pnpm,55,40,shared-style-candidate,True,none,none,none,"Style component for editor; review for shared tokens, theme, palette, Tailwind, or global style normalization.",style-score:130,7f30dbe34b65246e
7a38793c028a1afbeeeea97c,mbarbine__platphorm-emoji,style,"style,security",stylesheet,commerce,globals,globals,app/globals.css,.css,140,,,,next-react,pnpm,75,40,shared-style-candidate,False,none,none,none,"Style component for commerce; review for shared tokens, theme, palette, Tailwind, or global style normalization.",style-score:130 | security-score:55,7ab169cee9ce7092
02aa5b1ab1c4e526851f08a6,mbarbine__platphorm-evals,style,"style,observability,security",stylesheet,editor,globals,globals,app/globals.css,.css,279,,,,next-react,pnpm,75,35,shared-style-candidate,True,none,none,none,"Style component for editor; review for shared tokens, theme, palette, Tailwind, or global style normalization.",style-score:130 | observability-score:55 | security-score:55,5964b1bdd318a52d
538537143fe48f4bc5f1eaf4,mbarbine__platphorm-finance,style,style,stylesheet,commerce,globals,globals,app/globals.css,.css,126,,,,next-react,pnpm,65,40,shared-style-candidate,True,none,none,none,"Style component for commerce; review for shared tokens, theme, palette, Tailwind, or global style normalization.",style-score:130,ed5f4ea058f3237a
0e7497b74c8b51f8c052102e,mbarbine__platphorm-finance,style,style,stylesheet,commerce,globals,globals,styles/globals.css,.css,126,,,,next-react,pnpm,55,40,shared-style-candidate,True,none,none,none,"Style component for commerce; review for shared tokens, theme, palette, Tailwind, or global style normalization.",style-score:130,ed5f4ea058f3237a
2b2d124613611d5567724471,mbarbine__platphorm-fingerprint-service,style,"style,security",stylesheet,editor,globals,globals,app/globals.css,.css,184,,,,next-react,pnpm,75,40,shared-style-candidate,True,none,none,none,"Style component for editor; review for shared tokens, theme, palette, Tailwind, or global style normalization.",style-score:130 | security-score:55,f93444c383c109ba
c529f4716aa47ff6d45ca238,mbarbine__platphorm-fingerprint-service,style,style,stylesheet,editor,globals,globals,styles/globals.css,.css,125,,,,next-react,pnpm,55,40,shared-style-candidate,True,none,none,none,"Style component for editor; review for shared tokens, theme, palette, Tailwind, or global style normalization.",style-score:130,7f30dbe34b65246e
f4354f97565eb67cd085b1c5,mbarbine__platphorm-insights,style,"style,observability,security",stylesheet,editor,globals,globals,app/globals.css,.css,462,,,,next-react,pnpm,75,35,shared-style-candidate,True,none,none,none,"Style component for editor; review for shared tokens, theme, palette, Tailwind, or global style normalization.",style-score:130 | observability-score:55 | security-score:55,db9ff3b2b603a3fa
36e86fe73efd65adb6c493f9,mbarbine__platphorm-insights,style,style,stylesheet,editor,globals,globals,styles/globals.css,.css,125,,,,next-react,pnpm,55,40,shared-style-candidate,True,none,none,none,"Style component for editor; review for shared tokens, theme, palette, Tailwind, or global style normalization.",style-score:130,7f30dbe34b65246e
767f69da8426bd2254eb13b2,mbarbine__platphorm-jobs,style,"style,observability,security",stylesheet,editor,globals,globals,app/globals.css,.css,294,,,,next-react,pnpm,75,35,shared-style-candidate,True,none,none,none,"Style component for editor; review for shared tokens, theme, palette, Tailwind, or global style normalization.",style-score:130 | observability-score:55 | security-score:55,f4a605e61dad7696
ab78ab54e0f211270ce04dc9,mbarbine__platphorm-jobs,style,style,stylesheet,editor,globals,globals,styles/globals.css,.css,125,,,,next-react,pnpm,55,40,shared-style-candidate,True,none,none,none,"Style component for editor; review for shared tokens, theme, palette, Tailwind, or global style normalization.",style-score:130,7f30dbe34b65246e
bde26bdd3eac299c67a71b10,mbarbine__platphorm-json,style,style,stylesheet,editor,globals,globals,app/globals.css,.css,125,,,,next-react,pnpm,65,40,shared-style-candidate,True,none,none,none,"Style component for editor; review for shared tokens, theme, palette, Tailwind, or global style normalization.",style-score:130,7f30dbe34b65246e
72c3ae277e86c28eec91c56a,mbarbine__platphorm-json,style,style,stylesheet,editor,globals,globals,styles/globals.css,.css,125,,,,next-react,pnpm,55,40,shared-style-candidate,True,none,none,none,"Style component for editor; review for shared tokens, theme, palette, Tailwind, or global style normalization.",style-score:130,7f30dbe34b65246e
7bca4cf985c740a2180c0df0,mbarbine__platphorm-jules,style,style,stylesheet,editor,globals,globals,app/globals.css,.css,141,,,,next-react,pnpm,65,40,shared-style-candidate,True,none,none,none,"Style component for editor; review for shared tokens, theme, palette, Tailwind, or global style normalization.",style-score:130,2e6e0e790c64028e
8eed42a12142e90c21b12023,mbarbine__platphorm-jules,style,style,stylesheet,editor,globals,globals,styles/globals.css,.css,129,,,,next-react,pnpm,55,40,shared-style-candidate,True,none,none,none,"Style component for editor; review for shared tokens, theme, palette, Tailwind, or global style normalization.",style-score:130,0a96a4be88bf3498
39fff4114cb1e0d2096890ce,mbarbine__platphorm-kanban,style,style,stylesheet,workflow,globals,globals,app/globals.css,.css,116,,,,next-react,pnpm,65,40,shared-style-candidate,True,none,none,none,"Style component for workflow; review for shared tokens, theme, palette, Tailwind, or global style normalization.",style-score:130,f54b20daa8fa0db8
2fee2d5863d7cbde92bed2e5,mbarbine__platphorm-kanban,style,style,stylesheet,commerce,globals,globals,styles/globals.css,.css,92,,,,next-react,pnpm,55,40,shared-style-candidate,True,none,none,none,"Style component for commerce; review for shared tokens, theme, palette, Tailwind, or global style normalization.",style-score:130,a907a4837bf02600
cf49d7a7c384b07282b3f6f9,mbarbine__platphorm-keys,style,style,stylesheet,editor,globals,globals,app/globals.css,.css,125,,,,next-react,pnpm,65,40,shared-style-candidate,True,none,none,none,"Style component for editor; review for shared tokens, theme, palette, Tailwind, or global style normalization.",style-score:130,7f30dbe34b65246e
bac756084061e6e3b117ce33,mbarbine__platphorm-keys,style,style,stylesheet,editor,globals,globals,styles/globals.css,.css,125,,,,next-react,pnpm,55,40,shared-style-candidate,True,none,none,none,"Style component for editor; review for shared tokens, theme, palette, Tailwind, or global style normalization.",style-score:130,7f30dbe34b65246e
6d725d7af50f614092a95c0e,mbarbine__platphorm-layout,style,"style,observability,security",stylesheet,observability,globals,globals,app/globals.css,.css,295,,,,next-react,pnpm,75,50,shared-style-candidate,True,none,none,none,"Style component for observability; review for shared tokens, theme, palette, Tailwind, or global style normalization.",style-score:130 | observability-score:55 | security-score:55,ce91baab8367bad1
6bc66eb637c4aebf0b958f5d,mbarbine__platphorm-layout,style,style,stylesheet,editor,globals,globals,styles/globals.css,.css,125,,,,next-react,pnpm,55,40,shared-style-candidate,True,none,none,none,"Style component for editor; review for shared tokens, theme, palette, Tailwind, or global style normalization.",style-score:130,7f30dbe34b65246e
90d03fb8509893a00f6306e4,mbarbine__platphorm-mcp,style,style,stylesheet,editor,globals,globals,app/globals.css,.css,137,,,,next-react,pnpm,65,40,shared-style-candidate,True,none,none,none,"Style component for editor; review for shared tokens, theme, palette, Tailwind, or global style normalization.",style-score:130,dba380a96eb2c57b
021998f24bdcd6101a02640b,mbarbine__platphorm-mini-games-webby,style,style,stylesheet,commerce,globals,globals,app/globals.css,.css,94,,,,next-react,pnpm,65,40,shared-style-candidate,False,none,none,none,"Style component for commerce; review for shared tokens, theme, palette, Tailwind, or global style normalization.",style-score:130,8d1973dcf705f4c5
b16329919e6c2a3ff7cd2868,mbarbine__platphorm-monitor,style,"style,security,automation",stylesheet,editor,globals,globals,app/globals.css,.css,168,,,,next-react,pnpm,75,40,shared-style-candidate,True,none,secondary,none,"Style component for editor; review for shared tokens, theme, palette, Tailwind, or global style normalization.",style-score:130 | security-score:55 | automation-score:45,f52df2cb26302564
5916572d92f6ea259c31eb7e,mbarbine__platphorm-msi-editor,style,style,stylesheet,editor,globals,globals,app/globals.css,.css,125,,,,next-react,pnpm,65,40,shared-style-candidate,True,none,none,none,"Style component for editor; review for shared tokens, theme, palette, Tailwind, or global style normalization.",style-score:130,7f30dbe34b65246e
bc961d5872ec7ddfb43867bf,mbarbine__platphorm-msi-editor,style,style,stylesheet,editor,globals,globals,styles/globals.css,.css,125,,,,next-react,pnpm,55,40,shared-style-candidate,True,none,none,none,"Style component for editor; review for shared tokens, theme, palette, Tailwind, or global style normalization.",style-score:130,7f30dbe34b65246e
9ab319f5f5f5c2b44750b978,mbarbine__platphorm-newdittyswag-www,style,"style,security",stylesheet,editor,globals,globals,app/globals.css,.css,289,,,,next-react,pnpm,75,35,shared-style-candidate,True,none,none,none,"Style component for editor; review for shared tokens, theme, palette, Tailwind, or global style normalization.",style-score:130 | security-score:55,f2a35b5eb200d392
316cad98a235355d69c1efcd,mbarbine__platphorm-newdittyswag-www,style,style,stylesheet,editor,globals,globals,styles/globals.css,.css,125,,,,next-react,pnpm,55,40,shared-style-candidate,True,none,none,none,"Style component for editor; review for shared tokens, theme, palette, Tailwind, or global style normalization.",style-score:130,7f30dbe34b65246e
f4daf7280758cbc0a3b7fb28,mbarbine__platphorm-news-alt-theme,style,style,stylesheet,editor,globals,globals,app/globals.css,.css,209,,,,next-react,pnpm,65,35,shared-style-candidate,True,none,none,none,"Style component for editor; review for shared tokens, theme, palette, Tailwind, or global style normalization.",style-score:130,e568e1daa80bb912
4cda18bb4df86d10fb323491,mbarbine__platphorm-news-alt-theme,style,style,stylesheet,editor,globals,globals,styles/globals.css,.css,125,,,,next-react,pnpm,55,40,shared-style-candidate,True,none,none,none,"Style component for editor; review for shared tokens, theme, palette, Tailwind, or global style normalization.",style-score:130,7f30dbe34b65246e
d1154993e06edc66904b4a1b,mbarbine__platphorm-onboard,style,"style,security",stylesheet,auth-and-keys,globals,globals,app/globals.css,.css,133,,,,next-react,pnpm,75,55,shared-style-candidate,False,none,none,none,"Style component for auth-and-keys; review for shared tokens, theme, palette, Tailwind, or global style normalization.",style-score:130 | security-score:55,06d4340ebcdaa701
a50a0fa78c478bb60ddf00ce,mbarbine__platphorm-openclaw,style,style,stylesheet,editor,globals,globals,app/globals.css,.css,129,,,,next-react,pnpm,65,40,shared-style-candidate,True,none,none,none,"Style component for editor; review for shared tokens, theme, palette, Tailwind, or global style normalization.",style-score:130,ebb5d5f82ceb36b3
3f5111f92beda8fb2b7e4559,mbarbine__platphorm-openclaw,style,style,stylesheet,editor,globals,globals,styles/globals.css,.css,125,,,,next-react,pnpm,55,40,shared-style-candidate,True,none,none,none,"Style component for editor; review for shared tokens, theme, palette, Tailwind, or global style normalization.",style-score:130,7f30dbe34b65246e
8305e09769ef6d49d318b24d,mbarbine__platphorm-opencontent,style,"style,security,automation",stylesheet,editor,globals,globals,app/globals.css,.css,401,,,,next-react,pnpm,75,35,shared-style-candidate,True,none,secondary,none,"Style component for editor; review for shared tokens, theme, palette, Tailwind, or global style normalization.",style-score:130 | security-score:55 | automation-score:45,fc07d1131893505c
b4f255a5597d9d088c172bda,mbarbine__platphorm-opencontent,style,style,stylesheet,editor,globals,globals,styles/globals.css,.css,125,,,,next-react,pnpm,55,40,shared-style-candidate,True,none,none,none,"Style component for editor; review for shared tokens, theme, palette, Tailwind, or global style normalization.",style-score:130,7f30dbe34b65246e
773dd4883219c530042d5f36,mbarbine__platphorm-opendocs,style,"style,security,automation",stylesheet,editor,globals,globals,app/globals.css,.css,226,,,,next-react,pnpm,75,35,shared-style-candidate,True,none,secondary,none,"Style component for editor; review for shared tokens, theme, palette, Tailwind, or global style normalization.",style-score:130 | security-score:55 | automation-score:45,d15b6110571df797
6f2b32e61b97d2443387d9dd,mbarbine__platphorm-opendocs,style,style,stylesheet,editor,globals,globals,styles/globals.css,.css,125,,,,next-react,pnpm,55,40,shared-style-candidate,True,none,none,none,"Style component for editor; review for shared tokens, theme, palette, Tailwind, or global style normalization.",style-score:130,7f30dbe34b65246e
407f4db97a9506b0ad0407ab,mbarbine__platphorm-paperboy,style,style,stylesheet,editor,globals,globals,app/globals.css,.css,150,,,,next-react,pnpm,65,40,shared-style-candidate,True,none,none,none,"Style component for editor; review for shared tokens, theme, palette, Tailwind, or global style normalization.",style-score:130,55da33bb53936a3c
08c6e0d4d007c1a09e048bb7,mbarbine__platphorm-paperboy,style,style,stylesheet,editor,globals,globals,styles/globals.css,.css,125,,,,next-react,pnpm,55,40,shared-style-candidate,True,none,none,none,"Style component for editor; review for shared tokens, theme, palette, Tailwind, or global style normalization.",style-score:130,7f30dbe34b65246e
cbf40a11c09f261213c62b0f,mbarbine__platphorm-podcasts,style,"style,observability",stylesheet,editor,09mgchhv7rymj,09mgchhv7rymj,.next.preverify-20260419-2027/static/chunks/09mgchhv7rymj.css,.css,1,,,,next-react,pnpm,60,35,shared-style-candidate,True,none,none,none,"Style component for editor; review for shared tokens, theme, palette, Tailwind, or global style normalization.",style-score:130 | observability-score:55,75c8536d4ab8c8db
f16d709d5a0374331cf679dc,mbarbine__platphorm-podcasts,style,"style,security",stylesheet,editor,globals,globals,app/globals.css,.css,527,,,,next-react,pnpm,75,25,shared-style-candidate,True,none,none,none,"Style component for editor; review for shared tokens, theme, palette, Tailwind, or global style normalization.",style-score:130 | security-score:55,0d59ca257c20660c
916ce2e9bac0ad640bc938a7,mbarbine__platphorm-podcasts,style,style,stylesheet,editor,globals,globals,styles/globals.css,.css,125,,,,next-react,pnpm,55,40,shared-style-candidate,True,none,none,none,"Style component for editor; review for shared tokens, theme, palette, Tailwind, or global style normalization.",style-score:130,7f30dbe34b65246e
ec564b859332075f2201256a,mbarbine__platphorm-politics,style,style,stylesheet,editor,globals,globals,app/globals.css,.css,133,,,,next-react,pnpm,65,40,shared-style-candidate,True,none,none,none,"Style component for editor; review for shared tokens, theme, palette, Tailwind, or global style normalization.",style-score:130,7c294e4ad5f20383
40e66a70bbac63429058b68d,mbarbine__platphorm-politics,style,style,stylesheet,editor,globals,globals,styles/globals.css,.css,125,,,,next-react,pnpm,55,40,shared-style-candidate,True,none,none,none,"Style component for editor; review for shared tokens, theme, palette, Tailwind, or global style normalization.",style-score:130,7f30dbe34b65246e
6db28871a19b92fe816d7042,mbarbine__platphorm-polymarket-rss-feed,style,style,stylesheet,editor,globals,globals,app/globals.css,.css,156,,,,next-react,pnpm,65,40,shared-style-candidate,True,none,none,none,"Style component for editor; review for shared tokens, theme, palette, Tailwind, or global style normalization.",style-score:130,f3634e68b3971816
c9a70abed092cb888d96abbf,mbarbine__platphorm-polymarket-rss-feed,style,style,stylesheet,editor,globals,globals,styles/globals.css,.css,125,,,,next-react,pnpm,55,40,shared-style-candidate,True,none,none,none,"Style component for editor; review for shared tokens, theme, palette, Tailwind, or global style normalization.",style-score:130,7f30dbe34b65246e
677b5c569550fbc808ffb8b7,mbarbine__platphorm-polymaths,style,"style,security",stylesheet,editor,globals,globals,app/globals.css,.css,275,,,,next-react,pnpm,75,35,shared-style-candidate,True,none,none,none,"Style component for editor; review for shared tokens, theme, palette, Tailwind, or global style normalization.",style-score:130 | security-score:55,66da16cde32144af
ef520db5ff18f332e01967a5,mbarbine__platphorm-polymaths,style,style,stylesheet,editor,globals,globals,styles/globals.css,.css,125,,,,next-react,pnpm,55,40,shared-style-candidate,True,none,none,none,"Style component for editor; review for shared tokens, theme, palette, Tailwind, or global style normalization.",style-score:130,7f30dbe34b65246e
73f07efa3b238aee57b781fd,mbarbine__platphorm-portfolio-webby,style,"style,security",stylesheet,editor,globals,globals,app/globals.css,.css,269,,,,next-react,pnpm,75,35,shared-style-candidate,True,none,none,none,"Style component for editor; review for shared tokens, theme, palette, Tailwind, or global style normalization.",style-score:130 | security-score:55,ae8abb6d02153338
651f066324286126203fc527,mbarbine__platphorm-portfolio-webby,style,style,stylesheet,editor,globals,globals,styles/globals.css,.css,125,,,,next-react,pnpm,55,40,shared-style-candidate,True,none,none,none,"Style component for editor; review for shared tokens, theme, palette, Tailwind, or global style normalization.",style-score:130,7f30dbe34b65246e
414de10dd62cc4ca7dc0b918,mbarbine__platphorm-quake,style,"style,security",stylesheet,editor,globals,globals,app/globals.css,.css,232,,,,next-react,pnpm,75,35,shared-style-candidate,True,none,none,none,"Style component for editor; review for shared tokens, theme, palette, Tailwind, or global style normalization.",style-score:130 | security-score:55,8f1e1540f4ca3967
1178d9386cb250f4fdf3f914,mbarbine__platphorm-quake,style,style,stylesheet,editor,globals,globals,styles/globals.css,.css,125,,,,next-react,pnpm,55,40,shared-style-candidate,True,none,none,none,"Style component for editor; review for shared tokens, theme, palette, Tailwind, or global style normalization.",style-score:130,7f30dbe34b65246e
c241851133e18c6c4b5f74a3,mbarbine__platphorm-radio-backend,style,style,stylesheet,editor,globals,globals,app/globals.css,.css,153,,,,next-react,pnpm,65,40,shared-style-candidate,True,none,none,none,"Style component for editor; review for shared tokens, theme, palette, Tailwind, or global style normalization.",style-score:130,2523851db40e840f
24c05b803714e5a98a93dbb5,mbarbine__platphorm-radio-backend,style,style,stylesheet,editor,globals,globals,styles/globals.css,.css,125,,,,next-react,pnpm,55,40,shared-style-candidate,True,none,none,none,"Style component for editor; review for shared tokens, theme, palette, Tailwind, or global style normalization.",style-score:130,7f30dbe34b65246e
d6f402f4a69494e4b451a329,mbarbine__platphorm-reader,style,"style,security,automation",stylesheet,i18n,globals,globals,app/globals.css,.css,417,,,,next-react,pnpm,75,50,shared-style-candidate,False,none,secondary,none,"Style component for i18n; review for shared tokens, theme, palette, Tailwind, or global style normalization.",style-score:130 | security-score:55 | automation-score:45,45630d81eac04bcd
13c1d7e743d3f6380f4b2cec,mbarbine__platphorm-reader,style,style,stylesheet,editor,globals,globals,styles/globals.css,.css,125,,,,next-react,pnpm,55,40,shared-style-candidate,True,none,none,none,"Style component for editor; review for shared tokens, theme, palette, Tailwind, or global style normalization.",style-score:130,7f30dbe34b65246e
651ccb8559abfe65ebc44337,mbarbine__platphorm-real-estate,style,"style,security",stylesheet,editor,globals,globals,app/globals.css,.css,175,,,,next-react,pnpm,75,40,shared-style-candidate,True,none,none,none,"Style component for editor; review for shared tokens, theme, palette, Tailwind, or global style normalization.",style-score:130 | security-score:55,5cfc75b1de349521
eb26ba9dabe819e836d4026f,mbarbine__platphorm-real-estate,style,style,stylesheet,editor,globals,globals,styles/globals.css,.css,125,,,,next-react,pnpm,55,40,shared-style-candidate,True,none,none,none,"Style component for editor; review for shared tokens, theme, palette, Tailwind, or global style normalization.",style-score:130,7f30dbe34b65246e
d584637fc76d3950c595eb00,mbarbine__platphorm-real-estate-NAD,style,style,stylesheet,editor,globals,globals,app/globals.css,.css,153,,,,next-react,pnpm,65,40,shared-style-candidate,True,none,none,none,"Style component for editor; review for shared tokens, theme, palette, Tailwind, or global style normalization.",style-score:130,2523851db40e840f
ffb2b85f061a11e4421ce6e6,mbarbine__platphorm-real-estate-NAD,style,style,stylesheet,editor,globals,globals,styles/globals.css,.css,125,,,,next-react,pnpm,55,40,shared-style-candidate,True,none,none,none,"Style component for editor; review for shared tokens, theme, palette, Tailwind, or global style normalization.",style-score:130,7f30dbe34b65246e
73c3814a6c3d9d062e6caae9,mbarbine__platphorm-real-estate-property-evaluation,style,style,stylesheet,editor,globals,globals,app/globals.css,.css,174,,,,next-react,pnpm,65,40,shared-style-candidate,True,none,none,none,"Style component for editor; review for shared tokens, theme, palette, Tailwind, or global style normalization.",style-score:130,7f442bcec7b76042
a287d038865b21cb046a844d,mbarbine__platphorm-real-estate-property-evaluation,style,style,stylesheet,editor,globals,globals,styles/globals.css,.css,125,,,,next-react,pnpm,55,40,shared-style-candidate,True,none,none,none,"Style component for editor; review for shared tokens, theme, palette, Tailwind, or global style normalization.",style-score:130,7f30dbe34b65246e
88c5ee02880c8783578fa660,mbarbine__platphorm-redteam-arma-landing,style,"style,security",stylesheet,editor,globals,globals,app/globals.css,.css,382,,,,next-react,pnpm,75,35,shared-style-candidate,True,none,none,none,"Style component for editor; review for shared tokens, theme, palette, Tailwind, or global style normalization.",style-score:130 | security-score:55,0ec8f3dbd8273d2b
1d327e61b2530d4db1333e00,mbarbine__platphorm-redteam-arma-landing,style,style,stylesheet,editor,globals,globals,styles/globals.css,.css,125,,,,next-react,pnpm,55,40,shared-style-candidate,True,none,none,none,"Style component for editor; review for shared tokens, theme, palette, Tailwind, or global style normalization.",style-score:130,7f30dbe34b65246e
74a143ee82dc002f06ddb35d,mbarbine__platphorm-register,style,style,stylesheet,editor,globals,globals,app/globals.css,.css,137,,,,next-react,pnpm,65,40,shared-style-candidate,True,none,none,none,"Style component for editor; review for shared tokens, theme, palette, Tailwind, or global style normalization.",style-score:130,1bfaf30766055ecc
0222b6ad297990d0db8b3199,mbarbine__platphorm-register,style,style,stylesheet,editor,globals,globals,styles/globals.css,.css,125,,,,next-react,pnpm,55,40,shared-style-candidate,True,none,none,none,"Style component for editor; review for shared tokens, theme, palette, Tailwind, or global style normalization.",style-score:130,7f30dbe34b65246e
de82a5934cd488ea7f02a88b,mbarbine__platphorm-sandbox,style,style,stylesheet,editor,globals,globals,app/globals.css,.css,125,,,,next-react,pnpm,65,40,shared-style-candidate,True,none,none,none,"Style component for editor; review for shared tokens, theme, palette, Tailwind, or global style normalization.",style-score:130,7f30dbe34b65246e
a7c7e55e0466d076eb6bd7ff,mbarbine__platphorm-sandbox,style,style,stylesheet,editor,globals,globals,styles/globals.css,.css,125,,,,next-react,pnpm,55,40,shared-style-candidate,True,none,none,none,"Style component for editor; review for shared tokens, theme, palette, Tailwind, or global style normalization.",style-score:130,7f30dbe34b65246e
b1bab4449169f8e5b185dca7,mbarbine__platphorm-sheets,style,style,stylesheet,editor,globals,globals,app/globals.css,.css,159,,,,next-react,pnpm,65,40,shared-style-candidate,True,none,none,none,"Style component for editor; review for shared tokens, theme, palette, Tailwind, or global style normalization.",style-score:130,77380d7722afedf6
ac016d810f3f31a4d0f78b1d,mbarbine__platphorm-sheets,style,style,stylesheet,editor,globals,globals,styles/globals.css,.css,125,,,,next-react,pnpm,55,40,shared-style-candidate,True,none,none,none,"Style component for editor; review for shared tokens, theme, palette, Tailwind, or global style normalization.",style-score:130,7f30dbe34b65246e
0b74083999813e1085f2e26f,mbarbine__platphorm-shipments,style,style,stylesheet,editor,globals,globals,app/globals.css,.css,125,,,,next-react,pnpm,65,40,shared-style-candidate,True,none,none,none,"Style component for editor; review for shared tokens, theme, palette, Tailwind, or global style normalization.",style-score:130,7f30dbe34b65246e
8333b4c42562c6c54043f7d5,mbarbine__platphorm-shipments,style,style,stylesheet,editor,globals,globals,styles/globals.css,.css,125,,,,next-react,pnpm,55,40,shared-style-candidate,True,none,none,none,"Style component for editor; review for shared tokens, theme, palette, Tailwind, or global style normalization.",style-score:130,7f30dbe34b65246e
6c9fd05fcbed30bf8774a5e1,mbarbine__platphorm-signs,style,"style,security",stylesheet,editor,globals,globals,app/globals.css,.css,145,,,,next-react,pnpm,75,40,shared-style-candidate,True,none,none,none,"Style component for editor; review for shared tokens, theme, palette, Tailwind, or global style normalization.",style-score:130 | security-score:55,3ba904372d76b7bb
8530b7006f99739f607d92f1,mbarbine__platphorm-signs,style,style,stylesheet,editor,globals,globals,styles/globals.css,.css,125,,,,next-react,pnpm,55,40,shared-style-candidate,True,none,none,none,"Style component for editor; review for shared tokens, theme, palette, Tailwind, or global style normalization.",style-score:130,7f30dbe34b65246e
2b01f005e0507be50be646d3,mbarbine__platphorm-space-news,style,style,stylesheet,discovery,globals,globals,app/globals.css,.css,141,,,,next-react,pnpm,65,55,shared-style-candidate,True,none,none,none,"Style component for discovery; review for shared tokens, theme, palette, Tailwind, or global style normalization.",style-score:130,67a2a85cff606b33
7c4c3082a9b6af213004eb54,mbarbine__platphorm-space-news,style,style,stylesheet,editor,globals,globals,styles/globals.css,.css,125,,,,next-react,pnpm,55,40,shared-style-candidate,True,none,none,none,"Style component for editor; review for shared tokens, theme, palette, Tailwind, or global style normalization.",style-score:130,7f30dbe34b65246e
461ea726609e725ab1255ebc,mbarbine__platphorm-spec-workbench,style,style,stylesheet,editor,globals,globals,app/globals.css,.css,195,,,,next-react,pnpm,65,40,shared-style-candidate,True,none,none,none,"Style component for editor; review for shared tokens, theme, palette, Tailwind, or global style normalization.",style-score:130,ee1a8b4e28f4d71f
56f6c1e1df0638837b88471a,mbarbine__platphorm-spec-workbench,style,style,stylesheet,editor,globals,globals,styles/globals.css,.css,125,,,,next-react,pnpm,55,40,shared-style-candidate,True,none,none,none,"Style component for editor; review for shared tokens, theme, palette, Tailwind, or global style normalization.",style-score:130,7f30dbe34b65246e
e79a89aa85061938d8653d6a,mbarbine__platphorm-stannp-api-wrapper,style,style,stylesheet,commerce,globals,globals,app/globals.css,.css,94,,,,next-react,pnpm,65,40,shared-style-candidate,False,none,none,none,"Style component for commerce; review for shared tokens, theme, palette, Tailwind, or global style normalization.",style-score:130,65b5fa2721b8289a
e45f8844010d2e7cbc198a04,mbarbine__platphorm-stannp-api-wrapper,style,style,stylesheet,commerce,globals,globals,styles/globals.css,.css,94,,,,next-react,pnpm,55,40,shared-style-candidate,False,none,none,none,"Style component for commerce; review for shared tokens, theme, palette, Tailwind, or global style normalization.",style-score:130,65b5fa2721b8289a
4d2586f6d3bfbb4f805a7f60,mbarbine__platphorm-svg-factory,style,style,stylesheet,editor,globals,globals,app/globals.css,.css,125,,,,next-react,unknown,65,40,shared-style-candidate,True,none,none,none,"Style component for editor; review for shared tokens, theme, palette, Tailwind, or global style normalization.",style-score:130,7f30dbe34b65246e
103adbf28f2c0af8665491af,mbarbine__platphorm-svg-factory,style,style,stylesheet,editor,globals,globals,styles/globals.css,.css,125,,,,next-react,unknown,55,40,shared-style-candidate,True,none,none,none,"Style component for editor; review for shared tokens, theme, palette, Tailwind, or global style normalization.",style-score:130,7f30dbe34b65246e
9c18914ae8ff469fe543f5f3,mbarbine__platphorm-trace,style,"style,observability,automation",stylesheet,observability,globals,globals,app/globals.css,.css,813,,,,next-react,pnpm,75,35,shared-style-candidate,True,none,secondary,none,"Style component for observability; review for shared tokens, theme, palette, Tailwind, or global style normalization.",style-score:130 | observability-score:55 | automation-score:45,c25b01a4acbf74c0
a1e68d54ea950070b678c552,mbarbine__platphorm-trace,style,style,stylesheet,editor,globals,globals,styles/globals.css,.css,125,,,,next-react,pnpm,55,40,shared-style-candidate,True,none,none,none,"Style component for editor; review for shared tokens, theme, palette, Tailwind, or global style normalization.",style-score:130,7f30dbe34b65246e
061fdc733aa40975ac3bb86b,mbarbine__platphorm-usl,style,"style,observability",stylesheet,observability,globals,globals,app/globals.css,.css,218,,,,next-react,pnpm,75,50,shared-style-candidate,False,none,none,none,"Style component for observability; review for shared tokens, theme, palette, Tailwind, or global style normalization.",style-score:130 | observability-score:55,9ba99348a5d7c26f
25387b2e15599d47d5c9ec0c,mbarbine__platphorm-usl,style,style,stylesheet,editor,globals,globals,styles/globals.css,.css,125,,,,next-react,pnpm,55,40,shared-style-candidate,True,none,none,none,"Style component for editor; review for shared tokens, theme, palette, Tailwind, or global style normalization.",style-score:130,7f30dbe34b65246e
21dfb5aa4ff97e7ff329f9d1,mbarbine__platphorm-vercel-atlas,style,"style,security,automation",stylesheet,editor,globals,globals,app/globals.css,.css,218,,,,next-react,npm,75,35,shared-style-candidate,True,none,secondary,none,"Style component for editor; review for shared tokens, theme, palette, Tailwind, or global style normalization.",style-score:130 | security-score:55 | automation-score:45,34f0cf05bce90fc1
0339fe56a98907d32b662b45,mbarbine__platphorm-vercel-atlas,style,style,stylesheet,editor,globals,globals,styles/globals.css,.css,124,,,,next-react,npm,55,40,shared-style-candidate,True,none,none,none,"Style component for editor; review for shared tokens, theme, palette, Tailwind, or global style normalization.",style-score:130,3fa80f3c4fba66bb
0a73b74b0eeafdde2a9aadba,mbarbine__platphorm-webhook-simulator,style,style,stylesheet,commerce,globals,globals,app/globals.css,.css,56,,,,next-react,pnpm,65,40,shared-style-candidate,False,none,none,none,"Style component for commerce; review for shared tokens, theme, palette, Tailwind, or global style normalization.",style-score:130,20f7beec6bffca7b
b7bf09a8ec42f38250cf51ed,mbarbine__platphorm-wrestling-webby,style,"style,security",stylesheet,analytics,globals,globals,app/globals.css,.css,263,,,,next-react,pnpm,75,35,shared-style-candidate,True,none,none,none,"Style component for analytics; review for shared tokens, theme, palette, Tailwind, or global style normalization.",style-score:130 | security-score:55,908bbf8a32ff5c6e
d813cc9b813abb91b977318d,mbarbine__platphorm-wrestling-webby,style,style,stylesheet,editor,globals,globals,styles/globals.css,.css,125,,,,next-react,pnpm,55,40,shared-style-candidate,True,none,none,none,"Style component for editor; review for shared tokens, theme, palette, Tailwind, or global style normalization.",style-score:130,1d616fde1da6c788
33d721262aafaa3b1bc276fc,mbarbine__platphorm-xml,style,"style,security",stylesheet,editor,globals,globals,app/globals.css,.css,254,,,,next-react,pnpm,75,35,shared-style-candidate,True,none,none,none,"Style component for editor; review for shared tokens, theme, palette, Tailwind, or global style normalization.",style-score:130 | security-score:55,ce3691aa113aeae6
b7532f64592d2c17c508ab72,mbarbine__platphorm-xml,style,style,stylesheet,editor,globals,globals,styles/globals.css,.css,125,,,,next-react,pnpm,55,40,shared-style-candidate,True,none,none,none,"Style component for editor; review for shared tokens, theme, palette, Tailwind, or global style normalization.",style-score:130,7f30dbe34b65246e
75e4475c1f96f3713310f4eb,mbarbine__platphorm-zine-reader,style,"style,security,automation",stylesheet,editor,globals,globals,app/globals.css,.css,360,,,,next-react,pnpm,75,35,shared-style-candidate,True,none,secondary,none,"Style component for editor; review for shared tokens, theme, palette, Tailwind, or global style normalization.",style-score:130 | security-score:55 | automation-score:45,ff6d17c114b3fdfe
d235c61d810c16c1a56e5466,mbarbine__platphorm-zine-reader,style,style,stylesheet,editor,globals,globals,styles/globals.css,.css,125,,,,next-react,pnpm,55,40,shared-style-candidate,True,none,none,none,"Style component for editor; review for shared tokens, theme, palette, Tailwind, or global style normalization.",style-score:130,7f30dbe34b65246e
44dedf409a874de07d5765b8,mbarbine__platphormnews-www-prod,style,"style,logic,security",design-token,editor,theme,theme,src/lib/styles/theme.css,.css,424,,,,svelte,pnpm,75,60,shared-style-candidate,True,none,none,secondary,"Style component for editor; review for shared tokens, theme, palette, Tailwind, or global style normalization.",style-score:130 | logic-score:70 | security-score:55,9e0f5d3fa04b307f
d0c69c85a0e1f994d9b6ea01,mbarbine__process-clone,style,style,stylesheet,commerce,globals,globals,app/globals.css,.css,41,,,,next-react,pnpm,65,40,shared-style-candidate,True,none,none,none,"Style component for commerce; review for shared tokens, theme, palette, Tailwind, or global style normalization.",style-score:130,46c6cd6cce2cdbb9
be16b1f603968b95287325ec,mbarbine__process-clone,style,style,stylesheet,commerce,globals,globals,styles/globals.css,.css,90,,,,next-react,pnpm,55,40,shared-style-candidate,True,none,none,none,"Style component for commerce; review for shared tokens, theme, palette, Tailwind, or global style normalization.",style-score:130,af7d5ea33d927522
f9eef0125c34852492009582,mbarbine__reflux-site-webby,style,"style,security",stylesheet,editor,globals,globals,app/globals.css,.css,219,,,,next-react,pnpm,75,35,shared-style-candidate,True,none,none,none,"Style component for editor; review for shared tokens, theme, palette, Tailwind, or global style normalization.",style-score:130 | security-score:55,960137994a6df3b3
86e25cf9b16ff3118d8645ef,mbarbine__robbie-ds-greens-webby,style,"style,security",stylesheet,commerce,globals,globals,app/globals.css,.css,68,,,,next-react,pnpm,75,40,shared-style-candidate,False,none,none,none,"Style component for commerce; review for shared tokens, theme, palette, Tailwind, or global style normalization.",style-score:130 | security-score:55,259d6916109d76e9
4243ea697bfce9661c15be38,mbarbine__robbie-ds-greens-webby,style,style,stylesheet,commerce,globals,globals,styles/globals.css,.css,94,,,,next-react,pnpm,55,40,shared-style-candidate,False,none,none,none,"Style component for commerce; review for shared tokens, theme, palette, Tailwind, or global style normalization.",style-score:130,65b5fa2721b8289a
7d4301d9f8172e3e36ec9343,mbarbine__robot-clothing-marketplace,style,"style,security",stylesheet,auth-and-keys,globals,globals,app/globals.css,.css,147,,,,next-react,npm,75,55,shared-style-candidate,False,none,none,none,"Style component for auth-and-keys; review for shared tokens, theme, palette, Tailwind, or global style normalization.",style-score:130 | security-score:55,ea162086e95d2f06
b17cf99ce4d207ef040f118b,mbarbine__robot-clothing-marketplace,style,style,stylesheet,editor,globals,globals,styles/globals.css,.css,125,,,,next-react,npm,55,40,shared-style-candidate,True,none,none,none,"Style component for editor; review for shared tokens, theme, palette, Tailwind, or global style normalization.",style-score:130,7f30dbe34b65246e
3e2cf2e4ffa8f76b6af91a86,mbarbine__scratchcraft,style,style,stylesheet,commerce,globals,globals,app/globals.css,.css,94,,,,next-react,pnpm,65,40,shared-style-candidate,False,none,none,none,"Style component for commerce; review for shared tokens, theme, palette, Tailwind, or global style normalization.",style-score:130,65b5fa2721b8289a
c0a21b8fc5160082067bc13e,mbarbine__scratchcraft,style,style,stylesheet,commerce,globals,globals,styles/globals.css,.css,94,,,,next-react,pnpm,55,40,shared-style-candidate,False,none,none,none,"Style component for commerce; review for shared tokens, theme, palette, Tailwind, or global style normalization.",style-score:130,65b5fa2721b8289a
e0549d4b8803def90dfd2e58,mbarbine__shopify-theme-vanagain,style,"style,observability",stylesheet,observability,base,base,assets/base.css,.css,41,,,,css,unknown,65,55,shared-style-candidate,True,none,none,none,"Style component for observability; review for shared tokens, theme, palette, Tailwind, or global style normalization.",style-score:130 | observability-score:55,84fdfe838a0641c1
30cba8a244b8320f462d7e64,mbarbine__spectrum-canine-www,style,style,stylesheet,commerce,globals,globals,app/globals.css,.css,76,,,,next-react,pnpm,65,40,shared-style-candidate,False,none,none,none,"Style component for commerce; review for shared tokens, theme, palette, Tailwind, or global style normalization.",style-score:130,89db1284380df35d
aa3ac6b8857afcbe630567fc,mbarbine__spectrum-canine-www,style,style,stylesheet,commerce,globals,globals,styles/globals.css,.css,94,,,,next-react,pnpm,55,40,shared-style-candidate,False,none,none,none,"Style component for commerce; review for shared tokens, theme, palette, Tailwind, or global style normalization.",style-score:130,65b5fa2721b8289a
2aea2b2a97a6efabf5753479,mbarbine__stannp-gpt-5-test,style,style,stylesheet,editor,globals,globals,app/globals.css,.css,123,,,,next-react,pnpm,65,40,shared-style-candidate,True,none,none,none,"Style component for editor; review for shared tokens, theme, palette, Tailwind, or global style normalization.",style-score:130,679ee4df07597d57
32c7893b49d2fb41a4aa1904,mbarbine__stannp-gpt-5-test,style,style,stylesheet,editor,globals,globals,styles/globals.css,.css,123,,,,next-react,pnpm,55,40,shared-style-candidate,True,none,none,none,"Style component for editor; review for shared tokens, theme, palette, Tailwind, or global style normalization.",style-score:130,679ee4df07597d57
73d6b300ebe25ce032756193,mbarbine__stannp-nextjs-bp,style,style,stylesheet,design-system,globals,globals,app/globals.css,.css,21,,,,next-react,pnpm,65,55,shared-style-candidate,False,none,none,none,"Style component for design-system; review for shared tokens, theme, palette, Tailwind, or global style normalization.",style-score:130,ecbfe8b9473e9fbb
9daf1744527478c42fc61322,mbarbine__starphone-fork-webby,style,style,stylesheet,commerce,globals,globals,app/globals.css,.css,92,,,,next-react,pnpm,65,40,shared-style-candidate,False,none,none,none,"Style component for commerce; review for shared tokens, theme, palette, Tailwind, or global style normalization.",style-score:130,a907a4837bf02600
87fa72bc5c56b40a3fa7bd3b,mbarbine__starphone-fork-webby,style,style,stylesheet,commerce,globals,globals,styles/globals.css,.css,92,,,,next-react,pnpm,55,40,shared-style-candidate,False,none,none,none,"Style component for commerce; review for shared tokens, theme, palette, Tailwind, or global style normalization.",style-score:130,a907a4837bf02600
eecca5d646135de098d541a9,mbarbine__starphone-web-svelte,style,"style,security",stylesheet,editor,globals,globals,app/globals.css,.css,632,,,,next-react,pnpm,75,25,shared-style-candidate,True,none,none,none,"Style component for editor; review for shared tokens, theme, palette, Tailwind, or global style normalization.",style-score:130 | security-score:55,a07bfcd1c27e68e9
2fda784435365007adc8c417,mbarbine__starphone-web-svelte,style,"style,security",stylesheet,analytics,page.module,page-module,app/[lang]/page.module.css,.css,770,,,,next-react,pnpm,75,20,shared-style-candidate,True,none,none,none,"Style component for analytics; review for shared tokens, theme, palette, Tailwind, or global style normalization.",style-score:130 | security-score:55,e09e12a6a5fbdf4b
fb252e3131b8105da8a5e20e,mbarbine__starphone-web-svelte,style,"style,observability",stylesheet,observability,contact.module,contact-module,app/[lang]/contact/contact.module.css,.css,145,,,,next-react,pnpm,75,55,shared-style-candidate,True,none,none,none,"Style component for observability; review for shared tokens, theme, palette, Tailwind, or global style normalization.",style-score:130 | observability-score:55,7c9c1337a2024208
3adf9d22e9b8cc8d9782f1ff,mbarbine__starphone-web-svelte,style,"style,security",stylesheet,analytics,gallery.module,gallery-module,app/[lang]/gallery/gallery.module.css,.css,719,,,,next-react,pnpm,75,25,shared-style-candidate,True,none,none,none,"Style component for analytics; review for shared tokens, theme, palette, Tailwind, or global style normalization.",style-score:130 | security-score:55,1aec9e1b2b719751
4f21a94ce12613bf317c6956,mbarbine__starphone-web-svelte,style,style,stylesheet,commerce,press.module,press-module,app/[lang]/press/press.module.css,.css,232,,,,next-react,pnpm,65,35,shared-style-candidate,True,none,none,none,"Style component for commerce; review for shared tokens, theme, palette, Tailwind, or global style normalization.",style-score:130,e6ea6447d3c95dfb
7ca05be8e46621b02958658b,mbarbine__starphone-web-svelte,style,"style,observability",stylesheet,observability,about.module,about-module,app/[lang]/about/about.module.css,.css,457,,,,next-react,pnpm,75,50,shared-style-candidate,True,none,none,none,"Style component for observability; review for shared tokens, theme, palette, Tailwind, or global style normalization.",style-score:130 | observability-score:55,3d96cf6cdfa33a5d
b06ddc17208665f7f7a1f497,mbarbine__starphone-web-svelte,style,"style,process",stylesheet,commerce,docs.module,docs-module,app/[lang]/docs/docs.module.css,.css,105,,,,next-react,pnpm,75,40,shared-style-candidate,True,secondary,none,none,"Style component for commerce; review for shared tokens, theme, palette, Tailwind, or global style normalization.",style-score:130 | process-score:45,b50c01436bad52ec
c56a1ffdbece93956a93d7f4,mbarbine__starphone-web-svelte,style,style,stylesheet,commerce,how-it-works.module,how-it-works-module,app/[lang]/how-it-works/how-it-works.module.css,.css,163,,,,next-react,pnpm,65,40,shared-style-candidate,True,none,none,none,"Style component for commerce; review for shared tokens, theme, palette, Tailwind, or global style normalization.",style-score:130,c85afab5b0f356cf
585a9d15b2403b0dc9dd337e,mbarbine__starphone-web-svelte,style,"style,security",stylesheet,commerce,history.module,history-module,app/[lang]/history/history.module.css,.css,261,,,,next-react,pnpm,75,35,shared-style-candidate,True,none,none,none,"Style component for commerce; review for shared tokens, theme, palette, Tailwind, or global style normalization.",style-score:130 | security-score:55,fabc58687afdd9c8
7a441cfea385fbfea4a35063,mbarbine__starphone-web-svelte,style,style,stylesheet,commerce,Footer.module,footer-module,components/Footer.module.css,.css,142,,,,next-react,pnpm,65,40,shared-style-candidate,False,none,none,none,"Style component for commerce; review for shared tokens, theme, palette, Tailwind, or global style normalization.",style-score:130,a45e75b05f46d4a0
692ebe87d37f2798b74fa640,mbarbine__starphone-web-svelte,style,"style,observability,security,ai",stylesheet,ai,RotaryDialer.module,rotary-dialer-module,components/RotaryDialer.module.css,.css,383,,,,next-react,pnpm,75,50,shared-style-candidate,True,none,none,none,"Style component for ai; review for shared tokens, theme, palette, Tailwind, or global style normalization.",style-score:130 | observability-score:55 | security-score:55 | ai-score:45,ea6c9ca6a758eaef
db6a2514acf4d980ea65caa5,mbarbine__starphone-web-svelte,style,"style,observability",stylesheet,observability,Header.module 2,header-module-2,components/Header.module 2.css,.css,191,,,,next-react,pnpm,75,55,shared-style-candidate,True,none,none,none,"Style component for observability; review for shared tokens, theme, palette, Tailwind, or global style normalization.",style-score:130 | observability-score:55,a6a6c49343ea4563
6bcafa4c69fcd92273c60647,mbarbine__starphone-web-svelte,style,"style,security",design-token,commerce,ThemeToggle.module,theme-toggle-module,components/ThemeToggle.module.css,.css,74,,,,next-react,pnpm,75,65,shared-style-candidate,False,none,none,none,"Style component for commerce; review for shared tokens, theme, palette, Tailwind, or global style normalization.",style-score:130 | security-score:55,587c5394821bd92b
617ae27b0bfa543268364bc3,mbarbine__starphone-web-svelte,style,"style,observability",stylesheet,observability,Header.module,header-module,components/Header.module.css,.css,197,,,,next-react,pnpm,75,55,shared-style-candidate,True,none,none,none,"Style component for observability; review for shared tokens, theme, palette, Tailwind, or global style normalization.",style-score:130 | observability-score:55,8858fcf1a4033630
54ec907e5226fa757db81a69,mbarbine__starphone-web-svelte,style,"style,security",stylesheet,commerce,FloatingDonateButton.module,floating-donate-button-module,components/FloatingDonateButton.module.css,.css,118,,,,next-react,pnpm,75,40,shared-style-candidate,True,none,none,none,"Style component for commerce; review for shared tokens, theme, palette, Tailwind, or global style normalization.",style-score:130 | security-score:55,0b3e802042febc82
c9a964d92909512b2d32a64e,mbarbine__stripper-mug-webby,style,style,stylesheet,editor,globals,globals,app/globals.css,.css,127,,,,next-react,pnpm,65,40,shared-style-candidate,True,none,none,none,"Style component for editor; review for shared tokens, theme, palette, Tailwind, or global style normalization.",style-score:130,ce7939bd2035afcf
c16409a5e2d0a4cd75cf9cdf,mbarbine__stripper-mug-webby,style,style,stylesheet,editor,globals,globals,styles/globals.css,.css,125,,,,next-react,pnpm,55,40,shared-style-candidate,True,none,none,none,"Style component for editor; review for shared tokens, theme, palette, Tailwind, or global style normalization.",style-score:130,7f30dbe34b65246e
1e94c93c955207472578769f,mbarbine__threatrelay-webby,style,style,stylesheet,editor,globals,globals,app/globals.css,.css,125,,,,next-react,pnpm,65,40,shared-style-candidate,True,none,none,none,"Style component for editor; review for shared tokens, theme, palette, Tailwind, or global style normalization.",style-score:130,da136c7e93b8dfc9
8e4f5ea786243b8225c400eb,mbarbine__threatrelay-webby,style,style,stylesheet,editor,globals,globals,styles/globals.css,.css,125,,,,next-react,pnpm,55,40,shared-style-candidate,True,none,none,none,"Style component for editor; review for shared tokens, theme, palette, Tailwind, or global style normalization.",style-score:130,7f30dbe34b65246e
6fce53eb8d18be4314c02c0f,mbarbine__tiktok-clone,style,"style,security",stylesheet,analytics,globals,globals,app/globals.css,.css,167,,,,next-react,pnpm,75,40,shared-style-candidate,True,none,none,none,"Style component for analytics; review for shared tokens, theme, palette, Tailwind, or global style normalization.",style-score:130 | security-score:55,2ccb3964de6282ea
de7c1969c2a81cfabeea1b74,mbarbine__tiktok-clone,style,style,stylesheet,commerce,globals,globals,styles/globals.css,.css,94,,,,next-react,pnpm,55,40,shared-style-candidate,False,none,none,none,"Style component for commerce; review for shared tokens, theme, palette, Tailwind, or global style normalization.",style-score:130,65b5fa2721b8289a
df3979eb01d5e8905e9917ac,mbarbine__turborepo-react-native,style,style,stylesheet,general,global,global,apps/web/styles/global.css,.css,8,,,,css,yarn,50,35,shared-style-candidate,True,none,none,none,"Style component for general; review for shared tokens, theme, palette, Tailwind, or global style normalization.",style-score:130,29784fd7d48ea4db
d0051f86ffb4f79b803152c3,mbarbine__turborepo-react-native,style,style,stylesheet,general,index.module,index-module,apps/web/styles/index.module.css,.css,3,,,,css,yarn,50,35,shared-style-candidate,False,none,none,none,"Style component for general; review for shared tokens, theme, palette, Tailwind, or global style normalization.",style-score:130,2bbd9673962d4b47
ed87a5e79a3b81c15ec7e085,mbarbine__two-doller-web,style,style,stylesheet,editor,globals,globals,app/globals.css,.css,126,,,,next-react,pnpm,65,40,shared-style-candidate,True,none,none,none,"Style component for editor; review for shared tokens, theme, palette, Tailwind, or global style normalization.",style-score:130,dbdc8740a63ceb5c
01d5c552d9407e115aa86967,mbarbine__two-doller-web,style,style,stylesheet,editor,globals,globals,styles/globals.css,.css,125,,,,next-react,pnpm,55,40,shared-style-candidate,True,none,none,none,"Style component for editor; review for shared tokens, theme, palette, Tailwind, or global style normalization.",style-score:130,7f30dbe34b65246e
6561b8740e5cf32096b4152e,mbarbine__uberpidgeons,style,style,stylesheet,design-system,globals,globals,app/globals.css,.css,4,,,,next-react,pnpm,60,50,shared-style-candidate,False,none,none,none,"Style component for design-system; review for shared tokens, theme, palette, Tailwind, or global style normalization.",style-score:130,93259a2329649802
6787f85d63936ae257996f79,mbarbine__uberpidgeons-www,style,style,stylesheet,design-system,globals,globals,src/app/globals.css,.css,26,,,,next-react,npm,65,55,shared-style-candidate,False,none,none,none,"Style component for design-system; review for shared tokens, theme, palette, Tailwind, or global style normalization.",style-score:130,769edf77bd0d101a
a3ecde9ca11310c0b1384780,mbarbine__v0-2025-year-in-review,style,"style,security",stylesheet,editor,globals,globals,app/globals.css,.css,140,,,,next-react,pnpm,75,40,shared-style-candidate,True,none,none,none,"Style component for editor; review for shared tokens, theme, palette, Tailwind, or global style normalization.",style-score:130 | security-score:55,e15dc15fe5756625
b2aa1f3db80db0ff4eada353,mbarbine__v0-2025-year-in-review,style,style,stylesheet,editor,globals,globals,styles/globals.css,.css,125,,,,next-react,pnpm,55,40,shared-style-candidate,True,none,none,none,"Style component for editor; review for shared tokens, theme, palette, Tailwind, or global style normalization.",style-score:130,7f30dbe34b65246e
6433bc08de077168d4b342d3,mbarbine__vanagain-2025,style,style,stylesheet,commerce,globals,globals,app/globals.css,.css,94,,,,next-react,pnpm,65,40,shared-style-candidate,False,none,none,none,"Style component for commerce; review for shared tokens, theme, palette, Tailwind, or global style normalization.",style-score:130,65b5fa2721b8289a
26119a7c92ea4e687abdcaad,mbarbine__vanagain-2025,style,style,stylesheet,commerce,globals,globals,styles/globals.css,.css,94,,,,next-react,pnpm,55,40,shared-style-candidate,False,none,none,none,"Style component for commerce; review for shared tokens, theme, palette, Tailwind, or global style normalization.",style-score:130,65b5fa2721b8289a
ea28cc956a219bd7bdb52262,mbarbine__vanagain-dot-com-prod,style,"style,observability",stylesheet,editor,globals,globals,app/globals.css,.css,537,,,,next-react,pnpm,75,25,shared-style-candidate,True,none,none,none,"Style component for editor; review for shared tokens, theme, palette, Tailwind, or global style normalization.",style-score:130 | observability-score:55,786f1eae433b5e42
40ce3ffb2b64bd13de13295f,mbarbine__vanagain-dot-com-prod,style,"style,integration",design-token,commerce,overflow-list,overflow-list,shopify-theme/assets/overflow-list.css,.css,68,,,,next-react,pnpm,65,65,shared-style-candidate,True,none,none,none,"Style component for commerce; review for shared tokens, theme, palette, Tailwind, or global style normalization.",style-score:130 | integration-score:55,4402e450de5ee2c3
18b47ad9da7475a69724dcd9,mbarbine__vanagain-dot-com-prod,style,"style,integration",design-token,commerce,template-giftcard,template-giftcard,shopify-theme/assets/template-giftcard.css,.css,147,,,,next-react,pnpm,65,65,shared-style-candidate,True,none,none,none,"Style component for commerce; review for shared tokens, theme, palette, Tailwind, or global style normalization.",style-score:130 | integration-score:55,b9a1c10bb90f434b
0f44186be588e47083dfdcf7,mbarbine__vanagain-dot-com-prod,style,"style,integration,observability",design-token,observability,vanagain-overrides,vanagain-overrides,shopify-theme/assets/vanagain-overrides.css,.css,1216,,,,next-react,pnpm,65,60,shared-style-candidate,True,none,none,none,"Style component for observability; review for shared tokens, theme, palette, Tailwind, or global style normalization.",style-score:130 | integration-score:55 | observability-score:55,e61b2d3b8f1be3aa
f1350e5a1362a13f13f20f2a,mbarbine__vanagain-dot-com-prod,style,"style,integration,observability",design-token,observability,base,base,shopify-theme/assets/base.css,.css,4215,,,,next-react,pnpm,65,60,shared-style-candidate,True,none,none,none,"Style component for observability; review for shared tokens, theme, palette, Tailwind, or global style normalization.",style-score:130 | integration-score:55 | observability-score:55,da1882c1c7831e19
69918fdcc9bbcd24d31313e6,mbarbine__vanagain-site,style,style,stylesheet,commerce,_variables,variables,admin/resources/assets/sass/_variables.scss,.scss,38,,,,css,unknown,55,40,shared-style-candidate,False,none,none,none,"Style component for commerce; review for shared tokens, theme, palette, Tailwind, or global style normalization.",style-score:130,8c1cd5bc8a625b55
4e5183a9ab1b6b13d647e234,mbarbine__vanagain-site,style,style,stylesheet,general,app,app,admin/resources/assets/sass/app.scss,.scss,9,,,,css,unknown,50,35,shared-style-candidate,False,none,none,none,"Style component for general; review for shared tokens, theme, palette, Tailwind, or global style normalization.",style-score:130,7500a00ffc4d5aeb
1c3e69adeb576331637b9f29,mbarbine__vanagain-site,style,"style,security,automation",stylesheet,auth-and-keys,hover,hover,admin/public/assets/frontend/css/hover.css,.css,10,,,,css,unknown,60,55,shared-style-candidate,False,none,secondary,none,"Style component for auth-and-keys; review for shared tokens, theme, palette, Tailwind, or global style normalization.",style-score:130 | security-score:55 | automation-score:45,50494e285bb4d964
d002c29d81a93c484ed9d0e6,mbarbine__vanagain-site,style,"style,security",stylesheet,media,font-awesome,font-awesome,admin/public/assets/frontend/css/font-awesome.css,.css,2026,,,,css,unknown,65,20,shared-style-candidate,False,none,none,none,"Style component for media; review for shared tokens, theme, palette, Tailwind, or global style normalization.",style-score:130 | security-score:55,8e17416059f9e1ad
e8f9ff4019ad88ac97569738,mbarbine__vanagain-site,style,"style,security",stylesheet,discovery,font-awesome.min,font-awesome-min,admin/public/assets/frontend/css/font-awesome.min.css,.css,4,,,,css,unknown,60,50,shared-style-candidate,True,none,none,none,"Style component for discovery; review for shared tokens, theme, palette, Tailwind, or global style normalization.",style-score:130 | security-score:55,936ffccdc35bc552
6fcd1068e762e95ad111f362,mbarbine__vanagain-site,style,"style,logic",stylesheet,general,_colors,colors,admin/public/assets/frontend/sass/core/_colors.scss,.scss,44,,,,css,unknown,65,40,shared-style-candidate,False,none,none,secondary,"Style component for general; review for shared tokens, theme, palette, Tailwind, or global style normalization.",style-score:130 | logic-score:45,9fcda28a1916062f
c2e4d13057d27948c264370b,mbarbine__vanagain-site,style,"style,logic",stylesheet,commerce,_mixins,mixins,admin/public/assets/frontend/sass/core/_mixins.scss,.scss,78,,,,css,unknown,65,40,shared-style-candidate,True,none,none,secondary,"Style component for commerce; review for shared tokens, theme, palette, Tailwind, or global style normalization.",style-score:130 | logic-score:70,e9e1f0304a756f81
29cfc5928f1fbb9a73ef0c3d,mbarbine__vanagain-site,style,"style,logic,automation",stylesheet,editor,_base,base,admin/public/assets/frontend/sass/core/_base.scss,.scss,565,,,,css,unknown,65,25,shared-style-candidate,True,none,secondary,secondary,"Style component for editor; review for shared tokens, theme, palette, Tailwind, or global style normalization.",style-score:130 | logic-score:70 | automation-score:45,bcc9dc59851448f5
0cd0fb01fcc0311dba2d07b4,mbarbine__vanagain-site,style,"style,logic",stylesheet,general,_ilightbox,ilightbox,admin/public/assets/frontend/sass/core/plugins/_ilightbox.scss,.scss,28,,,,css,unknown,65,40,shared-style-candidate,False,none,none,secondary,"Style component for general; review for shared tokens, theme, palette, Tailwind, or global style normalization.",style-score:130 | logic-score:45,6eb2aa28b8385af0
0443b186fe525dca11c592f5,mbarbine__vanagain-site,style,"style,logic",stylesheet,general,_bootstrap,bootstrap,admin/public/assets/frontend/sass/core/plugins/_bootstrap.scss,.scss,10,,,,css,unknown,60,40,shared-style-candidate,False,none,none,secondary,"Style component for general; review for shared tokens, theme, palette, Tailwind, or global style normalization.",style-score:130 | logic-score:45,17d350deb7a5f4d3
d3a29c3b7ad22669d7877e23,mbarbine__vanagain-site,style,"style,logic",stylesheet,general,_fancybox,fancybox,admin/public/assets/frontend/sass/core/plugins/_fancybox.scss,.scss,7,,,,css,unknown,60,35,shared-style-candidate,False,none,none,secondary,"Style component for general; review for shared tokens, theme, palette, Tailwind, or global style normalization.",style-score:130 | logic-score:45,0a78dc5d49bc0582
78f48f5bf2e58c6f419dc738,mbarbine__vanagain-site,style,"style,logic",stylesheet,commerce,_minimalist-gallery,minimalist-gallery,admin/public/assets/frontend/sass/core/plugins/_minimalist-gallery.scss,.scss,42,,,,css,unknown,65,40,shared-style-candidate,True,none,none,secondary,"Style component for commerce; review for shared tokens, theme, palette, Tailwind, or global style normalization.",style-score:130 | logic-score:45,4dfe810808621a2f
71c17ff518f4418b11858028,mbarbine__vanagain-site,style,"style,observability,logic",stylesheet,observability,_owl-carousel,owl-carousel,admin/public/assets/frontend/sass/core/plugins/_owl-carousel.scss,.scss,114,,,,css,unknown,65,55,shared-style-candidate,False,none,none,secondary,"Style component for observability; review for shared tokens, theme, palette, Tailwind, or global style normalization.",style-score:130 | observability-score:55 | logic-score:45,b39098adb44b9caa
7d55cdcad6675922b231fa66,mbarbine__vanagain-site,style,"style,logic",stylesheet,general,_reveal-animate,reveal-animate,admin/public/assets/frontend/sass/core/plugins/_reveal-animate.scss,.scss,5,,,,css,unknown,60,35,shared-style-candidate,False,none,none,secondary,"Style component for general; review for shared tokens, theme, palette, Tailwind, or global style normalization.",style-score:130 | logic-score:45,f391ca0d66f3876a
326f36c5b5ba6505e4f8aaa9,mbarbine__vanagain-site,style,"style,logic",stylesheet,media,_revo-slider,revo-slider,admin/public/assets/frontend/sass/core/plugins/_revo-slider.scss,.scss,128,,,,css,unknown,65,40,shared-style-candidate,True,none,none,secondary,"Style component for media; review for shared tokens, theme, palette, Tailwind, or global style normalization.",style-score:130 | logic-score:45,add7dff7309efd1d
cc608d2256f3e48f67103b77,mbarbine__vanagain-site,style,"style,logic,observability",stylesheet,observability,_cubeportfolio,cubeportfolio,admin/public/assets/frontend/sass/core/plugins/_cubeportfolio.scss,.scss,398,,,,css,unknown,65,50,shared-style-candidate,True,none,none,secondary,"Style component for observability; review for shared tokens, theme, palette, Tailwind, or global style normalization.",style-score:130 | logic-score:70 | observability-score:55,8f7f71163c7a86c3
5e0862c207faf42b5354d7b9,mbarbine__vanagain-site,style,"style,observability,logic",stylesheet,observability,_socicon,socicon,admin/public/assets/frontend/sass/core/plugins/_socicon.scss,.scss,164,,,,css,unknown,65,55,shared-style-candidate,True,none,none,secondary,"Style component for observability; review for shared tokens, theme, palette, Tailwind, or global style normalization.",style-score:130 | observability-score:55 | logic-score:45,45353a887c7ee395
4f38be4fa3e50b1e6a9686c2,mbarbine__vanagain-site,style,"style,ui,logic",ui-primitive,commerce,_spinner,spinner,admin/public/assets/frontend/sass/core/plugins/_spinner.scss,.scss,48,,,,css,unknown,65,65,shared-style-candidate,False,none,none,secondary,"Style component for commerce; review for shared tokens, theme, palette, Tailwind, or global style normalization.",style-score:130 | ui-score:70 | logic-score:45,2f58a300295de0ca
086e37090cdcadf0588a1da7,mbarbine__vanagain-site,style,"style,logic,observability",stylesheet,observability,_icons,icons,admin/public/assets/frontend/sass/core/plugins/_icons.scss,.scss,117,,,,css,unknown,65,55,shared-style-candidate,True,none,none,secondary,"Style component for observability; review for shared tokens, theme, palette, Tailwind, or global style normalization.",style-score:130 | logic-score:70 | observability-score:55,2d6d6ff0e8660660
75306a02fcece4c3630f0d60,mbarbine__vanagain-site,style,"style,logic",stylesheet,general,_bootstrap-social,bootstrap-social,admin/public/assets/frontend/sass/core/plugins/_bootstrap-social.scss,.scss,28,,,,css,unknown,65,40,shared-style-candidate,False,none,none,secondary,"Style component for general; review for shared tokens, theme, palette, Tailwind, or global style normalization.",style-score:130 | logic-score:45,cb12d32be0b9cf9c
fe822e42ed5eb6dbfba8d580,mbarbine__vanagain-site,style,"style,logic",stylesheet,discovery,_inputs,inputs,admin/public/assets/frontend/sass/core/plugins/bootstrap/_inputs.scss,.scss,100,,,,css,unknown,65,55,shared-style-candidate,True,none,none,secondary,"Style component for discovery; review for shared tokens, theme, palette, Tailwind, or global style normalization.",style-score:130 | logic-score:45,dec84446ae3d2b73
ac968077ac0e9bcaa86f3b20,mbarbine__vanagain-site,style,"style,observability,logic",stylesheet,observability,_misc,misc,admin/public/assets/frontend/sass/core/plugins/bootstrap/_misc.scss,.scss,41,,,,css,unknown,65,55,shared-style-candidate,False,none,none,secondary,"Style component for observability; review for shared tokens, theme, palette, Tailwind, or global style normalization.",style-score:130 | observability-score:55 | logic-score:45,ad1faac747697a0f
3334de5baeb5f1254143b471,mbarbine__vanagain-site,style,"style,logic",stylesheet,editor,_buttons,buttons,admin/public/assets/frontend/sass/core/plugins/bootstrap/_buttons.scss,.scss,321,,,,css,unknown,65,35,shared-style-candidate,True,none,none,secondary,"Style component for editor; review for shared tokens, theme, palette, Tailwind, or global style normalization.",style-score:130 | logic-score:70,7e188b5480af644a
c11b9786a3e796aecc7f19dd,mbarbine__vanagain-site,style,"style,ui,logic",ui-primitive,commerce,_tabs,tabs,admin/public/assets/frontend/sass/core/plugins/bootstrap/_tabs.scss,.scss,61,,,,css,unknown,65,65,shared-style-candidate,False,none,none,secondary,"Style component for commerce; review for shared tokens, theme, palette, Tailwind, or global style normalization.",style-score:130 | ui-score:70 | logic-score:45,e5b8dac67a568757
6db2a1fb07a1ebb580bf6d22,mbarbine__vanagain-site,style,"style,logic",stylesheet,commerce,_tables,tables,admin/public/assets/frontend/sass/core/plugins/bootstrap/_tables.scss,.scss,29,,,,css,unknown,65,40,shared-style-candidate,False,none,none,secondary,"Style component for commerce; review for shared tokens, theme, palette, Tailwind, or global style normalization.",style-score:130 | logic-score:45,afbc019ce6bab30b
6759cf81c450d4c660b15cb6,mbarbine__vanagain-site,style,"style,logic",stylesheet,commerce,_modals,modals,admin/public/assets/frontend/sass/core/plugins/bootstrap/_modals.scss,.scss,34,,,,css,unknown,65,40,shared-style-candidate,False,none,none,secondary,"Style component for commerce; review for shared tokens, theme, palette, Tailwind, or global style normalization.",style-score:130 | logic-score:45,1e5052b25fec7aa6
b4eaae3fb98d23cd5a501c9e,mbarbine__vanagain-site,style,"style,logic",stylesheet,discovery,_mixins,mixins,admin/public/assets/frontend/sass/core/plugins/bootstrap/_mixins.scss,.scss,98,,,,css,unknown,65,55,shared-style-candidate,True,none,none,secondary,"Style component for discovery; review for shared tokens, theme, palette, Tailwind, or global style normalization.",style-score:130 | logic-score:45,581e0e2c07d6a389
06cc33e7ea5efd631f967a41,mbarbine__vanagain-site,style,"style,logic",stylesheet,commerce,_dropdowns,dropdowns,admin/public/assets/frontend/sass/core/plugins/bootstrap/_dropdowns.scss,.scss,40,,,,css,unknown,65,40,shared-style-candidate,False,none,none,secondary,"Style component for commerce; review for shared tokens, theme, palette, Tailwind, or global style normalization.",style-score:130 | logic-score:45,d88f035fde7c48c7
5076cfc179153fe5dd35bbbd,mbarbine__vanagain-site,style,"style,logic",design-token,design-system,blue2,blue2,admin/public/assets/frontend/sass/core/themes/blue2.scss,.scss,26,,,,css,unknown,65,80,shared-style-candidate,False,none,none,secondary,"Style component for design-system; review for shared tokens, theme, palette, Tailwind, or global style normalization.",style-score:130 | logic-score:70,f735bca5bbe09f5f
86c13c870872560235bd42c1,mbarbine__vanagain-site,style,"style,logic",design-token,design-system,purple1,purple1,admin/public/assets/frontend/sass/core/themes/purple1.scss,.scss,26,,,,css,unknown,65,80,shared-style-candidate,False,none,none,secondary,"Style component for design-system; review for shared tokens, theme, palette, Tailwind, or global style normalization.",style-score:130 | logic-score:70,246173f87aea0438
796eac403ff9f0a49a67db5e,mbarbine__vanagain-site,style,"style,logic",design-token,design-system,default,default,admin/public/assets/frontend/sass/core/themes/default.scss,.scss,25,,,,css,unknown,65,80,shared-style-candidate,False,none,none,secondary,"Style component for design-system; review for shared tokens, theme, palette, Tailwind, or global style normalization.",style-score:130 | logic-score:70,e65cfd65cce1ff9a
2ff67ae93ce0f2de983e4455,mbarbine__vanagain-site,style,"style,logic",design-token,design-system,brown3,brown3,admin/public/assets/frontend/sass/core/themes/brown3.scss,.scss,26,,,,css,unknown,65,80,shared-style-candidate,False,none,none,secondary,"Style component for design-system; review for shared tokens, theme, palette, Tailwind, or global style normalization.",style-score:130 | logic-score:70,21fd03c7c80d392a
097222bad6e0f4080b48a3f6,mbarbine__vanagain-site,style,"style,logic",design-token,design-system,brown2,brown2,admin/public/assets/frontend/sass/core/themes/brown2.scss,.scss,26,,,,css,unknown,65,80,shared-style-candidate,False,none,none,secondary,"Style component for design-system; review for shared tokens, theme, palette, Tailwind, or global style normalization.",style-score:130 | logic-score:70,ebf8dedfb9cd62c8
549c606d543cfa17edca3fd0,mbarbine__vanagain-site,style,"style,logic",design-token,design-system,green1,green1,admin/public/assets/frontend/sass/core/themes/green1.scss,.scss,26,,,,css,unknown,65,80,shared-style-candidate,False,none,none,secondary,"Style component for design-system; review for shared tokens, theme, palette, Tailwind, or global style normalization.",style-score:130 | logic-score:70,45755d2258f8b1d8
c448079ce0259fb865977885,mbarbine__vanagain-site,style,"style,logic",design-token,commerce,_base-plugins,base-plugins,admin/public/assets/frontend/sass/core/themes/_base-plugins.scss,.scss,86,,,,css,unknown,65,65,shared-style-candidate,True,none,none,secondary,"Style component for commerce; review for shared tokens, theme, palette, Tailwind, or global style normalization.",style-score:130 | logic-score:70,72be4c67559445f8
200ba286b88e3a2685049e70,mbarbine__vanagain-site,style,"style,logic",design-token,design-system,blue3,blue3,admin/public/assets/frontend/sass/core/themes/blue3.scss,.scss,26,,,,css,unknown,65,80,shared-style-candidate,False,none,none,secondary,"Style component for design-system; review for shared tokens, theme, palette, Tailwind, or global style normalization.",style-score:130 | logic-score:70,e910c6d492b6db4f
5a138894c62e02d016e556d2,mbarbine__vanagain-site,style,"style,observability,logic",design-token,observability,_base-components,base-components,admin/public/assets/frontend/sass/core/themes/_base-components.scss,.scss,495,,,,css,unknown,75,75,shared-style-candidate,True,none,none,secondary,"Style component for observability; review for shared tokens, theme, palette, Tailwind, or global style normalization.",style-score:130 | observability-score:55 | logic-score:45,ac4a400ba8930270
4039eefdc7ffee82ec26b690,mbarbine__vanagain-site,style,"style,logic",design-token,design-system,red3,red3,admin/public/assets/frontend/sass/core/themes/red3.scss,.scss,26,,,,css,unknown,65,80,shared-style-candidate,False,none,none,secondary,"Style component for design-system; review for shared tokens, theme, palette, Tailwind, or global style normalization.",style-score:130 | logic-score:70,0a8c0a841f53a936
8b58c1c4b3875780efc6fde5,mbarbine__vanagain-site,style,"style,logic",design-token,design-system,blue4,blue4,admin/public/assets/frontend/sass/core/themes/blue4.scss,.scss,26,,,,css,unknown,65,80,shared-style-candidate,False,none,none,secondary,"Style component for design-system; review for shared tokens, theme, palette, Tailwind, or global style normalization.",style-score:130 | logic-score:70,b799cfc56502b379
2987f133b2c42bc797e2d486,mbarbine__vanagain-site,style,"style,logic",design-token,design-system,dark1,dark1,admin/public/assets/frontend/sass/core/themes/dark1.scss,.scss,26,,,,css,unknown,65,80,shared-style-candidate,False,none,none,secondary,"Style component for design-system; review for shared tokens, theme, palette, Tailwind, or global style normalization.",style-score:130 | logic-score:70,ec921fe9fddd9ca9
561b949687fb8d60601ee4df,mbarbine__vanagain-site,style,"style,logic",design-token,design-system,red2,red2,admin/public/assets/frontend/sass/core/themes/red2.scss,.scss,26,,,,css,unknown,65,80,shared-style-candidate,False,none,none,secondary,"Style component for design-system; review for shared tokens, theme, palette, Tailwind, or global style normalization.",style-score:130 | logic-score:70,5bc0ed98b2799953
c7995d7003da004c1862b720,mbarbine__vanagain-site,style,"style,logic",design-token,design-system,yellow1,yellow1,admin/public/assets/frontend/sass/core/themes/yellow1.scss,.scss,26,,,,css,unknown,65,80,shared-style-candidate,False,none,none,secondary,"Style component for design-system; review for shared tokens, theme, palette, Tailwind, or global style normalization.",style-score:130 | logic-score:70,3283572221ecb26b
383cd95d439cff8ffa4a8417,mbarbine__vanagain-site,style,"style,logic",design-token,design-system,green4,green4,admin/public/assets/frontend/sass/core/themes/green4.scss,.scss,26,,,,css,unknown,65,80,shared-style-candidate,False,none,none,secondary,"Style component for design-system; review for shared tokens, theme, palette, Tailwind, or global style normalization.",style-score:130 | logic-score:70,85b0b68614e7e7ce
ae89e099c382e672e8fa9b1d,mbarbine__vanagain-site,style,"style,logic",design-token,design-system,red1,red1,admin/public/assets/frontend/sass/core/themes/red1.scss,.scss,26,,,,css,unknown,65,80,shared-style-candidate,False,none,none,secondary,"Style component for design-system; review for shared tokens, theme, palette, Tailwind, or global style normalization.",style-score:130 | logic-score:70,e95a4aa323b4a692
465b5c7b562fee19feae0199,mbarbine__vanagain-site,style,"style,logic",design-token,design-system,yellow2,yellow2,admin/public/assets/frontend/sass/core/themes/yellow2.scss,.scss,26,,,,css,unknown,65,80,shared-style-candidate,False,none,none,secondary,"Style component for design-system; review for shared tokens, theme, palette, Tailwind, or global style normalization.",style-score:130 | logic-score:70,aa9c1aedb93369fa
edf35c38789df49c64c6a994,mbarbine__vanagain-site,style,"style,logic",design-token,design-system,dark2,dark2,admin/public/assets/frontend/sass/core/themes/dark2.scss,.scss,26,,,,css,unknown,65,80,shared-style-candidate,False,none,none,secondary,"Style component for design-system; review for shared tokens, theme, palette, Tailwind, or global style normalization.",style-score:130 | logic-score:70,34e93330819bdec9
66656421cce6a104d3deccb2,mbarbine__vanagain-site,style,"style,logic",design-token,design-system,dark3,dark3,admin/public/assets/frontend/sass/core/themes/dark3.scss,.scss,26,,,,css,unknown,65,80,shared-style-candidate,False,none,none,secondary,"Style component for design-system; review for shared tokens, theme, palette, Tailwind, or global style normalization.",style-score:130 | logic-score:70,1c6c6fb48b6fd0c1
21656f8895ad70440fd48481,mbarbine__vanagain-site,style,"style,logic",design-token,design-system,yellow3,yellow3,admin/public/assets/frontend/sass/core/themes/yellow3.scss,.scss,26,,,,css,unknown,65,80,shared-style-candidate,False,none,none,secondary,"Style component for design-system; review for shared tokens, theme, palette, Tailwind, or global style normalization.",style-score:130 | logic-score:70,2c3565edea26212c
49f56aa509a05a83ceb809f0,mbarbine__vanagain-site,style,"style,logic",design-token,design-system,purple3,purple3,admin/public/assets/frontend/sass/core/themes/purple3.scss,.scss,26,,,,css,unknown,65,80,shared-style-candidate,False,none,none,secondary,"Style component for design-system; review for shared tokens, theme, palette, Tailwind, or global style normalization.",style-score:130 | logic-score:70,16783d63492c4733
8eea61434bb34f911f62d65f,mbarbine__vanagain-site,style,"style,logic",design-token,design-system,dark4,dark4,admin/public/assets/frontend/sass/core/themes/dark4.scss,.scss,26,,,,css,unknown,65,80,shared-style-candidate,False,none,none,secondary,"Style component for design-system; review for shared tokens, theme, palette, Tailwind, or global style normalization.",style-score:130 | logic-score:70,942cdbff3aaa33ad
9dd1185de839d5d09c24572a,mbarbine__vanagain-site,style,"style,logic",design-token,design-system,brown1,brown1,admin/public/assets/frontend/sass/core/themes/brown1.scss,.scss,26,,,,css,unknown,65,80,shared-style-candidate,False,none,none,secondary,"Style component for design-system; review for shared tokens, theme, palette, Tailwind, or global style normalization.",style-score:130 | logic-score:70,5841b8ea19a8aeb0
93291524e07a0c50a19e2326,mbarbine__vanagain-site,style,"style,logic",design-token,design-system,green2,green2,admin/public/assets/frontend/sass/core/themes/green2.scss,.scss,26,,,,css,unknown,65,80,shared-style-candidate,False,none,none,secondary,"Style component for design-system; review for shared tokens, theme, palette, Tailwind, or global style normalization.",style-score:130 | logic-score:70,36403d1830c75102
90b69b3c725182e1649d15cf,mbarbine__vanagain-site,style,"style,logic",design-token,design-system,yellow4,yellow4,admin/public/assets/frontend/sass/core/themes/yellow4.scss,.scss,26,,,,css,unknown,65,80,shared-style-candidate,False,none,none,secondary,"Style component for design-system; review for shared tokens, theme, palette, Tailwind, or global style normalization.",style-score:130 | logic-score:70,4bc373194a952b64
147ce267119a9e497891a092,mbarbine__vanagain-site,style,"style,logic",design-token,design-system,green3,green3,admin/public/assets/frontend/sass/core/themes/green3.scss,.scss,26,,,,css,unknown,65,80,shared-style-candidate,False,none,none,secondary,"Style component for design-system; review for shared tokens, theme, palette, Tailwind, or global style normalization.",style-score:130 | logic-score:70,f15169e37cc2543b
e93ff40372d68e80b76a0053,mbarbine__vanagain-site,style,"style,logic",design-token,design-system,purple2,purple2,admin/public/assets/frontend/sass/core/themes/purple2.scss,.scss,26,,,,css,unknown,65,80,shared-style-candidate,False,none,none,secondary,"Style component for design-system; review for shared tokens, theme, palette, Tailwind, or global style normalization.",style-score:130 | logic-score:70,efb0699000c1a848
208a2cd5686d8c8c7aba5d08,mbarbine__vanagain-site,style,"style,logic",design-token,design-system,blue1,blue1,admin/public/assets/frontend/sass/core/themes/blue1.scss,.scss,26,,,,css,unknown,65,80,shared-style-candidate,False,none,none,secondary,"Style component for design-system; review for shared tokens, theme, palette, Tailwind, or global style normalization.",style-score:130 | logic-score:70,dc1ec9e05fb27d43
e5e3b9d61bdc04c7eb2008b8,mbarbine__vanagain-site,style,style,stylesheet,general,plugins,plugins,admin/public/assets/frontend/sass/demos/default/plugins.scss,.scss,20,,,,css,unknown,55,40,shared-style-candidate,False,none,none,none,"Style component for general; review for shared tokens, theme, palette, Tailwind, or global style normalization.",style-score:130,0fab2edf67f76823
e88828c4eca7c199b2ac6deb,mbarbine__vanagain-site,style,style,stylesheet,general,custom,custom,admin/public/assets/frontend/sass/demos/default/custom.scss,.scss,0,,,,css,unknown,50,35,shared-style-candidate,False,none,none,none,"Style component for general; review for shared tokens, theme, palette, Tailwind, or global style normalization.",style-score:130,ac0b0abe2151cc05
c08c88d780990ea82a773653,mbarbine__vanagain-site,style,style,stylesheet,general,components,components,admin/public/assets/frontend/sass/demos/default/components.scss,.scss,15,,,,css,unknown,65,40,shared-style-candidate,True,none,none,none,"Style component for general; review for shared tokens, theme, palette, Tailwind, or global style normalization.",style-score:130,99847057671a9e47
87f5a339b87f6ff395116704,mbarbine__vanagain-site,style,style,stylesheet,commerce,_settings,settings,admin/public/assets/frontend/sass/demos/default/_settings.scss,.scss,119,,,,css,unknown,55,40,shared-style-candidate,False,none,none,none,"Style component for commerce; review for shared tokens, theme, palette, Tailwind, or global style normalization.",style-score:130,19c71d9ad68d4ff6
2ebffe68b5bf6086ce1fa63d,mbarbine__vanagain-site,style,style,stylesheet,shipping,plugins,plugins,admin/public/assets/frontend/sass/demos/corporate_1/plugins.scss,.scss,20,,,,css,unknown,55,40,shared-style-candidate,True,none,none,none,"Style component for shipping; review for shared tokens, theme, palette, Tailwind, or global style normalization.",style-score:130,59d2e21c2c076fb5
cbc00489c629c1f6a43f478f,mbarbine__vanagain-site,style,style,stylesheet,shipping,custom,custom,admin/public/assets/frontend/sass/demos/corporate_1/custom.scss,.scss,0,,,,css,unknown,50,35,shared-style-candidate,True,none,none,none,"Style component for shipping; review for shared tokens, theme, palette, Tailwind, or global style normalization.",style-score:130,7c4f86a3be2db1ff
18d0b2492580349ae2aed541,mbarbine__vanagain-site,style,style,stylesheet,shipping,components,components,admin/public/assets/frontend/sass/demos/corporate_1/components.scss,.scss,15,,,,css,unknown,65,40,shared-style-candidate,True,none,none,none,"Style component for shipping; review for shared tokens, theme, palette, Tailwind, or global style normalization.",style-score:130,d00f855a9004ddfd
47333e84b2b92423992e9cb0,mbarbine__vanagain-site,style,style,stylesheet,commerce,_settings,settings,admin/public/assets/frontend/sass/demos/corporate_1/_settings.scss,.scss,118,,,,css,unknown,55,40,shared-style-candidate,False,none,none,none,"Style component for commerce; review for shared tokens, theme, palette, Tailwind, or global style normalization.",style-score:130,dd1ea814f9d76c54
f992d8f452aa7047af96f6b3,mbarbine__vanagain-site,style,style,stylesheet,general,plugins,plugins,admin/public/assets/frontend/sass/demos/agency_1/plugins.scss,.scss,20,,,,css,unknown,55,40,shared-style-candidate,False,none,none,none,"Style component for general; review for shared tokens, theme, palette, Tailwind, or global style normalization.",style-score:130,59d2e21c2c076fb5
55f725ffe3458cef8bc2dc5e,mbarbine__vanagain-site,style,style,stylesheet,general,custom,custom,admin/public/assets/frontend/sass/demos/agency_1/custom.scss,.scss,0,,,,css,unknown,50,35,shared-style-candidate,False,none,none,none,"Style component for general; review for shared tokens, theme, palette, Tailwind, or global style normalization.",style-score:130,4e6fcc6c2437ee2d
e530d4d56115b3077406ae79,mbarbine__vanagain-site,style,style,stylesheet,general,components,components,admin/public/assets/frontend/sass/demos/agency_1/components.scss,.scss,15,,,,css,unknown,65,40,shared-style-candidate,True,none,none,none,"Style component for general; review for shared tokens, theme, palette, Tailwind, or global style normalization.",style-score:130,d00f855a9004ddfd
e092c0796095e3f61d112ecf,mbarbine__vanagain-site,style,style,stylesheet,commerce,_settings,settings,admin/public/assets/frontend/sass/demos/agency_1/_settings.scss,.scss,118,,,,css,unknown,55,40,shared-style-candidate,False,none,none,none,"Style component for commerce; review for shared tokens, theme, palette, Tailwind, or global style normalization.",style-score:130,dd1ea814f9d76c54
ed22c28d22a5f39f6f00564f,mbarbine__vanagain-site,style,style,stylesheet,general,plugins,plugins,admin/public/assets/frontend/sass/demos/index/plugins.scss,.scss,20,,,,css,unknown,55,40,shared-style-candidate,False,none,none,none,"Style component for general; review for shared tokens, theme, palette, Tailwind, or global style normalization.",style-score:130,0fab2edf67f76823
13f5a0e63b80c15412aced91,mbarbine__vanagain-site,style,style,stylesheet,general,custom,custom,admin/public/assets/frontend/sass/demos/index/custom.scss,.scss,0,,,,css,unknown,50,35,shared-style-candidate,False,none,none,none,"Style component for general; review for shared tokens, theme, palette, Tailwind, or global style normalization.",style-score:130,4f83a6bc95c54679
bdf849e441fc8fa8c149ad48,mbarbine__vanagain-site,style,style,stylesheet,general,components,components,admin/public/assets/frontend/sass/demos/index/components.scss,.scss,15,,,,css,unknown,65,40,shared-style-candidate,True,none,none,none,"Style component for general; review for shared tokens, theme, palette, Tailwind, or global style normalization.",style-score:130,d00f855a9004ddfd
0b7ebfb78acf29e1be992f5d,mbarbine__vanagain-site,style,style,stylesheet,commerce,_settings,settings,admin/public/assets/frontend/sass/demos/index/_settings.scss,.scss,119,,,,css,unknown,55,40,shared-style-candidate,False,none,none,none,"Style component for commerce; review for shared tokens, theme, palette, Tailwind, or global style normalization.",style-score:130,19c71d9ad68d4ff6
25aad75a38dabc61f01fa678,mbarbine__vanagain-site,style,"style,security",stylesheet,logic,animate.min,animate-min,admin/public/assets/frontend/assets/plugins/animate/animate.min.css,.css,1,,,,css,unknown,60,50,shared-style-candidate,True,none,none,none,"Style component for logic; review for shared tokens, theme, palette, Tailwind, or global style normalization.",style-score:130 | security-score:55,bba967c00d3c1240
f3b5a3a4322d33ef98e9538f,mbarbine__vanagain-site,style,"style,security",stylesheet,auth-and-keys,animate,animate,admin/public/assets/frontend/assets/plugins/animate/animate.css,.css,3272,,,,css,unknown,65,35,shared-style-candidate,False,none,none,none,"Style component for auth-and-keys; review for shared tokens, theme, palette, Tailwind, or global style normalization.",style-score:130 | security-score:55,0f43aedbc350e90a
2dfd8ac6fad22ae5aa86eabc,mbarbine__vanagain-site,style,"style,observability",stylesheet,observability,bootstrap-datetimepicker,bootstrap-datetimepicker,admin/public/assets/frontend/assets/plugins/bootstrap-datetimepicker/css/bootstrap-datetimepicker.css,.css,366,,,,css,unknown,65,50,shared-style-candidate,True,none,none,none,"Style component for observability; review for shared tokens, theme, palette, Tailwind, or global style normalization.",style-score:130 | observability-score:55,6bb94f185d9d962d
31da518d60a5b4a26d02bfca,mbarbine__vanagain-site,style,"style,observability",stylesheet,observability,bootstrap-datetimepicker.min,bootstrap-datetimepicker-min,admin/public/assets/frontend/assets/plugins/bootstrap-datetimepicker/css/bootstrap-datetimepicker.min.css,.css,10,,,,css,unknown,60,55,shared-style-candidate,True,none,none,none,"Style component for observability; review for shared tokens, theme, palette, Tailwind, or global style normalization.",style-score:130 | observability-score:55,5df30b146d39dc78
604fe8b56db9e033437f5cce,mbarbine__vanagain-site,style,"style,observability,security",stylesheet,editor,bootstrap.min,bootstrap-min,admin/public/assets/frontend/assets/plugins/bootstrap/css/bootstrap.min.css,.css,5,,,,css,unknown,60,35,shared-style-candidate,True,none,none,none,"Style component for editor; review for shared tokens, theme, palette, Tailwind, or global style normalization.",style-score:130 | observability-score:55 | security-score:55,f1d2154ad019224e
627d1ece6dd9ed2ea6aec7e3,mbarbine__vanagain-site,style,"style,observability,security",stylesheet,editor,bootstrap-rtl,bootstrap-rtl,admin/public/assets/frontend/assets/plugins/bootstrap/css/bootstrap-rtl.css,.css,5814,,,,css,unknown,65,20,shared-style-candidate,True,none,none,none,"Style component for editor; review for shared tokens, theme, palette, Tailwind, or global style normalization.",style-score:130 | observability-score:55 | security-score:55,6e31f0ae7737f9eb
ff54af6989741ef106c9e4c7,mbarbine__vanagain-site,style,"style,observability,security",stylesheet,editor,bootstrap,bootstrap,admin/public/assets/frontend/assets/plugins/bootstrap/css/bootstrap.css,.css,5815,,,,css,unknown,65,20,shared-style-candidate,True,none,none,none,"Style component for editor; review for shared tokens, theme, palette, Tailwind, or global style normalization.",style-score:130 | observability-score:55 | security-score:55,56595e3ef2420d49
8ee3dc37124827918dec6e46,mbarbine__vanagain-site,style,"style,observability,security",stylesheet,editor,bootstrap-rtl.min,bootstrap-rtl-min,admin/public/assets/frontend/assets/plugins/bootstrap/css/bootstrap-rtl.min.css,.css,5,,,,css,unknown,60,35,shared-style-candidate,True,none,none,none,"Style component for editor; review for shared tokens, theme, palette, Tailwind, or global style normalization.",style-score:130 | observability-score:55 | security-score:55,c69cdda26af79494
0e1e9042a0b8203d1ff9e213,mbarbine__vanagain-site,style,"style,observability",stylesheet,observability,jquery.fancybox,jquery-fancybox,admin/public/assets/frontend/assets/plugins/fancybox/jquery.fancybox.css,.css,274,,,,css,unknown,65,50,shared-style-candidate,False,none,none,none,"Style component for observability; review for shared tokens, theme, palette, Tailwind, or global style normalization.",style-score:130 | observability-score:55,968a8e56e4adaf8c
2dbac4397d2177f2d710b092,mbarbine__vanagain-site,style,"style,logic",stylesheet,editor,jquery.fancybox-thumbs,jquery-fancybox-thumbs,admin/public/assets/frontend/assets/plugins/fancybox/helpers/jquery.fancybox-thumbs.css,.css,55,,,,css,unknown,65,40,shared-style-candidate,True,none,none,secondary,"Style component for editor; review for shared tokens, theme, palette, Tailwind, or global style normalization.",style-score:130 | logic-score:45,d836d81acb5d5e71
279392f3a9a613f725376e40,mbarbine__vanagain-site,style,"style,logic",stylesheet,editor,jquery.fancybox-buttons,jquery-fancybox-buttons,admin/public/assets/frontend/assets/plugins/fancybox/helpers/jquery.fancybox-buttons.css,.css,97,,,,css,unknown,65,40,shared-style-candidate,True,none,none,secondary,"Style component for editor; review for shared tokens, theme, palette, Tailwind, or global style normalization.",style-score:130 | logic-score:70,ae270bcb50f2d50d
73f6c11da6f4da0231cdf87a,mbarbine__vanagain-site,style,style,stylesheet,logic,socicon,socicon,admin/public/assets/frontend/assets/plugins/socicon/socicon.css,.css,1,,,,css,unknown,50,50,shared-style-candidate,True,none,none,none,"Style component for logic; review for shared tokens, theme, palette, Tailwind, or global style normalization.",style-score:130,9d9b2bc7bf5b2bb4
f25fa73698de3653fc3251e9,mbarbine__vanagain-site,style,"style,observability,security",stylesheet,observability,cubeportfolio.min,cubeportfolio-min,admin/public/assets/frontend/assets/plugins/cubeportfolio/css/cubeportfolio.min.css,.css,10,,,,css,unknown,60,55,shared-style-candidate,True,none,none,none,"Style component for observability; review for shared tokens, theme, palette, Tailwind, or global style normalization.",style-score:130 | observability-score:55 | security-score:55,b07bf187079e0703
53be366a790adacb7d665b64,mbarbine__vanagain-site,style,"style,observability,security",stylesheet,observability,cubeportfolio,cubeportfolio,admin/public/assets/frontend/assets/plugins/cubeportfolio/css/cubeportfolio.css,.css,3661,,,,css,unknown,65,35,shared-style-candidate,True,none,none,none,"Style component for observability; review for shared tokens, theme, palette, Tailwind, or global style normalization.",style-score:130 | observability-score:55 | security-score:55,1247471ab97264dc
a97026e6370ce34944968ae8,mbarbine__vanagain-site,style,"style,ui",ui-primitive,commerce,slider,slider,admin/public/assets/frontend/assets/plugins/slider-for-bootstrap/css/slider.css,.css,1,,,,css,unknown,60,60,shared-style-candidate,False,none,none,none,"Style component for commerce; review for shared tokens, theme, palette, Tailwind, or global style normalization.",style-score:130 | ui-score:70,937d5de3eb2075fc
7c115dbae91b8f2c3650d0a0,mbarbine__vanagain-site,style,"style,ui",ui-primitive,commerce,slider,slider,admin/public/assets/frontend/assets/plugins/slider-for-bootstrap/less/slider.less,.less,104,,,,css,unknown,65,65,shared-style-candidate,False,none,none,none,"Style component for commerce; review for shared tokens, theme, palette, Tailwind, or global style normalization.",style-score:100 | ui-score:70,45c1b571a91766b7
1bd3876bf77dadd41bcf2b38,mbarbine__vanagain-site,style,style,stylesheet,commerce,bootstrap-social,bootstrap-social,admin/public/assets/frontend/assets/plugins/bootstrap-social/bootstrap-social.css,.css,101,,,,css,unknown,55,40,shared-style-candidate,False,none,none,none,"Style component for commerce; review for shared tokens, theme, palette, Tailwind, or global style normalization.",style-score:130,027d5f05053b44ca
2f2d2f2d998be86c063850b7,mbarbine__vanagain-site,style,"style,observability",stylesheet,observability,bootstrap-datepicker3,bootstrap-datepicker3,admin/public/assets/frontend/assets/plugins/bootstrap-datepicker/css/bootstrap-datepicker3.css,.css,678,,,,css,unknown,65,40,shared-style-candidate,True,none,none,none,"Style component for observability; review for shared tokens, theme, palette, Tailwind, or global style normalization.",style-score:130 | observability-score:55,2cf37e793a533c1a
78336264feb448dc66003b44,mbarbine__vanagain-site,style,"style,observability",stylesheet,observability,bootstrap-datepicker.min,bootstrap-datepicker-min,admin/public/assets/frontend/assets/plugins/bootstrap-datepicker/css/bootstrap-datepicker.min.css,.css,9,,,,css,unknown,60,50,shared-style-candidate,True,none,none,none,"Style component for observability; review for shared tokens, theme, palette, Tailwind, or global style normalization.",style-score:130 | observability-score:55,e5a7742725e8bb62
6d561aa1626a52c56c935147,mbarbine__vanagain-site,style,"style,observability",stylesheet,observability,bootstrap-datepicker3.standalone.min,bootstrap-datepicker3-standalone-min,admin/public/assets/frontend/assets/plugins/bootstrap-datepicker/css/bootstrap-datepicker3.standalone.min.css,.css,9,,,,css,unknown,60,50,shared-style-candidate,True,none,none,none,"Style component for observability; review for shared tokens, theme, palette, Tailwind, or global style normalization.",style-score:130 | observability-score:55,44c1ab4c6813aabf
7f61e1b21b28d2627177fb7c,mbarbine__vanagain-site,style,"style,observability",stylesheet,observability,bootstrap-datepicker3.min,bootstrap-datepicker3-min,admin/public/assets/frontend/assets/plugins/bootstrap-datepicker/css/bootstrap-datepicker3.min.css,.css,9,,,,css,unknown,60,50,shared-style-candidate,True,none,none,none,"Style component for observability; review for shared tokens, theme, palette, Tailwind, or global style normalization.",style-score:130 | observability-score:55,9c5a78ae00af16c3
0beaa8b6a859ca38c08dfc86,mbarbine__vanagain-site,style,"style,observability",stylesheet,observability,bootstrap-datepicker.standalone.min,bootstrap-datepicker-standalone-min,admin/public/assets/frontend/assets/plugins/bootstrap-datepicker/css/bootstrap-datepicker.standalone.min.css,.css,9,,,,css,unknown,60,50,shared-style-candidate,True,none,none,none,"Style component for observability; review for shared tokens, theme, palette, Tailwind, or global style normalization.",style-score:130 | observability-score:55,c5087f5e3fff0f75
a12a9ed7aca7afa99ed236fa,mbarbine__vanagain-site,style,"style,observability",stylesheet,observability,bootstrap-datepicker.standalone,bootstrap-datepicker-standalone,admin/public/assets/frontend/assets/plugins/bootstrap-datepicker/css/bootstrap-datepicker.standalone.css,.css,504,,,,css,unknown,65,40,shared-style-candidate,True,none,none,none,"Style component for observability; review for shared tokens, theme, palette, Tailwind, or global style normalization.",style-score:130 | observability-score:55,3c01d1a7c8960054
e2fe3223f5f79f9715db76ab,mbarbine__vanagain-site,style,"style,observability",stylesheet,observability,bootstrap-datepicker3.standalone,bootstrap-datepicker3-standalone,admin/public/assets/frontend/assets/plugins/bootstrap-datepicker/css/bootstrap-datepicker3.standalone.css,.css,707,,,,css,unknown,65,40,shared-style-candidate,True,none,none,none,"Style component for observability; review for shared tokens, theme, palette, Tailwind, or global style normalization.",style-score:130 | observability-score:55,4eb0877a5d2bea18
ad38106cd069a52e0adef568,mbarbine__vanagain-site,style,"style,observability",stylesheet,observability,bootstrap-datepicker,bootstrap-datepicker,admin/public/assets/frontend/assets/plugins/bootstrap-datepicker/css/bootstrap-datepicker.css,.css,471,,,,css,unknown,65,50,shared-style-candidate,True,none,none,none,"Style component for observability; review for shared tokens, theme, palette, Tailwind, or global style normalization.",style-score:130 | observability-score:55,f2a6c653ee82cb36
ee59f958bec1b0d2c73ea904,mbarbine__vanagain-site,style,"style,observability",stylesheet,observability,skin,skin,admin/public/assets/frontend/assets/plugins/ilightbox/light-skin/skin.css,.css,278,,,,css,unknown,65,50,shared-style-candidate,False,none,none,none,"Style component for observability; review for shared tokens, theme, palette, Tailwind, or global style normalization.",style-score:130 | observability-score:55,fadbeb303b1183ea
3ff7297f3e000077db01936a,mbarbine__vanagain-site,style,"style,observability",stylesheet,observability,skin,skin,admin/public/assets/frontend/assets/plugins/ilightbox/mac-skin/skin.css,.css,304,,,,css,unknown,65,50,shared-style-candidate,False,none,none,none,"Style component for observability; review for shared tokens, theme, palette, Tailwind, or global style normalization.",style-score:130 | observability-score:55,48dcbf97ec388ff0
644404a1c33ae3413ba792ec,mbarbine__vanagain-site,style,"style,observability",stylesheet,observability,skin,skin,admin/public/assets/frontend/assets/plugins/ilightbox/metro-white-skin/skin.css,.css,287,,,,css,unknown,65,50,shared-style-candidate,False,none,none,none,"Style component for observability; review for shared tokens, theme, palette, Tailwind, or global style normalization.",style-score:130 | observability-score:55,4a6103a710b8c468
6cc988a2fa81cbd4818941d3,mbarbine__vanagain-site,style,style,stylesheet,editor,ilightbox,ilightbox,admin/public/assets/frontend/assets/plugins/ilightbox/css/ilightbox.css,.css,330,,,,css,unknown,55,35,shared-style-candidate,True,none,none,none,"Style component for editor; review for shared tokens, theme, palette, Tailwind, or global style normalization.",style-score:130,3ca02a3899b12254
1ed85158b5ad26cb45a4d969,mbarbine__vanagain-site,style,"style,observability",stylesheet,observability,skin,skin,admin/public/assets/frontend/assets/plugins/ilightbox/dark-skin/skin.css,.css,279,,,,css,unknown,65,50,shared-style-candidate,False,none,none,none,"Style component for observability; review for shared tokens, theme, palette, Tailwind, or global style normalization.",style-score:130 | observability-score:55,4da6ca0cd7705675
49cca539011fe79aa00a92bc,mbarbine__vanagain-site,style,"style,observability",stylesheet,observability,skin,skin,admin/public/assets/frontend/assets/plugins/ilightbox/smooth-skin/skin.css,.css,293,,,,css,unknown,65,50,shared-style-candidate,True,none,none,none,"Style component for observability; review for shared tokens, theme, palette, Tailwind, or global style normalization.",style-score:130 | observability-score:55,4d9b321fa6a715ee
c61b16bb159072630362a2c1,mbarbine__vanagain-site,style,style,stylesheet,media,skin,skin,admin/public/assets/frontend/assets/plugins/ilightbox/parade-skin/skin.css,.css,98,,,,css,unknown,55,40,shared-style-candidate,False,none,none,none,"Style component for media; review for shared tokens, theme, palette, Tailwind, or global style normalization.",style-score:130,963fa2780e75ab45
0e65daee27045c7361369436,mbarbine__vanagain-site,style,"style,observability",stylesheet,observability,skin,skin,admin/public/assets/frontend/assets/plugins/ilightbox/metro-black-skin/skin.css,.css,232,,,,css,unknown,65,50,shared-style-candidate,False,none,none,none,"Style component for observability; review for shared tokens, theme, palette, Tailwind, or global style normalization.",style-score:130 | observability-score:55,6a94f45c22715750
6caf74bef7ce7304b43392b1,mbarbine__vanagain-site,style,"style,observability,security",stylesheet,observability,simple-line-icons,simple-line-icons,admin/public/assets/frontend/assets/plugins/simple-line-icons/simple-line-icons.css,.css,535,,,,css,unknown,65,40,shared-style-candidate,True,none,none,none,"Style component for observability; review for shared tokens, theme, palette, Tailwind, or global style normalization.",style-score:130 | observability-score:55 | security-score:55,9565762bab8c8b1b
ab547c06981ca8958f9441ad,mbarbine__vanagain-site,style,"style,observability,security",stylesheet,observability,simple-line-icons.min,simple-line-icons-min,admin/public/assets/frontend/assets/plugins/simple-line-icons/simple-line-icons.min.css,.css,2,,,,css,unknown,60,50,shared-style-candidate,True,none,none,none,"Style component for observability; review for shared tokens, theme, palette, Tailwind, or global style normalization.",style-score:130 | observability-score:55 | security-score:55,4b681a7b7a54a5f6
1231e1c3ac3c28aeaa22771e,mbarbine__vanagain-site,style,"style,security",stylesheet,auth-and-keys,daterangepicker,daterangepicker,admin/public/assets/frontend/assets/plugins/bootstrap-daterangepicker/daterangepicker.css,.css,375,,,,css,unknown,65,50,shared-style-candidate,True,none,none,none,"Style component for auth-and-keys; review for shared tokens, theme, palette, Tailwind, or global style normalization.",style-score:130 | security-score:55,a7a43ae2250b880a
71d9369523e1a095152b24c5,mbarbine__vanagain-site,style,style,stylesheet,commerce,daterangepicker.min,daterangepicker-min,admin/public/assets/frontend/assets/plugins/bootstrap-daterangepicker/daterangepicker.min.css,.css,1,,,,css,unknown,50,35,shared-style-candidate,True,none,none,none,"Style component for commerce; review for shared tokens, theme, palette, Tailwind, or global style normalization.",style-score:130,20cfa9398db43dea
517646d71d443eeca8f71bef,mbarbine__vanagain-site,style,"style,observability",stylesheet,observability,bootstrap-timepicker,bootstrap-timepicker,admin/public/assets/frontend/assets/plugins/bootstrap-timepicker/css/bootstrap-timepicker.css,.css,146,,,,css,unknown,65,55,shared-style-candidate,True,none,none,none,"Style component for observability; review for shared tokens, theme, palette, Tailwind, or global style normalization.",style-score:130 | observability-score:55,e339935df035bbe2
ddc925b289ad82f27889a6be,mbarbine__vanagain-site,style,"style,observability",stylesheet,observability,bootstrap-timepicker.min,bootstrap-timepicker-min,admin/public/assets/frontend/assets/plugins/bootstrap-timepicker/css/bootstrap-timepicker.min.css,.css,10,,,,css,unknown,60,55,shared-style-candidate,True,none,none,none,"Style component for observability; review for shared tokens, theme, palette, Tailwind, or global style normalization.",style-score:130 | observability-score:55,4a6743fb617907c6
7c088a80a26eced2dc74d664,mbarbine__vanagain-site,style,"style,security",stylesheet,media,owl.carousel,owl-carousel,admin/public/assets/frontend/assets/plugins/owl-carousel/assets/owl.carousel.css,.css,1,,,,css,unknown,60,35,shared-style-candidate,True,none,none,none,"Style component for media; review for shared tokens, theme, palette, Tailwind, or global style normalization.",style-score:130 | security-score:55,01420977a0175804
346e36580b7003fadfa14776,mbarbine__vanagain-site,style,"style,observability",stylesheet,commerce,layers,layers,admin/public/assets/frontend/assets/plugins/revo-slider/css/layers.css,.css,1,,,,css,unknown,60,35,shared-style-candidate,False,none,none,none,"Style component for commerce; review for shared tokens, theme, palette, Tailwind, or global style normalization.",style-score:130 | observability-score:55,da92018c47e61c72
baf8b1959a4677a51303e5fc,mbarbine__vanagain-site,style,"style,observability,security",stylesheet,observability,settings,settings,admin/public/assets/frontend/assets/plugins/revo-slider/css/settings.css,.css,1,,,,css,unknown,60,50,shared-style-candidate,True,none,none,none,"Style component for observability; review for shared tokens, theme, palette, Tailwind, or global style normalization.",style-score:130 | observability-score:55 | security-score:55,6458ec95722a7506
77516ef059dd04649444ab55,mbarbine__vanagain-site,style,style,stylesheet,commerce,navigation,navigation,admin/public/assets/frontend/assets/plugins/revo-slider/css/navigation.css,.css,4,,,,css,unknown,50,35,shared-style-candidate,True,none,none,none,"Style component for commerce; review for shared tokens, theme, palette, Tailwind, or global style normalization.",style-score:130,2dae1502245e721d
de3bbc6eb900a83910ff9b43,mbarbine__vanagain-site,style,"style,security",stylesheet,auth-and-keys,hebe,hebe,admin/public/assets/frontend/assets/plugins/revo-slider/css/navigation-skins/hebe.css,.css,196,,,,css,unknown,65,55,shared-style-candidate,True,none,none,none,"Style component for auth-and-keys; review for shared tokens, theme, palette, Tailwind, or global style normalization.",style-score:130 | security-score:55,0a98c9f38af85341
67b7076c6616ad7cfd57e34b,mbarbine__vanagain-site,style,"style,security",stylesheet,auth-and-keys,metis,metis,admin/public/assets/frontend/assets/plugins/revo-slider/css/navigation-skins/metis.css,.css,206,,,,css,unknown,65,50,shared-style-candidate,True,none,none,none,"Style component for auth-and-keys; review for shared tokens, theme, palette, Tailwind, or global style normalization.",style-score:130 | security-score:55,316fabb6e59ea6c4
be6024418390afa5916275d8,mbarbine__vanagain-site,style,"style,security",stylesheet,auth-and-keys,hades,hades,admin/public/assets/frontend/assets/plugins/revo-slider/css/navigation-skins/hades.css,.css,256,,,,css,unknown,65,50,shared-style-candidate,True,none,none,none,"Style component for auth-and-keys; review for shared tokens, theme, palette, Tailwind, or global style normalization.",style-score:130 | security-score:55,6b928100c87c84b9
20f87d26211ae972c9630847,mbarbine__vanagain-site,style,"style,security",stylesheet,auth-and-keys,uranus,uranus,admin/public/assets/frontend/assets/plugins/revo-slider/css/navigation-skins/uranus.css,.css,72,,,,css,unknown,65,55,shared-style-candidate,False,none,none,none,"Style component for auth-and-keys; review for shared tokens, theme, palette, Tailwind, or global style normalization.",style-score:130 | security-score:55,2e3468686e67bee2
ca9e0072cc192292ca301a2c,mbarbine__vanagain-site,style,"style,security",stylesheet,auth-and-keys,dione,dione,admin/public/assets/frontend/assets/plugins/revo-slider/css/navigation-skins/dione.css,.css,177,,,,css,unknown,65,55,shared-style-candidate,False,none,none,none,"Style component for auth-and-keys; review for shared tokens, theme, palette, Tailwind, or global style normalization.",style-score:130 | security-score:55,7c40b82be25e907e
02eaaf4c556b4e01c4849da0,mbarbine__vanagain-site,style,"style,security",stylesheet,auth-and-keys,custom,custom,admin/public/assets/frontend/assets/plugins/revo-slider/css/navigation-skins/custom.css,.css,79,,,,css,unknown,65,55,shared-style-candidate,True,none,none,none,"Style component for auth-and-keys; review for shared tokens, theme, palette, Tailwind, or global style normalization.",style-score:130 | security-score:55,65ad35063ca7033e
fdaa54a2c9ad4550c385863b,mbarbine__vanagain-site,style,"style,security",stylesheet,auth-and-keys,ares,ares,admin/public/assets/frontend/assets/plugins/revo-slider/css/navigation-skins/ares.css,.css,241,,,,css,unknown,65,50,shared-style-candidate,True,none,none,none,"Style component for auth-and-keys; review for shared tokens, theme, palette, Tailwind, or global style normalization.",style-score:130 | security-score:55,c72d5f568818468d
7327357ba0c5f6d484fe3068,mbarbine__vanagain-site,style,"style,security",stylesheet,auth-and-keys,hesperiden,hesperiden,admin/public/assets/frontend/assets/plugins/revo-slider/css/navigation-skins/hesperiden.css,.css,187,,,,css,unknown,65,55,shared-style-candidate,True,none,none,none,"Style component for auth-and-keys; review for shared tokens, theme, palette, Tailwind, or global style normalization.",style-score:130 | security-score:55,2b3f417a771f8e78
65b468883977914a7cb5fc6e,mbarbine__vanagain-site,style,"style,security",stylesheet,auth-and-keys,hermes,hermes,admin/public/assets/frontend/assets/plugins/revo-slider/css/navigation-skins/hermes.css,.css,223,,,,css,unknown,65,50,shared-style-candidate,True,none,none,none,"Style component for auth-and-keys; review for shared tokens, theme, palette, Tailwind, or global style normalization.",style-score:130 | security-score:55,cc3292cf35b0e969
ce096809e7753ed0841cec4d,mbarbine__vanagain-site,style,"style,security",stylesheet,auth-and-keys,zeus,zeus,admin/public/assets/frontend/assets/plugins/revo-slider/css/navigation-skins/zeus.css,.css,280,,,,css,unknown,65,50,shared-style-candidate,True,none,none,none,"Style component for auth-and-keys; review for shared tokens, theme, palette, Tailwind, or global style normalization.",style-score:130 | security-score:55,333a469eac406774
3db4edbf4fb6fe634dc61d18,mbarbine__vanagain-site,style,"style,security",stylesheet,auth-and-keys,gyges,gyges,admin/public/assets/frontend/assets/plugins/revo-slider/css/navigation-skins/gyges.css,.css,209,,,,css,unknown,65,50,shared-style-candidate,True,none,none,none,"Style component for auth-and-keys; review for shared tokens, theme, palette, Tailwind, or global style normalization.",style-score:130 | security-score:55,fd6a60d448c2f410
295a42203cac3a6585bf8316,mbarbine__vanagain-site,style,"style,security",stylesheet,auth-and-keys,erinyen,erinyen,admin/public/assets/frontend/assets/plugins/revo-slider/css/navigation-skins/erinyen.css,.css,276,,,,css,unknown,65,50,shared-style-candidate,True,none,none,none,"Style component for auth-and-keys; review for shared tokens, theme, palette, Tailwind, or global style normalization.",style-score:130 | security-score:55,fc0fa8420a9ddf05
ff96d4f5a7677619f65ae659,mbarbine__vanagain-site,style,"style,security",stylesheet,auth-and-keys,persephone,persephone,admin/public/assets/frontend/assets/plugins/revo-slider/css/navigation-skins/persephone.css,.css,74,,,,css,unknown,65,55,shared-style-candidate,True,none,none,none,"Style component for auth-and-keys; review for shared tokens, theme, palette, Tailwind, or global style normalization.",style-score:130 | security-score:55,b63005fc95f37822
9f36c00365eb52f86faa18ba,mbarbine__vanagain-site,style,"style,security",stylesheet,auth-and-keys,hephaistos,hephaistos,admin/public/assets/frontend/assets/plugins/revo-slider/css/navigation-skins/hephaistos.css,.css,81,,,,css,unknown,65,55,shared-style-candidate,True,none,none,none,"Style component for auth-and-keys; review for shared tokens, theme, palette, Tailwind, or global style normalization.",style-score:130 | security-score:55,5f67eb597652eb70
d1e912cb9279e4101b869a4d,mbarbine__vanagain-site,style,"style,observability,security",stylesheet,ai,pe-icon-7-stroke,pe-icon-7-stroke,admin/public/assets/frontend/assets/plugins/revo-slider/fonts/pe-icon-7-stroke/css/pe-icon-7-stroke.css,.css,632,,,,css,unknown,65,40,shared-style-candidate,True,none,none,none,"Style component for ai; review for shared tokens, theme, palette, Tailwind, or global style normalization.",style-score:130 | observability-score:55 | security-score:55,569e4f4c3300d4c2
fad71bd7548c1f2fdf9b482c,mbarbine__vanagain-site,style,"style,security",stylesheet,commerce,helper,helper,admin/public/assets/frontend/assets/plugins/revo-slider/fonts/pe-icon-7-stroke/css/helper.css,.css,191,,,,css,unknown,65,40,shared-style-candidate,False,none,none,none,"Style component for commerce; review for shared tokens, theme, palette, Tailwind, or global style normalization.",style-score:130 | security-score:55,2b80e4c11c367db7
ffdc371714ac175c68b26b21,mbarbine__vanagain-site,style,"style,security",stylesheet,media,font-awesome,font-awesome,admin/public/assets/frontend/assets/plugins/revo-slider/fonts/font-awesome/css/font-awesome.css,.css,2086,,,,css,unknown,65,20,shared-style-candidate,False,none,none,none,"Style component for media; review for shared tokens, theme, palette, Tailwind, or global style normalization.",style-score:130 | security-score:55,7e7ade77cbf465c2
51a23a71280aacd5424adb42,mbarbine__vanagain-site,style,"style,security",stylesheet,media,font-awesome.min,font-awesome-min,admin/public/assets/frontend/assets/plugins/revo-slider/fonts/font-awesome/css/font-awesome.min.css,.css,5,,,,css,unknown,60,35,shared-style-candidate,True,none,none,none,"Style component for media; review for shared tokens, theme, palette, Tailwind, or global style normalization.",style-score:130 | security-score:55,c92ff564f0bbff01
02387f52a74bad4ef66ab457,mbarbine__vanagain-site,style,"style,security",stylesheet,media,font-awesome,font-awesome,admin/public/assets/frontend/assets/plugins/font-awesome/css/font-awesome.css,.css,2026,,,,css,unknown,65,20,shared-style-candidate,False,none,none,none,"Style component for media; review for shared tokens, theme, palette, Tailwind, or global style normalization.",style-score:130 | security-score:55,8e17416059f9e1ad
f9c9c988690b89975873fe48,mbarbine__vanagain-site,style,"style,security",stylesheet,discovery,font-awesome.min,font-awesome-min,admin/public/assets/frontend/assets/plugins/font-awesome/css/font-awesome.min.css,.css,4,,,,css,unknown,60,50,shared-style-candidate,True,none,none,none,"Style component for discovery; review for shared tokens, theme, palette, Tailwind, or global style normalization.",style-score:130 | security-score:55,936ffccdc35bc552
c8de1eb9e5f7cd3a724b1339,mbarbine__vanagain-site,style,style,stylesheet,general,list,list,admin/public/assets/frontend/assets/plugins/font-awesome/less/list.less,.less,19,,,,css,unknown,55,40,shared-style-candidate,False,none,none,none,"Style component for general; review for shared tokens, theme, palette, Tailwind, or global style normalization.",style-score:100,024abb930e6669f2
1137f41a7b711a4715dcf618,mbarbine__vanagain-site,style,style,stylesheet,general,stacked,stacked,admin/public/assets/frontend/assets/plugins/font-awesome/less/stacked.less,.less,20,,,,css,unknown,55,40,shared-style-candidate,False,none,none,none,"Style component for general; review for shared tokens, theme, palette, Tailwind, or global style normalization.",style-score:100,3f9de6c3e0f1a2bc
12c4c653a885fadd22e11413,mbarbine__vanagain-site,style,"style,logic",stylesheet,general,core,core,admin/public/assets/frontend/assets/plugins/font-awesome/less/core.less,.less,12,,,,css,unknown,65,40,shared-style-candidate,False,none,none,secondary,"Style component for general; review for shared tokens, theme, palette, Tailwind, or global style normalization.",style-score:100 | logic-score:70,a4a93d598134f656
bb8aa3191ae8731b50336e90,mbarbine__vanagain-site,style,style,stylesheet,general,fixed-width,fixed-width,admin/public/assets/frontend/assets/plugins/font-awesome/less/fixed-width.less,.less,6,,,,css,unknown,50,35,shared-style-candidate,False,none,none,none,"Style component for general; review for shared tokens, theme, palette, Tailwind, or global style normalization.",style-score:100,0ef853a3192742d2
1c5045d2757246ed815c5af4,mbarbine__vanagain-site,style,"style,security",stylesheet,discovery,variables,variables,admin/public/assets/frontend/assets/plugins/font-awesome/less/variables.less,.less,688,,,,css,unknown,65,40,shared-style-candidate,False,none,none,none,"Style component for discovery; review for shared tokens, theme, palette, Tailwind, or global style normalization.",style-score:100 | security-score:55,385686a9ab02f753
2d5c1f6239fbdfa1eae4730b,mbarbine__vanagain-site,style,style,stylesheet,general,rotated-flipped,rotated-flipped,admin/public/assets/frontend/assets/plugins/font-awesome/less/rotated-flipped.less,.less,20,,,,css,unknown,55,40,shared-style-candidate,False,none,none,none,"Style component for general; review for shared tokens, theme, palette, Tailwind, or global style normalization.",style-score:100,d67df95488eec84d
306fdda03028a64bbac40c0f,mbarbine__vanagain-site,style,style,stylesheet,commerce,font-awesome,font-awesome,admin/public/assets/frontend/assets/plugins/font-awesome/less/font-awesome.less,.less,17,,,,css,unknown,55,40,shared-style-candidate,False,none,none,none,"Style component for commerce; review for shared tokens, theme, palette, Tailwind, or global style normalization.",style-score:100,b56c46e6f84f32d0
7b1b0c1468695f01af01ee3c,mbarbine__vanagain-site,style,"style,security",stylesheet,media,icons,icons,admin/public/assets/frontend/assets/plugins/font-awesome/less/icons.less,.less,677,,,,css,unknown,65,25,shared-style-candidate,True,none,none,none,"Style component for media; review for shared tokens, theme, palette, Tailwind, or global style normalization.",style-score:100 | security-score:55,4b63fbba6ca02e3a
c9be74c4299cfab95736eb2b,mbarbine__vanagain-site,style,style,stylesheet,general,path,path,admin/public/assets/frontend/assets/plugins/font-awesome/less/path.less,.less,15,,,,css,unknown,55,40,shared-style-candidate,False,none,none,none,"Style component for general; review for shared tokens, theme, palette, Tailwind, or global style normalization.",style-score:100,79727cb6aa668b45
e51866ac8ca0f579f9d6fee9,mbarbine__vanagain-site,style,"style,security",stylesheet,logic,animated,animated,admin/public/assets/frontend/assets/plugins/font-awesome/less/animated.less,.less,34,,,,css,unknown,65,55,shared-style-candidate,True,none,none,none,"Style component for logic; review for shared tokens, theme, palette, Tailwind, or global style normalization.",style-score:100 | security-score:55,c7035423d5a1e03d
03d0860525a9350e4e7dc912,mbarbine__vanagain-site,style,style,stylesheet,commerce,bordered-pulled,bordered-pulled,admin/public/assets/frontend/assets/plugins/font-awesome/less/bordered-pulled.less,.less,25,,,,css,unknown,55,40,shared-style-candidate,False,none,none,none,"Style component for commerce; review for shared tokens, theme, palette, Tailwind, or global style normalization.",style-score:100,e3d168a292ba33d4
b485ac0de4165dbadca1ea86,mbarbine__vanagain-site,style,style,stylesheet,general,larger,larger,admin/public/assets/frontend/assets/plugins/font-awesome/less/larger.less,.less,13,,,,css,unknown,55,40,shared-style-candidate,False,none,none,none,"Style component for general; review for shared tokens, theme, palette, Tailwind, or global style normalization.",style-score:100,dfc79d4325804e9a
4abd9b350ea7b825347694cd,mbarbine__vanagain-site,style,style,stylesheet,logic,mixins,mixins,admin/public/assets/frontend/assets/plugins/font-awesome/less/mixins.less,.less,26,,,,css,unknown,55,55,shared-style-candidate,True,none,none,none,"Style component for logic; review for shared tokens, theme, palette, Tailwind, or global style normalization.",style-score:100,5f6ee27de444452a
460a09fa62ad0ce187fad323,mbarbine__vanagain-site,style,style,stylesheet,general,_stacked,stacked,admin/public/assets/frontend/assets/plugins/font-awesome/scss/_stacked.scss,.scss,20,,,,css,unknown,55,40,shared-style-candidate,False,none,none,none,"Style component for general; review for shared tokens, theme, palette, Tailwind, or global style normalization.",style-score:130,70f33fd079ab7085
52bb63703fb01cf7b6824ffa,mbarbine__vanagain-site,style,"style,security",stylesheet,discovery,_variables,variables,admin/public/assets/frontend/assets/plugins/font-awesome/scss/_variables.scss,.scss,688,,,,css,unknown,65,40,shared-style-candidate,False,none,none,none,"Style component for discovery; review for shared tokens, theme, palette, Tailwind, or global style normalization.",style-score:130 | security-score:55,66f5046fd611f0fb
216007aebc9963ffcde7a7a7,mbarbine__vanagain-site,style,style,stylesheet,commerce,font-awesome,font-awesome,admin/public/assets/frontend/assets/plugins/font-awesome/scss/font-awesome.scss,.scss,17,,,,css,unknown,55,40,shared-style-candidate,False,none,none,none,"Style component for commerce; review for shared tokens, theme, palette, Tailwind, or global style normalization.",style-score:130,4bf01b89aaabb6e3
801bebd4ac92ba12da1ecab6,mbarbine__vanagain-site,style,style,stylesheet,general,_rotated-flipped,rotated-flipped,admin/public/assets/frontend/assets/plugins/font-awesome/scss/_rotated-flipped.scss,.scss,20,,,,css,unknown,55,40,shared-style-candidate,False,none,none,none,"Style component for general; review for shared tokens, theme, palette, Tailwind, or global style normalization.",style-score:130,ff0686d76acde358
079c0afa546e875833220603,mbarbine__vanagain-site,style,style,stylesheet,general,_path,path,admin/public/assets/frontend/assets/plugins/font-awesome/scss/_path.scss,.scss,15,,,,css,unknown,55,40,shared-style-candidate,False,none,none,none,"Style component for general; review for shared tokens, theme, palette, Tailwind, or global style normalization.",style-score:130,0e035e21bbdf7f14
9aa2f310f8e9d3b4f1e636ad,mbarbine__vanagain-site,style,style,stylesheet,general,_list,list,admin/public/assets/frontend/assets/plugins/font-awesome/scss/_list.scss,.scss,19,,,,css,unknown,55,40,shared-style-candidate,False,none,none,none,"Style component for general; review for shared tokens, theme, palette, Tailwind, or global style normalization.",style-score:130,d5430a6695febcd9
1225e70933e38a266dd62d34,mbarbine__vanagain-site,style,style,stylesheet,general,_larger,larger,admin/public/assets/frontend/assets/plugins/font-awesome/scss/_larger.scss,.scss,13,,,,css,unknown,55,40,shared-style-candidate,False,none,none,none,"Style component for general; review for shared tokens, theme, palette, Tailwind, or global style normalization.",style-score:130,fb4e8e7d5d03074d
57c3244810b47673368228d6,mbarbine__vanagain-site,style,"style,logic",stylesheet,general,_core,core,admin/public/assets/frontend/assets/plugins/font-awesome/scss/_core.scss,.scss,12,,,,css,unknown,65,40,shared-style-candidate,False,none,none,secondary,"Style component for general; review for shared tokens, theme, palette, Tailwind, or global style normalization.",style-score:130 | logic-score:70,e6e81949b0ac4668
4ec869d53b7490de2dd5925f,mbarbine__vanagain-site,style,style,stylesheet,logic,_mixins,mixins,admin/public/assets/frontend/assets/plugins/font-awesome/scss/_mixins.scss,.scss,26,,,,css,unknown,55,55,shared-style-candidate,True,none,none,none,"Style component for logic; review for shared tokens, theme, palette, Tailwind, or global style normalization.",style-score:130,f007a6e985c4064b
9cd8f6da7967a34f979aaec8,mbarbine__vanagain-site,style,"style,security",stylesheet,logic,_animated,animated,admin/public/assets/frontend/assets/plugins/font-awesome/scss/_animated.scss,.scss,34,,,,css,unknown,65,55,shared-style-candidate,True,none,none,none,"Style component for logic; review for shared tokens, theme, palette, Tailwind, or global style normalization.",style-score:130 | security-score:55,900e2531ca7544fa
2606410cb773be958186bc74,mbarbine__vanagain-site,style,"style,security",stylesheet,media,_icons,icons,admin/public/assets/frontend/assets/plugins/font-awesome/scss/_icons.scss,.scss,677,,,,css,unknown,65,25,shared-style-candidate,True,none,none,none,"Style component for media; review for shared tokens, theme, palette, Tailwind, or global style normalization.",style-score:130 | security-score:55,c03f868a11693885
fbf0348dd7bd4ec649d092b0,mbarbine__vanagain-site,style,style,stylesheet,general,_fixed-width,fixed-width,admin/public/assets/frontend/assets/plugins/font-awesome/scss/_fixed-width.scss,.scss,6,,,,css,unknown,50,35,shared-style-candidate,False,none,none,none,"Style component for general; review for shared tokens, theme, palette, Tailwind, or global style normalization.",style-score:130,b8b0b3478e04e868
2942091c31509a78d7bfaab9,mbarbine__vanagain-site,style,style,stylesheet,commerce,_bordered-pulled,bordered-pulled,admin/public/assets/frontend/assets/plugins/font-awesome/scss/_bordered-pulled.scss,.scss,25,,,,css,unknown,55,40,shared-style-candidate,False,none,none,none,"Style component for commerce; review for shared tokens, theme, palette, Tailwind, or global style normalization.",style-score:130,d1d28d405b932831
27b54d9e2492b89dae461d61,mbarbine__vanagain-site,style,"style,observability",stylesheet,observability,plugins,plugins,admin/public/assets/frontend/assets/demos/default/css/plugins.css,.css,1,,,,css,unknown,60,50,shared-style-candidate,True,none,none,none,"Style component for observability; review for shared tokens, theme, palette, Tailwind, or global style normalization.",style-score:130 | observability-score:55,7d4faccf6eeb60f4
604771584e489c9f8ddcd678,mbarbine__vanagain-site,style,style,stylesheet,general,custom,custom,admin/public/assets/frontend/assets/demos/default/css/custom.css,.css,0,,,,css,unknown,50,35,shared-style-candidate,False,none,none,none,"Style component for general; review for shared tokens, theme, palette, Tailwind, or global style normalization.",style-score:130,b5e5d39f2640c2cf
4f9632c6d83bd305af876b1c,mbarbine__vanagain-site,style,style,stylesheet,editor,components-rtl,components-rtl,admin/public/assets/frontend/assets/demos/default/css/components-rtl.css,.css,1,,,,css,unknown,60,35,shared-style-candidate,True,none,none,none,"Style component for editor; review for shared tokens, theme, palette, Tailwind, or global style normalization.",style-score:130,3edeca00f359fc95
52d0df6652116e3994d5d2c4,mbarbine__vanagain-site,style,style,stylesheet,general,custom-rtl,custom-rtl,admin/public/assets/frontend/assets/demos/default/css/custom-rtl.css,.css,0,,,,css,unknown,50,35,shared-style-candidate,False,none,none,none,"Style component for general; review for shared tokens, theme, palette, Tailwind, or global style normalization.",style-score:130,71afc732172c6e78
c160496adec41d9e01639de0,mbarbine__vanagain-site,style,"style,observability",stylesheet,observability,plugins-rtl,plugins-rtl,admin/public/assets/frontend/assets/demos/default/css/plugins-rtl.css,.css,1,,,,css,unknown,60,50,shared-style-candidate,True,none,none,none,"Style component for observability; review for shared tokens, theme, palette, Tailwind, or global style normalization.",style-score:130 | observability-score:55,e5d2cc2d0ec9d272
3c1a590ea34459b506f8897a,mbarbine__vanagain-site,style,style,stylesheet,editor,components,components,admin/public/assets/frontend/assets/demos/default/css/components.css,.css,691,,,,css,unknown,65,25,shared-style-candidate,True,none,none,none,"Style component for editor; review for shared tokens, theme, palette, Tailwind, or global style normalization.",style-score:130,5f182c8b9fbad192
7a54e8b4ac8321e7ffc7d06e,mbarbine__vanagain-site,style,"style,observability",design-token,observability,default,default,admin/public/assets/frontend/assets/demos/default/css/themes/default.css,.css,342,,,,css,unknown,65,75,shared-style-candidate,True,none,none,none,"Style component for observability; review for shared tokens, theme, palette, Tailwind, or global style normalization.",style-score:130 | observability-score:55,27786b2c447b16af
40eed04f81cebacc9dab2d4a,mbarbine__vanagain-site,style,"style,observability",design-token,observability,default-rtl,default-rtl,admin/public/assets/frontend/assets/demos/default/css/themes/default-rtl.css,.css,342,,,,css,unknown,65,75,shared-style-candidate,True,none,none,none,"Style component for observability; review for shared tokens, theme, palette, Tailwind, or global style normalization.",style-score:130 | observability-score:55,7ed6df6385f5896c
18160e17d1b569af321bf1cb,mbarbine__vanagain-site,style,"style,observability",stylesheet,observability,print,print,admin/public/assets/admin/print.css,.css,286,,,,css,unknown,65,50,shared-style-candidate,True,none,none,none,"Style component for observability; review for shared tokens, theme, palette, Tailwind, or global style normalization.",style-score:130 | observability-score:55,5697cafc9b1f88e5
12e136920938bd9e6ff5bbb5,mbarbine__vanagain-site,style,"style,observability,security",stylesheet,editor,bootstrap.min,bootstrap-min,admin/public/assets/admin/bootstrap/css/bootstrap.min.css,.css,8,,,,css,unknown,60,35,shared-style-candidate,True,none,none,none,"Style component for editor; review for shared tokens, theme, palette, Tailwind, or global style normalization.",style-score:130 | observability-score:55 | security-score:55,4ce047d711d966ca
d5ee1fe723a97041d18fd5fb,mbarbine__vanagain-site,style,"style,observability,security",stylesheet,editor,bootstrap,bootstrap,admin/public/assets/admin/bootstrap/css/bootstrap.css,.css,6757,,,,css,unknown,65,20,shared-style-candidate,True,none,none,none,"Style component for editor; review for shared tokens, theme, palette, Tailwind, or global style normalization.",style-score:130 | observability-score:55 | security-score:55,7e630d90c7234b0d
d67525fb2f28c907dd9bf57e,mbarbine__vanagain-site,style,style,design-token,commerce,bootstrap-theme,bootstrap-theme,admin/public/assets/admin/bootstrap/css/bootstrap-theme.css,.css,587,,,,css,unknown,55,50,shared-style-candidate,False,none,none,none,"Style component for commerce; review for shared tokens, theme, palette, Tailwind, or global style normalization.",style-score:130,c4ea52f9efdd111f
3b32685292f959f7c8bdb95d,mbarbine__vanagain-site,style,style,design-token,commerce,bootstrap-theme.min,bootstrap-theme-min,admin/public/assets/admin/bootstrap/css/bootstrap-theme.min.css,.css,6,,,,css,unknown,50,60,shared-style-candidate,False,none,none,none,"Style component for commerce; review for shared tokens, theme, palette, Tailwind, or global style normalization.",style-score:130,653e073e97423add
ef5e174c54a481b77f35c0c0,mbarbine__vanagain-site,style,"style,observability",stylesheet,observability,bootstrap-timepicker,bootstrap-timepicker,admin/public/assets/admin/plugins/timepicker/bootstrap-timepicker.css,.css,121,,,,css,unknown,65,55,shared-style-candidate,True,none,none,none,"Style component for observability; review for shared tokens, theme, palette, Tailwind, or global style normalization.",style-score:130 | observability-score:55,8b034ce2131b486b
ac2eeef49ff5d8075afd2051,mbarbine__vanagain-site,style,"style,observability",stylesheet,observability,bootstrap-timepicker.min,bootstrap-timepicker-min,admin/public/assets/admin/plugins/timepicker/bootstrap-timepicker.min.css,.css,10,,,,css,unknown,60,55,shared-style-candidate,True,none,none,none,"Style component for observability; review for shared tokens, theme, palette, Tailwind, or global style normalization.",style-score:130 | observability-score:55,26fcd5729914e3e5
ae1fcdd448b94924a68a0611,mbarbine__vanagain-site,style,"style,observability,security,logic,automation,ai",stylesheet,observability,codemirror,codemirror,admin/public/assets/admin/plugins/ckfinder/plugins/fileeditor/codemirror/lib/codemirror.css,.css,334,,,,css,unknown,75,50,shared-style-candidate,True,none,secondary,secondary,"Style component for observability; review for shared tokens, theme, palette, Tailwind, or global style normalization.",style-score:130 | observability-score:55 | security-score:55 | logic-score:45 | automation-score:45 | ai-score:45,04ecba157f66a6e0
079b6bece67680e511f44983,mbarbine__vanagain-site,style,style,stylesheet,editor,colorbox,colorbox,admin/public/assets/admin/plugins/ckfinder/plugins/gallery/colorbox/colorbox.css,.css,69,,,,css,unknown,55,40,shared-style-candidate,True,none,none,none,"Style component for editor; review for shared tokens, theme, palette, Tailwind, or global style normalization.",style-score:130,eff71b49996cfc68
fa88599e2e4cb7dd72e346a4,mbarbine__vanagain-site,style,style,stylesheet,commerce,richcombo,richcombo,admin/public/assets/admin/plugins/ckfinder/skins/v1/richcombo.css,.css,7,,,,css,unknown,50,35,shared-style-candidate,False,none,none,none,"Style component for commerce; review for shared tokens, theme, palette, Tailwind, or global style normalization.",style-score:130,9e6589a516c1f498
d1a7c180c06eeeb410068c53,mbarbine__vanagain-site,style,"style,observability,automation",stylesheet,observability,app,app,admin/public/assets/admin/plugins/ckfinder/skins/v1/app.css,.css,15,,,,css,unknown,65,55,shared-style-candidate,True,none,secondary,none,"Style component for observability; review for shared tokens, theme, palette, Tailwind, or global style normalization.",style-score:130 | observability-score:55 | automation-score:45 | cron-or-schedule,372ae4e497019d8a
9bfd3d3414e2be479303f2fa,mbarbine__vanagain-site,style,"style,observability",stylesheet,observability,host,host,admin/public/assets/admin/plugins/ckfinder/skins/v1/host.css,.css,8,,,,css,unknown,60,50,shared-style-candidate,True,none,none,none,"Style component for observability; review for shared tokens, theme, palette, Tailwind, or global style normalization.",style-score:130 | observability-score:55,fbe00faabe8ad3aa
86c11147c955a769d494f35e,mbarbine__vanagain-site,style,"style,observability,automation",stylesheet,observability,uipanel,uipanel,admin/public/assets/admin/plugins/ckfinder/skins/v1/uipanel.css,.css,8,,,,css,unknown,60,50,shared-style-candidate,True,none,secondary,none,"Style component for observability; review for shared tokens, theme, palette, Tailwind, or global style normalization.",style-score:130 | observability-score:55 | automation-score:45 | cron-or-schedule,16f7d6034950cd5b
559f3f414bb13095e8d1b6bb,mbarbine__vanagain-site,style,"style,observability,security,automation",stylesheet,observability,app,app,admin/public/assets/admin/plugins/ckfinder/skins/bootstrap/app.css,.css,46,,,,css,unknown,65,55,shared-style-candidate,True,none,secondary,none,"Style component for observability; review for shared tokens, theme, palette, Tailwind, or global style normalization.",style-score:130 | observability-score:55 | security-score:55 | automation-score:45 | cron-or-schedule,671e3a5ce9f9b9f7
f9ae25e9057085f3572658bf,mbarbine__vanagain-site,style,"style,observability,security",stylesheet,editor,host,host,admin/public/assets/admin/plugins/ckfinder/skins/bootstrap/host.css,.css,41,,,,css,unknown,65,40,shared-style-candidate,True,none,none,none,"Style component for editor; review for shared tokens, theme, palette, Tailwind, or global style normalization.",style-score:130 | observability-score:55 | security-score:55,e7041eeeb5910a9a
4ef2fc6a827434057c2fc1c3,mbarbine__vanagain-site,style,"style,observability,automation",stylesheet,observability,uipanel,uipanel,admin/public/assets/admin/plugins/ckfinder/skins/bootstrap/uipanel.css,.css,8,,,,css,unknown,60,50,shared-style-candidate,True,none,secondary,none,"Style component for observability; review for shared tokens, theme, palette, Tailwind, or global style normalization.",style-score:130 | observability-score:55 | automation-score:45 | cron-or-schedule,afdfb74e03144b6d
2e8bd0cfc29e28e752ac3a63,mbarbine__vanagain-site,style,style,stylesheet,commerce,richcombo,richcombo,admin/public/assets/admin/plugins/ckfinder/skins/kama/richcombo.css,.css,7,,,,css,unknown,50,35,shared-style-candidate,False,none,none,none,"Style component for commerce; review for shared tokens, theme, palette, Tailwind, or global style normalization.",style-score:130,5c8d457b80ec7666
f3e4fd2fa72603164f6b5a1c,mbarbine__vanagain-site,style,"style,observability,automation",stylesheet,observability,app,app,admin/public/assets/admin/plugins/ckfinder/skins/kama/app.css,.css,16,,,,css,unknown,65,55,shared-style-candidate,True,none,secondary,none,"Style component for observability; review for shared tokens, theme, palette, Tailwind, or global style normalization.",style-score:130 | observability-score:55 | automation-score:45 | cron-or-schedule,54a49e32c55cdadd
210d2e7b6e5d8d0fb218b287,mbarbine__vanagain-site,style,"style,observability",stylesheet,observability,host,host,admin/public/assets/admin/plugins/ckfinder/skins/kama/host.css,.css,9,,,,css,unknown,60,50,shared-style-candidate,True,none,none,none,"Style component for observability; review for shared tokens, theme, palette, Tailwind, or global style normalization.",style-score:130 | observability-score:55,e8def085caa63fc0
e3117f4a9f5716759ce1a23f,mbarbine__vanagain-site,style,"style,observability,automation",stylesheet,observability,uipanel,uipanel,admin/public/assets/admin/plugins/ckfinder/skins/kama/uipanel.css,.css,8,,,,css,unknown,60,50,shared-style-candidate,True,none,secondary,none,"Style component for observability; review for shared tokens, theme, palette, Tailwind, or global style normalization.",style-score:130 | observability-score:55 | automation-score:45 | cron-or-schedule,c48009a73cdfce96
db6b93ecdbdeb77269ef99e7,mbarbine__vanagain-site,style,"style,observability",stylesheet,observability,sample,sample,admin/public/assets/admin/plugins/ckfinder/_samples/sample.css,.css,171,,,,css,unknown,65,55,shared-style-candidate,True,none,none,none,"Style component for observability; review for shared tokens, theme, palette, Tailwind, or global style normalization.",style-score:130 | observability-score:55,eb91ec951a9e8027
ea1046cd861b508aff4766e1,mbarbine__vanagain-site,style,style,stylesheet,general,help,help,admin/public/assets/admin/plugins/ckfinder/help/files/other/help.css,.css,62,,,,css,unknown,55,40,shared-style-candidate,False,none,none,none,"Style component for general; review for shared tokens, theme, palette, Tailwind, or global style normalization.",style-score:130,5e7ac61ebde76171
df294a37fd2745c460443d38,mbarbine__vanagain-site,style,style,stylesheet,commerce,jquery-jvectormap-1.2.2,jquery-jvectormap-1-2-2,admin/public/assets/admin/plugins/jvectormap/jquery-jvectormap-1.2.2.css,.css,40,,,,css,unknown,55,40,shared-style-candidate,False,none,none,none,"Style component for commerce; review for shared tokens, theme, palette, Tailwind, or global style normalization.",style-score:130,286667916dd9adc4
1ef082c9c3a4f461ddd2ed56,mbarbine__vanagain-site,style,"style,integration,observability,automation",stylesheet,analytics,fullcalendar,fullcalendar,admin/public/assets/admin/plugins/fullcalendar/fullcalendar.css,.css,977,,,,css,unknown,65,20,shared-style-candidate,True,none,secondary,none,"Style component for analytics; review for shared tokens, theme, palette, Tailwind, or global style normalization.",style-score:130 | integration-score:55 | observability-score:55 | automation-score:45,f3957a03a80c5eb4
e4519f3cc4d245bd081a7f59,mbarbine__vanagain-site,style,"style,integration,observability",stylesheet,observability,fullcalendar.print,fullcalendar-print,admin/public/assets/admin/plugins/fullcalendar/fullcalendar.print.css,.css,202,,,,css,unknown,65,50,shared-style-candidate,True,none,none,none,"Style component for observability; review for shared tokens, theme, palette, Tailwind, or global style normalization.",style-score:130 | integration-score:55 | observability-score:55,916df06384180089
68f535db556191331dc5ec3e,mbarbine__vanagain-site,style,"style,integration,observability",stylesheet,observability,fullcalendar.min,fullcalendar-min,admin/public/assets/admin/plugins/fullcalendar/fullcalendar.min.css,.css,5,,,,css,unknown,60,50,shared-style-candidate,True,none,none,none,"Style component for observability; review for shared tokens, theme, palette, Tailwind, or global style normalization.",style-score:130 | integration-score:55 | observability-score:55,4b8c9e1db101e4d7
12255c3a805f9088403ad556,mbarbine__vanagain-site,style,"style,observability",design-token,observability,jquery.dataTables_themeroller,jquery-data-tables-themeroller,admin/public/assets/admin/plugins/datatables/jquery.dataTables_themeroller.css,.css,416,,,,css,unknown,65,75,shared-style-candidate,False,none,none,none,"Style component for observability; review for shared tokens, theme, palette, Tailwind, or global style normalization.",style-score:130 | observability-score:55,fc8e3aa67522614c
7505d2c7edeead8847dcbb6a,mbarbine__vanagain-site,style,style,stylesheet,editor,jquery.dataTables,jquery-data-tables,admin/public/assets/admin/plugins/datatables/jquery.dataTables.css,.css,455,,,,css,unknown,55,35,shared-style-candidate,True,none,none,none,"Style component for editor; review for shared tokens, theme, palette, Tailwind, or global style normalization.",style-score:130,924131ee63d13e3e
de73e28f1c75b9c144aa3507,mbarbine__vanagain-site,style,style,stylesheet,editor,dataTables.bootstrap,data-tables-bootstrap,admin/public/assets/admin/plugins/datatables/dataTables.bootstrap.css,.css,373,,,,css,unknown,55,35,shared-style-candidate,True,none,none,none,"Style component for editor; review for shared tokens, theme, palette, Tailwind, or global style normalization.",style-score:130,a6ae08d48e807597
c85e4bc0a4742472773d922c,mbarbine__vanagain-site,style,style,stylesheet,editor,jquery.dataTables.min,jquery-data-tables-min,admin/public/assets/admin/plugins/datatables/jquery.dataTables.min.css,.css,1,,,,css,unknown,50,35,shared-style-candidate,True,none,none,none,"Style component for editor; review for shared tokens, theme, palette, Tailwind, or global style normalization.",style-score:130,43b8c279057764d5
3c412e7dcb6946d34f076ddd,mbarbine__vanagain-site,style,"style,observability",stylesheet,observability,dataTables.responsive,data-tables-responsive,admin/public/assets/admin/plugins/datatables/extensions/Responsive/css/dataTables.responsive.css,.css,106,,,,css,unknown,65,55,shared-style-candidate,True,none,none,none,"Style component for observability; review for shared tokens, theme, palette, Tailwind, or global style normalization.",style-score:130 | observability-score:55,37ebd7d5e500c4c7
7bdb0ce5e8afe4f59ddf83d0,mbarbine__vanagain-site,style,"style,observability",stylesheet,observability,dataTables.responsive,data-tables-responsive,admin/public/assets/admin/plugins/datatables/extensions/Responsive/css/dataTables.responsive.scss,.scss,149,,,,css,unknown,65,55,shared-style-candidate,True,none,none,none,"Style component for observability; review for shared tokens, theme, palette, Tailwind, or global style normalization.",style-score:130 | observability-score:55,040f61f693fd6e56
9a866850feac28b699872a72,mbarbine__vanagain-site,style,style,stylesheet,commerce,dataTables.fixedColumns.min,data-tables-fixed-columns-min,admin/public/assets/admin/plugins/datatables/extensions/FixedColumns/css/dataTables.fixedColumns.min.css,.css,1,,,,css,unknown,50,35,shared-style-candidate,False,none,none,none,"Style component for commerce; review for shared tokens, theme, palette, Tailwind, or global style normalization.",style-score:130,2cac99438be2f9aa
b7b6f43f1894c31b976905ea,mbarbine__vanagain-site,style,style,stylesheet,commerce,dataTables.fixedColumns,data-tables-fixed-columns,admin/public/assets/admin/plugins/datatables/extensions/FixedColumns/css/dataTables.fixedColumns.css,.css,25,,,,css,unknown,55,40,shared-style-candidate,False,none,none,none,"Style component for commerce; review for shared tokens, theme, palette, Tailwind, or global style normalization.",style-score:130,395bb14de1b5911c
d77eaf08fb71d43e55dbf96e,mbarbine__vanagain-site,style,style,stylesheet,commerce,dataTables.colReorder,data-tables-col-reorder,admin/public/assets/admin/plugins/datatables/extensions/ColReorder/css/dataTables.colReorder.css,.css,14,,,,css,unknown,55,40,shared-style-candidate,False,none,none,none,"Style component for commerce; review for shared tokens, theme, palette, Tailwind, or global style normalization.",style-score:130,756823f602f222d9
53ff0a611d5f6b828bd332dd,mbarbine__vanagain-site,style,style,stylesheet,commerce,dataTables.colReorder.min,data-tables-col-reorder-min,admin/public/assets/admin/plugins/datatables/extensions/ColReorder/css/dataTables.colReorder.min.css,.css,1,,,,css,unknown,50,35,shared-style-candidate,False,none,none,none,"Style component for commerce; review for shared tokens, theme, palette, Tailwind, or global style normalization.",style-score:130,4c74ce6611085484
b78cf263c78fc3fb68d45df7,mbarbine__vanagain-site,style,style,stylesheet,general,dataTables.fixedHeader,data-tables-fixed-header,admin/public/assets/admin/plugins/datatables/extensions/FixedHeader/css/dataTables.fixedHeader.css,.css,7,,,,css,unknown,50,35,shared-style-candidate,False,none,none,none,"Style component for general; review for shared tokens, theme, palette, Tailwind, or global style normalization.",style-score:130,a10fe18060bb0c0c
9ed7d1ce66ee55a75137288f,mbarbine__vanagain-site,style,style,stylesheet,general,dataTables.fixedHeader.min,data-tables-fixed-header-min,admin/public/assets/admin/plugins/datatables/extensions/FixedHeader/css/dataTables.fixedHeader.min.css,.css,1,,,,css,unknown,50,35,shared-style-candidate,False,none,none,none,"Style component for general; review for shared tokens, theme, palette, Tailwind, or global style normalization.",style-score:130,749f9ab7d1965193
6a4b4a587195f0e660f99af5,mbarbine__vanagain-site,style,"style,observability",stylesheet,observability,dataTables.tableTools.min,data-tables-table-tools-min,admin/public/assets/admin/plugins/datatables/extensions/TableTools/css/dataTables.tableTools.min.css,.css,1,,,,css,unknown,60,50,shared-style-candidate,True,none,none,none,"Style component for observability; review for shared tokens, theme, palette, Tailwind, or global style normalization.",style-score:130 | observability-score:55,2bf7cdc6fba19d48
3c64f8d327bfa0e4e3c7bbbe,mbarbine__vanagain-site,style,"style,observability,security",stylesheet,observability,dataTables.tableTools,data-tables-table-tools,admin/public/assets/admin/plugins/datatables/extensions/TableTools/css/dataTables.tableTools.css,.css,361,,,,css,unknown,65,50,shared-style-candidate,True,none,none,none,"Style component for observability; review for shared tokens, theme, palette, Tailwind, or global style normalization.",style-score:130 | observability-score:55 | security-score:55,ea16d596072265e6
937cf26d94d38fbe10ffb851,mbarbine__vanagain-site,style,"style,observability",stylesheet,observability,dataTables.colvis.jqueryui,data-tables-colvis-jqueryui,admin/public/assets/admin/plugins/datatables/extensions/ColVis/css/dataTables.colvis.jqueryui.css,.css,41,,,,css,unknown,65,55,shared-style-candidate,False,none,none,none,"Style component for observability; review for shared tokens, theme, palette, Tailwind, or global style normalization.",style-score:130 | observability-score:55,26ba33fcf5464a3b
c56b30fdde0aac3c5817f184,mbarbine__vanagain-site,style,"style,observability",stylesheet,observability,dataTables.colVis.min,data-tables-col-vis-min,admin/public/assets/admin/plugins/datatables/extensions/ColVis/css/dataTables.colVis.min.css,.css,1,,,,css,unknown,60,50,shared-style-candidate,False,none,none,none,"Style component for observability; review for shared tokens, theme, palette, Tailwind, or global style normalization.",style-score:130 | observability-score:55,99b0b55d8862d787
26b42995cd9a6878cb5445de,mbarbine__vanagain-site,style,"style,observability",stylesheet,observability,dataTables.colVis,data-tables-col-vis,admin/public/assets/admin/plugins/datatables/extensions/ColVis/css/dataTables.colVis.css,.css,185,,,,css,unknown,65,55,shared-style-candidate,True,none,none,none,"Style component for observability; review for shared tokens, theme, palette, Tailwind, or global style normalization.",style-score:130 | observability-score:55,40cd8284e5d9e232
fc0c141972df8acd99f2fe39,mbarbine__vanagain-site,style,"style,security",stylesheet,editor,dataTables.keyTable.min,data-tables-key-table-min,admin/public/assets/admin/plugins/datatables/extensions/KeyTable/css/dataTables.keyTable.min.css,.css,1,,,,css,unknown,60,35,shared-style-candidate,True,none,none,none,"Style component for editor; review for shared tokens, theme, palette, Tailwind, or global style normalization.",style-score:130 | security-score:55,4f500374b28bdd20
58011a92bc2640f0afc44c15,mbarbine__vanagain-site,style,"style,security",stylesheet,editor,dataTables.keyTable,data-tables-key-table,admin/public/assets/admin/plugins/datatables/extensions/KeyTable/css/dataTables.keyTable.css,.css,7,,,,css,unknown,60,35,shared-style-candidate,True,none,none,none,"Style component for editor; review for shared tokens, theme, palette, Tailwind, or global style normalization.",style-score:130 | security-score:55,e0d16a8fea7eb85e
480d3661fc77fe543661b4af,mbarbine__vanagain-site,style,style,stylesheet,commerce,dataTables.autoFill,data-tables-auto-fill,admin/public/assets/admin/plugins/datatables/extensions/AutoFill/css/dataTables.autoFill.css,.css,24,,,,css,unknown,55,40,shared-style-candidate,False,none,none,none,"Style component for commerce; review for shared tokens, theme, palette, Tailwind, or global style normalization.",style-score:130,16f0015135a55d7d
1f27dd4051ea447917f0c8a5,mbarbine__vanagain-site,style,style,stylesheet,commerce,dataTables.autoFill.min,data-tables-auto-fill-min,admin/public/assets/admin/plugins/datatables/extensions/AutoFill/css/dataTables.autoFill.min.css,.css,1,,,,css,unknown,50,35,shared-style-candidate,False,none,none,none,"Style component for commerce; review for shared tokens, theme, palette, Tailwind, or global style normalization.",style-score:130,d9e15e803359180e
f1c5e7bf227dd57a78c9fd98,mbarbine__vanagain-site,style,style,stylesheet,commerce,dataTables.scroller,data-tables-scroller,admin/public/assets/admin/plugins/datatables/extensions/Scroller/css/dataTables.scroller.css,.css,44,,,,css,unknown,55,40,shared-style-candidate,False,none,none,none,"Style component for commerce; review for shared tokens, theme, palette, Tailwind, or global style normalization.",style-score:130,0d62c626e7175057
fcbe3a7128f4a7856ed13436,mbarbine__vanagain-site,style,style,stylesheet,commerce,dataTables.scroller.min,data-tables-scroller-min,admin/public/assets/admin/plugins/datatables/extensions/Scroller/css/dataTables.scroller.min.css,.css,1,,,,css,unknown,50,35,shared-style-candidate,False,none,none,none,"Style component for commerce; review for shared tokens, theme, palette, Tailwind, or global style normalization.",style-score:130,990e8a6bfa77ce93
6fd3d910fbc1f4435a490272,mbarbine__vanagain-site,style,"style,observability,security,automation,ai",stylesheet,ai,ionicons.min,ionicons-min,admin/public/assets/admin/plugins/Ionicons/css/ionicons.min.css,.css,11,,,,css,unknown,65,55,shared-style-candidate,True,none,secondary,none,"Style component for ai; review for shared tokens, theme, palette, Tailwind, or global style normalization.",style-score:130 | observability-score:55 | security-score:55 | automation-score:45 | ai-score:45,de2bbd8e0b32f53a
780b65c6c38d1b610895dcf0,mbarbine__vanagain-site,style,"style,observability,security,automation,ai",stylesheet,ai,ionicons,ionicons,admin/public/assets/admin/plugins/Ionicons/css/ionicons.css,.css,1480,,,,css,unknown,65,35,shared-style-candidate,True,none,secondary,none,"Style component for ai; review for shared tokens, theme, palette, Tailwind, or global style normalization.",style-score:130 | observability-score:55 | security-score:55 | automation-score:45 | ai-score:45,0f7fa0c3a244e211
49ee129380c038ed3c15c3ae,mbarbine__vanagain-site,style,style,stylesheet,design-system,_ionicons-font,ionicons-font,admin/public/assets/admin/plugins/Ionicons/less/_ionicons-font.less,.less,27,,,,css,unknown,55,55,shared-style-candidate,False,none,none,none,"Style component for design-system; review for shared tokens, theme, palette, Tailwind, or global style normalization.",style-score:100,ecba8bd7c9a1d260
7185fa27fa523b6168cf8307,mbarbine__vanagain-site,style,"style,observability,security,automation",stylesheet,ai,_ionicons-variables,ionicons-variables,admin/public/assets/admin/plugins/Ionicons/less/_ionicons-variables.less,.less,747,,,,css,unknown,65,40,shared-style-candidate,False,none,secondary,none,"Style component for ai; review for shared tokens, theme, palette, Tailwind, or global style normalization.",style-score:100 | observability-score:55 | security-score:55 | automation-score:45,d108daa86c8cb5f0
9fed618f85763e2065baa9cb,mbarbine__vanagain-site,style,"style,observability,security,automation",stylesheet,ai,_ionicons-icons,ionicons-icons,admin/public/assets/admin/plugins/Ionicons/less/_ionicons-icons.less,.less,1473,,,,css,unknown,65,35,shared-style-candidate,False,none,secondary,none,"Style component for ai; review for shared tokens, theme, palette, Tailwind, or global style normalization.",style-score:100 | observability-score:55 | security-score:55 | automation-score:45,3100831c9f3705fe
9061de82c5d3310ec659b31b,mbarbine__vanagain-site,style,style,stylesheet,general,ionicons,ionicons,admin/public/assets/admin/plugins/Ionicons/less/ionicons.less,.less,3,,,,css,unknown,50,35,shared-style-candidate,False,none,none,none,"Style component for general; review for shared tokens, theme, palette, Tailwind, or global style normalization.",style-score:100,ef25f39a7c94ea44
627ec7193f7ea113be97a588,mbarbine__vanagain-site,style,"style,observability,security,automation",stylesheet,ai,_ionicons-icons,ionicons-icons,admin/public/assets/admin/plugins/Ionicons/scss/_ionicons-icons.scss,.scss,1473,,,,css,unknown,65,35,shared-style-candidate,False,none,secondary,none,"Style component for ai; review for shared tokens, theme, palette, Tailwind, or global style normalization.",style-score:130 | observability-score:55 | security-score:55 | automation-score:45,56c6d32a64fa066c
6336af7f3d7a11e20072d920,mbarbine__vanagain-site,style,style,stylesheet,design-system,_ionicons-font,ionicons-font,admin/public/assets/admin/plugins/Ionicons/scss/_ionicons-font.scss,.scss,27,,,,css,unknown,55,55,shared-style-candidate,False,none,none,none,"Style component for design-system; review for shared tokens, theme, palette, Tailwind, or global style normalization.",style-score:130,e29f400e8b4321f8
26bb6e898aa907ff05a5ae5c,mbarbine__vanagain-site,style,"style,observability,security,automation",stylesheet,ai,_ionicons-variables,ionicons-variables,admin/public/assets/admin/plugins/Ionicons/scss/_ionicons-variables.scss,.scss,741,,,,css,unknown,65,40,shared-style-candidate,False,none,secondary,none,"Style component for ai; review for shared tokens, theme, palette, Tailwind, or global style normalization.",style-score:130 | observability-score:55 | security-score:55 | automation-score:45,a448f382a916df60
bfbcc97f8c60dba386ac9053,mbarbine__vanagain-site,style,style,stylesheet,general,ionicons,ionicons,admin/public/assets/admin/plugins/Ionicons/scss/ionicons.scss,.scss,15,,,,css,unknown,55,40,shared-style-candidate,False,none,none,none,"Style component for general; review for shared tokens, theme, palette, Tailwind, or global style normalization.",style-score:130,66b7b61412c4fd6a
fb2df4be818b8b624069127a,mbarbine__vanagain-site,style,"style,observability",stylesheet,observability,datepicker3,datepicker3,admin/public/assets/admin/plugins/datepicker/datepicker3.css,.css,790,,,,css,unknown,65,35,shared-style-candidate,True,none,none,none,"Style component for observability; review for shared tokens, theme, palette, Tailwind, or global style normalization.",style-score:130 | observability-score:55,70438c52b83aee24
c6e76028c36691274794ed75,mbarbine__vanagain-site,style,style,stylesheet,editor,ion.rangeSlider,ion-range-slider,admin/public/assets/admin/plugins/ionslider/ion.rangeSlider.css,.css,149,,,,css,unknown,55,40,shared-style-candidate,True,none,none,none,"Style component for editor; review for shared tokens, theme, palette, Tailwind, or global style normalization.",style-score:130,bae95129af94b2e4
8bbe2015ca5de51b93fbcfc4,mbarbine__vanagain-site,style,style,stylesheet,commerce,ion.rangeSlider.skinNice,ion-range-slider-skin-nice,admin/public/assets/admin/plugins/ionslider/ion.rangeSlider.skinNice.css,.css,102,,,,css,unknown,55,40,shared-style-candidate,False,none,none,none,"Style component for commerce; review for shared tokens, theme, palette, Tailwind, or global style normalization.",style-score:130,ec5b21cc77224236
5b372847f119a9cc6ddf64b6,mbarbine__vanagain-site,style,style,stylesheet,commerce,ion.rangeSlider.skinFlat,ion-range-slider-skin-flat,admin/public/assets/admin/plugins/ionslider/ion.rangeSlider.skinFlat.css,.css,106,,,,css,unknown,55,40,shared-style-candidate,True,none,none,none,"Style component for commerce; review for shared tokens, theme, palette, Tailwind, or global style normalization.",style-score:130,4d0ce0f40dfd7e0e
a6aa1b3b86f4d75a986c1abe,mbarbine__vanagain-site,style,style,stylesheet,commerce,morris,morris,admin/public/assets/admin/plugins/morris/morris.css,.css,2,,,,css,unknown,50,35,shared-style-candidate,False,none,none,none,"Style component for commerce; review for shared tokens, theme, palette, Tailwind, or global style normalization.",style-score:130,6c79f7a0ad370ea0
aa5dd4c4ea8d6597bd55639a,mbarbine__vanagain-site,style,"style,security",stylesheet,analytics,pace,pace,admin/public/assets/admin/plugins/pace/pace.css,.css,85,,,,css,unknown,65,40,shared-style-candidate,True,none,none,none,"Style component for analytics; review for shared tokens, theme, palette, Tailwind, or global style normalization.",style-score:130 | security-score:55,64fe0f02d2678c36
39ad5a238101b86eed3a4a0d,mbarbine__vanagain-site,style,"style,security",stylesheet,analytics,pace.min,pace-min,admin/public/assets/admin/plugins/pace/pace.min.css,.css,1,,,,css,unknown,60,35,shared-style-candidate,True,none,none,none,"Style component for analytics; review for shared tokens, theme, palette, Tailwind, or global style normalization.",style-score:130 | security-score:55,b4e2eea4dd13d779
b752040fa548f8ac27303eca,mbarbine__vanagain-site,style,"style,observability",stylesheet,observability,contents,contents,admin/public/assets/admin/plugins/ckeditor/contents.css,.css,132,,,,css,unknown,65,55,shared-style-candidate,True,none,none,none,"Style component for observability; review for shared tokens, theme, palette, Tailwind, or global style normalization.",style-score:130 | observability-score:55,9d3c5d0312d41219
f5ef6b58c87932977b0b29f4,mbarbine__vanagain-site,style,style,stylesheet,observability,wsc,wsc,admin/public/assets/admin/plugins/ckeditor/plugins/wsc/dialogs/wsc.css,.css,82,,,,css,unknown,55,55,shared-style-candidate,True,none,none,none,"Style component for observability; review for shared tokens, theme, palette, Tailwind, or global style normalization.",style-score:130,0d1cf66009e0451f
0e13b41b12976f1e00e13131,mbarbine__vanagain-site,style,"style,observability",stylesheet,observability,contents,contents,admin/public/assets/admin/plugins/ckeditor/plugins/widget/dev/assets/contents.css,.css,23,,,,css,unknown,65,55,shared-style-candidate,True,none,none,none,"Style component for observability; review for shared tokens, theme, palette, Tailwind, or global style normalization.",style-score:130 | observability-score:55,ba769bead7edfb9b
2f399f1787a75d63742394bf,mbarbine__vanagain-site,style,style,stylesheet,editor,contents,contents,admin/public/assets/admin/plugins/ckeditor/plugins/widget/dev/assets/simplebox/contents.css,.css,36,,,,css,unknown,55,40,shared-style-candidate,True,none,none,none,"Style component for editor; review for shared tokens, theme, palette, Tailwind, or global style normalization.",style-score:130,9aff66dd6d10218c
9520ff24e1e6713696d76fde,mbarbine__vanagain-site,style,style,stylesheet,observability,toolbar,toolbar,admin/public/assets/admin/plugins/ckeditor/plugins/scayt/dialogs/toolbar.css,.css,71,,,,css,unknown,55,55,shared-style-candidate,True,none,none,none,"Style component for observability; review for shared tokens, theme, palette, Tailwind, or global style normalization.",style-score:130,e66191abbfc4b5e5
e61dfd1fa60a3f30c06399fd,mbarbine__vanagain-site,style,"style,observability,security",stylesheet,observability,editor_iequirks,editor-iequirks,admin/public/assets/admin/plugins/ckeditor/skins/moono/editor_iequirks.css,.css,5,,,,css,unknown,60,50,shared-style-candidate,True,none,none,none,"Style component for observability; review for shared tokens, theme, palette, Tailwind, or global style normalization.",style-score:130 | observability-score:55 | security-score:55,f691bead172ff18d
430e17427d2f2e55307ad32d,mbarbine__vanagain-site,style,"style,observability,security",stylesheet,observability,dialog_ie7,dialog-ie7,admin/public/assets/admin/plugins/ckeditor/skins/moono/dialog_ie7.css,.css,5,,,,css,unknown,60,50,shared-style-candidate,True,none,none,none,"Style component for observability; review for shared tokens, theme, palette, Tailwind, or global style normalization.",style-score:130 | observability-score:55 | security-score:55,dcd3fbf71daeaf3d
c790902a965e84247e8d6df5,mbarbine__vanagain-site,style,"style,observability,security",stylesheet,observability,editor,editor,admin/public/assets/admin/plugins/ckeditor/skins/moono/editor.css,.css,5,,,,css,unknown,60,50,shared-style-candidate,True,none,none,none,"Style component for observability; review for shared tokens, theme, palette, Tailwind, or global style normalization.",style-score:130 | observability-score:55 | security-score:55,3d2a15ba2e4f9efb
5ee41fccb754d858a20ff1f7,mbarbine__vanagain-site,style,"style,observability,security",stylesheet,observability,editor_ie,editor-ie,admin/public/assets/admin/plugins/ckeditor/skins/moono/editor_ie.css,.css,5,,,,css,unknown,60,50,shared-style-candidate,True,none,none,none,"Style component for observability; review for shared tokens, theme, palette, Tailwind, or global style normalization.",style-score:130 | observability-score:55 | security-score:55,514173b028c0e000
fda1e57b3c91bc634ec939a9,mbarbine__vanagain-site,style,"style,observability,security",stylesheet,observability,editor_ie8,editor-ie8,admin/public/assets/admin/plugins/ckeditor/skins/moono/editor_ie8.css,.css,5,,,,css,unknown,60,50,shared-style-candidate,True,none,none,none,"Style component for observability; review for shared tokens, theme, palette, Tailwind, or global style normalization.",style-score:130 | observability-score:55 | security-score:55,384047fdbb6419d9
c53a2c2d7da4a9f0f269462d,mbarbine__vanagain-site,style,"style,observability,security",stylesheet,observability,dialog_iequirks,dialog-iequirks,admin/public/assets/admin/plugins/ckeditor/skins/moono/dialog_iequirks.css,.css,5,,,,css,unknown,60,50,shared-style-candidate,True,none,none,none,"Style component for observability; review for shared tokens, theme, palette, Tailwind, or global style normalization.",style-score:130 | observability-score:55 | security-score:55,80b6d55c2609f603
03edf10ce9f6bf33ba33bd05,mbarbine__vanagain-site,style,"style,observability,security",stylesheet,observability,editor_ie7,editor-ie7,admin/public/assets/admin/plugins/ckeditor/skins/moono/editor_ie7.css,.css,5,,,,css,unknown,60,50,shared-style-candidate,True,none,none,none,"Style component for observability; review for shared tokens, theme, palette, Tailwind, or global style normalization.",style-score:130 | observability-score:55 | security-score:55,f2edeca8f5af7a90
14c01a5f51c0b64b71973947,mbarbine__vanagain-site,style,"style,observability,security",stylesheet,observability,editor_gecko,editor-gecko,admin/public/assets/admin/plugins/ckeditor/skins/moono/editor_gecko.css,.css,5,,,,css,unknown,60,50,shared-style-candidate,True,none,none,none,"Style component for observability; review for shared tokens, theme, palette, Tailwind, or global style normalization.",style-score:130 | observability-score:55 | security-score:55,9f09135a5517e18d
6543e192edc3891c319b0dd1,mbarbine__vanagain-site,style,"style,observability,security",stylesheet,observability,dialog_ie,dialog-ie,admin/public/assets/admin/plugins/ckeditor/skins/moono/dialog_ie.css,.css,5,,,,css,unknown,60,50,shared-style-candidate,True,none,none,none,"Style component for observability; review for shared tokens, theme, palette, Tailwind, or global style normalization.",style-score:130 | observability-score:55 | security-score:55,7e6fe48d236a8f4b
c471c37ca39bcb714d8fc61a,mbarbine__vanagain-site,style,"style,ui,observability,security",ui-primitive,observability,dialog,dialog,admin/public/assets/admin/plugins/ckeditor/skins/moono/dialog.css,.css,5,,,,css,unknown,60,75,shared-style-candidate,True,none,none,none,"Style component for observability; review for shared tokens, theme, palette, Tailwind, or global style normalization.",style-score:130 | ui-score:70 | observability-score:55 | security-score:55,f55fe51edf783ebd
771732c9dadd645e806d067c,mbarbine__vanagain-site,style,"style,observability,security",stylesheet,observability,dialog_ie8,dialog-ie8,admin/public/assets/admin/plugins/ckeditor/skins/moono/dialog_ie8.css,.css,5,,,,css,unknown,60,50,shared-style-candidate,True,none,none,none,"Style component for observability; review for shared tokens, theme, palette, Tailwind, or global style normalization.",style-score:130 | observability-score:55 | security-score:55,dfbff895eda2219d
ce549680707625711157906a,mbarbine__vanagain-site,style,"style,observability,security",stylesheet,observability,samples,samples,admin/public/assets/admin/plugins/ckeditor/samples/css/samples.css,.css,1640,,,,css,unknown,65,35,shared-style-candidate,True,none,none,none,"Style component for observability; review for shared tokens, theme, palette, Tailwind, or global style normalization.",style-score:130 | observability-score:55 | security-score:55,5c5268966de1c459
f9ce44c1e97afc9b5082b95c,mbarbine__vanagain-site,style,"style,observability",stylesheet,observability,sample,sample,admin/public/assets/admin/plugins/ckeditor/samples/old/sample.css,.css,357,,,,css,unknown,65,50,shared-style-candidate,True,none,none,none,"Style component for observability; review for shared tokens, theme, palette, Tailwind, or global style normalization.",style-score:130 | observability-score:55,8a5fe15798f671e7
a706315cf27735492c3d3219,mbarbine__vanagain-site,style,style,stylesheet,editor,outputxhtml,outputxhtml,admin/public/assets/admin/plugins/ckeditor/samples/old/assets/outputxhtml/outputxhtml.css,.css,204,,,,css,unknown,55,35,shared-style-candidate,True,none,none,none,"Style component for editor; review for shared tokens, theme, palette, Tailwind, or global style normalization.",style-score:130,ea216df7e403cd30
890de6fb602768a19153ce0d,mbarbine__vanagain-site,style,"style,observability",stylesheet,editor,fontello,fontello,admin/public/assets/admin/plugins/ckeditor/samples/toolbarconfigurator/css/fontello.css,.css,55,,,,css,unknown,65,40,shared-style-candidate,True,none,none,none,"Style component for editor; review for shared tokens, theme, palette, Tailwind, or global style normalization.",style-score:130 | observability-score:55,26507438effd65a5
0f87f370747f0a2a301349fe,mbarbine__vanagain-site,style,"style,security,logic",stylesheet,editor,neo,neo,admin/public/assets/admin/plugins/ckeditor/samples/toolbarconfigurator/lib/codemirror/neo.css,.css,36,,,,css,unknown,75,40,shared-style-candidate,True,none,none,secondary,"Style component for editor; review for shared tokens, theme, palette, Tailwind, or global style normalization.",style-score:130 | security-score:55 | logic-score:45,46c414e54451a75d
50b7792f06e060d85d99763f,mbarbine__vanagain-site,style,"style,logic",stylesheet,editor,show-hint,show-hint,admin/public/assets/admin/plugins/ckeditor/samples/toolbarconfigurator/lib/codemirror/show-hint.css,.css,38,,,,css,unknown,75,40,shared-style-candidate,True,none,none,secondary,"Style component for editor; review for shared tokens, theme, palette, Tailwind, or global style normalization.",style-score:130 | logic-score:45,6e2f632941466645
e647401999001c3ef2825f88,mbarbine__vanagain-site,style,"style,observability,security,logic,automation,ai",stylesheet,observability,codemirror,codemirror,admin/public/assets/admin/plugins/ckeditor/samples/toolbarconfigurator/lib/codemirror/codemirror.css,.css,325,,,,css,unknown,75,50,shared-style-candidate,True,none,secondary,secondary,"Style component for observability; review for shared tokens, theme, palette, Tailwind, or global style normalization.",style-score:130 | observability-score:55 | security-score:55 | logic-score:45 | automation-score:45 | ai-score:45,7704b22671b52fff
d951514f8d032a0048aacf34,mbarbine__vanagain-site,style,"style,ui,automation",ui-primitive,commerce,slider,slider,admin/public/assets/admin/plugins/bootstrap-slider/slider.css,.css,282,,,,css,unknown,65,60,shared-style-candidate,False,none,secondary,none,"Style component for commerce; review for shared tokens, theme, palette, Tailwind, or global style normalization.",style-score:130 | ui-score:70 | automation-score:45,85c90e86214aeb40
bcda10991dc3db3900a0a48f,mbarbine__vanagain-site,style,style,stylesheet,commerce,daterangepicker,daterangepicker,admin/public/assets/admin/plugins/daterangepicker/daterangepicker.css,.css,232,,,,css,unknown,55,35,shared-style-candidate,True,none,none,none,"Style component for commerce; review for shared tokens, theme, palette, Tailwind, or global style normalization.",style-score:130,208757f04cbfe160
131f5cf02950fbcafb95dd73,mbarbine__vanagain-site,style,style,stylesheet,general,all,all,admin/public/assets/admin/plugins/iCheck/all.css,.css,61,,,,css,unknown,55,40,shared-style-candidate,False,none,none,none,"Style component for general; review for shared tokens, theme, palette, Tailwind, or global style normalization.",style-score:130,292fca03a97afd38
4c170a5d95061e55d217fb03,mbarbine__vanagain-site,style,style,stylesheet,commerce,yellow,yellow,admin/public/assets/admin/plugins/iCheck/flat/yellow.css,.css,56,,,,css,unknown,55,40,shared-style-candidate,False,none,none,none,"Style component for commerce; review for shared tokens, theme, palette, Tailwind, or global style normalization.",style-score:130,511652a979c584e3
f75477827eefcd6604e2e33e,mbarbine__vanagain-site,style,style,stylesheet,commerce,pink,pink,admin/public/assets/admin/plugins/iCheck/flat/pink.css,.css,56,,,,css,unknown,55,40,shared-style-candidate,False,none,none,none,"Style component for commerce; review for shared tokens, theme, palette, Tailwind, or global style normalization.",style-score:130,7788f3c656f33abd
5b0fe13d050e49eda5c01ca7,mbarbine__vanagain-site,style,style,stylesheet,commerce,blue,blue,admin/public/assets/admin/plugins/iCheck/flat/blue.css,.css,56,,,,css,unknown,55,40,shared-style-candidate,False,none,none,none,"Style component for commerce; review for shared tokens, theme, palette, Tailwind, or global style normalization.",style-score:130,c3eef5701de9d6ad
cfcad0936df684a3961bcda7,mbarbine__vanagain-site,style,style,stylesheet,commerce,flat,flat,admin/public/assets/admin/plugins/iCheck/flat/flat.css,.css,56,,,,css,unknown,55,40,shared-style-candidate,False,none,none,none,"Style component for commerce; review for shared tokens, theme, palette, Tailwind, or global style normalization.",style-score:130,b39672d66c788b59
4b815232ab91b3d7992360d8,mbarbine__vanagain-site,style,style,stylesheet,commerce,aero,aero,admin/public/assets/admin/plugins/iCheck/flat/aero.css,.css,56,,,,css,unknown,55,40,shared-style-candidate,False,none,none,none,"Style component for commerce; review for shared tokens, theme, palette, Tailwind, or global style normalization.",style-score:130,1bfa01f95dca10eb
bc11dfb4ee3fe49d0b3889bf,mbarbine__vanagain-site,style,style,stylesheet,commerce,purple,purple,admin/public/assets/admin/plugins/iCheck/flat/purple.css,.css,56,,,,css,unknown,55,40,shared-style-candidate,False,none,none,none,"Style component for commerce; review for shared tokens, theme, palette, Tailwind, or global style normalization.",style-score:130,2fe8e687b7a16b5a
b39f31b0fccecc62a105dd01,mbarbine__vanagain-site,style,style,stylesheet,commerce,red,red,admin/public/assets/admin/plugins/iCheck/flat/red.css,.css,56,,,,css,unknown,55,40,shared-style-candidate,False,none,none,none,"Style component for commerce; review for shared tokens, theme, palette, Tailwind, or global style normalization.",style-score:130,225b17aa157052b9
027a2871dc399ce0d0ec0640,mbarbine__vanagain-site,style,style,stylesheet,commerce,orange,orange,admin/public/assets/admin/plugins/iCheck/flat/orange.css,.css,56,,,,css,unknown,55,40,shared-style-candidate,False,none,none,none,"Style component for commerce; review for shared tokens, theme, palette, Tailwind, or global style normalization.",style-score:130,3d29e22cb85e50d7
6a50102fa9177c0df219c3f1,mbarbine__vanagain-site,style,style,stylesheet,commerce,green,green,admin/public/assets/admin/plugins/iCheck/flat/green.css,.css,56,,,,css,unknown,55,40,shared-style-candidate,False,none,none,none,"Style component for commerce; review for shared tokens, theme, palette, Tailwind, or global style normalization.",style-score:130,45dff3bdb72da877
1c1ee1553f38a8a78c61c890,mbarbine__vanagain-site,style,style,stylesheet,commerce,_all,all,admin/public/assets/admin/plugins/iCheck/flat/_all.css,.css,560,,,,css,unknown,55,25,shared-style-candidate,False,none,none,none,"Style component for commerce; review for shared tokens, theme, palette, Tailwind, or global style normalization.",style-score:130,a19cee2821ca39a1
5f3e5907e7200694b2c4bf1a,mbarbine__vanagain-site,style,style,stylesheet,commerce,grey,grey,admin/public/assets/admin/plugins/iCheck/flat/grey.css,.css,56,,,,css,unknown,55,40,shared-style-candidate,False,none,none,none,"Style component for commerce; review for shared tokens, theme, palette, Tailwind, or global style normalization.",style-score:130,7459fbc883c8ef9b
d7fe0f2b5b31fbe45c623b76,mbarbine__vanagain-site,style,style,stylesheet,commerce,yellow,yellow,admin/public/assets/admin/plugins/iCheck/square/yellow.css,.css,62,,,,css,unknown,55,40,shared-style-candidate,False,none,none,none,"Style component for commerce; review for shared tokens, theme, palette, Tailwind, or global style normalization.",style-score:130,19689bcbe3320cba
142398c162d84937f8ab5eb1,mbarbine__vanagain-site,style,style,stylesheet,commerce,pink,pink,admin/public/assets/admin/plugins/iCheck/square/pink.css,.css,62,,,,css,unknown,55,40,shared-style-candidate,False,none,none,none,"Style component for commerce; review for shared tokens, theme, palette, Tailwind, or global style normalization.",style-score:130,07eb24fae4bcb675
41a427276cdb12cff93f6e40,mbarbine__vanagain-site,style,style,stylesheet,commerce,blue,blue,admin/public/assets/admin/plugins/iCheck/square/blue.css,.css,62,,,,css,unknown,55,40,shared-style-candidate,False,none,none,none,"Style component for commerce; review for shared tokens, theme, palette, Tailwind, or global style normalization.",style-score:130,467fefb5320f85af
19b4b79828c5e95d5e330f6e,mbarbine__vanagain-site,style,style,stylesheet,commerce,aero,aero,admin/public/assets/admin/plugins/iCheck/square/aero.css,.css,62,,,,css,unknown,55,40,shared-style-candidate,False,none,none,none,"Style component for commerce; review for shared tokens, theme, palette, Tailwind, or global style normalization.",style-score:130,2801e672a0bb99a4
11d062e8da47e300513c40c3,mbarbine__vanagain-site,style,style,stylesheet,commerce,square,square,admin/public/assets/admin/plugins/iCheck/square/square.css,.css,62,,,,css,unknown,55,40,shared-style-candidate,False,none,none,none,"Style component for commerce; review for shared tokens, theme, palette, Tailwind, or global style normalization.",style-score:130,3fa349766d6f6cd8
ab62d9600a740a5fc0261384,mbarbine__vanagain-site,style,style,stylesheet,commerce,purple,purple,admin/public/assets/admin/plugins/iCheck/square/purple.css,.css,62,,,,css,unknown,55,40,shared-style-candidate,False,none,none,none,"Style component for commerce; review for shared tokens, theme, palette, Tailwind, or global style normalization.",style-score:130,b6658788c23b6a4e
5b7ed18f318f9ec3b0733379,mbarbine__vanagain-site,style,style,stylesheet,commerce,red,red,admin/public/assets/admin/plugins/iCheck/square/red.css,.css,62,,,,css,unknown,55,40,shared-style-candidate,False,none,none,none,"Style component for commerce; review for shared tokens, theme, palette, Tailwind, or global style normalization.",style-score:130,4a97545d9af91989
ca7125fbdbf6dbdd67de8ed1,mbarbine__vanagain-site,style,style,stylesheet,commerce,orange,orange,admin/public/assets/admin/plugins/iCheck/square/orange.css,.css,62,,,,css,unknown,55,40,shared-style-candidate,False,none,none,none,"Style component for commerce; review for shared tokens, theme, palette, Tailwind, or global style normalization.",style-score:130,923002141405f6fa
5c16d6441de080f0b87616cc,mbarbine__vanagain-site,style,style,stylesheet,commerce,green,green,admin/public/assets/admin/plugins/iCheck/square/green.css,.css,62,,,,css,unknown,55,40,shared-style-candidate,False,none,none,none,"Style component for commerce; review for shared tokens, theme, palette, Tailwind, or global style normalization.",style-score:130,9a6a0b8829747c60
e825b86d2d1fd87010f914c0,mbarbine__vanagain-site,style,style,stylesheet,commerce,_all,all,admin/public/assets/admin/plugins/iCheck/square/_all.css,.css,620,,,,css,unknown,55,25,shared-style-candidate,False,none,none,none,"Style component for commerce; review for shared tokens, theme, palette, Tailwind, or global style normalization.",style-score:130,b2273d192ca8456d
8f8939950f298484644cc9c2,mbarbine__vanagain-site,style,style,stylesheet,commerce,grey,grey,admin/public/assets/admin/plugins/iCheck/square/grey.css,.css,62,,,,css,unknown,55,40,shared-style-candidate,False,none,none,none,"Style component for commerce; review for shared tokens, theme, palette, Tailwind, or global style normalization.",style-score:130,0178992cc26443ee
73bcc02021e468f1c95612ba,mbarbine__vanagain-site,style,style,stylesheet,commerce,yellow,yellow,admin/public/assets/admin/plugins/iCheck/minimal/yellow.css,.css,62,,,,css,unknown,55,40,shared-style-candidate,False,none,none,none,"Style component for commerce; review for shared tokens, theme, palette, Tailwind, or global style normalization.",style-score:130,ab1d91b678508f0c
0263dfd782062b1179a59efc,mbarbine__vanagain-site,style,style,stylesheet,commerce,pink,pink,admin/public/assets/admin/plugins/iCheck/minimal/pink.css,.css,62,,,,css,unknown,55,40,shared-style-candidate,False,none,none,none,"Style component for commerce; review for shared tokens, theme, palette, Tailwind, or global style normalization.",style-score:130,6cb10a4caf8bf500
897318c35901a46134b42150,mbarbine__vanagain-site,style,style,stylesheet,commerce,blue,blue,admin/public/assets/admin/plugins/iCheck/minimal/blue.css,.css,62,,,,css,unknown,55,40,shared-style-candidate,False,none,none,none,"Style component for commerce; review for shared tokens, theme, palette, Tailwind, or global style normalization.",style-score:130,51ee426ea82e0ecb
441ee01afb1d8b85737049a2,mbarbine__vanagain-site,style,style,stylesheet,commerce,aero,aero,admin/public/assets/admin/plugins/iCheck/minimal/aero.css,.css,62,,,,css,unknown,55,40,shared-style-candidate,False,none,none,none,"Style component for commerce; review for shared tokens, theme, palette, Tailwind, or global style normalization.",style-score:130,9a9397bd44e6c1c3
2c53c6c0bf96c6734f24c0de,mbarbine__vanagain-site,style,style,stylesheet,commerce,minimal,minimal,admin/public/assets/admin/plugins/iCheck/minimal/minimal.css,.css,62,,,,css,unknown,55,40,shared-style-candidate,False,none,none,none,"Style component for commerce; review for shared tokens, theme, palette, Tailwind, or global style normalization.",style-score:130,181dadcd632b0a9b
2789b3e6924c0de576bbdc0b,mbarbine__vanagain-site,style,style,stylesheet,commerce,purple,purple,admin/public/assets/admin/plugins/iCheck/minimal/purple.css,.css,62,,,,css,unknown,55,40,shared-style-candidate,False,none,none,none,"Style component for commerce; review for shared tokens, theme, palette, Tailwind, or global style normalization.",style-score:130,9dae77c17da4ad36
de45348ca13594c090b9287b,mbarbine__vanagain-site,style,style,stylesheet,commerce,red,red,admin/public/assets/admin/plugins/iCheck/minimal/red.css,.css,62,,,,css,unknown,55,40,shared-style-candidate,False,none,none,none,"Style component for commerce; review for shared tokens, theme, palette, Tailwind, or global style normalization.",style-score:130,993a5f6dfd114439
f7645e30e255e8b83f36bf43,mbarbine__vanagain-site,style,style,stylesheet,commerce,orange,orange,admin/public/assets/admin/plugins/iCheck/minimal/orange.css,.css,62,,,,css,unknown,55,40,shared-style-candidate,False,none,none,none,"Style component for commerce; review for shared tokens, theme, palette, Tailwind, or global style normalization.",style-score:130,b561edaeef88aa3b
621566a226563dbb8b4e453d,mbarbine__vanagain-site,style,style,stylesheet,commerce,green,green,admin/public/assets/admin/plugins/iCheck/minimal/green.css,.css,62,,,,css,unknown,55,40,shared-style-candidate,False,none,none,none,"Style component for commerce; review for shared tokens, theme, palette, Tailwind, or global style normalization.",style-score:130,31f70922b221fa7a
c1e7b16aef5256626f4d0657,mbarbine__vanagain-site,style,style,stylesheet,commerce,_all,all,admin/public/assets/admin/plugins/iCheck/minimal/_all.css,.css,557,,,,css,unknown,55,25,shared-style-candidate,False,none,none,none,"Style component for commerce; review for shared tokens, theme, palette, Tailwind, or global style normalization.",style-score:130,4d58e2ca02c7e649
ca03a0107e42928a8f7dde29,mbarbine__vanagain-site,style,style,stylesheet,commerce,grey,grey,admin/public/assets/admin/plugins/iCheck/minimal/grey.css,.css,62,,,,css,unknown,55,40,shared-style-candidate,False,none,none,none,"Style component for commerce; review for shared tokens, theme, palette, Tailwind, or global style normalization.",style-score:130,2ae7c4c7f94119a4
887255d4ccbd8907e884988f,mbarbine__vanagain-site,style,style,stylesheet,commerce,polaris,polaris,admin/public/assets/admin/plugins/iCheck/polaris/polaris.css,.css,62,,,,css,unknown,55,40,shared-style-candidate,False,none,none,none,"Style component for commerce; review for shared tokens, theme, palette, Tailwind, or global style normalization.",style-score:130,660a092c8a41877b
525215bce9ceeab11e9d895c,mbarbine__vanagain-site,style,style,stylesheet,commerce,yellow,yellow,admin/public/assets/admin/plugins/iCheck/line/yellow.css,.css,74,,,,css,unknown,55,40,shared-style-candidate,False,none,none,none,"Style component for commerce; review for shared tokens, theme, palette, Tailwind, or global style normalization.",style-score:130,da8e0c222240f04f
d5d26f1f840908fac237eed7,mbarbine__vanagain-site,style,style,stylesheet,commerce,pink,pink,admin/public/assets/admin/plugins/iCheck/line/pink.css,.css,74,,,,css,unknown,55,40,shared-style-candidate,False,none,none,none,"Style component for commerce; review for shared tokens, theme, palette, Tailwind, or global style normalization.",style-score:130,afc2951cae7d5622
b8a307bbd4ac7241313413af,mbarbine__vanagain-site,style,style,stylesheet,commerce,blue,blue,admin/public/assets/admin/plugins/iCheck/line/blue.css,.css,74,,,,css,unknown,55,40,shared-style-candidate,False,none,none,none,"Style component for commerce; review for shared tokens, theme, palette, Tailwind, or global style normalization.",style-score:130,b7062fe393da25f3
9dc5d838f9fce32f0d6c4365,mbarbine__vanagain-site,style,style,stylesheet,commerce,aero,aero,admin/public/assets/admin/plugins/iCheck/line/aero.css,.css,74,,,,css,unknown,55,40,shared-style-candidate,False,none,none,none,"Style component for commerce; review for shared tokens, theme, palette, Tailwind, or global style normalization.",style-score:130,e4a380bb5be90d9a
2aed2212468c747d0a1dbcfa,mbarbine__vanagain-site,style,style,stylesheet,commerce,line,line,admin/public/assets/admin/plugins/iCheck/line/line.css,.css,74,,,,css,unknown,55,40,shared-style-candidate,False,none,none,none,"Style component for commerce; review for shared tokens, theme, palette, Tailwind, or global style normalization.",style-score:130,a4da8735b2cd1fa3
a1eba8c4aaaea53b4aa64f5b,mbarbine__vanagain-site,style,style,stylesheet,commerce,purple,purple,admin/public/assets/admin/plugins/iCheck/line/purple.css,.css,74,,,,css,unknown,55,40,shared-style-candidate,False,none,none,none,"Style component for commerce; review for shared tokens, theme, palette, Tailwind, or global style normalization.",style-score:130,4b5b0cec385fa6ca
57fe6c50379ef23e72d31d6a,mbarbine__vanagain-site,style,style,stylesheet,commerce,red,red,admin/public/assets/admin/plugins/iCheck/line/red.css,.css,74,,,,css,unknown,55,40,shared-style-candidate,False,none,none,none,"Style component for commerce; review for shared tokens, theme, palette, Tailwind, or global style normalization.",style-score:130,efa23b1ef3855d7f
ba4ba82960e1570a191d2c68,mbarbine__vanagain-site,style,style,stylesheet,commerce,orange,orange,admin/public/assets/admin/plugins/iCheck/line/orange.css,.css,74,,,,css,unknown,55,40,shared-style-candidate,False,none,none,none,"Style component for commerce; review for shared tokens, theme, palette, Tailwind, or global style normalization.",style-score:130,ee12df3270856981
43c6cd2adcddd0d6e6855685,mbarbine__vanagain-site,style,style,stylesheet,commerce,green,green,admin/public/assets/admin/plugins/iCheck/line/green.css,.css,74,,,,css,unknown,55,40,shared-style-candidate,False,none,none,none,"Style component for commerce; review for shared tokens, theme, palette, Tailwind, or global style normalization.",style-score:130,df11c009f8bc48be
ef7f69eeba983375869a8f77,mbarbine__vanagain-site,style,style,stylesheet,commerce,_all,all,admin/public/assets/admin/plugins/iCheck/line/_all.css,.css,740,,,,css,unknown,55,25,shared-style-candidate,False,none,none,none,"Style component for commerce; review for shared tokens, theme, palette, Tailwind, or global style normalization.",style-score:130,9a4a602b96cf7b92
cc722dd8802e454ab15ac233,mbarbine__vanagain-site,style,style,stylesheet,commerce,grey,grey,admin/public/assets/admin/plugins/iCheck/line/grey.css,.css,74,,,,css,unknown,55,40,shared-style-candidate,False,none,none,none,"Style component for commerce; review for shared tokens, theme, palette, Tailwind, or global style normalization.",style-score:130,4e03f3a9a2556bb0
f3e31e2507927cf0ce45a619,mbarbine__vanagain-site,style,style,stylesheet,commerce,futurico,futurico,admin/public/assets/admin/plugins/iCheck/futurico/futurico.css,.css,56,,,,css,unknown,55,40,shared-style-candidate,False,none,none,none,"Style component for commerce; review for shared tokens, theme, palette, Tailwind, or global style normalization.",style-score:130,39da4a95eacf6b9f
cadae7e84799769a94623c5f,mbarbine__vanagain-site,style,style,stylesheet,commerce,bootstrap-colorpicker.min,bootstrap-colorpicker-min,admin/public/assets/admin/plugins/colorpicker/bootstrap-colorpicker.min.css,.css,9,,,,css,unknown,50,35,shared-style-candidate,True,none,none,none,"Style component for commerce; review for shared tokens, theme, palette, Tailwind, or global style normalization.",style-score:130,55721f3303d0e9d8
ddc96603400e61f23ed4fbc2,mbarbine__vanagain-site,style,style,stylesheet,commerce,bootstrap-colorpicker,bootstrap-colorpicker,admin/public/assets/admin/plugins/colorpicker/bootstrap-colorpicker.css,.css,251,,,,css,unknown,55,35,shared-style-candidate,True,none,none,none,"Style component for commerce; review for shared tokens, theme, palette, Tailwind, or global style normalization.",style-score:130,84e344a6e19731bf
a111cbdb8604b1159986ba53,mbarbine__vanagain-site,style,style,stylesheet,editor,bootstrap3-wysihtml5.min,bootstrap3-wysihtml5-min,admin/public/assets/admin/plugins/bootstrap-wysihtml5/bootstrap3-wysihtml5.min.css,.css,3,,,,css,unknown,50,35,shared-style-candidate,True,none,none,none,"Style component for editor; review for shared tokens, theme, palette, Tailwind, or global style normalization.",style-score:130,1e406a136cde4dae
49b9bfffea18f485e3323476,mbarbine__vanagain-site,style,style,stylesheet,editor,bootstrap3-wysihtml5,bootstrap3-wysihtml5,admin/public/assets/admin/plugins/bootstrap-wysihtml5/bootstrap3-wysihtml5.css,.css,117,,,,css,unknown,55,40,shared-style-candidate,True,none,none,none,"Style component for editor; review for shared tokens, theme, palette, Tailwind, or global style normalization.",style-score:130,bd96b16c5abeede9
cc999faa7d54cf4588ceabcf,mbarbine__vanagain-site,style,style,stylesheet,editor,select2.min,select2-min,admin/public/assets/admin/plugins/select2/select2.min.css,.css,1,,,,css,unknown,50,35,shared-style-candidate,True,none,none,none,"Style component for editor; review for shared tokens, theme, palette, Tailwind, or global style normalization.",style-score:130,c493991dfa712d1f
da081e597d0c836d38ca47ce,mbarbine__vanagain-site,style,style,stylesheet,editor,select2,select2,admin/public/assets/admin/plugins/select2/select2.css,.css,484,,,,css,unknown,55,35,shared-style-candidate,True,none,none,none,"Style component for editor; review for shared tokens, theme, palette, Tailwind, or global style normalization.",style-score:130,c6ac55e050e3e6db
a7afbd6d64354c926b793d95,mbarbine__vanagain-site,style,"style,security",stylesheet,media,font-awesome,font-awesome,admin/public/assets/admin/plugins/font-awesome/css/font-awesome.css,.css,2337,,,,css,unknown,65,20,shared-style-candidate,False,none,none,none,"Style component for media; review for shared tokens, theme, palette, Tailwind, or global style normalization.",style-score:130 | security-score:55,36e0a7e08bee6577
f2e4b59906fe1dc3db6bb68b,mbarbine__vanagain-site,style,"style,security",stylesheet,discovery,font-awesome.min,font-awesome-min,admin/public/assets/admin/plugins/font-awesome/css/font-awesome.min.css,.css,4,,,,css,unknown,60,50,shared-style-candidate,True,none,none,none,"Style component for discovery; review for shared tokens, theme, palette, Tailwind, or global style normalization.",style-score:130 | security-score:55,799aeb25cc0373fd
1b63ada872595e8505ee38f7,mbarbine__vanagain-site,style,style,stylesheet,general,list,list,admin/public/assets/admin/plugins/font-awesome/less/list.less,.less,19,,,,css,unknown,55,40,shared-style-candidate,False,none,none,none,"Style component for general; review for shared tokens, theme, palette, Tailwind, or global style normalization.",style-score:100,024abb930e6669f2
88f5310fd0962da432724e29,mbarbine__vanagain-site,style,style,stylesheet,general,stacked,stacked,admin/public/assets/admin/plugins/font-awesome/less/stacked.less,.less,20,,,,css,unknown,55,40,shared-style-candidate,False,none,none,none,"Style component for general; review for shared tokens, theme, palette, Tailwind, or global style normalization.",style-score:100,3f9de6c3e0f1a2bc
d297cce4c2fcf94ec330dda0,mbarbine__vanagain-site,style,"style,logic",stylesheet,general,core,core,admin/public/assets/admin/plugins/font-awesome/less/core.less,.less,12,,,,css,unknown,65,40,shared-style-candidate,False,none,none,secondary,"Style component for general; review for shared tokens, theme, palette, Tailwind, or global style normalization.",style-score:100 | logic-score:70,a4a93d598134f656
2a7cad037053e3f62b822b7a,mbarbine__vanagain-site,style,style,stylesheet,general,fixed-width,fixed-width,admin/public/assets/admin/plugins/font-awesome/less/fixed-width.less,.less,6,,,,css,unknown,50,35,shared-style-candidate,False,none,none,none,"Style component for general; review for shared tokens, theme, palette, Tailwind, or global style normalization.",style-score:100,0ef853a3192742d2
bd96cc5c059175ace07e9202,mbarbine__vanagain-site,style,"style,security",stylesheet,discovery,variables,variables,admin/public/assets/admin/plugins/font-awesome/less/variables.less,.less,800,,,,css,unknown,65,35,shared-style-candidate,False,none,none,none,"Style component for discovery; review for shared tokens, theme, palette, Tailwind, or global style normalization.",style-score:100 | security-score:55,e3717422976292d8
ab6cf862b25c32fe84ed8aeb,mbarbine__vanagain-site,style,style,stylesheet,general,rotated-flipped,rotated-flipped,admin/public/assets/admin/plugins/font-awesome/less/rotated-flipped.less,.less,20,,,,css,unknown,55,40,shared-style-candidate,False,none,none,none,"Style component for general; review for shared tokens, theme, palette, Tailwind, or global style normalization.",style-score:100,d67df95488eec84d
42127813d678864d16607751,mbarbine__vanagain-site,style,style,stylesheet,commerce,font-awesome,font-awesome,admin/public/assets/admin/plugins/font-awesome/less/font-awesome.less,.less,18,,,,css,unknown,55,40,shared-style-candidate,False,none,none,none,"Style component for commerce; review for shared tokens, theme, palette, Tailwind, or global style normalization.",style-score:100,2df62305a8a14e09
caf97d9cb79b883ea427b27b,mbarbine__vanagain-site,style,"style,security",stylesheet,media,icons,icons,admin/public/assets/admin/plugins/font-awesome/less/icons.less,.less,789,,,,css,unknown,65,20,shared-style-candidate,True,none,none,none,"Style component for media; review for shared tokens, theme, palette, Tailwind, or global style normalization.",style-score:100 | security-score:55,4d585eeee98f4826
dfb53804e907d179a105a65b,mbarbine__vanagain-site,style,style,stylesheet,general,path,path,admin/public/assets/admin/plugins/font-awesome/less/path.less,.less,15,,,,css,unknown,55,40,shared-style-candidate,False,none,none,none,"Style component for general; review for shared tokens, theme, palette, Tailwind, or global style normalization.",style-score:100,a0dcbbcd3976f591
fc3ee55b000d9a04aff9567a,mbarbine__vanagain-site,style,"style,security",stylesheet,logic,animated,animated,admin/public/assets/admin/plugins/font-awesome/less/animated.less,.less,34,,,,css,unknown,65,55,shared-style-candidate,True,none,none,none,"Style component for logic; review for shared tokens, theme, palette, Tailwind, or global style normalization.",style-score:100 | security-score:55,c7035423d5a1e03d
dfc5761033cd1f5c4bdb6c15,mbarbine__vanagain-site,style,style,stylesheet,commerce,bordered-pulled,bordered-pulled,admin/public/assets/admin/plugins/font-awesome/less/bordered-pulled.less,.less,25,,,,css,unknown,55,40,shared-style-candidate,False,none,none,none,"Style component for commerce; review for shared tokens, theme, palette, Tailwind, or global style normalization.",style-score:100,e3d168a292ba33d4
89d2ec6e259d23eaeeedb419,mbarbine__vanagain-site,style,style,stylesheet,general,larger,larger,admin/public/assets/admin/plugins/font-awesome/less/larger.less,.less,13,,,,css,unknown,55,40,shared-style-candidate,False,none,none,none,"Style component for general; review for shared tokens, theme, palette, Tailwind, or global style normalization.",style-score:100,dfc79d4325804e9a
7fea2be58906e53a55be8fa5,mbarbine__vanagain-site,style,style,stylesheet,commerce,mixins,mixins,admin/public/assets/admin/plugins/font-awesome/less/mixins.less,.less,60,,,,css,unknown,55,40,shared-style-candidate,True,none,none,none,"Style component for commerce; review for shared tokens, theme, palette, Tailwind, or global style normalization.",style-score:100,65c4bb7138772043
0e26bc088096fa626b108b3d,mbarbine__vanagain-site,style,style,stylesheet,general,screen-reader,screen-reader,admin/public/assets/admin/plugins/font-awesome/less/screen-reader.less,.less,5,,,,css,unknown,50,35,shared-style-candidate,False,none,none,none,"Style component for general; review for shared tokens, theme, palette, Tailwind, or global style normalization.",style-score:100,b32ff7821a7b0a64
3831f17c85fe87de04900698,mbarbine__vanagain-site,style,style,stylesheet,general,_stacked,stacked,admin/public/assets/admin/plugins/font-awesome/scss/_stacked.scss,.scss,20,,,,css,unknown,55,40,shared-style-candidate,False,none,none,none,"Style component for general; review for shared tokens, theme, palette, Tailwind, or global style normalization.",style-score:130,70f33fd079ab7085
ec35d4aae94a11491e6df1ba,mbarbine__vanagain-site,style,"style,security",stylesheet,discovery,_variables,variables,admin/public/assets/admin/plugins/font-awesome/scss/_variables.scss,.scss,800,,,,css,unknown,65,35,shared-style-candidate,False,none,none,none,"Style component for discovery; review for shared tokens, theme, palette, Tailwind, or global style normalization.",style-score:130 | security-score:55,f2d069a323633888
b3b2f3db2bbb7c2acb517924,mbarbine__vanagain-site,style,style,stylesheet,commerce,font-awesome,font-awesome,admin/public/assets/admin/plugins/font-awesome/scss/font-awesome.scss,.scss,18,,,,css,unknown,55,40,shared-style-candidate,False,none,none,none,"Style component for commerce; review for shared tokens, theme, palette, Tailwind, or global style normalization.",style-score:130,4cb4a00ca08b6e45
20e1d6baca0c5cbfc3074d14,mbarbine__vanagain-site,style,style,stylesheet,general,_rotated-flipped,rotated-flipped,admin/public/assets/admin/plugins/font-awesome/scss/_rotated-flipped.scss,.scss,20,,,,css,unknown,55,40,shared-style-candidate,False,none,none,none,"Style component for general; review for shared tokens, theme, palette, Tailwind, or global style normalization.",style-score:130,ff0686d76acde358
bad44bcc52b24ea8275792c2,mbarbine__vanagain-site,style,style,stylesheet,general,_path,path,admin/public/assets/admin/plugins/font-awesome/scss/_path.scss,.scss,15,,,,css,unknown,55,40,shared-style-candidate,False,none,none,none,"Style component for general; review for shared tokens, theme, palette, Tailwind, or global style normalization.",style-score:130,0e035e21bbdf7f14
0f69d5fa6e46e385e45f4cc5,mbarbine__vanagain-site,style,style,stylesheet,general,_list,list,admin/public/assets/admin/plugins/font-awesome/scss/_list.scss,.scss,19,,,,css,unknown,55,40,shared-style-candidate,False,none,none,none,"Style component for general; review for shared tokens, theme, palette, Tailwind, or global style normalization.",style-score:130,d5430a6695febcd9
cc43ab93b42f461255ca9a70,mbarbine__vanagain-site,style,style,stylesheet,general,_screen-reader,screen-reader,admin/public/assets/admin/plugins/font-awesome/scss/_screen-reader.scss,.scss,5,,,,css,unknown,50,35,shared-style-candidate,False,none,none,none,"Style component for general; review for shared tokens, theme, palette, Tailwind, or global style normalization.",style-score:130,1c964c84d5ec33fd
25911434f0f1fed4e43d22c6,mbarbine__vanagain-site,style,style,stylesheet,general,_larger,larger,admin/public/assets/admin/plugins/font-awesome/scss/_larger.scss,.scss,13,,,,css,unknown,55,40,shared-style-candidate,False,none,none,none,"Style component for general; review for shared tokens, theme, palette, Tailwind, or global style normalization.",style-score:130,fb4e8e7d5d03074d
4de25f40f8e238dbe8280f8c,mbarbine__vanagain-site,style,"style,logic",stylesheet,general,_core,core,admin/public/assets/admin/plugins/font-awesome/scss/_core.scss,.scss,12,,,,css,unknown,65,40,shared-style-candidate,False,none,none,secondary,"Style component for general; review for shared tokens, theme, palette, Tailwind, or global style normalization.",style-score:130 | logic-score:70,e6e81949b0ac4668
f407daf461fea96fb4d9ef0c,mbarbine__vanagain-site,style,style,stylesheet,commerce,_mixins,mixins,admin/public/assets/admin/plugins/font-awesome/scss/_mixins.scss,.scss,60,,,,css,unknown,55,40,shared-style-candidate,True,none,none,none,"Style component for commerce; review for shared tokens, theme, palette, Tailwind, or global style normalization.",style-score:130,2efe3c665c5fecc6
ca402100c844ace76eb6640a,mbarbine__vanagain-site,style,"style,security",stylesheet,logic,_animated,animated,admin/public/assets/admin/plugins/font-awesome/scss/_animated.scss,.scss,34,,,,css,unknown,65,55,shared-style-candidate,True,none,none,none,"Style component for logic; review for shared tokens, theme, palette, Tailwind, or global style normalization.",style-score:130 | security-score:55,900e2531ca7544fa
09b97fa610eaa1861255bf17,mbarbine__vanagain-site,style,"style,security",stylesheet,media,_icons,icons,admin/public/assets/admin/plugins/font-awesome/scss/_icons.scss,.scss,789,,,,css,unknown,65,20,shared-style-candidate,True,none,none,none,"Style component for media; review for shared tokens, theme, palette, Tailwind, or global style normalization.",style-score:130 | security-score:55,a8f1b5d6a1a19927
848b8bc8f2169554d2a30a58,mbarbine__vanagain-site,style,style,stylesheet,general,_fixed-width,fixed-width,admin/public/assets/admin/plugins/font-awesome/scss/_fixed-width.scss,.scss,6,,,,css,unknown,50,35,shared-style-candidate,False,none,none,none,"Style component for general; review for shared tokens, theme, palette, Tailwind, or global style normalization.",style-score:130,b8b0b3478e04e868
e4af7784e8b14f732bfe0311,mbarbine__vanagain-site,style,style,stylesheet,commerce,_bordered-pulled,bordered-pulled,admin/public/assets/admin/plugins/font-awesome/scss/_bordered-pulled.scss,.scss,25,,,,css,unknown,55,40,shared-style-candidate,False,none,none,none,"Style component for commerce; review for shared tokens, theme, palette, Tailwind, or global style normalization.",style-score:130,d1d28d405b932831
4cf80fdf2fac1ed39549884e,mbarbine__vanagon-website,style,style,stylesheet,editor,globals,globals,app/globals.css,.css,180,,,,next-react,unknown,65,40,shared-style-candidate,True,none,none,none,"Style component for editor; review for shared tokens, theme, palette, Tailwind, or global style normalization.",style-score:130,11d5e6f70ab62116
011f4e96530516b1b870b4e6,mbarbine__vanagon-website,style,style,stylesheet,editor,globals,globals,styles/globals.css,.css,125,,,,next-react,unknown,55,40,shared-style-candidate,True,none,none,none,"Style component for editor; review for shared tokens, theme, palette, Tailwind, or global style normalization.",style-score:130,7f30dbe34b65246e
9f748d193725b9982040828c,mbarbine__vanlife-website,style,"style,security",stylesheet,editor,globals,globals,app/globals.css,.css,142,,,,next-react,pnpm,75,40,shared-style-candidate,True,none,none,none,"Style component for editor; review for shared tokens, theme, palette, Tailwind, or global style normalization.",style-score:130 | security-score:55,812ff1765f3c6279
ea6ff61e6115fa771df2e027,mbarbine__vanlife-website,style,style,stylesheet,editor,globals,globals,styles/globals.css,.css,125,,,,next-react,pnpm,55,40,shared-style-candidate,True,none,none,none,"Style component for editor; review for shared tokens, theme, palette, Tailwind, or global style normalization.",style-score:130,7f30dbe34b65246e
83ec52d22b2b63dfed448c8d,mbarbine__wildduck,style,"style,observability,security,ai",stylesheet,observability,retro-modern,retro-modern,config/webmail/retro-modern.css,.css,402,,,,css,unknown,65,50,shared-style-candidate,True,none,none,none,"Style component for observability; review for shared tokens, theme, palette, Tailwind, or global style normalization.",style-score:130 | observability-score:55 | security-score:55 | ai-score:45,38b7c80401ead023
75567b0b3324e362e760c151,mbarbine__www-demo-biofeedback-app-development,style,style,stylesheet,editor,globals,globals,app/globals.css,.css,126,,,,next-react,pnpm,65,40,shared-style-candidate,True,none,none,none,"Style component for editor; review for shared tokens, theme, palette, Tailwind, or global style normalization.",style-score:130,b02c522f57478ce5
f754f28a48be8fbe845743f6,mbarbine__www-demo-biofeedback-app-development,style,style,stylesheet,editor,globals,globals,styles/globals.css,.css,125,,,,next-react,pnpm,55,40,shared-style-candidate,True,none,none,none,"Style component for editor; review for shared tokens, theme, palette, Tailwind, or global style normalization.",style-score:130,7f30dbe34b65246e
cf375ff269d3abb350870897,mbarbine__xsociety,style,"style,observability",stylesheet,observability,xsociety_custom,xsociety-custom,html/css/xsociety_custom.css,.css,32,,,,css,python,65,55,shared-style-candidate,True,none,none,none,"Style component for observability; review for shared tokens, theme, palette, Tailwind, or global style normalization.",style-score:130 | observability-score:55,f4315e50edae9f41
91a2f4975bc5860f5bb807f9,mbarbine__xsociety,style,"style,observability,ai",stylesheet,observability,sb-admin-2,sb-admin-2,html/css/sb-admin-2.css,.css,354,,,,css,python,65,50,shared-style-candidate,True,none,none,none,"Style component for observability; review for shared tokens, theme, palette, Tailwind, or global style normalization.",style-score:130 | observability-score:55 | ai-score:45,9aaa30d3ebc72f03
eabb9829c908f4c144c69618,mbarbine__xsociety,style,"style,observability,ai",stylesheet,observability,xsociety,xsociety,html/css/xsociety.css,.css,354,,,,css,python,65,50,shared-style-candidate,True,none,none,none,"Style component for observability; review for shared tokens, theme, palette, Tailwind, or global style normalization.",style-score:130 | observability-score:55 | ai-score:45,9aaa30d3ebc72f03
9b770a7d61031102281d7556,mbarbine__xsociety,style,style,stylesheet,commerce,timeline,timeline,html/css/timeline.css,.css,180,,,,css,python,55,40,shared-style-candidate,True,none,none,none,"Style component for commerce; review for shared tokens, theme, palette, Tailwind, or global style normalization.",style-score:130,56ce419afae15f49
d05854b374bbcfd9a439c199,mbarbine__xsociety,style,style,stylesheet,testing,variables,variables,html/less/variables.less,.less,14,,,,css,python,55,40,shared-style-candidate,False,none,none,none,"Style component for testing; review for shared tokens, theme, palette, Tailwind, or global style normalization.",style-score:100,6a967a6323464177
a596665cc8bf352ca941a41c,mbarbine__xsociety,style,"style,observability,ai",stylesheet,observability,sb-admin-2,sb-admin-2,html/less/sb-admin-2.less,.less,366,,,,css,python,65,50,shared-style-candidate,True,none,none,none,"Style component for observability; review for shared tokens, theme, palette, Tailwind, or global style normalization.",style-score:100 | observability-score:55 | ai-score:45,a084b1e730016387
a36af6f9ada9c8673f96f01e,mbarbine__xsociety,style,style,stylesheet,general,mixins,mixins,html/less/mixins.less,.less,1,,,,css,python,50,35,shared-style-candidate,False,none,none,none,"Style component for general; review for shared tokens, theme, palette, Tailwind, or global style normalization.",style-score:100,bd8b08b7f363dc6a
991c83b3545fb6fd62ee9473,mbarbine__xsociety,style,"style,security",stylesheet,editor,mocha,mocha,html/components/mocha/mocha.css,.css,270,,,,css,python,75,35,shared-style-candidate,True,none,none,none,"Style component for editor; review for shared tokens, theme, palette, Tailwind, or global style normalization.",style-score:130 | security-score:55,6bb2a46eabcef2d5
3d84411f694677f2bd4c2398,mbarbine__xsociety,style,style,stylesheet,commerce,forms,forms,html/components/bootstrap/less/forms.less,.less,613,,,,css,python,65,25,shared-style-candidate,True,none,none,none,"Style component for commerce; review for shared tokens, theme, palette, Tailwind, or global style normalization.",style-score:100,b32356374e5cbe13
11099aa9bb72e84e90486fb2,mbarbine__xsociety,style,"style,logic",stylesheet,general,utilities,utilities,html/components/bootstrap/less/utilities.less,.less,55,,,,css,python,75,40,shared-style-candidate,True,none,none,secondary,"Style component for general; review for shared tokens, theme, palette, Tailwind, or global style normalization.",style-score:100 | logic-score:45,f6034c1e380bf944
64ce0f8a43ac96c69265e410,mbarbine__xsociety,style,style,stylesheet,analytics,navs,navs,html/components/bootstrap/less/navs.less,.less,242,,,,css,python,65,35,shared-style-candidate,True,none,none,none,"Style component for analytics; review for shared tokens, theme, palette, Tailwind, or global style normalization.",style-score:100,ea99b5e866e74642
a963326aecd58632078ad16e,mbarbine__xsociety,style,style,stylesheet,general,component-animations,component-animations,html/components/bootstrap/less/component-animations.less,.less,33,,,,css,python,65,40,shared-style-candidate,False,none,none,none,"Style component for general; review for shared tokens, theme, palette, Tailwind, or global style normalization.",style-score:100,e939f4d9361dbda8
0824c3dfda69d15751357b1d,mbarbine__xsociety,style,"style,logic",stylesheet,ai,responsive-utilities,responsive-utilities,html/components/bootstrap/less/responsive-utilities.less,.less,194,,,,css,python,75,55,shared-style-candidate,True,none,none,secondary,"Style component for ai; review for shared tokens, theme, palette, Tailwind, or global style normalization.",style-score:100 | logic-score:45,82faef37dbded5a6
04e70fea6f4d825ae8eab041,mbarbine__xsociety,style,style,stylesheet,general,grid,grid,html/components/bootstrap/less/grid.less,.less,84,,,,css,python,65,40,shared-style-candidate,False,none,none,none,"Style component for general; review for shared tokens, theme, palette, Tailwind, or global style normalization.",style-score:100,e600ef88ebc68dda
98e1b9a725cee92cf450dea9,mbarbine__xsociety,style,style,stylesheet,commerce,breadcrumbs,breadcrumbs,html/components/bootstrap/less/breadcrumbs.less,.less,26,,,,css,python,65,40,shared-style-candidate,True,none,none,none,"Style component for commerce; review for shared tokens, theme, palette, Tailwind, or global style normalization.",style-score:100,1cc333c9046b9d4e
d989621a3a7a0d9b624e0c8f,mbarbine__xsociety,style,style,stylesheet,general,media,media,html/components/bootstrap/less/media.less,.less,66,,,,css,python,65,40,shared-style-candidate,False,none,none,none,"Style component for general; review for shared tokens, theme, palette, Tailwind, or global style normalization.",style-score:100,f172c116446499c7
71cf73b7974d3db281241e22,mbarbine__xsociety,style,"style,ui",ui-primitive,editor,carousel,carousel,html/components/bootstrap/less/carousel.less,.less,270,,,,css,python,75,60,shared-style-candidate,True,none,none,none,"Style component for editor; review for shared tokens, theme, palette, Tailwind, or global style normalization.",style-score:100 | ui-score:70,72291d5821b6f373
236be43a13e9ad3c4a780311,mbarbine__xsociety,style,style,stylesheet,commerce,print,print,html/components/bootstrap/less/print.less,.less,101,,,,css,python,65,40,shared-style-candidate,True,none,none,none,"Style component for commerce; review for shared tokens, theme, palette, Tailwind, or global style normalization.",style-score:100,b365798cc3ccc1a8
92472b008c6e920a109965b0,mbarbine__xsociety,style,style,stylesheet,editor,buttons,buttons,html/components/bootstrap/less/buttons.less,.less,166,,,,css,python,65,40,shared-style-candidate,True,none,none,none,"Style component for editor; review for shared tokens, theme, palette, Tailwind, or global style normalization.",style-score:100,1d2fd98609869e83
79c82f7f0623f166c5e43971,mbarbine__xsociety,style,style,stylesheet,commerce,list-group,list-group,html/components/bootstrap/less/list-group.less,.less,130,,,,css,python,65,40,shared-style-candidate,True,none,none,none,"Style component for commerce; review for shared tokens, theme, palette, Tailwind, or global style normalization.",style-score:100,d7e285f2e823c722
9882551eb20c4f9c7aff6bec,mbarbine__xsociety,style,"style,automation",stylesheet,editor,navbar,navbar,html/components/bootstrap/less/navbar.less,.less,660,,,,css,python,75,25,shared-style-candidate,True,none,secondary,none,"Style component for editor; review for shared tokens, theme, palette, Tailwind, or global style normalization.",style-score:100 | automation-score:45,d88586bdad2cd397
63ab638ceb341bccbc89bf79,mbarbine__xsociety,style,"style,integration",stylesheet,discovery,button-groups,button-groups,html/components/bootstrap/less/button-groups.less,.less,244,,,,css,python,75,50,shared-style-candidate,False,none,none,none,"Style component for discovery; review for shared tokens, theme, palette, Tailwind, or global style normalization.",style-score:100 | integration-score:55,3152290f4ea80ea5
143345f0bbd319b95220064d,mbarbine__xsociety,style,"style,security",stylesheet,commerce,progress-bars,progress-bars,html/components/bootstrap/less/progress-bars.less,.less,87,,,,css,python,75,40,shared-style-candidate,False,none,none,none,"Style component for commerce; review for shared tokens, theme, palette, Tailwind, or global style normalization.",style-score:100 | security-score:55,81417d06a65ee59b
cbb4fa74dfe73e119277d46b,mbarbine__xsociety,style,style,stylesheet,shipping,bootstrap,bootstrap,html/components/bootstrap/less/bootstrap.less,.less,56,,,,css,python,65,40,shared-style-candidate,True,none,none,none,"Style component for shipping; review for shared tokens, theme, palette, Tailwind, or global style normalization.",style-score:100,07e2c9ceffdfcffa
7702bb97e823115f10f6bbe0,mbarbine__xsociety,style,"style,observability,security",stylesheet,observability,glyphicons,glyphicons,html/components/bootstrap/less/glyphicons.less,.less,305,"&:before { content: ""\e170"";",,,css,python,90,50,shared-style-candidate,True,none,none,none,"Style component for observability; review for shared tokens, theme, palette, Tailwind, or global style normalization.","exports:&:before { content: ""\e170""; | style-score:100 | observability-score:55 | security-score:55",049201f884fda3dd
445bd96dfcbd1c14384c6fd5,mbarbine__xsociety,style,style,stylesheet,editor,variables,variables,html/components/bootstrap/less/variables.less,.less,869,,,,css,python,65,20,shared-style-candidate,True,none,none,none,"Style component for editor; review for shared tokens, theme, palette, Tailwind, or global style normalization.",style-score:100 | cron-or-schedule,b499f784fee9f9fe
2aa5e2f7c776ba6b14369ed6,mbarbine__xsociety,style,style,stylesheet,media,responsive-embed,responsive-embed,html/components/bootstrap/less/responsive-embed.less,.less,35,,,,css,python,65,40,shared-style-candidate,False,none,none,none,"Style component for media; review for shared tokens, theme, palette, Tailwind, or global style normalization.",style-score:100,d98e5144917146bf
6ca1b3ac22bd1f724c21094b,mbarbine__xsociety,style,style,stylesheet,commerce,jumbotron,jumbotron,html/components/bootstrap/less/jumbotron.less,.less,54,,,,css,python,65,40,shared-style-candidate,False,none,none,none,"Style component for commerce; review for shared tokens, theme, palette, Tailwind, or global style normalization.",style-score:100,ad35c2a47ba07322
a2b75373c9a5d506e90f05fc,mbarbine__xsociety,style,style,stylesheet,commerce,badges,badges,html/components/bootstrap/less/badges.less,.less,66,,,,css,python,65,40,shared-style-candidate,False,none,none,none,"Style component for commerce; review for shared tokens, theme, palette, Tailwind, or global style normalization.",style-score:100,50bd00d003e31fbb
ca2309b36eb4f6194cb5b1de,mbarbine__xsociety,style,"style,ui,observability",ui-primitive,observability,pagination,pagination,html/components/bootstrap/less/pagination.less,.less,89,,,,css,python,75,80,shared-style-candidate,False,none,none,none,"Style component for observability; review for shared tokens, theme, palette, Tailwind, or global style normalization.",style-score:100 | ui-score:70 | observability-score:55,d069dbbe6d3a4390
e6a674ffcd995e9ec87a6ad0,mbarbine__xsociety,style,"style,observability",stylesheet,observability,pager,pager,html/components/bootstrap/less/pager.less,.less,54,,,,css,python,75,55,shared-style-candidate,False,none,none,none,"Style component for observability; review for shared tokens, theme, palette, Tailwind, or global style normalization.",style-score:100 | observability-score:55,8e7904979425cb35
80eb0af9ac81b6e684f7c804,mbarbine__xsociety,style,"style,integration",stylesheet,analytics,input-groups,input-groups,html/components/bootstrap/less/input-groups.less,.less,171,,,,css,python,75,40,shared-style-candidate,True,none,none,none,"Style component for analytics; review for shared tokens, theme, palette, Tailwind, or global style normalization.",style-score:100 | integration-score:55,32255f43c4bbc480
96723127130577dcab11bac9,mbarbine__xsociety,style,"style,automation",stylesheet,commerce,type,type,html/components/bootstrap/less/type.less,.less,302,,,,css,python,75,35,shared-style-candidate,False,none,secondary,none,"Style component for commerce; review for shared tokens, theme, palette, Tailwind, or global style normalization.",style-score:100 | automation-score:45 | cron-or-schedule,b9434ada20d4fb5e
45686103d35e79ac0963a3c8,mbarbine__xsociety,style,style,stylesheet,editor,normalize,normalize,html/components/bootstrap/less/normalize.less,.less,424,,,,css,python,65,35,shared-style-candidate,True,none,none,none,"Style component for editor; review for shared tokens, theme, palette, Tailwind, or global style normalization.",style-score:100,cf0109dd08fdb24d
be2f3a2f0c8d50fd70354982,mbarbine__xsociety,style,"style,automation",design-token,commerce,theme,theme,html/components/bootstrap/less/theme.less,.less,291,,,,css,python,75,60,shared-style-candidate,False,none,secondary,none,"Style component for commerce; review for shared tokens, theme, palette, Tailwind, or global style normalization.",style-score:130 | automation-score:45,4fc47977def5aaa5
3ad59c78828e0c1fcbcf9297,mbarbine__xsociety,style,"style,security",stylesheet,commerce,code,code,html/components/bootstrap/less/code.less,.less,69,,,,css,python,75,40,shared-style-candidate,False,none,none,none,"Style component for commerce; review for shared tokens, theme, palette, Tailwind, or global style normalization.",style-score:100 | security-score:55,c95264fc75f2eb08
17fe09fc8296ef255f256ae2,mbarbine__xsociety,style,style,stylesheet,commerce,thumbnails,thumbnails,html/components/bootstrap/less/thumbnails.less,.less,36,,,,css,python,65,40,shared-style-candidate,False,none,none,none,"Style component for commerce; review for shared tokens, theme, palette, Tailwind, or global style normalization.",style-score:100,87e9879c7e6dec71
ec17023aabe93f77a5915dab,mbarbine__xsociety,style,style,stylesheet,commerce,labels,labels,html/components/bootstrap/less/labels.less,.less,64,,,,css,python,65,40,shared-style-candidate,False,none,none,none,"Style component for commerce; review for shared tokens, theme, palette, Tailwind, or global style normalization.",style-score:100,faafe8a60b749209
bd0df52cf6defc121a3f6aa1,mbarbine__xsociety,style,style,stylesheet,analytics,alerts,alerts,html/components/bootstrap/less/alerts.less,.less,73,,,,css,python,65,40,shared-style-candidate,True,none,none,none,"Style component for analytics; review for shared tokens, theme, palette, Tailwind, or global style normalization.",style-score:100,8752cb6b680b0e8f
a612285b12f697e7652819bf,mbarbine__xsociety,style,style,stylesheet,editor,dropdowns,dropdowns,html/components/bootstrap/less/dropdowns.less,.less,216,,,,css,python,65,35,shared-style-candidate,True,none,none,none,"Style component for editor; review for shared tokens, theme, palette, Tailwind, or global style normalization.",style-score:100,c90955b6a9aa6478
263b7fdb63d8c63faa9a7609,mbarbine__xsociety,style,style,stylesheet,commerce,popovers,popovers,html/components/bootstrap/less/popovers.less,.less,131,,,,css,python,65,40,shared-style-candidate,True,none,none,none,"Style component for commerce; review for shared tokens, theme, palette, Tailwind, or global style normalization.",style-score:100,a40753faa609dc60
f36bb25463a84d97e3f2ff64,mbarbine__xsociety,style,style,stylesheet,commerce,wells,wells,html/components/bootstrap/less/wells.less,.less,29,,,,css,python,65,40,shared-style-candidate,False,none,none,none,"Style component for commerce; review for shared tokens, theme, palette, Tailwind, or global style normalization.",style-score:100,48e8b334504d224e
db5976c5397a44798724b884,mbarbine__xsociety,style,style,stylesheet,analytics,scaffolding,scaffolding,html/components/bootstrap/less/scaffolding.less,.less,161,,,,css,python,65,40,shared-style-candidate,True,none,none,none,"Style component for analytics; review for shared tokens, theme, palette, Tailwind, or global style normalization.",style-score:100,fcf4691aaf1f56e0
ff384e60989c634b3cd01a61,mbarbine__xsociety,style,style,stylesheet,analytics,tables,tables,html/components/bootstrap/less/tables.less,.less,234,,,,css,python,65,35,shared-style-candidate,True,none,none,none,"Style component for analytics; review for shared tokens, theme, palette, Tailwind, or global style normalization.",style-score:100,e3f64698fd0aeead
55b28089ec0299caf5ca6621,mbarbine__xsociety,style,"style,observability",stylesheet,observability,modals,modals,html/components/bootstrap/less/modals.less,.less,150,,,,css,python,75,55,shared-style-candidate,True,none,none,none,"Style component for observability; review for shared tokens, theme, palette, Tailwind, or global style normalization.",style-score:100 | observability-score:55,75d84db07a329480
ead916585944e6da0b3bcbae,mbarbine__xsociety,style,style,stylesheet,commerce,mixins,mixins,html/components/bootstrap/less/mixins.less,.less,40,,,,css,python,65,40,shared-style-candidate,False,none,none,none,"Style component for commerce; review for shared tokens, theme, palette, Tailwind, or global style normalization.",style-score:100,219d6a5f9da25ac7
82b11e6a1e47b02cbf190654,mbarbine__xsociety,style,style,stylesheet,analytics,close,close,html/components/bootstrap/less/close.less,.less,34,,,,css,python,65,40,shared-style-candidate,True,none,none,none,"Style component for analytics; review for shared tokens, theme, palette, Tailwind, or global style normalization.",style-score:100,2fd6f373ff01b2a9
7aec5acab49ef0a97db8ed20,mbarbine__xsociety,style,"style,ui",ui-primitive,commerce,tooltip,tooltip,html/components/bootstrap/less/tooltip.less,.less,101,,,,css,python,75,65,shared-style-candidate,True,none,none,none,"Style component for commerce; review for shared tokens, theme, palette, Tailwind, or global style normalization.",style-score:100 | ui-score:70,52f3f302069ba7ea
e4952430fd44f32222611f8b,mbarbine__xsociety,style,style,stylesheet,commerce,panels,panels,html/components/bootstrap/less/panels.less,.less,271,,,,css,python,65,35,shared-style-candidate,True,none,none,none,"Style component for commerce; review for shared tokens, theme, palette, Tailwind, or global style normalization.",style-score:100,0f7c7e3f433075e7
6968325f0d12ac76d232b6aa,mbarbine__xsociety,style,style,stylesheet,discovery,forms,forms,html/components/bootstrap/less/mixins/forms.less,.less,85,,,,css,python,65,55,shared-style-candidate,True,none,none,none,"Style component for discovery; review for shared tokens, theme, palette, Tailwind, or global style normalization.",style-score:100,88ac5cb8c5ba5fc0
7fccc9f7569316e775d62c6f,mbarbine__xsociety,style,style,stylesheet,design-system,text-emphasis,text-emphasis,html/components/bootstrap/less/mixins/text-emphasis.less,.less,9,,,,css,python,60,50,shared-style-candidate,False,none,none,none,"Style component for design-system; review for shared tokens, theme, palette, Tailwind, or global style normalization.",style-score:100,c946c47d0aece91a
ce4f9377cf8c7cbf100c792a,mbarbine__xsociety,style,style,stylesheet,logic,nav-vertical-align,nav-vertical-align,html/components/bootstrap/less/mixins/nav-vertical-align.less,.less,9,,,,css,python,60,50,shared-style-candidate,True,none,none,none,"Style component for logic; review for shared tokens, theme, palette, Tailwind, or global style normalization.",style-score:100,ab36bdc7fb86b18b
a8728ca42e44ca7740b72051,mbarbine__xsociety,style,style,stylesheet,analytics,table-row,table-row,html/components/bootstrap/less/mixins/table-row.less,.less,28,,,,css,python,65,40,shared-style-candidate,True,none,none,none,"Style component for analytics; review for shared tokens, theme, palette, Tailwind, or global style normalization.",style-score:100,fbc0a73ea2a8e232
f467407b43c1d52f4f61a302,mbarbine__xsociety,style,style,stylesheet,commerce,hide-text,hide-text,html/components/bootstrap/less/mixins/hide-text.less,.less,21,,,,css,python,65,40,shared-style-candidate,False,none,none,none,"Style component for commerce; review for shared tokens, theme, palette, Tailwind, or global style normalization.",style-score:100,00e995f96bf4750f
0f314c4b386b483bbec0b70d,mbarbine__xsociety,style,style,stylesheet,shipping,grid,grid,html/components/bootstrap/less/mixins/grid.less,.less,122,,,,css,python,65,40,shared-style-candidate,True,none,none,none,"Style component for shipping; review for shared tokens, theme, palette, Tailwind, or global style normalization.",style-score:100,826083699b74b936
fb3484eff324daef637d914d,mbarbine__xsociety,style,style,stylesheet,testing,gradients,gradients,html/components/bootstrap/less/mixins/gradients.less,.less,59,,,,css,python,65,40,shared-style-candidate,False,none,none,none,"Style component for testing; review for shared tokens, theme, palette, Tailwind, or global style normalization.",style-score:100,d5b157b8b8aab78a
8751723c17c88cd5935bfb4b,mbarbine__xsociety,style,style,stylesheet,general,nav-divider,nav-divider,html/components/bootstrap/less/mixins/nav-divider.less,.less,10,,,,css,python,60,40,shared-style-candidate,False,none,none,none,"Style component for general; review for shared tokens, theme, palette, Tailwind, or global style normalization.",style-score:100,8043f8d3ab4d8d3c
a9106018ec2b5bed0435db44,mbarbine__xsociety,style,style,stylesheet,commerce,buttons,buttons,html/components/bootstrap/less/mixins/buttons.less,.less,65,,,,css,python,65,40,shared-style-candidate,False,none,none,none,"Style component for commerce; review for shared tokens, theme, palette, Tailwind, or global style normalization.",style-score:100,e21cdfbc6c54c9c4
655be822d5fc8d8d82daf311,mbarbine__xsociety,style,style,stylesheet,commerce,list-group,list-group,html/components/bootstrap/less/mixins/list-group.less,.less,30,,,,css,python,65,40,shared-style-candidate,False,none,none,none,"Style component for commerce; review for shared tokens, theme, palette, Tailwind, or global style normalization.",style-score:100,17ba7c9250459ecf
16a355dce76ee9e20bf3044b,mbarbine__xsociety,style,style,stylesheet,general,image,image,html/components/bootstrap/less/mixins/image.less,.less,33,,,,css,python,65,40,shared-style-candidate,False,none,none,none,"Style component for general; review for shared tokens, theme, palette, Tailwind, or global style normalization.",style-score:100,5bc36f8b6451ac06
9f3d36aaf9bada1dd7484f34,mbarbine__xsociety,style,style,stylesheet,logic,reset-filter,reset-filter,html/components/bootstrap/less/mixins/reset-filter.less,.less,8,,,,css,python,60,50,shared-style-candidate,True,none,none,none,"Style component for logic; review for shared tokens, theme, palette, Tailwind, or global style normalization.",style-score:100,699ed793530ccf11
c8c9cf096f6b20855a54b874,mbarbine__xsociety,style,style,stylesheet,general,text-overflow,text-overflow,html/components/bootstrap/less/mixins/text-overflow.less,.less,8,,,,css,python,60,35,shared-style-candidate,False,none,none,none,"Style component for general; review for shared tokens, theme, palette, Tailwind, or global style normalization.",style-score:100,6aade69b4f606ff0
0fcc758d3c7160d498d6c6ea,mbarbine__xsociety,style,style,stylesheet,general,size,size,html/components/bootstrap/less/mixins/size.less,.less,10,,,,css,python,60,40,shared-style-candidate,False,none,none,none,"Style component for general; review for shared tokens, theme, palette, Tailwind, or global style normalization.",style-score:100,731273ad4146e5cc
7903afdb75f4a038b7d3c531,mbarbine__xsociety,style,style,stylesheet,design-system,background-variant,background-variant,html/components/bootstrap/less/mixins/background-variant.less,.less,9,,,,css,python,60,50,shared-style-candidate,False,none,none,none,"Style component for design-system; review for shared tokens, theme, palette, Tailwind, or global style normalization.",style-score:100,a9353308b82c8c56
106c7bb5c53b75d9a6b715ff,mbarbine__xsociety,style,"style,ui,observability",ui-primitive,observability,pagination,pagination,html/components/bootstrap/less/mixins/pagination.less,.less,24,,,,css,python,75,80,shared-style-candidate,False,none,none,none,"Style component for observability; review for shared tokens, theme, palette, Tailwind, or global style normalization.",style-score:100 | ui-score:70 | observability-score:55,4ae2ad8ff292532c
b0596bf2cab3387d67bcb6dd,mbarbine__xsociety,style,style,stylesheet,game,center-block,center-block,html/components/bootstrap/less/mixins/center-block.less,.less,7,,,,css,python,60,35,shared-style-candidate,False,none,none,none,"Style component for game; review for shared tokens, theme, palette, Tailwind, or global style normalization.",style-score:100,42a5bfd1e72a04ce
e42e0e2cc4602987cff4ea80,mbarbine__xsociety,style,style,stylesheet,general,responsive-visibility,responsive-visibility,html/components/bootstrap/less/mixins/responsive-visibility.less,.less,15,,,,css,python,65,40,shared-style-candidate,False,none,none,none,"Style component for general; review for shared tokens, theme, palette, Tailwind, or global style normalization.",style-score:100,7800de23d032f3c5
62be6444a285c454e972134d,mbarbine__xsociety,style,style,stylesheet,shipping,labels,labels,html/components/bootstrap/less/mixins/labels.less,.less,12,,,,css,python,65,40,shared-style-candidate,True,none,none,none,"Style component for shipping; review for shared tokens, theme, palette, Tailwind, or global style normalization.",style-score:100,b434d897ac8d38e0
3b3eebe1827aa94667e0c4b8,mbarbine__xsociety,style,style,stylesheet,analytics,grid-framework,grid-framework,html/components/bootstrap/less/mixins/grid-framework.less,.less,91,,,,css,python,65,40,shared-style-candidate,True,none,none,none,"Style component for analytics; review for shared tokens, theme, palette, Tailwind, or global style normalization.",style-score:100,14e252cd9ad3c15d
ca448bb150e0b02ea5d8a263,mbarbine__xsociety,style,style,stylesheet,commerce,border-radius,border-radius,html/components/bootstrap/less/mixins/border-radius.less,.less,18,,,,css,python,65,40,shared-style-candidate,False,none,none,none,"Style component for commerce; review for shared tokens, theme, palette, Tailwind, or global style normalization.",style-score:100,e69871b5803835bb
ab85cc1ee4f69801b335ca2f,mbarbine__xsociety,style,style,stylesheet,general,clearfix,clearfix,html/components/bootstrap/less/mixins/clearfix.less,.less,22,,,,css,python,65,40,shared-style-candidate,True,none,none,none,"Style component for general; review for shared tokens, theme, palette, Tailwind, or global style normalization.",style-score:100,755e6753a8260789
0543b948e4ae7783f8f8bfb4,mbarbine__xsociety,style,style,stylesheet,general,opacity,opacity,html/components/bootstrap/less/mixins/opacity.less,.less,8,,,,css,python,60,35,shared-style-candidate,False,none,none,none,"Style component for general; review for shared tokens, theme, palette, Tailwind, or global style normalization.",style-score:100,7e43cf5bd7958467
24fb264e2e84cd61a728ab7f,mbarbine__xsociety,style,style,stylesheet,commerce,alerts,alerts,html/components/bootstrap/less/mixins/alerts.less,.less,14,,,,css,python,65,40,shared-style-candidate,False,none,none,none,"Style component for commerce; review for shared tokens, theme, palette, Tailwind, or global style normalization.",style-score:100,71c8c0b6e22a2d41
2feba9ee97cf602bed4474bb,mbarbine__xsociety,style,style,stylesheet,design-system,progress-bar,progress-bar,html/components/bootstrap/less/mixins/progress-bar.less,.less,10,,,,css,python,60,55,shared-style-candidate,False,none,none,none,"Style component for design-system; review for shared tokens, theme, palette, Tailwind, or global style normalization.",style-score:100,e3e441c81bfe1f3c
f7d43d021e1709ce56e69739,mbarbine__xsociety,style,"style,ai",stylesheet,analytics,vendor-prefixes,vendor-prefixes,html/components/bootstrap/less/mixins/vendor-prefixes.less,.less,227,,,,css,python,75,35,shared-style-candidate,True,none,none,none,"Style component for analytics; review for shared tokens, theme, palette, Tailwind, or global style normalization.",style-score:100 | ai-score:45,1b507204935e0395
cf8973bb3188daee90a2b153,mbarbine__xsociety,style,style,stylesheet,shipping,reset-text,reset-text,html/components/bootstrap/less/mixins/reset-text.less,.less,18,,,,css,python,65,40,shared-style-candidate,True,none,none,none,"Style component for shipping; review for shared tokens, theme, palette, Tailwind, or global style normalization.",style-score:100,1b75fdfcd489845b
8ef28452201b0a3a9815f876,mbarbine__xsociety,style,style,stylesheet,general,resize,resize,html/components/bootstrap/less/mixins/resize.less,.less,6,,,,css,python,60,35,shared-style-candidate,False,none,none,none,"Style component for general; review for shared tokens, theme, palette, Tailwind, or global style normalization.",style-score:100,b6132814f56a8f43
e4e6d15701e74d19c98c4e9b,mbarbine__xsociety,style,style,stylesheet,commerce,panels,panels,html/components/bootstrap/less/mixins/panels.less,.less,24,,,,css,python,65,40,shared-style-candidate,False,none,none,none,"Style component for commerce; review for shared tokens, theme, palette, Tailwind, or global style normalization.",style-score:100,315dc3f8368bd42e
1adc8b320d504cee0807a829,mbarbine__xsociety,style,style,stylesheet,editor,tab-focus,tab-focus,html/components/bootstrap/less/mixins/tab-focus.less,.less,9,,,,css,python,60,35,shared-style-candidate,True,none,none,none,"Style component for editor; review for shared tokens, theme, palette, Tailwind, or global style normalization.",style-score:100,dee41df40f2fc5fc
3901f186f6312a33921f846f,mbarbine__xsociety,style,"style,observability",stylesheet,observability,dataTables.jqueryui,data-tables-jqueryui,html/components/datatables-plugins/integration/jqueryui/dataTables.jqueryui.css,.css,414,,,,css,python,75,50,shared-style-candidate,False,none,none,none,"Style component for observability; review for shared tokens, theme, palette, Tailwind, or global style normalization.",style-score:130 | observability-score:55,c42d3cd45d31a409
3720954951ae00e3261be968,mbarbine__xsociety,style,"style,observability",stylesheet,observability,dataTables.jqueryui,data-tables-jqueryui,html/components/datatables-plugins/integration/jqueryui/dataTables.jqueryui.scss,.scss,523,,,,css,python,75,40,shared-style-candidate,False,none,none,none,"Style component for observability; review for shared tokens, theme, palette, Tailwind, or global style normalization.",style-score:130 | observability-score:55,a77d8ad1f4528caa
0698812ce1d45da313050122,mbarbine__xsociety,style,style,stylesheet,shipping,dataTables.bootstrap,data-tables-bootstrap,html/components/datatables-plugins/integration/bootstrap/1/dataTables.bootstrap.css,.css,28,,,,css,python,65,40,shared-style-candidate,True,none,none,none,"Style component for shipping; review for shared tokens, theme, palette, Tailwind, or global style normalization.",style-score:130,7d5ba5d70c746e07
dadb117965e7e6b860a2553b,mbarbine__xsociety,style,style,stylesheet,editor,dataTables.bootstrap,data-tables-bootstrap,html/components/datatables-plugins/integration/bootstrap/3/dataTables.bootstrap.css,.css,314,,,,css,python,65,35,shared-style-candidate,True,none,none,none,"Style component for editor; review for shared tokens, theme, palette, Tailwind, or global style normalization.",style-score:130,f2fcf631c05c66ac
5ef0e71d20c841f89e72b899,mbarbine__xsociety,style,style,stylesheet,editor,dataTables.bootstrap,data-tables-bootstrap,html/components/datatables-plugins/integration/bootstrap/2/dataTables.bootstrap.css,.css,226,,,,css,python,65,35,shared-style-candidate,True,none,none,none,"Style component for editor; review for shared tokens, theme, palette, Tailwind, or global style normalization.",style-score:130,3326b7fcc05e2be8
60c2e085c7f76845908e2b44,mbarbine__xsociety,style,style,stylesheet,editor,dataTables.foundation,data-tables-foundation,html/components/datatables-plugins/integration/foundation/dataTables.foundation.css,.css,216,,,,css,python,65,35,shared-style-candidate,True,none,none,none,"Style component for editor; review for shared tokens, theme, palette, Tailwind, or global style normalization.",style-score:130,6cf90de3609f7b38
e20fa2aa2ab36e75da8c1476,mbarbine__xsociety,style,style,stylesheet,general,dataTables.fontAwesome,data-tables-font-awesome,html/components/datatables-plugins/integration/font-awesome/dataTables.fontAwesome.css,.css,156,,,,css,python,65,40,shared-style-candidate,True,none,none,none,"Style component for general; review for shared tokens, theme, palette, Tailwind, or global style normalization.",style-score:130,1312655859bfabbe
6f5931908fc096025d51ef1f,mbarbine__xsociety,style,"style,observability",stylesheet,observability,dataTables.alphabetSearch,data-tables-alphabet-search,html/components/datatables-plugins/features/alphabetSearch/dataTables.alphabetSearch.css,.css,39,,,,css,python,75,55,shared-style-candidate,True,none,none,none,"Style component for observability; review for shared tokens, theme, palette, Tailwind, or global style normalization.",style-score:130 | observability-score:55,124c23f4f44824fa
3b3c8bb8a70e19e38d04acc0,mbarbine__xsociety,style,"style,observability",stylesheet,observability,dataTables.searchHighlight,data-tables-search-highlight,html/components/datatables-plugins/features/searchHighlight/dataTables.searchHighlight.css,.css,6,,,,css,python,70,50,shared-style-candidate,True,none,none,none,"Style component for observability; review for shared tokens, theme, palette, Tailwind, or global style normalization.",style-score:130 | observability-score:55,2931446d224f9499
533095f2e297a7818aed9556,mbarbine__xsociety,style,style,stylesheet,general,dataTables.lengthLinks,data-tables-length-links,html/components/datatables-plugins/features/lengthLinks/dataTables.lengthLinks.css,.css,4,,,,css,python,60,35,shared-style-candidate,False,none,none,none,"Style component for general; review for shared tokens, theme, palette, Tailwind, or global style normalization.",style-score:130,4fb50b42dbe8e9ae
f1ac9b545385290f27efa9eb,mbarbine__xsociety,style,"style,observability",design-token,observability,jquery.dataTables_themeroller,jquery-data-tables-themeroller,html/components/datatables/media/css/jquery.dataTables_themeroller.css,.css,416,,,,css,python,75,75,shared-style-candidate,False,none,none,none,"Style component for observability; review for shared tokens, theme, palette, Tailwind, or global style normalization.",style-score:130 | observability-score:55,fc8e3aa67522614c
0b0e806e188bc52f30edad46,mbarbine__xsociety,style,style,stylesheet,editor,dataTables.foundation.min,data-tables-foundation-min,html/components/datatables/media/css/dataTables.foundation.min.css,.css,1,,,,css,python,60,35,shared-style-candidate,True,none,none,none,"Style component for editor; review for shared tokens, theme, palette, Tailwind, or global style normalization.",style-score:130,2e3ca55aaf15f1d5
4605af9d48d6fe896f5cc6b6,mbarbine__xsociety,style,style,stylesheet,editor,jquery.dataTables,jquery-data-tables,html/components/datatables/media/css/jquery.dataTables.css,.css,453,,,,css,python,65,35,shared-style-candidate,True,none,none,none,"Style component for editor; review for shared tokens, theme, palette, Tailwind, or global style normalization.",style-score:130,f8097c9b6906513b
d7c84f1a95a78c49aef7f837,mbarbine__xsociety,style,style,stylesheet,editor,dataTables.bootstrap.min,data-tables-bootstrap-min,html/components/datatables/media/css/dataTables.bootstrap.min.css,.css,1,,,,css,python,60,35,shared-style-candidate,True,none,none,none,"Style component for editor; review for shared tokens, theme, palette, Tailwind, or global style normalization.",style-score:130,cfce00f125355d73
9ef48a02a78b85665ef1ec1e,mbarbine__xsociety,style,"style,observability",stylesheet,editor,dataTables.jqueryui,data-tables-jqueryui,html/components/datatables/media/css/dataTables.jqueryui.css,.css,482,,,,css,python,75,35,shared-style-candidate,True,none,none,none,"Style component for editor; review for shared tokens, theme, palette, Tailwind, or global style normalization.",style-score:130 | observability-score:55,392b0ecde0b46bc6
ccd6b5067640c774e5481df3,mbarbine__xsociety,style,style,stylesheet,editor,dataTables.bootstrap,data-tables-bootstrap,html/components/datatables/media/css/dataTables.bootstrap.css,.css,187,,,,css,python,65,40,shared-style-candidate,True,none,none,none,"Style component for editor; review for shared tokens, theme, palette, Tailwind, or global style normalization.",style-score:130,46e131c356d8a0bc
d5e127ad74881db8afa718f4,mbarbine__xsociety,style,"style,observability",stylesheet,editor,dataTables.jqueryui.min,data-tables-jqueryui-min,html/components/datatables/media/css/dataTables.jqueryui.min.css,.css,1,,,,css,python,70,35,shared-style-candidate,True,none,none,none,"Style component for editor; review for shared tokens, theme, palette, Tailwind, or global style normalization.",style-score:130 | observability-score:55,741d5a82d8150b77
ef0a44aee6979d720f3539b7,mbarbine__xsociety,style,style,stylesheet,editor,dataTables.foundation,data-tables-foundation,html/components/datatables/media/css/dataTables.foundation.css,.css,117,,,,css,python,65,40,shared-style-candidate,True,none,none,none,"Style component for editor; review for shared tokens, theme, palette, Tailwind, or global style normalization.",style-score:130,6b6eefe0c095ac62
07e4917b44bbe446a366b659,mbarbine__xsociety,style,style,stylesheet,editor,jquery.dataTables.min,jquery-data-tables-min,html/components/datatables/media/css/jquery.dataTables.min.css,.css,1,,,,css,python,60,35,shared-style-candidate,True,none,none,none,"Style component for editor; review for shared tokens, theme, palette, Tailwind, or global style normalization.",style-score:130,36216a0843be5d08
5391fdd270ed5480ff12cc0e,mbarbine__xsociety,style,style,stylesheet,commerce,morris,morris,html/components/morrisjs/morris.css,.css,2,,,,css,python,60,35,shared-style-candidate,False,none,none,none,"Style component for commerce; review for shared tokens, theme, palette, Tailwind, or global style normalization.",style-score:130,b331eeb1aa336d07
b0bf32e1f012e10c2c92fc32,mbarbine__xsociety,style,"style,logic",stylesheet,commerce,morris.core,morris-core,html/components/morrisjs/less/morris.core.less,.less,27,,,,css,python,75,40,shared-style-candidate,False,none,none,secondary,"Style component for commerce; review for shared tokens, theme, palette, Tailwind, or global style normalization.",style-score:100 | logic-score:45,9e8d1b8c192a1a8a
ba6aa2b7bd4f395ac71101ce,mbarbine__xsociety,style,"style,logic",stylesheet,general,example,example,html/components/morrisjs/examples/lib/example.css,.css,13,,,,css,python,75,40,shared-style-candidate,False,none,none,secondary,"Style component for general; review for shared tokens, theme, palette, Tailwind, or global style normalization.",style-score:130 | logic-score:45,08cf6b51c71e55be
7d269c3539af92eb882a487a,mbarbine__xsociety,style,style,stylesheet,commerce,examples,examples,html/components/flot/examples/examples.css,.css,97,,,,css,python,65,40,shared-style-candidate,True,none,none,none,"Style component for commerce; review for shared tokens, theme, palette, Tailwind, or global style normalization.",style-score:130,9a8312e8db493651
d30c2a90493fae545bad0df8,mbarbine__xsociety,style,style,stylesheet,editor,jquery-ui.min,jquery-ui-min,html/components/flot/examples/shared/jquery-ui/jquery-ui.min.css,.css,6,,,,css,python,60,35,shared-style-candidate,True,none,none,none,"Style component for editor; review for shared tokens, theme, palette, Tailwind, or global style normalization.",style-score:130,fdb9aa82e56cee5d
57d88dc14dd1d43565250eba,mbarbine__xsociety,style,style,stylesheet,logic,metisMenu,metis-menu,html/components/metisMenu/src/metisMenu.css,.css,56,,,,css,python,65,55,shared-style-candidate,True,none,none,none,"Style component for logic; review for shared tokens, theme, palette, Tailwind, or global style normalization.",style-score:130,e55e67921690e27e
15f38dff78bb656fe866ca64,mbarbine__xsociety,style,style,stylesheet,commerce,bootstrap-social,bootstrap-social,html/components/bootstrap-social/bootstrap-social.scss,.scss,114,,,,css,python,65,40,shared-style-candidate,False,none,none,none,"Style component for commerce; review for shared tokens, theme, palette, Tailwind, or global style normalization.",style-score:130,35ef3ccf429aada3
4ca0262a043f7fb34aaf4e6b,mbarbine__xsociety,style,style,stylesheet,commerce,bootstrap-social,bootstrap-social,html/components/bootstrap-social/bootstrap-social.less,.less,114,,,,css,python,65,40,shared-style-candidate,False,none,none,none,"Style component for commerce; review for shared tokens, theme, palette, Tailwind, or global style normalization.",style-score:100,1944e827fa96fe9b
ee5eb968f742401aadf29f11,mbarbine__xsociety,style,style,stylesheet,commerce,bootstrap-social,bootstrap-social,html/components/bootstrap-social/bootstrap-social.css,.css,101,,,,css,python,65,40,shared-style-candidate,False,none,none,none,"Style component for commerce; review for shared tokens, theme, palette, Tailwind, or global style normalization.",style-score:130,66395c6bed34bacd
0280c1b818112b61801ea1cf,mbarbine__xsociety,style,"style,security",stylesheet,media,font-awesome,font-awesome,html/components/font-awesome/css/font-awesome.css,.css,1672,,,,css,python,75,20,shared-style-candidate,True,none,none,none,"Style component for media; review for shared tokens, theme, palette, Tailwind, or global style normalization.",style-score:130 | security-score:55,295074933a25ae5d
b7cd0d6bde4b16109ef47dff,mbarbine__xsociety,style,"style,security",stylesheet,discovery,font-awesome.min,font-awesome-min,html/components/font-awesome/css/font-awesome.min.css,.css,4,,,,css,python,70,50,shared-style-candidate,True,none,none,none,"Style component for discovery; review for shared tokens, theme, palette, Tailwind, or global style normalization.",style-score:130 | security-score:55,0fb1bbca73646e8e
d0e7590f6176372fa5eae045,mbarbine__xsociety,style,style,stylesheet,general,extras,extras,html/components/font-awesome/less/extras.less,.less,2,,,,css,python,60,35,shared-style-candidate,False,none,none,none,"Style component for general; review for shared tokens, theme, palette, Tailwind, or global style normalization.",style-score:100,d3bda122ac1cef54
1f7108ce55014895a9f466dd,mbarbine__xsociety,style,style,stylesheet,general,list,list,html/components/font-awesome/less/list.less,.less,19,,,,css,python,65,40,shared-style-candidate,False,none,none,none,"Style component for general; review for shared tokens, theme, palette, Tailwind, or global style normalization.",style-score:100,024abb930e6669f2
1c1ac4ddc26cafa306c65e83,mbarbine__xsociety,style,style,stylesheet,general,stacked,stacked,html/components/font-awesome/less/stacked.less,.less,20,,,,css,python,65,40,shared-style-candidate,False,none,none,none,"Style component for general; review for shared tokens, theme, palette, Tailwind, or global style normalization.",style-score:100,3f9de6c3e0f1a2bc
75c8755e792b17146d8e7d88,mbarbine__xsociety,style,"style,logic",stylesheet,general,core,core,html/components/font-awesome/less/core.less,.less,11,,,,css,python,75,40,shared-style-candidate,False,none,none,secondary,"Style component for general; review for shared tokens, theme, palette, Tailwind, or global style normalization.",style-score:100 | logic-score:70,ce72f5281bef5dd3
3e4e1b10bf308acb6b045f7e,mbarbine__xsociety,style,style,stylesheet,general,fixed-width,fixed-width,html/components/font-awesome/less/fixed-width.less,.less,6,,,,css,python,60,35,shared-style-candidate,False,none,none,none,"Style component for general; review for shared tokens, theme, palette, Tailwind, or global style normalization.",style-score:100,0ef853a3192742d2
61ae423b55195a7b61e4ecde,mbarbine__xsociety,style,"style,security",stylesheet,i18n,variables,variables,html/components/font-awesome/less/variables.less,.less,561,,,,css,python,75,40,shared-style-candidate,False,none,none,none,"Style component for i18n; review for shared tokens, theme, palette, Tailwind, or global style normalization.",style-score:100 | security-score:55,4c1d0005082819f5
5486fab89d793f3335f62c0d,mbarbine__xsociety,style,style,stylesheet,general,rotated-flipped,rotated-flipped,html/components/font-awesome/less/rotated-flipped.less,.less,20,,,,css,python,65,40,shared-style-candidate,False,none,none,none,"Style component for general; review for shared tokens, theme, palette, Tailwind, or global style normalization.",style-score:100,d67df95488eec84d
a26e48de898521494493bdd2,mbarbine__xsociety,style,style,stylesheet,commerce,font-awesome,font-awesome,html/components/font-awesome/less/font-awesome.less,.less,17,,,,css,python,65,40,shared-style-candidate,False,none,none,none,"Style component for commerce; review for shared tokens, theme, palette, Tailwind, or global style normalization.",style-score:100,0d2df0e16912e9a8
df5ef390db97421b830c13b2,mbarbine__xsociety,style,"style,security",stylesheet,media,icons,icons,html/components/font-awesome/less/icons.less,.less,552,,,,css,python,75,25,shared-style-candidate,True,none,none,none,"Style component for media; review for shared tokens, theme, palette, Tailwind, or global style normalization.",style-score:100 | security-score:55,5b2ac38c565fa862
034f335ac83d2319d92f287c,mbarbine__xsociety,style,"style,security",stylesheet,logic,spinning,spinning,html/components/font-awesome/less/spinning.less,.less,29,,,,css,python,75,55,shared-style-candidate,True,none,none,none,"Style component for logic; review for shared tokens, theme, palette, Tailwind, or global style normalization.",style-score:100 | security-score:55,3b7755a14ef8bcea
8b99b8fdeebf271b1c0616c2,mbarbine__xsociety,style,style,stylesheet,general,path,path,html/components/font-awesome/less/path.less,.less,14,,,,css,python,65,40,shared-style-candidate,False,none,none,none,"Style component for general; review for shared tokens, theme, palette, Tailwind, or global style normalization.",style-score:100,734059c501fbfcf1
0b3f16ef5ebd943b273ecb2d,mbarbine__xsociety,style,style,stylesheet,commerce,bordered-pulled,bordered-pulled,html/components/font-awesome/less/bordered-pulled.less,.less,16,,,,css,python,65,40,shared-style-candidate,False,none,none,none,"Style component for commerce; review for shared tokens, theme, palette, Tailwind, or global style normalization.",style-score:100,8b19915b40da6b30
6ccd1d37f8ea619c6997c215,mbarbine__xsociety,style,style,stylesheet,general,larger,larger,html/components/font-awesome/less/larger.less,.less,13,,,,css,python,65,40,shared-style-candidate,False,none,none,none,"Style component for general; review for shared tokens, theme, palette, Tailwind, or global style normalization.",style-score:100,dfc79d4325804e9a
1a75113754dabba362efc22f,mbarbine__xsociety,style,style,stylesheet,logic,mixins,mixins,html/components/font-awesome/less/mixins.less,.less,25,,,,css,python,65,55,shared-style-candidate,True,none,none,none,"Style component for logic; review for shared tokens, theme, palette, Tailwind, or global style normalization.",style-score:100,2dfab6727fc349dd
e8aecbcbaf30487e28082255,mbarbine__xsociety,style,style,stylesheet,general,_stacked,stacked,html/components/font-awesome/scss/_stacked.scss,.scss,20,,,,css,python,65,40,shared-style-candidate,False,none,none,none,"Style component for general; review for shared tokens, theme, palette, Tailwind, or global style normalization.",style-score:130,70f33fd079ab7085
bd3bf2fd10b122744ef52394,mbarbine__xsociety,style,"style,security",stylesheet,i18n,_variables,variables,html/components/font-awesome/scss/_variables.scss,.scss,561,,,,css,python,75,40,shared-style-candidate,False,none,none,none,"Style component for i18n; review for shared tokens, theme, palette, Tailwind, or global style normalization.",style-score:130 | security-score:55,d13f63eeb78883ad
8fe624aab6f9c8ac176bac15,mbarbine__xsociety,style,style,stylesheet,commerce,font-awesome,font-awesome,html/components/font-awesome/scss/font-awesome.scss,.scss,17,,,,css,python,65,40,shared-style-candidate,False,none,none,none,"Style component for commerce; review for shared tokens, theme, palette, Tailwind, or global style normalization.",style-score:130,eade12ba6170d5f8
faf10986753eb469f035997b,mbarbine__xsociety,style,style,stylesheet,general,_rotated-flipped,rotated-flipped,html/components/font-awesome/scss/_rotated-flipped.scss,.scss,20,,,,css,python,65,40,shared-style-candidate,False,none,none,none,"Style component for general; review for shared tokens, theme, palette, Tailwind, or global style normalization.",style-score:130,ff0686d76acde358
86e92853a0956b83fbf039cf,mbarbine__xsociety,style,style,stylesheet,general,_path,path,html/components/font-awesome/scss/_path.scss,.scss,14,,,,css,python,65,40,shared-style-candidate,False,none,none,none,"Style component for general; review for shared tokens, theme, palette, Tailwind, or global style normalization.",style-score:130,2e58e1d173847da8
121ef890a12b828d14b77291,mbarbine__xsociety,style,"style,security",stylesheet,logic,_extras,extras,html/components/font-awesome/scss/_extras.scss,.scss,44,,,,css,python,75,55,shared-style-candidate,True,none,none,none,"Style component for logic; review for shared tokens, theme, palette, Tailwind, or global style normalization.",style-score:130 | security-score:55,1eaa8e0de764447a
ef0ce588e2f4b31e8170282b,mbarbine__xsociety,style,style,stylesheet,general,_list,list,html/components/font-awesome/scss/_list.scss,.scss,19,,,,css,python,65,40,shared-style-candidate,False,none,none,none,"Style component for general; review for shared tokens, theme, palette, Tailwind, or global style normalization.",style-score:130,d5430a6695febcd9
1bc4c3b7c7aac2c38fe1d6f6,mbarbine__xsociety,style,style,stylesheet,general,_larger,larger,html/components/font-awesome/scss/_larger.scss,.scss,13,,,,css,python,65,40,shared-style-candidate,False,none,none,none,"Style component for general; review for shared tokens, theme, palette, Tailwind, or global style normalization.",style-score:130,fb4e8e7d5d03074d
522595f05ea15e41aaa76c0a,mbarbine__xsociety,style,"style,security",stylesheet,logic,_spinning,spinning,html/components/font-awesome/scss/_spinning.scss,.scss,29,,,,css,python,75,55,shared-style-candidate,True,none,none,none,"Style component for logic; review for shared tokens, theme, palette, Tailwind, or global style normalization.",style-score:130 | security-score:55,0f4323e24d48ac42
7cdcbd232d785737b8a3795d,mbarbine__xsociety,style,"style,logic",stylesheet,general,_core,core,html/components/font-awesome/scss/_core.scss,.scss,11,,,,css,python,75,40,shared-style-candidate,False,none,none,secondary,"Style component for general; review for shared tokens, theme, palette, Tailwind, or global style normalization.",style-score:130 | logic-score:70,6c0236931542eb34
0ef273cb76610a4876d6bd93,mbarbine__xsociety,style,style,stylesheet,logic,_mixins,mixins,html/components/font-awesome/scss/_mixins.scss,.scss,25,,,,css,python,65,55,shared-style-candidate,True,none,none,none,"Style component for logic; review for shared tokens, theme, palette, Tailwind, or global style normalization.",style-score:130,69778bf1ceaa41f8
ee1df8d3b05f290f5c470861,mbarbine__xsociety,style,"style,security",stylesheet,media,_icons,icons,html/components/font-awesome/scss/_icons.scss,.scss,552,,,,css,python,75,25,shared-style-candidate,True,none,none,none,"Style component for media; review for shared tokens, theme, palette, Tailwind, or global style normalization.",style-score:130 | security-score:55,8f31b2b0c9dbb7dd
e33c5209d89098e3881149a8,mbarbine__xsociety,style,style,stylesheet,general,_fixed-width,fixed-width,html/components/font-awesome/scss/_fixed-width.scss,.scss,6,,,,css,python,60,35,shared-style-candidate,False,none,none,none,"Style component for general; review for shared tokens, theme, palette, Tailwind, or global style normalization.",style-score:130,b8b0b3478e04e868
03447e4d07b52824b967e754,mbarbine__xsociety,style,style,stylesheet,commerce,_bordered-pulled,bordered-pulled,html/components/font-awesome/scss/_bordered-pulled.scss,.scss,16,,,,css,python,65,40,shared-style-candidate,False,none,none,none,"Style component for commerce; review for shared tokens, theme, palette, Tailwind, or global style normalization.",style-score:130,8bc541c2ea0766bd
fa68a7b248a7d396d1f2f65e,mbarbine__xsociety,style,style,stylesheet,general,responsive.bootstrap,responsive-bootstrap,html/components/datatables-responsive/css/responsive.bootstrap.scss,.scss,4,,,,css,python,60,35,shared-style-candidate,False,none,none,none,"Style component for general; review for shared tokens, theme, palette, Tailwind, or global style normalization.",style-score:130,f62c890484debf0d
5d4d0f7a35e64e79d7579c87,mbarbine__xsociety,style,"style,observability",stylesheet,observability,responsive.dataTables,responsive-data-tables,html/components/datatables-responsive/css/responsive.dataTables.scss,.scss,157,,,,css,python,75,55,shared-style-candidate,True,none,none,none,"Style component for observability; review for shared tokens, theme, palette, Tailwind, or global style normalization.",style-score:130 | observability-score:55,327786608ea2a1a5
ee441c39ef6edf2e41c773ae,mbarbine__xsociety,style,style,stylesheet,general,responsive.foundation,responsive-foundation,html/components/datatables-responsive/css/responsive.foundation.scss,.scss,10,,,,css,python,60,40,shared-style-candidate,False,none,none,none,"Style component for general; review for shared tokens, theme, palette, Tailwind, or global style normalization.",style-score:130,ed8471afe336ad45
c342f14e8a1c235d5fd679cd,mbarbine__xsociety,style,style,stylesheet,general,responsive.jqueryui,responsive-jqueryui,html/components/datatables-responsive/css/responsive.jqueryui.scss,.scss,2,,,,css,python,60,35,shared-style-candidate,False,none,none,none,"Style component for general; review for shared tokens, theme, palette, Tailwind, or global style normalization.",style-score:130,ea2fde479a5e6cc2
1d7fe6ce9ac87eb107798013,ph3ar__DeskThing-FortuneCookie,style,"style,security",stylesheet,editor,index,index,src/index.css,.css,107,,,,react,pnpm,65,40,shared-style-candidate,True,none,none,none,"Style component for editor; review for shared tokens, theme, palette, Tailwind, or global style normalization.",style-score:130 | security-score:55,da79a82a59285390
7b394295aa693ae0dcb5ffef,ph3ar__DeskThing-FortuneCookie,style,style,stylesheet,commerce,fortunecard,fortunecard,src/components/FortuneCard/fortunecard.css,.css,99,,,,react,pnpm,65,40,shared-style-candidate,True,none,none,none,"Style component for commerce; review for shared tokens, theme, palette, Tailwind, or global style normalization.",style-score:130,628e04e456b7835f
0d39356ed093378134541e7c,ph3ar__DeskThing-FortuneCookie,style,style,stylesheet,commerce,header,header,src/components/Header/header.css,.css,28,,,,react,pnpm,65,40,shared-style-candidate,True,none,none,none,"Style component for commerce; review for shared tokens, theme, palette, Tailwind, or global style normalization.",style-score:130,cdd0e02abc02e764
04f3ab80efa399e663a7b8f6,ph3ar__barbine-worldwide-legacy,style,style,stylesheet,commerce,App,app,src/App.css,.css,53,,,,react,unknown,55,40,shared-style-candidate,True,none,none,none,"Style component for commerce; review for shared tokens, theme, palette, Tailwind, or global style normalization.",style-score:130,ce09f4f421ef33ce
e11e1d1b5c2089c4e93a1bd4,ph3ar__barbine-worldwide-legacy,style,style,stylesheet,editor,index,index,src/index.css,.css,68,,,,react,unknown,55,40,shared-style-candidate,True,none,none,none,"Style component for editor; review for shared tokens, theme, palette, Tailwind, or global style normalization.",style-score:130,a7938196d3e52b21
c2055d23746612ea5f92ce3c,ph3ar__barbine-worldwide-legacy,style,"style,security",stylesheet,commerce,global,global,src/styles/global.css,.css,101,,,,react,unknown,65,40,shared-style-candidate,True,none,none,none,"Style component for commerce; review for shared tokens, theme, palette, Tailwind, or global style normalization.",style-score:130 | security-score:55,8fbde5083d540abc
b5188afd79acac28cdde29ab,ph3ar__barbine-worldwide-legacy,style,"style,security",stylesheet,general,Hero,hero,src/components/Hero.css,.css,47,,,,react,unknown,75,40,shared-style-candidate,True,none,none,none,"Style component for general; review for shared tokens, theme, palette, Tailwind, or global style normalization.",style-score:130 | security-score:55,810af0e6b2890a7c
fbe2b635ce1d8e53533c8e92,ph3ar__barbine-worldwide-legacy,style,"style,observability",stylesheet,observability,NavBar,nav-bar,src/components/NavBar.css,.css,91,,,,react,unknown,75,55,shared-style-candidate,True,none,none,none,"Style component for observability; review for shared tokens, theme, palette, Tailwind, or global style normalization.",style-score:130 | observability-score:55,abae52a0df2f6f12
4311c479066596a0168dc08c,ph3ar__barbine-worldwide-legacy,style,style,stylesheet,general,Footer,footer,src/components/Footer.css,.css,56,,,,react,unknown,65,40,shared-style-candidate,True,none,none,none,"Style component for general; review for shared tokens, theme, palette, Tailwind, or global style normalization.",style-score:130,a2b0cbe35761cff6
4e9b721cde39a0abe370ba05,ph3ar__js_mongo_app_boilerplate,style,"style,security",stylesheet,auth-and-keys,main,main,public/css/main.css,.css,13477,,,,css,npm,65,35,shared-style-candidate,True,none,none,none,"Style component for auth-and-keys; review for shared tokens, theme, palette, Tailwind, or global style normalization.",style-score:130 | security-score:55,d03f2cd133ceb22b
7abe353e4e8ecb458c76af49,ph3ar__js_mongo_app_boilerplate,style,style,stylesheet,ai,main,main,public/css/main.scss,.scss,184,,,,css,npm,55,55,shared-style-candidate,False,none,none,none,"Style component for ai; review for shared tokens, theme, palette, Tailwind, or global style normalization.",style-score:130,edd2b03b6c149c27
6fd05d905dfb49db92c1e573,ph3ar__js_mongo_app_boilerplate,style,style,design-token,commerce,_variables,variables,public/css/themes/default/_variables.scss,.scss,57,,,,css,npm,55,65,shared-style-candidate,False,none,none,none,"Style component for commerce; review for shared tokens, theme, palette, Tailwind, or global style normalization.",style-score:130,e0ab327c08061ada
61b5cb5a76f18bd386176d0f,ph3ar__js_mongo_app_boilerplate,style,style,design-token,editor,_default,default,public/css/themes/default/_default.scss,.scss,94,,,,css,npm,55,65,shared-style-candidate,True,none,none,none,"Style component for editor; review for shared tokens, theme, palette, Tailwind, or global style normalization.",style-score:130,d2112c582b73747e
910e517e0dc6cfea6a191e1f,ph3ar__js_mongo_app_boilerplate,style,style,design-token,commerce,_variables,variables,public/css/themes/modern/_variables.scss,.scss,68,,,,css,npm,55,65,shared-style-candidate,False,none,none,none,"Style component for commerce; review for shared tokens, theme, palette, Tailwind, or global style normalization.",style-score:130,f793cf954362ef15
fdfd9ee34ed0e45dcdb76ff7,ph3ar__js_mongo_app_boilerplate,style,style,design-token,commerce,_modern,modern,public/css/themes/modern/_modern.scss,.scss,94,,,,css,npm,55,65,shared-style-candidate,False,none,none,none,"Style component for commerce; review for shared tokens, theme, palette, Tailwind, or global style normalization.",style-score:130,84a1ca10fc792f4e
e0605f428d422f52aede6585,ph3ar__js_mongo_app_boilerplate,style,style,design-token,commerce,_flatly,flatly,public/css/themes/flatly/_flatly.scss,.scss,248,,,,css,npm,55,60,shared-style-candidate,False,none,none,none,"Style component for commerce; review for shared tokens, theme, palette, Tailwind, or global style normalization.",style-score:130,9cd1df6b0c971ae6
3d30a1d887b20f57c81d4ad2,ph3ar__js_mongo_app_boilerplate,style,style,design-token,commerce,_variables,variables,public/css/themes/flatly/_variables.scss,.scss,113,,,,css,npm,55,65,shared-style-candidate,False,none,none,none,"Style component for commerce; review for shared tokens, theme, palette, Tailwind, or global style normalization.",style-score:130,7995d3bcc36268ea
63f3054b3dfc07ddbb492eb6,ph3ar__mailthing-webby,style,"style,security",stylesheet,commerce,globals,globals,styles/globals.css,.css,213,,,,next-react,npm,65,35,shared-style-candidate,True,none,none,none,"Style component for commerce; review for shared tokens, theme, palette, Tailwind, or global style normalization.",style-score:130 | security-score:55,c5bad1f19791ba7e
9ae935f2b918e13f88f6147b,ph3ar__newdittyswag-commerce,style,style,stylesheet,design-system,app,app,src/app.css,.css,3,,,,svelte,pnpm,50,50,shared-style-candidate,False,none,none,none,"Style component for design-system; review for shared tokens, theme, palette, Tailwind, or global style normalization.",style-score:130,cc1a7ad0d019ddb1
2069546538720c268d449e92,ph3ar__ph3ar-docs-enhanced-labs,style,style,stylesheet,commerce,Modal.module,modal-module,styles/Modal.module.css,.css,25,,,,next-react,unknown,55,40,shared-style-candidate,True,none,none,none,"Style component for commerce; review for shared tokens, theme, palette, Tailwind, or global style normalization.",style-score:130,f4cc8f4ca1a85ec8
b306e7f26cbee438a5bf4007,ph3ar__ph3ar-docs-enhanced-labs,style,style,stylesheet,commerce,collapsesidebar.module,collapsesidebar-module,styles/collapsesidebar.module.css,.css,27,,,,next-react,unknown,55,40,shared-style-candidate,True,none,none,none,"Style component for commerce; review for shared tokens, theme, palette, Tailwind, or global style normalization.",style-score:130,f7514023c85a3391
b20e4b86d38c49b31023965b,ph3ar__ph3ar-docs-enhanced-labs,style,style,stylesheet,commerce,pcap-viewer.module,pcap-viewer-module,styles/pcap-viewer.module.css,.css,21,,,,next-react,unknown,55,40,shared-style-candidate,True,none,none,none,"Style component for commerce; review for shared tokens, theme, palette, Tailwind, or global style normalization.",style-score:130,665410adc1dfd540
c612725d3a95f575348f9a2d,ph3ar__ph3ar-docs-enhanced-labs,style,style,stylesheet,commerce,ErrorBoundary.module,error-boundary-module,styles/ErrorBoundary.module.css,.css,21,,,,next-react,unknown,55,40,shared-style-candidate,True,none,none,none,"Style component for commerce; review for shared tokens, theme, palette, Tailwind, or global style normalization.",style-score:130,c48b5b38c6d14ab5
e8148895fcfaefa4fe99190f,ph3ar__ph3ar-docs-enhanced-labs,style,"style,security,ai",stylesheet,commerce,labs.module,labs-module,styles/labs.module.css,.css,211,,,,next-react,unknown,65,35,shared-style-candidate,True,none,none,none,"Style component for commerce; review for shared tokens, theme, palette, Tailwind, or global style normalization.",style-score:130 | security-score:55 | ai-score:45,c0ccd355db7ea8f5
6c1285de5ce07f265fa153c1,ph3ar__ph3ar-docs-enhanced-labs,style,"style,observability,ai",stylesheet,ai,terminal.module,terminal-module,styles/terminal.module.css,.css,275,,,,next-react,unknown,65,50,shared-style-candidate,True,none,none,none,"Style component for ai; review for shared tokens, theme, palette, Tailwind, or global style normalization.",style-score:130 | observability-score:55 | ai-score:45,92db89a5f146c096
4e4eb1cb1dbaf16378696251,ph3ar__ph3ar-docs-enhanced-labs,style,"style,security",stylesheet,editor,ThreatSimulator.module,threat-simulator-module,styles/ThreatSimulator.module.css,.css,460,,,,next-react,unknown,65,35,shared-style-candidate,True,none,none,none,"Style component for editor; review for shared tokens, theme, palette, Tailwind, or global style normalization.",style-score:130 | security-score:55,69baf52af02bba76
038e5be6bc2dd985e371cb71,ph3ar__ph3ar-docs-enhanced-labs,style,"style,security",stylesheet,editor,main,main,styles/main.css,.css,383,,,,next-react,unknown,65,35,shared-style-candidate,True,none,none,none,"Style component for editor; review for shared tokens, theme, palette, Tailwind, or global style normalization.",style-score:130 | security-score:55,0b6eb5dd849741b7
ffebadcce7ea31b6ba4a018d,ph3ar__ph3ar-docs-enhanced-labs,style,style,stylesheet,logic,counters.module,counters-module,styles/counters.module.css,.css,30,,,,next-react,unknown,55,55,shared-style-candidate,True,none,none,none,"Style component for logic; review for shared tokens, theme, palette, Tailwind, or global style normalization.",style-score:130,6ed6d0345bbe294a
213568003ec6643b8e8eec03,ph3ar__ph3ar-docs-enhanced-labs,style,"style,security",stylesheet,commerce,ThreatQuiz.module,threat-quiz-module,styles/ThreatQuiz.module.css,.css,40,,,,next-react,unknown,65,40,shared-style-candidate,True,none,none,none,"Style component for commerce; review for shared tokens, theme, palette, Tailwind, or global style normalization.",style-score:130 | security-score:55,0aafa6a5bd847b5d
205f709f93ae21d1ffd5b0be,ph3ar__ph3ar-docs-enhanced-labs,style,"style,security,ai",stylesheet,discovery,QuizModeModal.module,quiz-mode-modal-module,styles/QuizModeModal.module.css,.css,164,,,,next-react,unknown,65,55,shared-style-candidate,True,none,none,none,"Style component for discovery; review for shared tokens, theme, palette, Tailwind, or global style normalization.",style-score:130 | security-score:55 | ai-score:45,c1a6b1e0ba6f3ca7
395ac62779a321f4ae7d2355,ph3ar__ph3ar-docs-enhanced-labs,style,style,stylesheet,commerce,integrations.module,integrations-module,styles/integrations.module.css,.css,54,,,,next-react,unknown,55,40,shared-style-candidate,True,none,none,none,"Style component for commerce; review for shared tokens, theme, palette, Tailwind, or global style normalization.",style-score:130,23f32e97ed162af6
6aaeefb4f05919d495c5e9ec,ph3ar__ph3ar-docs-enhanced-labs,style,"style,observability",stylesheet,editor,globals,globals,styles/globals.css,.css,418,,,,next-react,unknown,65,35,shared-style-candidate,True,none,none,none,"Style component for editor; review for shared tokens, theme, palette, Tailwind, or global style normalization.",style-score:130 | observability-score:55,d5fce1ede29b203d
fdefdc8fdf871320ee1c8c9f,ph3ar__ph3ar-docs-enhanced-labs,style,"style,ai",stylesheet,ai,OpenAIPrompt.module,open-aiprompt-module,styles/OpenAIPrompt.module.css,.css,109,,,,next-react,unknown,65,55,shared-style-candidate,True,none,none,none,"Style component for ai; review for shared tokens, theme, palette, Tailwind, or global style normalization.",style-score:130 | ai-score:45 | model-provider,59660a2136b38f48
b02c62301347e45a3355bd73,ph3ar__ph3ar-docs-enhanced-labs,style,"style,security",stylesheet,editor,FingerprintSearchAndScore.module,fingerprint-search-and-score-module,styles/FingerprintSearchAndScore.module.css,.css,143,,,,next-react,unknown,65,40,shared-style-candidate,True,none,none,none,"Style component for editor; review for shared tokens, theme, palette, Tailwind, or global style normalization.",style-score:130 | security-score:55,b207df52a05744a9
b08c2e2afd525bc9fdc4183e,ph3ar__ph3ar_radio_backend,style,style,stylesheet,editor,index,index,client/src/index.css,.css,21,,,,css,unknown,55,40,shared-style-candidate,True,none,none,none,"Style component for editor; review for shared tokens, theme, palette, Tailwind, or global style normalization.",style-score:130,071d48a664426695
15b52b4fc5f058f71e635f00,ph3ar__platphorm-admin-dashboard,style,style,stylesheet,commerce,globals,globals,app/globals.css,.css,92,,,,next-react,unknown,65,40,shared-style-candidate,True,none,none,none,"Style component for commerce; review for shared tokens, theme, palette, Tailwind, or global style normalization.",style-score:130,1fbd29803ffa829c
448816e847cc80205a9d7618,ph3ar__radio-backend,style,style,stylesheet,editor,globals,globals,app/globals.css,.css,153,,,,next-react,pnpm,65,40,shared-style-candidate,True,none,none,none,"Style component for editor; review for shared tokens, theme, palette, Tailwind, or global style normalization.",style-score:130,2523851db40e840f
85b20535bdae688dd43cd68e,ph3ar__radio-backend,style,style,stylesheet,editor,globals,globals,styles/globals.css,.css,125,,,,next-react,pnpm,55,40,shared-style-candidate,True,none,none,none,"Style component for editor; review for shared tokens, theme, palette, Tailwind, or global style normalization.",style-score:130,7f30dbe34b65246e
81b7cf3a41b71781a0647f90,ph3ar__stripe-subscription-starter,style,style,stylesheet,editor,main,main,styles/main.css,.css,59,,,,next-react,pnpm,55,40,shared-style-candidate,True,none,none,none,"Style component for editor; review for shared tokens, theme, palette, Tailwind, or global style normalization.",style-score:130,30e4679d15155c9a
33d55b7698eb42c62b7dfd66,ph3ar__stripe-subscription-starter,style,"style,ui,observability",ui-primitive,observability,Navbar.module,navbar-module,components/ui/Navbar/Navbar.module.css,.css,19,,,,next-react,pnpm,75,80,shared-style-candidate,True,none,none,none,"Style component for observability; review for shared tokens, theme, palette, Tailwind, or global style normalization.",style-score:130 | ui-score:70 | observability-score:55,72f69e2511163b0b
5719ba59693145244e418470,ph3ar__stripe-subscription-starter,style,"style,ui",ui-primitive,editor,Input.module,input-module,components/ui/Input/Input.module.css,.css,7,,,,next-react,pnpm,70,60,shared-style-candidate,True,none,none,none,"Style component for editor; review for shared tokens, theme, palette, Tailwind, or global style normalization.",style-score:130 | ui-score:70,ad1b7110d82df8ef
97e00d63bcd82161e1648a76,ph3ar__stripe-subscription-starter,style,"style,ui,observability,security",ui-primitive,observability,LoadingDots.module,loading-dots-module,components/ui/LoadingDots/LoadingDots.module.css,.css,32,,,,next-react,pnpm,75,80,shared-style-candidate,False,none,none,none,"Style component for observability; review for shared tokens, theme, palette, Tailwind, or global style normalization.",style-score:130 | ui-score:70 | observability-score:55 | security-score:55,08a265b10b4ffcca
fe29b977348d3428a12ace0b,ph3ar__stripe-subscription-starter,style,"style,ui",ui-primitive,editor,Button.module,button-module,components/ui/Button/Button.module.css,.css,32,,,,next-react,pnpm,75,65,shared-style-candidate,True,none,none,none,"Style component for editor; review for shared tokens, theme, palette, Tailwind, or global style normalization.",style-score:130 | ui-score:70,bb8c258ba0d35586
0ef930dda148e37264bd38ef,process-co__json-graph,style,"style,security",stylesheet,editor,ui,ui,css/ui.css,.css,515,,,,react,unknown,65,25,shared-style-candidate,True,none,none,none,"Style component for editor; review for shared tokens, theme, palette, Tailwind, or global style normalization.",style-score:130 | security-score:55,ff54348cf0a917a1
14a815279c1667cfeef8d88f,process-co__json-graph,style,style,stylesheet,general,canela,canela,src/styles/canela.css,.css,45,,,,react,unknown,55,40,shared-style-candidate,True,none,none,none,"Style component for general; review for shared tokens, theme, palette, Tailwind, or global style normalization.",style-score:130,4caa0fac861e9ed0
c1109b9230c9010a820a11b1,process-co__json-graph,style,style,stylesheet,design-system,fonts,fonts,src/styles/fonts.css,.css,1,,,,react,unknown,50,50,shared-style-candidate,True,none,none,none,"Style component for design-system; review for shared tokens, theme, palette, Tailwind, or global style normalization.",style-score:130,67c38581bc366c66
503849ac7f7f08d44f88280d,process-co__json-graph,style,"style,security",stylesheet,editor,globals,globals,src/styles/globals.css,.css,252,,,,react,unknown,65,35,shared-style-candidate,True,none,none,none,"Style component for editor; review for shared tokens, theme, palette, Tailwind, or global style normalization.",style-score:130 | security-score:55,f8a01e58f4107849
e56c30d890491f5391803df0,process-co__json-graph,style,style,stylesheet,general,mono,mono,src/styles/mono.css,.css,15,,,,react,unknown,55,40,shared-style-candidate,True,none,none,none,"Style component for general; review for shared tokens, theme, palette, Tailwind, or global style normalization.",style-score:130,19bc185a8d88e971
4bbf37f88d7e23e0fa4cea28,process-co__json-graph,style,"style,observability,security",stylesheet,observability,monoLisa,mono-lisa,src/styles/monoLisa.css,.css,18,,,,react,unknown,65,55,shared-style-candidate,True,none,none,none,"Style component for observability; review for shared tokens, theme, palette, Tailwind, or global style normalization.",style-score:130 | observability-score:55 | security-score:55,677c2d578c543250
711c14fa7872a7e01b20c609,process-co__json-graph,style,style,design-token,design-system,base.shared,base-shared,src/themes/base.shared.css,.css,41,,,,react,unknown,55,80,shared-style-candidate,True,none,none,none,"Style component for design-system; review for shared tokens, theme, palette, Tailwind, or global style normalization.",style-score:130,f12f63aa23f67f74
59fc891ce875563009820c49,process-co__json-graph,style,style,design-token,ai,doflo,doflo,src/themes/doflo.css,.css,70,,,,react,unknown,55,80,shared-style-candidate,True,none,none,none,"Style component for ai; review for shared tokens, theme, palette, Tailwind, or global style normalization.",style-score:130,16c6bd1536b93fdd
122ff635e58197ee7e6fda46,process-co__json-graph,style,style,design-token,design-system,fonts,fonts,src/themes/fonts.css,.css,2,,,,react,unknown,50,75,shared-style-candidate,True,none,none,none,"Style component for design-system; review for shared tokens, theme, palette, Tailwind, or global style normalization.",style-score:130,35cbf109b749d571
fd8dafa558fefdf2bb91e709,process-co__json-graph,style,style,design-token,commerce,proc,proc,src/themes/proc.css,.css,81,,,,react,unknown,55,65,shared-style-candidate,True,none,none,none,"Style component for commerce; review for shared tokens, theme, palette, Tailwind, or global style normalization.",style-score:130,7c489afcf7905f93
881ad47dcaad35722f31e1fd,process-co__json-graph,style,style,design-token,editor,base,base,src/themes/base.css,.css,141,,,,react,unknown,55,65,shared-style-candidate,True,none,none,none,"Style component for editor; review for shared tokens, theme, palette, Tailwind, or global style normalization.",style-score:130,c5c8591297252ded
9367b8284cedddb58d7713aa,process-co__npm-element-dev-server,style,"style,process",stylesheet,commerce,eds,eds,.process/eds.css,.css,18,,,,react,unknown,65,40,shared-style-candidate,True,secondary,none,none,"Style component for commerce; review for shared tokens, theme, palette, Tailwind, or global style normalization.",style-score:130 | process-score:45,87e4a9ff51ebd2af
33eecbf6b50338c37dd40904,process-co__ui,style,style,stylesheet,editor,ui,ui,css/ui.css,.css,2919,,,,react,unknown,55,20,shared-style-candidate,True,none,none,none,"Style component for editor; review for shared tokens, theme, palette, Tailwind, or global style normalization.",style-score:130,aa9f05343c03b005
