target_library,package_name,candidate_name,primary_category,component_kind,repo_count,file_count,priority,rationale,evidence_repos
shared-process,@platphorm/process,readme,process,process-document,165,337,high,process-document classified as process with reuse potential across 165 repositories and 337 files.,"mbarbine__2025-year-in-review-webby, mbarbine__FlaskFlow-www, mbarbine__JenkinsDB, mbarbine__Joshs-magnets-landing-page, mbarbine__LogSlash-w6, mbarbine__PH3AR-WEBBY, mbarbine__Scripts, mbarbine__airrow-commuter-balloon, mbarbine__automotive-flamethrower-webby, mbarbine__aws-lab, mbarbine__aws-next-k8-cluster-deploy, mbarbine__barbine-worldwide-2025-wwww, mbarbine__barbineworldwide-2026-metahack, mbarbine__beepboopprocess, mbarbine__beer-museum-manager-www, mbarbine__biocyber-xr-training-nasa-webby-v0, mbarbine__burrito-dealer-www, mbarbine__car-service-records, mbarbine__cdf-sanitize, mbarbine__civic-engagement-platform-webby, mbarbine__crafted-virginia-website, mbarbine__desert-bus, mbarbine__dinoblocks-www, mbarbine__docker-terraform-aws-demo, mbarbine__doflo-clone, mbarbine__dogstar-cybernetics-webby, mbarbine__email-reading-service-webby, mbarbine__evernote-js, mbarbine__fashion-sadiepass-WWW, mbarbine__fortune-cookie-webby-yj, mbarbine__foxio-labs, mbarbine__front-runners-webby, mbarbine__gamer, mbarbine__glass-blowing-website, mbarbine__global-anti-globalist-club-webby, mbarbine__gta-6-countdown-webby, mbarbine__instant-snap-postcard, mbarbine__ja4-sidecar, mbarbine__ja4-vercel-lab-2, mbarbine__ja4mlab"
shared-observability,@platphorm/observability,package,observability,observability-module,138,138,high,observability-module classified as observability with reuse potential across 138 repositories and 138 files.,"mbarbine__2025-year-in-review-webby, mbarbine__FlaskFlow-www, mbarbine__Joshs-magnets-landing-page, mbarbine__LogSlash-w6, mbarbine__ai-chat-interface-webby, mbarbine__airrow-commuter-balloon, mbarbine__autographed-bibles-webby, mbarbine__automotive-flamethrower-webby, mbarbine__barbine-worldwide-2025-wwww, mbarbine__barbineworldwide-2026-metahack, mbarbine__beer-museum-manager-www, mbarbine__biocyber-xr-training-nasa-webby-v0, mbarbine__burrito-dealer-www, mbarbine__calendar-app-webby, mbarbine__car-service-records, mbarbine__civic-engagement-platform-webby, mbarbine__crafted-virginia-website, mbarbine__desert-bus, mbarbine__dinoblocks-www, mbarbine__doflo-clone, mbarbine__dogstar-cybernetics-webby, mbarbine__drone-reel-webby, mbarbine__email-reading-service-webby, mbarbine__fashion-sadiepass-WWW, mbarbine__fortune-cookie-webby, mbarbine__fortune-cookie-webby-yj, mbarbine__front-runners-webby, mbarbine__game-porting-service-webby, mbarbine__gamer, mbarbine__glass-blowing-website, mbarbine__global-anti-globalist-club-webby, mbarbine__gta-6-countdown-webby, mbarbine__hot-chocolate-for-profit-webby, mbarbine__instant-snap-postcard, mbarbine__jaydens-therapy-legal-www, mbarbine__jts-hvac-gates-www, mbarbine__mailthing-main, mbarbine__mermaid-community-platform, mbarbine__mermaid-next-www, mbarbine__microwave-sticker-webby"
shared-ui,@platphorm/ui,button,ui,ui-primitive,136,145,high,ui-primitive classified as ui with reuse potential across 136 repositories and 145 files.,"mbarbine__2025-year-in-review-webby, mbarbine__FlaskFlow-www, mbarbine__Joshs-magnets-landing-page, mbarbine__LogSlash-w6, mbarbine__Scripts, mbarbine__ai-chat-interface-webby, mbarbine__airrow-commuter-balloon, mbarbine__autographed-bibles-webby, mbarbine__automotive-flamethrower-webby, mbarbine__barbine-worldwide-2025-wwww, mbarbine__barbineworldwide-2026-metahack, mbarbine__beer-museum-manager-www, mbarbine__biocyber-xr-training-nasa-webby-v0, mbarbine__burrito-dealer-www, mbarbine__calendar-app-webby, mbarbine__car-service-records, mbarbine__civic-engagement-platform-webby, mbarbine__crafted-virginia-website, mbarbine__desert-bus, mbarbine__dinoblocks-www, mbarbine__doflo-clone, mbarbine__dogstar-cybernetics-webby, mbarbine__drone-reel-webby, mbarbine__email-reading-service-webby, mbarbine__fashion-sadiepass-WWW, mbarbine__fortune-cookie-webby, mbarbine__fortune-cookie-webby-yj, mbarbine__front-runners-webby, mbarbine__game-porting-service-webby, mbarbine__gamer, mbarbine__glass-blowing-website, mbarbine__gta-6-countdown-webby, mbarbine__hot-chocolate-for-profit-webby, mbarbine__instant-snap-postcard, mbarbine__jaydens-therapy-legal-www, mbarbine__jts-hvac-gates-www, mbarbine__mailthing-main, mbarbine__mermaid-community-platform, mbarbine__mermaid-next-www, mbarbine__microwave-sticker-webby"
shared-logic,@platphorm/logic,utils,logic,utility,135,181,high,utility classified as logic with reuse potential across 135 repositories and 181 files.,"mbarbine__2025-year-in-review-webby, mbarbine__FlaskFlow-www, mbarbine__Joshs-magnets-landing-page, mbarbine__LogSlash-w6, mbarbine__ai-chat-interface-webby, mbarbine__airrow-commuter-balloon, mbarbine__autographed-bibles-webby, mbarbine__automotive-flamethrower-webby, mbarbine__barbine-worldwide-2025-wwww, mbarbine__barbineworldwide-2026-metahack, mbarbine__beer-museum-manager-www, mbarbine__biocyber-xr-training-nasa-webby-v0, mbarbine__burrito-dealer-www, mbarbine__calendar-app-webby, mbarbine__car-service-records, mbarbine__civic-engagement-platform-webby, mbarbine__crafted-virginia-website, mbarbine__desert-bus, mbarbine__dinoblocks-www, mbarbine__doflo-clone, mbarbine__dogstar-cybernetics-webby, mbarbine__drone-reel-webby, mbarbine__email-reading-service-webby, mbarbine__fashion-sadiepass-WWW, mbarbine__fortune-cookie-webby, mbarbine__fortune-cookie-webby-yj, mbarbine__front-runners-webby, mbarbine__game-porting-service-webby, mbarbine__gamer, mbarbine__glass-blowing-website, mbarbine__global-anti-globalist-club-webby, mbarbine__gta-6-countdown-webby, mbarbine__hot-chocolate-for-profit-webby, mbarbine__instant-snap-postcard, mbarbine__jaydens-therapy-legal-www, mbarbine__jts-hvac-gates-www, mbarbine__legacy-platphorm-news, mbarbine__lettuce, mbarbine__mailthing-main, mbarbine__mermaid-community-platform"
shared-ui,@platphorm/ui,card,ui,ui-primitive,126,130,high,ui-primitive classified as ui with reuse potential across 126 repositories and 130 files.,"mbarbine__2025-year-in-review-webby, mbarbine__FlaskFlow-www, mbarbine__Joshs-magnets-landing-page, mbarbine__ai-chat-interface-webby, mbarbine__autographed-bibles-webby, mbarbine__automotive-flamethrower-webby, mbarbine__barbine-worldwide-2025-wwww, mbarbine__barbineworldwide-2026-metahack, mbarbine__beer-museum-manager-www, mbarbine__biocyber-xr-training-nasa-webby-v0, mbarbine__burrito-dealer-www, mbarbine__calendar-app-webby, mbarbine__car-service-records, mbarbine__civic-engagement-platform-webby, mbarbine__crafted-virginia-website, mbarbine__desert-bus, mbarbine__dinoblocks-www, mbarbine__doflo-clone, mbarbine__dogstar-cybernetics-webby, mbarbine__drone-reel-webby, mbarbine__email-reading-service-webby, mbarbine__fashion-sadiepass-WWW, mbarbine__fortune-cookie-webby, mbarbine__fortune-cookie-webby-yj, mbarbine__front-runners-webby, mbarbine__game-porting-service-webby, mbarbine__gamer, mbarbine__glass-blowing-website, mbarbine__hot-chocolate-for-profit-webby, mbarbine__instant-snap-postcard, mbarbine__jaydens-therapy-legal-www, mbarbine__jts-hvac-gates-www, mbarbine__mailthing-main, mbarbine__mermaid-community-platform, mbarbine__microwave-sticker-webby, mbarbine__microwave-stickers-, mbarbine__multiplayer-puzzle-game, mbarbine__nextjs-ai-4, mbarbine__nextjs-ai-chatbot, mbarbine__nova-hackers-webby"
shared-backend,@platphorm/backend,route,backend,api-route,125,2941,high,api-route classified as backend with reuse potential across 125 repositories and 2941 files.,"mbarbine__FlaskFlow-www, mbarbine__Joshs-magnets-landing-page, mbarbine__ai-chat-interface-webby, mbarbine__airrow-commuter-balloon, mbarbine__autographed-bibles-webby, mbarbine__automotive-flamethrower-webby, mbarbine__barbineworldwide-2026-metahack, mbarbine__beer-museum-manager-www, mbarbine__burrito-dealer-www, mbarbine__calendar-app-webby, mbarbine__car-service-records, mbarbine__civic-engagement-platform-webby, mbarbine__desert-bus, mbarbine__doflo-clone, mbarbine__dogstar-cybernetics-webby, mbarbine__drone-reel-webby, mbarbine__fashion-sadiepass-WWW, mbarbine__fortune-cookie-webby-yj, mbarbine__front-runners-webby, mbarbine__game-porting-service-webby, mbarbine__gamer, mbarbine__global-anti-globalist-club-webby, mbarbine__gta-6-countdown-webby, mbarbine__hot-chocolate-for-profit-webby, mbarbine__job-manager, mbarbine__mailthing-api, mbarbine__mailthing-main, mbarbine__mermaid-community-platform, mbarbine__mermaid-next-www, mbarbine__microwave-sticker-webby, mbarbine__multiplayer-puzzle-game, mbarbine__my-first-nova-hbackers-preseo, mbarbine__nextjs-ai-4, mbarbine__nextjs-ai-chatbot, mbarbine__nuclear-power-plant-webby-NPaaS, mbarbine__onboard-platphorm-boilerplate-repo, mbarbine__ph3ar-admin-dashboard, mbarbine__ph3ar-blog, mbarbine__ph3ar-chatbot, mbarbine__platphorm-404"
shared-frontend,@platphorm/frontend,theme-provider,frontend,ui-provider,124,132,high,ui-provider classified as frontend with reuse potential across 124 repositories and 132 files.,"mbarbine__2025-year-in-review-webby, mbarbine__FlaskFlow-www, mbarbine__Joshs-magnets-landing-page, mbarbine__LogSlash-w6, mbarbine__ai-chat-interface-webby, mbarbine__airrow-commuter-balloon, mbarbine__autographed-bibles-webby, mbarbine__automotive-flamethrower-webby, mbarbine__barbine-worldwide-2025-wwww, mbarbine__barbineworldwide-2026-metahack, mbarbine__beer-museum-manager-www, mbarbine__biocyber-xr-training-nasa-webby-v0, mbarbine__burrito-dealer-www, mbarbine__calendar-app-webby, mbarbine__car-service-records, mbarbine__civic-engagement-platform-webby, mbarbine__crafted-virginia-website, mbarbine__desert-bus, mbarbine__dinoblocks-www, mbarbine__doflo-clone, mbarbine__dogstar-cybernetics-webby, mbarbine__drone-reel-webby, mbarbine__email-reading-service-webby, mbarbine__fashion-sadiepass-WWW, mbarbine__fortune-cookie-webby, mbarbine__fortune-cookie-webby-yj, mbarbine__front-runners-webby, mbarbine__game-porting-service-webby, mbarbine__gamer, mbarbine__glass-blowing-website, mbarbine__global-anti-globalist-club-webby, mbarbine__gta-6-countdown-webby, mbarbine__hot-chocolate-for-profit-webby, mbarbine__jaydens-therapy-legal-www, mbarbine__jts-hvac-gates-www, mbarbine__mermaid-community-platform, mbarbine__microwave-sticker-webby, mbarbine__microwave-stickers-, mbarbine__multiplayer-puzzle-game, mbarbine__nextjs-ai-4"
shared-ui,@platphorm/ui,input,ui,ui-primitive,120,125,high,ui-primitive classified as ui with reuse potential across 120 repositories and 125 files.,"mbarbine__2025-year-in-review-webby, mbarbine__Joshs-magnets-landing-page, mbarbine__Scripts, mbarbine__ai-chat-interface-webby, mbarbine__airrow-commuter-balloon, mbarbine__autographed-bibles-webby, mbarbine__automotive-flamethrower-webby, mbarbine__barbineworldwide-2026-metahack, mbarbine__beer-museum-manager-www, mbarbine__burrito-dealer-www, mbarbine__calendar-app-webby, mbarbine__car-service-records, mbarbine__civic-engagement-platform-webby, mbarbine__crafted-virginia-website, mbarbine__desert-bus, mbarbine__dinoblocks-www, mbarbine__doflo-clone, mbarbine__dogstar-cybernetics-webby, mbarbine__drone-reel-webby, mbarbine__email-reading-service-webby, mbarbine__fashion-sadiepass-WWW, mbarbine__fortune-cookie-webby, mbarbine__fortune-cookie-webby-yj, mbarbine__front-runners-webby, mbarbine__game-porting-service-webby, mbarbine__gamer, mbarbine__glass-blowing-website, mbarbine__hot-chocolate-for-profit-webby, mbarbine__instant-snap-postcard, mbarbine__jaydens-therapy-legal-www, mbarbine__mailthing-main, mbarbine__mermaid-community-platform, mbarbine__mermaid-next-www, mbarbine__microwave-sticker-webby, mbarbine__microwave-stickers-, mbarbine__multiplayer-puzzle-game, mbarbine__nextjs-ai-4, mbarbine__nextjs-ai-chatbot, mbarbine__nova-hackers-webby, mbarbine__nuclear-power-plant-webby-NPaaS"
shared-ui,@platphorm/ui,badge,ui,ui-primitive,115,119,high,ui-primitive classified as ui with reuse potential across 115 repositories and 119 files.,"mbarbine__2025-year-in-review-webby, mbarbine__FlaskFlow-www, mbarbine__Joshs-magnets-landing-page, mbarbine__LogSlash-w6, mbarbine__ai-chat-interface-webby, mbarbine__autographed-bibles-webby, mbarbine__automotive-flamethrower-webby, mbarbine__barbine-worldwide-2025-wwww, mbarbine__barbineworldwide-2026-metahack, mbarbine__beer-museum-manager-www, mbarbine__burrito-dealer-www, mbarbine__calendar-app-webby, mbarbine__car-service-records, mbarbine__civic-engagement-platform-webby, mbarbine__crafted-virginia-website, mbarbine__desert-bus, mbarbine__dinoblocks-www, mbarbine__doflo-clone, mbarbine__dogstar-cybernetics-webby, mbarbine__drone-reel-webby, mbarbine__email-reading-service-webby, mbarbine__fashion-sadiepass-WWW, mbarbine__fortune-cookie-webby, mbarbine__fortune-cookie-webby-yj, mbarbine__game-porting-service-webby, mbarbine__gamer, mbarbine__hot-chocolate-for-profit-webby, mbarbine__instant-snap-postcard, mbarbine__jaydens-therapy-legal-www, mbarbine__jts-hvac-gates-www, mbarbine__mermaid-community-platform, mbarbine__microwave-sticker-webby, mbarbine__microwave-stickers-, mbarbine__multiplayer-puzzle-game, mbarbine__nova-hackers-webby, mbarbine__nuclear-power-plant-webby-NPaaS, mbarbine__onboard-platphorm-boilerplate-repo, mbarbine__ph3ar-admin-dashboard, mbarbine__platphorm-404, mbarbine__platphorm-agentui"
shared-ui,@platphorm/ui,select,ui,ui-primitive,103,107,high,ui-primitive classified as ui with reuse potential across 103 repositories and 107 files.,"mbarbine__2025-year-in-review-webby, mbarbine__Joshs-magnets-landing-page, mbarbine__Scripts, mbarbine__ai-chat-interface-webby, mbarbine__autographed-bibles-webby, mbarbine__automotive-flamethrower-webby, mbarbine__barbineworldwide-2026-metahack, mbarbine__beer-museum-manager-www, mbarbine__calendar-app-webby, mbarbine__car-service-records, mbarbine__civic-engagement-platform-webby, mbarbine__crafted-virginia-website, mbarbine__desert-bus, mbarbine__doflo-clone, mbarbine__dogstar-cybernetics-webby, mbarbine__drone-reel-webby, mbarbine__email-reading-service-webby, mbarbine__fashion-sadiepass-WWW, mbarbine__fortune-cookie-webby, mbarbine__fortune-cookie-webby-yj, mbarbine__game-porting-service-webby, mbarbine__hot-chocolate-for-profit-webby, mbarbine__instant-snap-postcard, mbarbine__mermaid-community-platform, mbarbine__microwave-sticker-webby, mbarbine__microwave-stickers-, mbarbine__multiplayer-puzzle-game, mbarbine__nextjs-ai-4, mbarbine__nextjs-ai-chatbot, mbarbine__nova-hackers-webby, mbarbine__nuclear-power-plant-webby-NPaaS, mbarbine__onboard-platphorm-boilerplate-repo, mbarbine__ph3ar-chatbot, mbarbine__platphorm-404, mbarbine__platphorm-agentui, mbarbine__platphorm-ai-photo-enrichment, mbarbine__platphorm-alleycats, mbarbine__platphorm-ascii, mbarbine__platphorm-auction-vice, mbarbine__platphorm-base"
shared-ui,@platphorm/ui,label,ui,ui-primitive,103,106,high,ui-primitive classified as ui with reuse potential across 103 repositories and 106 files.,"mbarbine__2025-year-in-review-webby, mbarbine__Joshs-magnets-landing-page, mbarbine__ai-chat-interface-webby, mbarbine__autographed-bibles-webby, mbarbine__automotive-flamethrower-webby, mbarbine__barbineworldwide-2026-metahack, mbarbine__beer-museum-manager-www, mbarbine__burrito-dealer-www, mbarbine__calendar-app-webby, mbarbine__car-service-records, mbarbine__civic-engagement-platform-webby, mbarbine__crafted-virginia-website, mbarbine__desert-bus, mbarbine__dogstar-cybernetics-webby, mbarbine__drone-reel-webby, mbarbine__email-reading-service-webby, mbarbine__fortune-cookie-webby, mbarbine__fortune-cookie-webby-yj, mbarbine__front-runners-webby, mbarbine__game-porting-service-webby, mbarbine__gamer, mbarbine__hot-chocolate-for-profit-webby, mbarbine__instant-snap-postcard, mbarbine__jaydens-therapy-legal-www, mbarbine__mermaid-community-platform, mbarbine__microwave-sticker-webby, mbarbine__microwave-stickers-, mbarbine__multiplayer-puzzle-game, mbarbine__nextjs-ai-4, mbarbine__nextjs-ai-chatbot, mbarbine__nova-hackers-webby, mbarbine__nuclear-power-plant-webby-NPaaS, mbarbine__onboard-platphorm-boilerplate-repo, mbarbine__ph3ar-chatbot, mbarbine__platphorm-404, mbarbine__platphorm-ai-photo-enrichment, mbarbine__platphorm-alleycats, mbarbine__platphorm-ascii, mbarbine__platphorm-auction-vice, mbarbine__platphorm-base"
shared-ui,@platphorm/ui,textarea,ui,ui-primitive,103,106,high,ui-primitive classified as ui with reuse potential across 103 repositories and 106 files.,"mbarbine__2025-year-in-review-webby, mbarbine__Joshs-magnets-landing-page, mbarbine__Scripts, mbarbine__ai-chat-interface-webby, mbarbine__airrow-commuter-balloon, mbarbine__autographed-bibles-webby, mbarbine__automotive-flamethrower-webby, mbarbine__barbineworldwide-2026-metahack, mbarbine__beer-museum-manager-www, mbarbine__burrito-dealer-www, mbarbine__calendar-app-webby, mbarbine__car-service-records, mbarbine__civic-engagement-platform-webby, mbarbine__crafted-virginia-website, mbarbine__desert-bus, mbarbine__doflo-clone, mbarbine__dogstar-cybernetics-webby, mbarbine__drone-reel-webby, mbarbine__email-reading-service-webby, mbarbine__fashion-sadiepass-WWW, mbarbine__fortune-cookie-webby, mbarbine__fortune-cookie-webby-yj, mbarbine__game-porting-service-webby, mbarbine__hot-chocolate-for-profit-webby, mbarbine__instant-snap-postcard, mbarbine__jaydens-therapy-legal-www, mbarbine__mermaid-community-platform, mbarbine__mermaid-next-www, mbarbine__microwave-sticker-webby, mbarbine__microwave-stickers-, mbarbine__multiplayer-puzzle-game, mbarbine__nextjs-ai-4, mbarbine__nextjs-ai-chatbot, mbarbine__nova-hackers-webby, mbarbine__nuclear-power-plant-webby-NPaaS, mbarbine__onboard-platphorm-boilerplate-repo, mbarbine__ph3ar-chatbot, mbarbine__platphorm-404, mbarbine__platphorm-alleycats, mbarbine__platphorm-ascii"
shared-ui,@platphorm/ui,tooltip,ui,ui-primitive,101,104,high,ui-primitive classified as ui with reuse potential across 101 repositories and 104 files.,"mbarbine__2025-year-in-review-webby, mbarbine__Joshs-magnets-landing-page, mbarbine__Scripts, mbarbine__ai-chat-interface-webby, mbarbine__autographed-bibles-webby, mbarbine__automotive-flamethrower-webby, mbarbine__barbine-worldwide-2025-wwww, mbarbine__barbineworldwide-2026-metahack, mbarbine__calendar-app-webby, mbarbine__car-service-records, mbarbine__civic-engagement-platform-webby, mbarbine__crafted-virginia-website, mbarbine__desert-bus, mbarbine__dogstar-cybernetics-webby, mbarbine__drone-reel-webby, mbarbine__email-reading-service-webby, mbarbine__fortune-cookie-webby, mbarbine__fortune-cookie-webby-yj, mbarbine__game-porting-service-webby, mbarbine__gamer, mbarbine__hot-chocolate-for-profit-webby, mbarbine__instant-snap-postcard, mbarbine__microwave-sticker-webby, mbarbine__microwave-stickers-, mbarbine__multiplayer-puzzle-game, mbarbine__my-first-nova-hbackers-preseo, mbarbine__nextjs-ai-4, mbarbine__nextjs-ai-chatbot, mbarbine__nova-hackers-webby, mbarbine__onboard-platphorm-boilerplate-repo, mbarbine__ph3ar-admin-dashboard, mbarbine__ph3ar-chatbot, mbarbine__platphorm-404, mbarbine__platphorm-agentui, mbarbine__platphorm-alleycats, mbarbine__platphorm-ascii, mbarbine__platphorm-auction-vice, mbarbine__platphorm-base, mbarbine__platphorm-bbs, mbarbine__platphorm-cobol"
shared-ui,@platphorm/ui,dropdown-menu,ui,ui-primitive,96,98,high,ui-primitive classified as ui with reuse potential across 96 repositories and 98 files.,"mbarbine__2025-year-in-review-webby, mbarbine__Joshs-magnets-landing-page, mbarbine__ai-chat-interface-webby, mbarbine__autographed-bibles-webby, mbarbine__automotive-flamethrower-webby, mbarbine__barbineworldwide-2026-metahack, mbarbine__beer-museum-manager-www, mbarbine__burrito-dealer-www, mbarbine__calendar-app-webby, mbarbine__car-service-records, mbarbine__civic-engagement-platform-webby, mbarbine__crafted-virginia-website, mbarbine__desert-bus, mbarbine__doflo-clone, mbarbine__dogstar-cybernetics-webby, mbarbine__drone-reel-webby, mbarbine__email-reading-service-webby, mbarbine__fortune-cookie-webby, mbarbine__fortune-cookie-webby-yj, mbarbine__game-porting-service-webby, mbarbine__hot-chocolate-for-profit-webby, mbarbine__instant-snap-postcard, mbarbine__microwave-sticker-webby, mbarbine__microwave-stickers-, mbarbine__multiplayer-puzzle-game, mbarbine__nextjs-ai-4, mbarbine__nextjs-ai-chatbot, mbarbine__nova-hackers-webby, mbarbine__onboard-platphorm-boilerplate-repo, mbarbine__ph3ar-admin-dashboard, mbarbine__ph3ar-chatbot, mbarbine__platphorm-404, mbarbine__platphorm-ai-photo-enrichment, mbarbine__platphorm-alleycats, mbarbine__platphorm-ascii, mbarbine__platphorm-auction-vice, mbarbine__platphorm-base, mbarbine__platphorm-bbs, mbarbine__platphorm-cobol, mbarbine__platphorm-codex"
shared-ui,@platphorm/ui,tabs,ui,ui-primitive,95,97,high,ui-primitive classified as ui with reuse potential across 95 repositories and 97 files.,"mbarbine__2025-year-in-review-webby, mbarbine__Joshs-magnets-landing-page, mbarbine__Scripts, mbarbine__ai-chat-interface-webby, mbarbine__autographed-bibles-webby, mbarbine__automotive-flamethrower-webby, mbarbine__barbineworldwide-2026-metahack, mbarbine__beer-museum-manager-www, mbarbine__calendar-app-webby, mbarbine__car-service-records, mbarbine__civic-engagement-platform-webby, mbarbine__crafted-virginia-website, mbarbine__desert-bus, mbarbine__dogstar-cybernetics-webby, mbarbine__drone-reel-webby, mbarbine__email-reading-service-webby, mbarbine__fashion-sadiepass-WWW, mbarbine__fortune-cookie-webby, mbarbine__fortune-cookie-webby-yj, mbarbine__game-porting-service-webby, mbarbine__hot-chocolate-for-profit-webby, mbarbine__instant-snap-postcard, mbarbine__microwave-sticker-webby, mbarbine__microwave-stickers-, mbarbine__multiplayer-puzzle-game, mbarbine__nova-hackers-webby, mbarbine__nuclear-power-plant-webby-NPaaS, mbarbine__onboard-platphorm-boilerplate-repo, mbarbine__ph3ar-admin-dashboard, mbarbine__platphorm-404, mbarbine__platphorm-agentui, mbarbine__platphorm-alleycats, mbarbine__platphorm-ascii, mbarbine__platphorm-auction-vice, mbarbine__platphorm-base, mbarbine__platphorm-bbs, mbarbine__platphorm-cobol, mbarbine__platphorm-codex, mbarbine__platphorm-content-showback-dashboard, mbarbine__platphorm-decks"
shared-ui,@platphorm/ui,separator,ui,ui-primitive,94,96,high,ui-primitive classified as ui with reuse potential across 94 repositories and 96 files.,"mbarbine__2025-year-in-review-webby, mbarbine__Joshs-magnets-landing-page, mbarbine__ai-chat-interface-webby, mbarbine__autographed-bibles-webby, mbarbine__automotive-flamethrower-webby, mbarbine__barbineworldwide-2026-metahack, mbarbine__beer-museum-manager-www, mbarbine__calendar-app-webby, mbarbine__car-service-records, mbarbine__civic-engagement-platform-webby, mbarbine__crafted-virginia-website, mbarbine__desert-bus, mbarbine__dogstar-cybernetics-webby, mbarbine__drone-reel-webby, mbarbine__email-reading-service-webby, mbarbine__fortune-cookie-webby, mbarbine__fortune-cookie-webby-yj, mbarbine__game-porting-service-webby, mbarbine__hot-chocolate-for-profit-webby, mbarbine__instant-snap-postcard, mbarbine__mailthing-main, mbarbine__microwave-sticker-webby, mbarbine__microwave-stickers-, mbarbine__multiplayer-puzzle-game, mbarbine__nextjs-ai-4, mbarbine__nextjs-ai-chatbot, mbarbine__nova-hackers-webby, mbarbine__onboard-platphorm-boilerplate-repo, mbarbine__ph3ar-chatbot, mbarbine__platphorm-404, mbarbine__platphorm-alleycats, mbarbine__platphorm-ascii, mbarbine__platphorm-auction-vice, mbarbine__platphorm-base, mbarbine__platphorm-bbs, mbarbine__platphorm-cobol, mbarbine__platphorm-codex, mbarbine__platphorm-content-showback-dashboard, mbarbine__platphorm-decks, mbarbine__platphorm-desa"
shared-ui,@platphorm/ui,alert,ui,ui-primitive,92,95,high,ui-primitive classified as ui with reuse potential across 92 repositories and 95 files.,"mbarbine__2025-year-in-review-webby, mbarbine__Joshs-magnets-landing-page, mbarbine__Scripts, mbarbine__ai-chat-interface-webby, mbarbine__autographed-bibles-webby, mbarbine__automotive-flamethrower-webby, mbarbine__barbineworldwide-2026-metahack, mbarbine__beer-museum-manager-www, mbarbine__calendar-app-webby, mbarbine__car-service-records, mbarbine__civic-engagement-platform-webby, mbarbine__crafted-virginia-website, mbarbine__desert-bus, mbarbine__dogstar-cybernetics-webby, mbarbine__drone-reel-webby, mbarbine__email-reading-service-webby, mbarbine__fortune-cookie-webby, mbarbine__fortune-cookie-webby-yj, mbarbine__game-porting-service-webby, mbarbine__hot-chocolate-for-profit-webby, mbarbine__instant-snap-postcard, mbarbine__microwave-sticker-webby, mbarbine__microwave-stickers-, mbarbine__multiplayer-puzzle-game, mbarbine__nova-hackers-webby, mbarbine__onboard-platphorm-boilerplate-repo, mbarbine__ph3ar-blog, mbarbine__platphorm-404, mbarbine__platphorm-alleycats, mbarbine__platphorm-ascii, mbarbine__platphorm-auction-vice, mbarbine__platphorm-base, mbarbine__platphorm-bbs, mbarbine__platphorm-cobol, mbarbine__platphorm-codex, mbarbine__platphorm-decks, mbarbine__platphorm-desa, mbarbine__platphorm-design, mbarbine__platphorm-dictionary, mbarbine__platphorm-emoji"
shared-ui,@platphorm/ui,toast,ui,ui-primitive,92,95,high,ui-primitive classified as ui with reuse potential across 92 repositories and 95 files.,"mbarbine__2025-year-in-review-webby, mbarbine__Joshs-magnets-landing-page, mbarbine__ai-chat-interface-webby, mbarbine__autographed-bibles-webby, mbarbine__automotive-flamethrower-webby, mbarbine__barbineworldwide-2026-metahack, mbarbine__beer-museum-manager-www, mbarbine__calendar-app-webby, mbarbine__car-service-records, mbarbine__civic-engagement-platform-webby, mbarbine__crafted-virginia-website, mbarbine__desert-bus, mbarbine__dogstar-cybernetics-webby, mbarbine__drone-reel-webby, mbarbine__email-reading-service-webby, mbarbine__fortune-cookie-webby, mbarbine__fortune-cookie-webby-yj, mbarbine__game-porting-service-webby, mbarbine__hot-chocolate-for-profit-webby, mbarbine__instant-snap-postcard, mbarbine__mailthing-main, mbarbine__microwave-sticker-webby, mbarbine__microwave-stickers-, mbarbine__multiplayer-puzzle-game, mbarbine__nova-hackers-webby, mbarbine__onboard-platphorm-boilerplate-repo, mbarbine__ph3ar-chatbot, mbarbine__platphorm-404, mbarbine__platphorm-agentui, mbarbine__platphorm-ai-photo-enrichment, mbarbine__platphorm-alleycats, mbarbine__platphorm-ascii, mbarbine__platphorm-auction-vice, mbarbine__platphorm-base, mbarbine__platphorm-bbs, mbarbine__platphorm-cobol, mbarbine__platphorm-codex, mbarbine__platphorm-content-showback-dashboard, mbarbine__platphorm-decks, mbarbine__platphorm-desa"
shared-ui,@platphorm/ui,sheet,ui,ui-primitive,92,94,high,ui-primitive classified as ui with reuse potential across 92 repositories and 94 files.,"mbarbine__2025-year-in-review-webby, mbarbine__Joshs-magnets-landing-page, mbarbine__ai-chat-interface-webby, mbarbine__autographed-bibles-webby, mbarbine__automotive-flamethrower-webby, mbarbine__barbineworldwide-2026-metahack, mbarbine__beer-museum-manager-www, mbarbine__calendar-app-webby, mbarbine__car-service-records, mbarbine__civic-engagement-platform-webby, mbarbine__crafted-virginia-website, mbarbine__desert-bus, mbarbine__dogstar-cybernetics-webby, mbarbine__drone-reel-webby, mbarbine__email-reading-service-webby, mbarbine__fortune-cookie-webby, mbarbine__fortune-cookie-webby-yj, mbarbine__game-porting-service-webby, mbarbine__hot-chocolate-for-profit-webby, mbarbine__instant-snap-postcard, mbarbine__microwave-sticker-webby, mbarbine__microwave-stickers-, mbarbine__multiplayer-puzzle-game, mbarbine__nextjs-ai-4, mbarbine__nextjs-ai-chatbot, mbarbine__nova-hackers-webby, mbarbine__nuclear-power-plant-webby-NPaaS, mbarbine__onboard-platphorm-boilerplate-repo, mbarbine__ph3ar-admin-dashboard, mbarbine__ph3ar-chatbot, mbarbine__platphorm-404, mbarbine__platphorm-alleycats, mbarbine__platphorm-ascii, mbarbine__platphorm-auction-vice, mbarbine__platphorm-base, mbarbine__platphorm-bbs, mbarbine__platphorm-cobol, mbarbine__platphorm-codex, mbarbine__platphorm-decks, mbarbine__platphorm-desa"
shared-ui,@platphorm/ui,skeleton,ui,ui-primitive,91,93,high,ui-primitive classified as ui with reuse potential across 91 repositories and 93 files.,"mbarbine__2025-year-in-review-webby, mbarbine__Joshs-magnets-landing-page, mbarbine__ai-chat-interface-webby, mbarbine__autographed-bibles-webby, mbarbine__automotive-flamethrower-webby, mbarbine__barbineworldwide-2026-metahack, mbarbine__calendar-app-webby, mbarbine__car-service-records, mbarbine__civic-engagement-platform-webby, mbarbine__crafted-virginia-website, mbarbine__desert-bus, mbarbine__dogstar-cybernetics-webby, mbarbine__drone-reel-webby, mbarbine__email-reading-service-webby, mbarbine__fortune-cookie-webby, mbarbine__fortune-cookie-webby-yj, mbarbine__game-porting-service-webby, mbarbine__hot-chocolate-for-profit-webby, mbarbine__microwave-sticker-webby, mbarbine__microwave-stickers-, mbarbine__multiplayer-puzzle-game, mbarbine__nextjs-ai-4, mbarbine__nextjs-ai-chatbot, mbarbine__nova-hackers-webby, mbarbine__onboard-platphorm-boilerplate-repo, mbarbine__ph3ar-chatbot, mbarbine__platphorm-404, mbarbine__platphorm-agentui, mbarbine__platphorm-alleycats, mbarbine__platphorm-ascii, mbarbine__platphorm-auction-vice, mbarbine__platphorm-base, mbarbine__platphorm-bbs, mbarbine__platphorm-cobol, mbarbine__platphorm-codex, mbarbine__platphorm-decks, mbarbine__platphorm-desa, mbarbine__platphorm-design, mbarbine__platphorm-dictionary, mbarbine__platphorm-emoji"
shared-ui,@platphorm/ui,dialog,ui,ui-primitive,90,94,high,ui-primitive classified as ui with reuse potential across 90 repositories and 94 files.,"mbarbine__2025-year-in-review-webby, mbarbine__Joshs-magnets-landing-page, mbarbine__Scripts, mbarbine__ai-chat-interface-webby, mbarbine__autographed-bibles-webby, mbarbine__automotive-flamethrower-webby, mbarbine__barbineworldwide-2026-metahack, mbarbine__calendar-app-webby, mbarbine__car-service-records, mbarbine__civic-engagement-platform-webby, mbarbine__crafted-virginia-website, mbarbine__desert-bus, mbarbine__dogstar-cybernetics-webby, mbarbine__drone-reel-webby, mbarbine__email-reading-service-webby, mbarbine__fortune-cookie-webby, mbarbine__fortune-cookie-webby-yj, mbarbine__game-porting-service-webby, mbarbine__gamer, mbarbine__hot-chocolate-for-profit-webby, mbarbine__instant-snap-postcard, mbarbine__microwave-sticker-webby, mbarbine__microwave-stickers-, mbarbine__multiplayer-puzzle-game, mbarbine__nova-hackers-webby, mbarbine__nuclear-power-plant-webby-NPaaS, mbarbine__onboard-platphorm-boilerplate-repo, mbarbine__platphorm-404, mbarbine__platphorm-agentui, mbarbine__platphorm-ai-photo-enrichment, mbarbine__platphorm-alleycats, mbarbine__platphorm-ascii, mbarbine__platphorm-auction-vice, mbarbine__platphorm-base, mbarbine__platphorm-bbs, mbarbine__platphorm-cobol, mbarbine__platphorm-codex, mbarbine__platphorm-content-showback-dashboard, mbarbine__platphorm-decks, mbarbine__platphorm-desa"
shared-ui,@platphorm/ui,avatar,ui,ui-primitive,88,90,high,ui-primitive classified as ui with reuse potential across 88 repositories and 90 files.,"mbarbine__2025-year-in-review-webby, mbarbine__Joshs-magnets-landing-page, mbarbine__ai-chat-interface-webby, mbarbine__autographed-bibles-webby, mbarbine__automotive-flamethrower-webby, mbarbine__barbineworldwide-2026-metahack, mbarbine__beer-museum-manager-www, mbarbine__calendar-app-webby, mbarbine__car-service-records, mbarbine__civic-engagement-platform-webby, mbarbine__crafted-virginia-website, mbarbine__desert-bus, mbarbine__doflo-clone, mbarbine__dogstar-cybernetics-webby, mbarbine__drone-reel-webby, mbarbine__email-reading-service-webby, mbarbine__fashion-sadiepass-WWW, mbarbine__fortune-cookie-webby, mbarbine__fortune-cookie-webby-yj, mbarbine__game-porting-service-webby, mbarbine__hot-chocolate-for-profit-webby, mbarbine__instant-snap-postcard, mbarbine__microwave-sticker-webby, mbarbine__microwave-stickers-, mbarbine__multiplayer-puzzle-game, mbarbine__nova-hackers-webby, mbarbine__onboard-platphorm-boilerplate-repo, mbarbine__ph3ar-blog, mbarbine__platphorm-404, mbarbine__platphorm-agentui, mbarbine__platphorm-alleycats, mbarbine__platphorm-ascii, mbarbine__platphorm-auction-vice, mbarbine__platphorm-base, mbarbine__platphorm-bbs, mbarbine__platphorm-cobol, mbarbine__platphorm-codex, mbarbine__platphorm-decks, mbarbine__platphorm-desa, mbarbine__platphorm-design"
shared-ui,@platphorm/ui,progress,ui,ui-primitive,87,89,high,ui-primitive classified as ui with reuse potential across 87 repositories and 89 files.,"mbarbine__2025-year-in-review-webby, mbarbine__Joshs-magnets-landing-page, mbarbine__ai-chat-interface-webby, mbarbine__autographed-bibles-webby, mbarbine__automotive-flamethrower-webby, mbarbine__barbineworldwide-2026-metahack, mbarbine__beer-museum-manager-www, mbarbine__calendar-app-webby, mbarbine__car-service-records, mbarbine__civic-engagement-platform-webby, mbarbine__crafted-virginia-website, mbarbine__desert-bus, mbarbine__dogstar-cybernetics-webby, mbarbine__drone-reel-webby, mbarbine__email-reading-service-webby, mbarbine__fortune-cookie-webby, mbarbine__fortune-cookie-webby-yj, mbarbine__game-porting-service-webby, mbarbine__hot-chocolate-for-profit-webby, mbarbine__instant-snap-postcard, mbarbine__microwave-sticker-webby, mbarbine__microwave-stickers-, mbarbine__msicrafter, mbarbine__multiplayer-puzzle-game, mbarbine__nova-hackers-webby, mbarbine__nuclear-power-plant-webby-NPaaS, mbarbine__onboard-platphorm-boilerplate-repo, mbarbine__platphorm-404, mbarbine__platphorm-ai-photo-enrichment, mbarbine__platphorm-alleycats, mbarbine__platphorm-ascii, mbarbine__platphorm-auction-vice, mbarbine__platphorm-base, mbarbine__platphorm-bbs, mbarbine__platphorm-cobol, mbarbine__platphorm-codex, mbarbine__platphorm-content-showback-dashboard, mbarbine__platphorm-decks, mbarbine__platphorm-desa, mbarbine__platphorm-design"
shared-ui,@platphorm/ui,switch,ui,ui-primitive,87,89,high,ui-primitive classified as ui with reuse potential across 87 repositories and 89 files.,"mbarbine__2025-year-in-review-webby, mbarbine__Joshs-magnets-landing-page, mbarbine__ai-chat-interface-webby, mbarbine__autographed-bibles-webby, mbarbine__automotive-flamethrower-webby, mbarbine__barbineworldwide-2026-metahack, mbarbine__beer-museum-manager-www, mbarbine__calendar-app-webby, mbarbine__car-service-records, mbarbine__civic-engagement-platform-webby, mbarbine__crafted-virginia-website, mbarbine__desert-bus, mbarbine__dogstar-cybernetics-webby, mbarbine__drone-reel-webby, mbarbine__email-reading-service-webby, mbarbine__fortune-cookie-webby, mbarbine__fortune-cookie-webby-yj, mbarbine__game-porting-service-webby, mbarbine__hot-chocolate-for-profit-webby, mbarbine__instant-snap-postcard, mbarbine__microwave-sticker-webby, mbarbine__microwave-stickers-, mbarbine__multiplayer-puzzle-game, mbarbine__nova-hackers-webby, mbarbine__onboard-platphorm-boilerplate-repo, mbarbine__platphorm-404, mbarbine__platphorm-ai-photo-enrichment, mbarbine__platphorm-alleycats, mbarbine__platphorm-ascii, mbarbine__platphorm-auction-vice, mbarbine__platphorm-base, mbarbine__platphorm-bbs, mbarbine__platphorm-cobol, mbarbine__platphorm-codex, mbarbine__platphorm-decks, mbarbine__platphorm-desa, mbarbine__platphorm-design, mbarbine__platphorm-dictionary, mbarbine__platphorm-emoji, mbarbine__platphorm-finance"
shared-ui,@platphorm/ui,table,ui,ui-primitive,87,89,high,ui-primitive classified as ui with reuse potential across 87 repositories and 89 files.,"mbarbine__2025-year-in-review-webby, mbarbine__Joshs-magnets-landing-page, mbarbine__ai-chat-interface-webby, mbarbine__autographed-bibles-webby, mbarbine__automotive-flamethrower-webby, mbarbine__barbineworldwide-2026-metahack, mbarbine__beer-museum-manager-www, mbarbine__calendar-app-webby, mbarbine__car-service-records, mbarbine__civic-engagement-platform-webby, mbarbine__crafted-virginia-website, mbarbine__desert-bus, mbarbine__dogstar-cybernetics-webby, mbarbine__drone-reel-webby, mbarbine__email-reading-service-webby, mbarbine__fashion-sadiepass-WWW, mbarbine__fortune-cookie-webby, mbarbine__fortune-cookie-webby-yj, mbarbine__game-porting-service-webby, mbarbine__hot-chocolate-for-profit-webby, mbarbine__instant-snap-postcard, mbarbine__microwave-sticker-webby, mbarbine__microwave-stickers-, mbarbine__multiplayer-puzzle-game, mbarbine__nova-hackers-webby, mbarbine__onboard-platphorm-boilerplate-repo, mbarbine__ph3ar-admin-dashboard, mbarbine__platphorm-404, mbarbine__platphorm-alleycats, mbarbine__platphorm-ascii, mbarbine__platphorm-auction-vice, mbarbine__platphorm-base, mbarbine__platphorm-bbs, mbarbine__platphorm-cobol, mbarbine__platphorm-codex, mbarbine__platphorm-decks, mbarbine__platphorm-desa, mbarbine__platphorm-design, mbarbine__platphorm-dictionary, mbarbine__platphorm-emoji"
shared-ui,@platphorm/ui,accordion,ui,ui-primitive,86,88,high,ui-primitive classified as ui with reuse potential across 86 repositories and 88 files.,"mbarbine__2025-year-in-review-webby, mbarbine__Joshs-magnets-landing-page, mbarbine__Scripts, mbarbine__ai-chat-interface-webby, mbarbine__autographed-bibles-webby, mbarbine__automotive-flamethrower-webby, mbarbine__barbineworldwide-2026-metahack, mbarbine__calendar-app-webby, mbarbine__car-service-records, mbarbine__civic-engagement-platform-webby, mbarbine__crafted-virginia-website, mbarbine__desert-bus, mbarbine__dogstar-cybernetics-webby, mbarbine__drone-reel-webby, mbarbine__email-reading-service-webby, mbarbine__fortune-cookie-webby, mbarbine__fortune-cookie-webby-yj, mbarbine__front-runners-webby, mbarbine__game-porting-service-webby, mbarbine__global-anti-globalist-club-webby, mbarbine__hot-chocolate-for-profit-webby, mbarbine__instant-snap-postcard, mbarbine__microwave-sticker-webby, mbarbine__microwave-stickers-, mbarbine__multiplayer-puzzle-game, mbarbine__nova-hackers-webby, mbarbine__nuclear-power-plant-webby-NPaaS, mbarbine__onboard-platphorm-boilerplate-repo, mbarbine__platphorm-404, mbarbine__platphorm-alleycats, mbarbine__platphorm-ascii, mbarbine__platphorm-auction-vice, mbarbine__platphorm-base, mbarbine__platphorm-bbs, mbarbine__platphorm-cobol, mbarbine__platphorm-codex, mbarbine__platphorm-decks, mbarbine__platphorm-desa, mbarbine__platphorm-design, mbarbine__platphorm-dictionary"
shared-ui,@platphorm/ui,checkbox,ui,ui-primitive,86,88,high,ui-primitive classified as ui with reuse potential across 86 repositories and 88 files.,"mbarbine__2025-year-in-review-webby, mbarbine__Joshs-magnets-landing-page, mbarbine__ai-chat-interface-webby, mbarbine__autographed-bibles-webby, mbarbine__automotive-flamethrower-webby, mbarbine__barbineworldwide-2026-metahack, mbarbine__beer-museum-manager-www, mbarbine__calendar-app-webby, mbarbine__car-service-records, mbarbine__civic-engagement-platform-webby, mbarbine__crafted-virginia-website, mbarbine__desert-bus, mbarbine__dogstar-cybernetics-webby, mbarbine__drone-reel-webby, mbarbine__email-reading-service-webby, mbarbine__fashion-sadiepass-WWW, mbarbine__fortune-cookie-webby, mbarbine__fortune-cookie-webby-yj, mbarbine__game-porting-service-webby, mbarbine__hot-chocolate-for-profit-webby, mbarbine__instant-snap-postcard, mbarbine__mermaid-community-platform, mbarbine__microwave-sticker-webby, mbarbine__microwave-stickers-, mbarbine__multiplayer-puzzle-game, mbarbine__nova-hackers-webby, mbarbine__nuclear-power-plant-webby-NPaaS, mbarbine__onboard-platphorm-boilerplate-repo, mbarbine__platphorm-404, mbarbine__platphorm-alleycats, mbarbine__platphorm-ascii, mbarbine__platphorm-auction-vice, mbarbine__platphorm-base, mbarbine__platphorm-bbs, mbarbine__platphorm-cobol, mbarbine__platphorm-codex, mbarbine__platphorm-decks, mbarbine__platphorm-desa, mbarbine__platphorm-design, mbarbine__platphorm-dictionary"
shared-ui,@platphorm/ui,slider,ui,ui-primitive,85,87,high,ui-primitive classified as ui with reuse potential across 85 repositories and 87 files.,"mbarbine__2025-year-in-review-webby, mbarbine__Joshs-magnets-landing-page, mbarbine__ai-chat-interface-webby, mbarbine__autographed-bibles-webby, mbarbine__automotive-flamethrower-webby, mbarbine__barbineworldwide-2026-metahack, mbarbine__calendar-app-webby, mbarbine__car-service-records, mbarbine__civic-engagement-platform-webby, mbarbine__crafted-virginia-website, mbarbine__desert-bus, mbarbine__dogstar-cybernetics-webby, mbarbine__drone-reel-webby, mbarbine__email-reading-service-webby, mbarbine__fashion-sadiepass-WWW, mbarbine__fortune-cookie-webby, mbarbine__fortune-cookie-webby-yj, mbarbine__game-porting-service-webby, mbarbine__hot-chocolate-for-profit-webby, mbarbine__instant-snap-postcard, mbarbine__microwave-sticker-webby, mbarbine__microwave-stickers-, mbarbine__multiplayer-puzzle-game, mbarbine__nova-hackers-webby, mbarbine__onboard-platphorm-boilerplate-repo, mbarbine__platphorm-404, mbarbine__platphorm-alleycats, mbarbine__platphorm-ascii, mbarbine__platphorm-auction-vice, mbarbine__platphorm-base, mbarbine__platphorm-bbs, mbarbine__platphorm-cobol, mbarbine__platphorm-codex, mbarbine__platphorm-decks, mbarbine__platphorm-desa, mbarbine__platphorm-design, mbarbine__platphorm-dictionary, mbarbine__platphorm-emoji, mbarbine__platphorm-finance, mbarbine__platphorm-fingerprint-service"
shared-ui,@platphorm/ui,toaster,ui,ui-primitive,85,86,high,ui-primitive classified as ui with reuse potential across 85 repositories and 86 files.,"mbarbine__2025-year-in-review-webby, mbarbine__Joshs-magnets-landing-page, mbarbine__ai-chat-interface-webby, mbarbine__autographed-bibles-webby, mbarbine__automotive-flamethrower-webby, mbarbine__barbineworldwide-2026-metahack, mbarbine__calendar-app-webby, mbarbine__car-service-records, mbarbine__civic-engagement-platform-webby, mbarbine__crafted-virginia-website, mbarbine__desert-bus, mbarbine__dogstar-cybernetics-webby, mbarbine__drone-reel-webby, mbarbine__email-reading-service-webby, mbarbine__fortune-cookie-webby, mbarbine__fortune-cookie-webby-yj, mbarbine__game-porting-service-webby, mbarbine__hot-chocolate-for-profit-webby, mbarbine__instant-snap-postcard, mbarbine__mailthing-main, mbarbine__microwave-sticker-webby, mbarbine__microwave-stickers-, mbarbine__multiplayer-puzzle-game, mbarbine__nova-hackers-webby, mbarbine__onboard-platphorm-boilerplate-repo, mbarbine__platphorm-404, mbarbine__platphorm-alleycats, mbarbine__platphorm-ascii, mbarbine__platphorm-auction-vice, mbarbine__platphorm-base, mbarbine__platphorm-bbs, mbarbine__platphorm-cobol, mbarbine__platphorm-codex, mbarbine__platphorm-decks, mbarbine__platphorm-desa, mbarbine__platphorm-design, mbarbine__platphorm-dictionary, mbarbine__platphorm-emoji, mbarbine__platphorm-finance, mbarbine__platphorm-fingerprint-service"
shared-ui,@platphorm/ui,chart,ui,ui-primitive,84,156,high,ui-primitive classified as ui with reuse potential across 84 repositories and 156 files.,"mbarbine__2025-year-in-review-webby, mbarbine__Joshs-magnets-landing-page, mbarbine__Scripts, mbarbine__ai-chat-interface-webby, mbarbine__autographed-bibles-webby, mbarbine__automotive-flamethrower-webby, mbarbine__barbineworldwide-2026-metahack, mbarbine__calendar-app-webby, mbarbine__car-service-records, mbarbine__civic-engagement-platform-webby, mbarbine__crafted-virginia-website, mbarbine__desert-bus, mbarbine__dogstar-cybernetics-webby, mbarbine__drone-reel-webby, mbarbine__email-reading-service-webby, mbarbine__fortune-cookie-webby, mbarbine__fortune-cookie-webby-yj, mbarbine__game-porting-service-webby, mbarbine__hot-chocolate-for-profit-webby, mbarbine__instant-snap-postcard, mbarbine__microwave-sticker-webby, mbarbine__microwave-stickers-, mbarbine__multiplayer-puzzle-game, mbarbine__nova-hackers-webby, mbarbine__onboard-platphorm-boilerplate-repo, mbarbine__platphorm-404, mbarbine__platphorm-alleycats, mbarbine__platphorm-ascii, mbarbine__platphorm-auction-vice, mbarbine__platphorm-base, mbarbine__platphorm-bbs, mbarbine__platphorm-cobol, mbarbine__platphorm-codex, mbarbine__platphorm-decks, mbarbine__platphorm-desa, mbarbine__platphorm-design, mbarbine__platphorm-dictionary, mbarbine__platphorm-emoji, mbarbine__platphorm-finance, mbarbine__platphorm-fingerprint-service"
shared-ui,@platphorm/ui,breadcrumb,ui,ui-primitive,84,89,high,ui-primitive classified as ui with reuse potential across 84 repositories and 89 files.,"mbarbine__2025-year-in-review-webby, mbarbine__Joshs-magnets-landing-page, mbarbine__ai-chat-interface-webby, mbarbine__autographed-bibles-webby, mbarbine__automotive-flamethrower-webby, mbarbine__barbineworldwide-2026-metahack, mbarbine__calendar-app-webby, mbarbine__car-service-records, mbarbine__civic-engagement-platform-webby, mbarbine__crafted-virginia-website, mbarbine__desert-bus, mbarbine__dogstar-cybernetics-webby, mbarbine__drone-reel-webby, mbarbine__email-reading-service-webby, mbarbine__fortune-cookie-webby, mbarbine__fortune-cookie-webby-yj, mbarbine__game-porting-service-webby, mbarbine__hot-chocolate-for-profit-webby, mbarbine__instant-snap-postcard, mbarbine__microwave-sticker-webby, mbarbine__microwave-stickers-, mbarbine__multiplayer-puzzle-game, mbarbine__nova-hackers-webby, mbarbine__onboard-platphorm-boilerplate-repo, mbarbine__ph3ar-admin-dashboard, mbarbine__platphorm-404, mbarbine__platphorm-alleycats, mbarbine__platphorm-ascii, mbarbine__platphorm-auction-vice, mbarbine__platphorm-base, mbarbine__platphorm-bbs, mbarbine__platphorm-cobol, mbarbine__platphorm-codex, mbarbine__platphorm-decks, mbarbine__platphorm-desa, mbarbine__platphorm-design, mbarbine__platphorm-dictionary, mbarbine__platphorm-emoji, mbarbine__platphorm-finance, mbarbine__platphorm-fingerprint-service"
shared-ui,@platphorm/ui,alert-dialog,ui,ui-primitive,84,86,high,ui-primitive classified as ui with reuse potential across 84 repositories and 86 files.,"mbarbine__2025-year-in-review-webby, mbarbine__Joshs-magnets-landing-page, mbarbine__ai-chat-interface-webby, mbarbine__autographed-bibles-webby, mbarbine__automotive-flamethrower-webby, mbarbine__barbineworldwide-2026-metahack, mbarbine__calendar-app-webby, mbarbine__car-service-records, mbarbine__civic-engagement-platform-webby, mbarbine__crafted-virginia-website, mbarbine__desert-bus, mbarbine__dogstar-cybernetics-webby, mbarbine__drone-reel-webby, mbarbine__email-reading-service-webby, mbarbine__fortune-cookie-webby, mbarbine__fortune-cookie-webby-yj, mbarbine__game-porting-service-webby, mbarbine__hot-chocolate-for-profit-webby, mbarbine__instant-snap-postcard, mbarbine__microwave-sticker-webby, mbarbine__microwave-stickers-, mbarbine__multiplayer-puzzle-game, mbarbine__nextjs-ai-4, mbarbine__nextjs-ai-chatbot, mbarbine__nova-hackers-webby, mbarbine__onboard-platphorm-boilerplate-repo, mbarbine__ph3ar-chatbot, mbarbine__platphorm-404, mbarbine__platphorm-alleycats, mbarbine__platphorm-ascii, mbarbine__platphorm-auction-vice, mbarbine__platphorm-base, mbarbine__platphorm-bbs, mbarbine__platphorm-cobol, mbarbine__platphorm-codex, mbarbine__platphorm-decks, mbarbine__platphorm-desa, mbarbine__platphorm-design, mbarbine__platphorm-dictionary, mbarbine__platphorm-emoji"
shared-ui,@platphorm/ui,popover,ui,ui-primitive,83,85,high,ui-primitive classified as ui with reuse potential across 83 repositories and 85 files.,"mbarbine__2025-year-in-review-webby, mbarbine__Joshs-magnets-landing-page, mbarbine__Scripts, mbarbine__ai-chat-interface-webby, mbarbine__autographed-bibles-webby, mbarbine__automotive-flamethrower-webby, mbarbine__barbineworldwide-2026-metahack, mbarbine__calendar-app-webby, mbarbine__car-service-records, mbarbine__civic-engagement-platform-webby, mbarbine__crafted-virginia-website, mbarbine__desert-bus, mbarbine__dogstar-cybernetics-webby, mbarbine__drone-reel-webby, mbarbine__email-reading-service-webby, mbarbine__fortune-cookie-webby, mbarbine__fortune-cookie-webby-yj, mbarbine__game-porting-service-webby, mbarbine__hot-chocolate-for-profit-webby, mbarbine__instant-snap-postcard, mbarbine__microwave-sticker-webby, mbarbine__microwave-stickers-, mbarbine__multiplayer-puzzle-game, mbarbine__nova-hackers-webby, mbarbine__onboard-platphorm-boilerplate-repo, mbarbine__platphorm-404, mbarbine__platphorm-alleycats, mbarbine__platphorm-ascii, mbarbine__platphorm-auction-vice, mbarbine__platphorm-base, mbarbine__platphorm-bbs, mbarbine__platphorm-cobol, mbarbine__platphorm-codex, mbarbine__platphorm-decks, mbarbine__platphorm-desa, mbarbine__platphorm-design, mbarbine__platphorm-dictionary, mbarbine__platphorm-emoji, mbarbine__platphorm-finance, mbarbine__platphorm-fingerprint-service"
shared-ui,@platphorm/ui,carousel,ui,ui-primitive,83,84,high,ui-primitive classified as ui with reuse potential across 83 repositories and 84 files.,"mbarbine__2025-year-in-review-webby, mbarbine__Joshs-magnets-landing-page, mbarbine__Scripts, mbarbine__ai-chat-interface-webby, mbarbine__autographed-bibles-webby, mbarbine__automotive-flamethrower-webby, mbarbine__barbineworldwide-2026-metahack, mbarbine__calendar-app-webby, mbarbine__car-service-records, mbarbine__civic-engagement-platform-webby, mbarbine__crafted-virginia-website, mbarbine__desert-bus, mbarbine__dogstar-cybernetics-webby, mbarbine__drone-reel-webby, mbarbine__email-reading-service-webby, mbarbine__fortune-cookie-webby, mbarbine__fortune-cookie-webby-yj, mbarbine__game-porting-service-webby, mbarbine__hot-chocolate-for-profit-webby, mbarbine__instant-snap-postcard, mbarbine__microwave-sticker-webby, mbarbine__microwave-stickers-, mbarbine__multiplayer-puzzle-game, mbarbine__nova-hackers-webby, mbarbine__onboard-platphorm-boilerplate-repo, mbarbine__platphorm-404, mbarbine__platphorm-alleycats, mbarbine__platphorm-ascii, mbarbine__platphorm-auction-vice, mbarbine__platphorm-base, mbarbine__platphorm-bbs, mbarbine__platphorm-cobol, mbarbine__platphorm-codex, mbarbine__platphorm-decks, mbarbine__platphorm-desa, mbarbine__platphorm-design, mbarbine__platphorm-dictionary, mbarbine__platphorm-emoji, mbarbine__platphorm-finance, mbarbine__platphorm-fingerprint-service"
shared-ui,@platphorm/ui,scroll-area,ui,ui-primitive,82,84,high,ui-primitive classified as ui with reuse potential across 82 repositories and 84 files.,"mbarbine__2025-year-in-review-webby, mbarbine__Joshs-magnets-landing-page, mbarbine__autographed-bibles-webby, mbarbine__automotive-flamethrower-webby, mbarbine__barbineworldwide-2026-metahack, mbarbine__beer-museum-manager-www, mbarbine__calendar-app-webby, mbarbine__car-service-records, mbarbine__civic-engagement-platform-webby, mbarbine__crafted-virginia-website, mbarbine__desert-bus, mbarbine__dogstar-cybernetics-webby, mbarbine__drone-reel-webby, mbarbine__email-reading-service-webby, mbarbine__fortune-cookie-webby, mbarbine__fortune-cookie-webby-yj, mbarbine__game-porting-service-webby, mbarbine__hot-chocolate-for-profit-webby, mbarbine__instant-snap-postcard, mbarbine__microwave-sticker-webby, mbarbine__microwave-stickers-, mbarbine__multiplayer-puzzle-game, mbarbine__nova-hackers-webby, mbarbine__onboard-platphorm-boilerplate-repo, mbarbine__platphorm-404, mbarbine__platphorm-alleycats, mbarbine__platphorm-ascii, mbarbine__platphorm-auction-vice, mbarbine__platphorm-base, mbarbine__platphorm-bbs, mbarbine__platphorm-cobol, mbarbine__platphorm-codex, mbarbine__platphorm-decks, mbarbine__platphorm-desa, mbarbine__platphorm-design, mbarbine__platphorm-dictionary, mbarbine__platphorm-emoji, mbarbine__platphorm-finance, mbarbine__platphorm-fingerprint-service, mbarbine__platphorm-insights"
shared-ui,@platphorm/ui,sonner,ui,ui-primitive,82,83,high,ui-primitive classified as ui with reuse potential across 82 repositories and 83 files.,"mbarbine__2025-year-in-review-webby, mbarbine__Joshs-magnets-landing-page, mbarbine__ai-chat-interface-webby, mbarbine__autographed-bibles-webby, mbarbine__automotive-flamethrower-webby, mbarbine__barbineworldwide-2026-metahack, mbarbine__calendar-app-webby, mbarbine__car-service-records, mbarbine__civic-engagement-platform-webby, mbarbine__crafted-virginia-website, mbarbine__desert-bus, mbarbine__dogstar-cybernetics-webby, mbarbine__drone-reel-webby, mbarbine__email-reading-service-webby, mbarbine__fortune-cookie-webby, mbarbine__fortune-cookie-webby-yj, mbarbine__game-porting-service-webby, mbarbine__hot-chocolate-for-profit-webby, mbarbine__instant-snap-postcard, mbarbine__microwave-sticker-webby, mbarbine__microwave-stickers-, mbarbine__multiplayer-puzzle-game, mbarbine__nova-hackers-webby, mbarbine__onboard-platphorm-boilerplate-repo, mbarbine__platphorm-404, mbarbine__platphorm-alleycats, mbarbine__platphorm-ascii, mbarbine__platphorm-auction-vice, mbarbine__platphorm-base, mbarbine__platphorm-bbs, mbarbine__platphorm-cobol, mbarbine__platphorm-codex, mbarbine__platphorm-content-showback-dashboard, mbarbine__platphorm-decks, mbarbine__platphorm-desa, mbarbine__platphorm-design, mbarbine__platphorm-dictionary, mbarbine__platphorm-emoji, mbarbine__platphorm-finance, mbarbine__platphorm-fingerprint-service"
shared-ui,@platphorm/ui,navigation-menu,ui,ui-primitive,81,83,high,ui-primitive classified as ui with reuse potential across 81 repositories and 83 files.,"mbarbine__2025-year-in-review-webby, mbarbine__Joshs-magnets-landing-page, mbarbine__ai-chat-interface-webby, mbarbine__autographed-bibles-webby, mbarbine__automotive-flamethrower-webby, mbarbine__barbineworldwide-2026-metahack, mbarbine__calendar-app-webby, mbarbine__car-service-records, mbarbine__civic-engagement-platform-webby, mbarbine__crafted-virginia-website, mbarbine__desert-bus, mbarbine__dogstar-cybernetics-webby, mbarbine__drone-reel-webby, mbarbine__email-reading-service-webby, mbarbine__fortune-cookie-webby, mbarbine__fortune-cookie-webby-yj, mbarbine__game-porting-service-webby, mbarbine__hot-chocolate-for-profit-webby, mbarbine__instant-snap-postcard, mbarbine__microwave-sticker-webby, mbarbine__microwave-stickers-, mbarbine__multiplayer-puzzle-game, mbarbine__nova-hackers-webby, mbarbine__onboard-platphorm-boilerplate-repo, mbarbine__platphorm-404, mbarbine__platphorm-alleycats, mbarbine__platphorm-ascii, mbarbine__platphorm-auction-vice, mbarbine__platphorm-base, mbarbine__platphorm-bbs, mbarbine__platphorm-cobol, mbarbine__platphorm-codex, mbarbine__platphorm-decks, mbarbine__platphorm-desa, mbarbine__platphorm-design, mbarbine__platphorm-dictionary, mbarbine__platphorm-emoji, mbarbine__platphorm-finance, mbarbine__platphorm-fingerprint-service, mbarbine__platphorm-insights"
shared-ui,@platphorm/ui,radio-group,ui,ui-primitive,81,83,high,ui-primitive classified as ui with reuse potential across 81 repositories and 83 files.,"mbarbine__2025-year-in-review-webby, mbarbine__Joshs-magnets-landing-page, mbarbine__ai-chat-interface-webby, mbarbine__autographed-bibles-webby, mbarbine__automotive-flamethrower-webby, mbarbine__barbineworldwide-2026-metahack, mbarbine__calendar-app-webby, mbarbine__car-service-records, mbarbine__civic-engagement-platform-webby, mbarbine__crafted-virginia-website, mbarbine__desert-bus, mbarbine__dogstar-cybernetics-webby, mbarbine__drone-reel-webby, mbarbine__email-reading-service-webby, mbarbine__fortune-cookie-webby, mbarbine__fortune-cookie-webby-yj, mbarbine__game-porting-service-webby, mbarbine__hot-chocolate-for-profit-webby, mbarbine__instant-snap-postcard, mbarbine__microwave-sticker-webby, mbarbine__microwave-stickers-, mbarbine__multiplayer-puzzle-game, mbarbine__nova-hackers-webby, mbarbine__onboard-platphorm-boilerplate-repo, mbarbine__platphorm-404, mbarbine__platphorm-alleycats, mbarbine__platphorm-ascii, mbarbine__platphorm-auction-vice, mbarbine__platphorm-base, mbarbine__platphorm-bbs, mbarbine__platphorm-cobol, mbarbine__platphorm-codex, mbarbine__platphorm-decks, mbarbine__platphorm-desa, mbarbine__platphorm-design, mbarbine__platphorm-dictionary, mbarbine__platphorm-emoji, mbarbine__platphorm-finance, mbarbine__platphorm-fingerprint-service, mbarbine__platphorm-insights"
shared-ui,@platphorm/ui,toggle,ui,ui-primitive,81,83,high,ui-primitive classified as ui with reuse potential across 81 repositories and 83 files.,"mbarbine__2025-year-in-review-webby, mbarbine__Joshs-magnets-landing-page, mbarbine__ai-chat-interface-webby, mbarbine__autographed-bibles-webby, mbarbine__automotive-flamethrower-webby, mbarbine__barbineworldwide-2026-metahack, mbarbine__calendar-app-webby, mbarbine__car-service-records, mbarbine__civic-engagement-platform-webby, mbarbine__crafted-virginia-website, mbarbine__desert-bus, mbarbine__dogstar-cybernetics-webby, mbarbine__drone-reel-webby, mbarbine__email-reading-service-webby, mbarbine__fortune-cookie-webby, mbarbine__fortune-cookie-webby-yj, mbarbine__game-porting-service-webby, mbarbine__hot-chocolate-for-profit-webby, mbarbine__instant-snap-postcard, mbarbine__microwave-sticker-webby, mbarbine__microwave-stickers-, mbarbine__multiplayer-puzzle-game, mbarbine__nova-hackers-webby, mbarbine__onboard-platphorm-boilerplate-repo, mbarbine__platphorm-404, mbarbine__platphorm-alleycats, mbarbine__platphorm-ascii, mbarbine__platphorm-auction-vice, mbarbine__platphorm-base, mbarbine__platphorm-bbs, mbarbine__platphorm-cobol, mbarbine__platphorm-codex, mbarbine__platphorm-decks, mbarbine__platphorm-desa, mbarbine__platphorm-design, mbarbine__platphorm-dictionary, mbarbine__platphorm-emoji, mbarbine__platphorm-finance, mbarbine__platphorm-fingerprint-service, mbarbine__platphorm-insights"
shared-ui,@platphorm/ui,form,ui,ui-primitive,81,82,high,ui-primitive classified as ui with reuse potential across 81 repositories and 82 files.,"mbarbine__2025-year-in-review-webby, mbarbine__Joshs-magnets-landing-page, mbarbine__Scripts, mbarbine__ai-chat-interface-webby, mbarbine__autographed-bibles-webby, mbarbine__automotive-flamethrower-webby, mbarbine__barbineworldwide-2026-metahack, mbarbine__calendar-app-webby, mbarbine__car-service-records, mbarbine__civic-engagement-platform-webby, mbarbine__crafted-virginia-website, mbarbine__desert-bus, mbarbine__dogstar-cybernetics-webby, mbarbine__drone-reel-webby, mbarbine__email-reading-service-webby, mbarbine__fortune-cookie-webby, mbarbine__fortune-cookie-webby-yj, mbarbine__game-porting-service-webby, mbarbine__hot-chocolate-for-profit-webby, mbarbine__instant-snap-postcard, mbarbine__microwave-sticker-webby, mbarbine__microwave-stickers-, mbarbine__multiplayer-puzzle-game, mbarbine__nova-hackers-webby, mbarbine__onboard-platphorm-boilerplate-repo, mbarbine__platphorm-404, mbarbine__platphorm-alleycats, mbarbine__platphorm-ascii, mbarbine__platphorm-auction-vice, mbarbine__platphorm-base, mbarbine__platphorm-bbs, mbarbine__platphorm-cobol, mbarbine__platphorm-codex, mbarbine__platphorm-decks, mbarbine__platphorm-desa, mbarbine__platphorm-design, mbarbine__platphorm-dictionary, mbarbine__platphorm-emoji, mbarbine__platphorm-finance, mbarbine__platphorm-fingerprint-service"
shared-ui,@platphorm/ui,calendar,ui,ui-primitive,80,84,high,ui-primitive classified as ui with reuse potential across 80 repositories and 84 files.,"mbarbine__2025-year-in-review-webby, mbarbine__Joshs-magnets-landing-page, mbarbine__ai-chat-interface-webby, mbarbine__autographed-bibles-webby, mbarbine__automotive-flamethrower-webby, mbarbine__barbineworldwide-2026-metahack, mbarbine__calendar-app-webby, mbarbine__car-service-records, mbarbine__civic-engagement-platform-webby, mbarbine__crafted-virginia-website, mbarbine__desert-bus, mbarbine__dogstar-cybernetics-webby, mbarbine__drone-reel-webby, mbarbine__email-reading-service-webby, mbarbine__fortune-cookie-webby, mbarbine__fortune-cookie-webby-yj, mbarbine__game-porting-service-webby, mbarbine__hot-chocolate-for-profit-webby, mbarbine__instant-snap-postcard, mbarbine__microwave-sticker-webby, mbarbine__microwave-stickers-, mbarbine__multiplayer-puzzle-game, mbarbine__nova-hackers-webby, mbarbine__onboard-platphorm-boilerplate-repo, mbarbine__platphorm-404, mbarbine__platphorm-alleycats, mbarbine__platphorm-ascii, mbarbine__platphorm-auction-vice, mbarbine__platphorm-base, mbarbine__platphorm-bbs, mbarbine__platphorm-cobol, mbarbine__platphorm-codex, mbarbine__platphorm-decks, mbarbine__platphorm-desa, mbarbine__platphorm-design, mbarbine__platphorm-dictionary, mbarbine__platphorm-emoji, mbarbine__platphorm-finance, mbarbine__platphorm-fingerprint-service, mbarbine__platphorm-insights"
shared-ui,@platphorm/ui,aspect-ratio,ui,ui-primitive,80,82,high,ui-primitive classified as ui with reuse potential across 80 repositories and 82 files.,"mbarbine__2025-year-in-review-webby, mbarbine__Joshs-magnets-landing-page, mbarbine__ai-chat-interface-webby, mbarbine__autographed-bibles-webby, mbarbine__automotive-flamethrower-webby, mbarbine__barbineworldwide-2026-metahack, mbarbine__calendar-app-webby, mbarbine__car-service-records, mbarbine__civic-engagement-platform-webby, mbarbine__crafted-virginia-website, mbarbine__desert-bus, mbarbine__dogstar-cybernetics-webby, mbarbine__drone-reel-webby, mbarbine__email-reading-service-webby, mbarbine__fortune-cookie-webby, mbarbine__fortune-cookie-webby-yj, mbarbine__game-porting-service-webby, mbarbine__hot-chocolate-for-profit-webby, mbarbine__instant-snap-postcard, mbarbine__microwave-sticker-webby, mbarbine__microwave-stickers-, mbarbine__multiplayer-puzzle-game, mbarbine__nova-hackers-webby, mbarbine__onboard-platphorm-boilerplate-repo, mbarbine__platphorm-404, mbarbine__platphorm-alleycats, mbarbine__platphorm-ascii, mbarbine__platphorm-auction-vice, mbarbine__platphorm-base, mbarbine__platphorm-bbs, mbarbine__platphorm-cobol, mbarbine__platphorm-codex, mbarbine__platphorm-decks, mbarbine__platphorm-desa, mbarbine__platphorm-design, mbarbine__platphorm-dictionary, mbarbine__platphorm-emoji, mbarbine__platphorm-finance, mbarbine__platphorm-fingerprint-service, mbarbine__platphorm-insights"
shared-ui,@platphorm/ui,pagination,ui,ui-primitive,80,82,high,ui-primitive classified as ui with reuse potential across 80 repositories and 82 files.,"mbarbine__2025-year-in-review-webby, mbarbine__Joshs-magnets-landing-page, mbarbine__ai-chat-interface-webby, mbarbine__autographed-bibles-webby, mbarbine__automotive-flamethrower-webby, mbarbine__barbineworldwide-2026-metahack, mbarbine__calendar-app-webby, mbarbine__car-service-records, mbarbine__civic-engagement-platform-webby, mbarbine__crafted-virginia-website, mbarbine__desert-bus, mbarbine__dogstar-cybernetics-webby, mbarbine__drone-reel-webby, mbarbine__email-reading-service-webby, mbarbine__fortune-cookie-webby, mbarbine__fortune-cookie-webby-yj, mbarbine__game-porting-service-webby, mbarbine__hot-chocolate-for-profit-webby, mbarbine__instant-snap-postcard, mbarbine__microwave-sticker-webby, mbarbine__microwave-stickers-, mbarbine__multiplayer-puzzle-game, mbarbine__nova-hackers-webby, mbarbine__onboard-platphorm-boilerplate-repo, mbarbine__platphorm-404, mbarbine__platphorm-alleycats, mbarbine__platphorm-ascii, mbarbine__platphorm-auction-vice, mbarbine__platphorm-base, mbarbine__platphorm-bbs, mbarbine__platphorm-cobol, mbarbine__platphorm-codex, mbarbine__platphorm-decks, mbarbine__platphorm-desa, mbarbine__platphorm-design, mbarbine__platphorm-dictionary, mbarbine__platphorm-emoji, mbarbine__platphorm-finance, mbarbine__platphorm-fingerprint-service, mbarbine__platphorm-insights"
shared-ui,@platphorm/ui,input-otp,ui,ui-primitive,80,82,high,ui-primitive classified as ui with reuse potential across 80 repositories and 82 files.,"mbarbine__2025-year-in-review-webby, mbarbine__Joshs-magnets-landing-page, mbarbine__ai-chat-interface-webby, mbarbine__autographed-bibles-webby, mbarbine__automotive-flamethrower-webby, mbarbine__barbineworldwide-2026-metahack, mbarbine__calendar-app-webby, mbarbine__car-service-records, mbarbine__civic-engagement-platform-webby, mbarbine__crafted-virginia-website, mbarbine__desert-bus, mbarbine__dogstar-cybernetics-webby, mbarbine__drone-reel-webby, mbarbine__email-reading-service-webby, mbarbine__fortune-cookie-webby, mbarbine__fortune-cookie-webby-yj, mbarbine__game-porting-service-webby, mbarbine__hot-chocolate-for-profit-webby, mbarbine__instant-snap-postcard, mbarbine__microwave-sticker-webby, mbarbine__microwave-stickers-, mbarbine__multiplayer-puzzle-game, mbarbine__nova-hackers-webby, mbarbine__onboard-platphorm-boilerplate-repo, mbarbine__platphorm-404, mbarbine__platphorm-alleycats, mbarbine__platphorm-ascii, mbarbine__platphorm-auction-vice, mbarbine__platphorm-base, mbarbine__platphorm-bbs, mbarbine__platphorm-cobol, mbarbine__platphorm-codex, mbarbine__platphorm-decks, mbarbine__platphorm-desa, mbarbine__platphorm-design, mbarbine__platphorm-dictionary, mbarbine__platphorm-emoji, mbarbine__platphorm-finance, mbarbine__platphorm-fingerprint-service, mbarbine__platphorm-insights"
shared-ui,@platphorm/ui,hover-card,ui,ui-primitive,80,82,high,ui-primitive classified as ui with reuse potential across 80 repositories and 82 files.,"mbarbine__2025-year-in-review-webby, mbarbine__Joshs-magnets-landing-page, mbarbine__ai-chat-interface-webby, mbarbine__autographed-bibles-webby, mbarbine__automotive-flamethrower-webby, mbarbine__barbineworldwide-2026-metahack, mbarbine__calendar-app-webby, mbarbine__car-service-records, mbarbine__civic-engagement-platform-webby, mbarbine__crafted-virginia-website, mbarbine__desert-bus, mbarbine__dogstar-cybernetics-webby, mbarbine__drone-reel-webby, mbarbine__email-reading-service-webby, mbarbine__fortune-cookie-webby, mbarbine__fortune-cookie-webby-yj, mbarbine__game-porting-service-webby, mbarbine__hot-chocolate-for-profit-webby, mbarbine__instant-snap-postcard, mbarbine__microwave-sticker-webby, mbarbine__microwave-stickers-, mbarbine__multiplayer-puzzle-game, mbarbine__nova-hackers-webby, mbarbine__onboard-platphorm-boilerplate-repo, mbarbine__platphorm-404, mbarbine__platphorm-alleycats, mbarbine__platphorm-ascii, mbarbine__platphorm-auction-vice, mbarbine__platphorm-base, mbarbine__platphorm-bbs, mbarbine__platphorm-cobol, mbarbine__platphorm-codex, mbarbine__platphorm-decks, mbarbine__platphorm-desa, mbarbine__platphorm-design, mbarbine__platphorm-dictionary, mbarbine__platphorm-emoji, mbarbine__platphorm-finance, mbarbine__platphorm-fingerprint-service, mbarbine__platphorm-insights"
shared-ui,@platphorm/ui,resizable,ui,ui-primitive,80,82,high,ui-primitive classified as ui with reuse potential across 80 repositories and 82 files.,"mbarbine__2025-year-in-review-webby, mbarbine__Joshs-magnets-landing-page, mbarbine__ai-chat-interface-webby, mbarbine__autographed-bibles-webby, mbarbine__automotive-flamethrower-webby, mbarbine__barbineworldwide-2026-metahack, mbarbine__calendar-app-webby, mbarbine__car-service-records, mbarbine__civic-engagement-platform-webby, mbarbine__crafted-virginia-website, mbarbine__desert-bus, mbarbine__dogstar-cybernetics-webby, mbarbine__drone-reel-webby, mbarbine__email-reading-service-webby, mbarbine__fortune-cookie-webby, mbarbine__fortune-cookie-webby-yj, mbarbine__game-porting-service-webby, mbarbine__hot-chocolate-for-profit-webby, mbarbine__instant-snap-postcard, mbarbine__microwave-sticker-webby, mbarbine__microwave-stickers-, mbarbine__multiplayer-puzzle-game, mbarbine__nova-hackers-webby, mbarbine__onboard-platphorm-boilerplate-repo, mbarbine__platphorm-404, mbarbine__platphorm-alleycats, mbarbine__platphorm-ascii, mbarbine__platphorm-auction-vice, mbarbine__platphorm-base, mbarbine__platphorm-bbs, mbarbine__platphorm-cobol, mbarbine__platphorm-codex, mbarbine__platphorm-decks, mbarbine__platphorm-desa, mbarbine__platphorm-design, mbarbine__platphorm-dictionary, mbarbine__platphorm-emoji, mbarbine__platphorm-finance, mbarbine__platphorm-fingerprint-service, mbarbine__platphorm-insights"
shared-ui,@platphorm/ui,drawer,ui,ui-primitive,80,82,high,ui-primitive classified as ui with reuse potential across 80 repositories and 82 files.,"mbarbine__2025-year-in-review-webby, mbarbine__Joshs-magnets-landing-page, mbarbine__ai-chat-interface-webby, mbarbine__autographed-bibles-webby, mbarbine__automotive-flamethrower-webby, mbarbine__barbineworldwide-2026-metahack, mbarbine__calendar-app-webby, mbarbine__car-service-records, mbarbine__civic-engagement-platform-webby, mbarbine__crafted-virginia-website, mbarbine__desert-bus, mbarbine__dogstar-cybernetics-webby, mbarbine__drone-reel-webby, mbarbine__email-reading-service-webby, mbarbine__fortune-cookie-webby, mbarbine__fortune-cookie-webby-yj, mbarbine__game-porting-service-webby, mbarbine__hot-chocolate-for-profit-webby, mbarbine__instant-snap-postcard, mbarbine__microwave-sticker-webby, mbarbine__microwave-stickers-, mbarbine__multiplayer-puzzle-game, mbarbine__nova-hackers-webby, mbarbine__onboard-platphorm-boilerplate-repo, mbarbine__platphorm-404, mbarbine__platphorm-alleycats, mbarbine__platphorm-ascii, mbarbine__platphorm-auction-vice, mbarbine__platphorm-base, mbarbine__platphorm-bbs, mbarbine__platphorm-cobol, mbarbine__platphorm-codex, mbarbine__platphorm-decks, mbarbine__platphorm-desa, mbarbine__platphorm-design, mbarbine__platphorm-dictionary, mbarbine__platphorm-emoji, mbarbine__platphorm-finance, mbarbine__platphorm-fingerprint-service, mbarbine__platphorm-insights"
shared-ui,@platphorm/ui,command,ui,ui-primitive,80,82,high,ui-primitive classified as ui with reuse potential across 80 repositories and 82 files.,"mbarbine__2025-year-in-review-webby, mbarbine__Joshs-magnets-landing-page, mbarbine__ai-chat-interface-webby, mbarbine__autographed-bibles-webby, mbarbine__automotive-flamethrower-webby, mbarbine__barbineworldwide-2026-metahack, mbarbine__calendar-app-webby, mbarbine__car-service-records, mbarbine__civic-engagement-platform-webby, mbarbine__crafted-virginia-website, mbarbine__desert-bus, mbarbine__dogstar-cybernetics-webby, mbarbine__drone-reel-webby, mbarbine__email-reading-service-webby, mbarbine__fortune-cookie-webby, mbarbine__fortune-cookie-webby-yj, mbarbine__game-porting-service-webby, mbarbine__hot-chocolate-for-profit-webby, mbarbine__instant-snap-postcard, mbarbine__microwave-sticker-webby, mbarbine__microwave-stickers-, mbarbine__multiplayer-puzzle-game, mbarbine__nova-hackers-webby, mbarbine__onboard-platphorm-boilerplate-repo, mbarbine__platphorm-404, mbarbine__platphorm-alleycats, mbarbine__platphorm-ascii, mbarbine__platphorm-auction-vice, mbarbine__platphorm-base, mbarbine__platphorm-bbs, mbarbine__platphorm-cobol, mbarbine__platphorm-codex, mbarbine__platphorm-decks, mbarbine__platphorm-desa, mbarbine__platphorm-design, mbarbine__platphorm-dictionary, mbarbine__platphorm-emoji, mbarbine__platphorm-finance, mbarbine__platphorm-fingerprint-service, mbarbine__platphorm-insights"
shared-ui,@platphorm/ui,toggle-group,ui,ui-primitive,80,82,high,ui-primitive classified as ui with reuse potential across 80 repositories and 82 files.,"mbarbine__2025-year-in-review-webby, mbarbine__Joshs-magnets-landing-page, mbarbine__ai-chat-interface-webby, mbarbine__autographed-bibles-webby, mbarbine__automotive-flamethrower-webby, mbarbine__barbineworldwide-2026-metahack, mbarbine__calendar-app-webby, mbarbine__car-service-records, mbarbine__civic-engagement-platform-webby, mbarbine__crafted-virginia-website, mbarbine__desert-bus, mbarbine__dogstar-cybernetics-webby, mbarbine__drone-reel-webby, mbarbine__email-reading-service-webby, mbarbine__fortune-cookie-webby, mbarbine__fortune-cookie-webby-yj, mbarbine__game-porting-service-webby, mbarbine__hot-chocolate-for-profit-webby, mbarbine__instant-snap-postcard, mbarbine__microwave-sticker-webby, mbarbine__microwave-stickers-, mbarbine__multiplayer-puzzle-game, mbarbine__nova-hackers-webby, mbarbine__onboard-platphorm-boilerplate-repo, mbarbine__platphorm-404, mbarbine__platphorm-alleycats, mbarbine__platphorm-ascii, mbarbine__platphorm-auction-vice, mbarbine__platphorm-base, mbarbine__platphorm-bbs, mbarbine__platphorm-cobol, mbarbine__platphorm-codex, mbarbine__platphorm-decks, mbarbine__platphorm-desa, mbarbine__platphorm-design, mbarbine__platphorm-dictionary, mbarbine__platphorm-emoji, mbarbine__platphorm-finance, mbarbine__platphorm-fingerprint-service, mbarbine__platphorm-insights"
shared-ui,@platphorm/ui,menubar,ui,ui-primitive,80,82,high,ui-primitive classified as ui with reuse potential across 80 repositories and 82 files.,"mbarbine__2025-year-in-review-webby, mbarbine__Joshs-magnets-landing-page, mbarbine__ai-chat-interface-webby, mbarbine__autographed-bibles-webby, mbarbine__automotive-flamethrower-webby, mbarbine__barbineworldwide-2026-metahack, mbarbine__calendar-app-webby, mbarbine__car-service-records, mbarbine__civic-engagement-platform-webby, mbarbine__crafted-virginia-website, mbarbine__desert-bus, mbarbine__dogstar-cybernetics-webby, mbarbine__drone-reel-webby, mbarbine__email-reading-service-webby, mbarbine__fortune-cookie-webby, mbarbine__fortune-cookie-webby-yj, mbarbine__game-porting-service-webby, mbarbine__hot-chocolate-for-profit-webby, mbarbine__instant-snap-postcard, mbarbine__microwave-sticker-webby, mbarbine__microwave-stickers-, mbarbine__multiplayer-puzzle-game, mbarbine__nova-hackers-webby, mbarbine__onboard-platphorm-boilerplate-repo, mbarbine__platphorm-404, mbarbine__platphorm-alleycats, mbarbine__platphorm-ascii, mbarbine__platphorm-auction-vice, mbarbine__platphorm-base, mbarbine__platphorm-bbs, mbarbine__platphorm-cobol, mbarbine__platphorm-codex, mbarbine__platphorm-decks, mbarbine__platphorm-desa, mbarbine__platphorm-design, mbarbine__platphorm-dictionary, mbarbine__platphorm-emoji, mbarbine__platphorm-finance, mbarbine__platphorm-fingerprint-service, mbarbine__platphorm-insights"
shared-ui,@platphorm/ui,collapsible,ui,ui-primitive,80,82,high,ui-primitive classified as ui with reuse potential across 80 repositories and 82 files.,"mbarbine__2025-year-in-review-webby, mbarbine__Joshs-magnets-landing-page, mbarbine__ai-chat-interface-webby, mbarbine__autographed-bibles-webby, mbarbine__automotive-flamethrower-webby, mbarbine__barbineworldwide-2026-metahack, mbarbine__calendar-app-webby, mbarbine__car-service-records, mbarbine__civic-engagement-platform-webby, mbarbine__crafted-virginia-website, mbarbine__desert-bus, mbarbine__dogstar-cybernetics-webby, mbarbine__drone-reel-webby, mbarbine__email-reading-service-webby, mbarbine__fortune-cookie-webby, mbarbine__fortune-cookie-webby-yj, mbarbine__game-porting-service-webby, mbarbine__hot-chocolate-for-profit-webby, mbarbine__instant-snap-postcard, mbarbine__microwave-sticker-webby, mbarbine__microwave-stickers-, mbarbine__multiplayer-puzzle-game, mbarbine__nova-hackers-webby, mbarbine__onboard-platphorm-boilerplate-repo, mbarbine__platphorm-404, mbarbine__platphorm-alleycats, mbarbine__platphorm-ascii, mbarbine__platphorm-auction-vice, mbarbine__platphorm-base, mbarbine__platphorm-bbs, mbarbine__platphorm-cobol, mbarbine__platphorm-codex, mbarbine__platphorm-decks, mbarbine__platphorm-desa, mbarbine__platphorm-design, mbarbine__platphorm-dictionary, mbarbine__platphorm-emoji, mbarbine__platphorm-finance, mbarbine__platphorm-fingerprint-service, mbarbine__platphorm-insights"
shared-ui,@platphorm/ui,context-menu,ui,ui-primitive,80,82,high,ui-primitive classified as ui with reuse potential across 80 repositories and 82 files.,"mbarbine__2025-year-in-review-webby, mbarbine__Joshs-magnets-landing-page, mbarbine__ai-chat-interface-webby, mbarbine__autographed-bibles-webby, mbarbine__automotive-flamethrower-webby, mbarbine__barbineworldwide-2026-metahack, mbarbine__calendar-app-webby, mbarbine__car-service-records, mbarbine__civic-engagement-platform-webby, mbarbine__crafted-virginia-website, mbarbine__desert-bus, mbarbine__dogstar-cybernetics-webby, mbarbine__drone-reel-webby, mbarbine__email-reading-service-webby, mbarbine__fortune-cookie-webby, mbarbine__fortune-cookie-webby-yj, mbarbine__game-porting-service-webby, mbarbine__hot-chocolate-for-profit-webby, mbarbine__instant-snap-postcard, mbarbine__microwave-sticker-webby, mbarbine__microwave-stickers-, mbarbine__multiplayer-puzzle-game, mbarbine__nova-hackers-webby, mbarbine__onboard-platphorm-boilerplate-repo, mbarbine__platphorm-404, mbarbine__platphorm-alleycats, mbarbine__platphorm-ascii, mbarbine__platphorm-auction-vice, mbarbine__platphorm-base, mbarbine__platphorm-bbs, mbarbine__platphorm-cobol, mbarbine__platphorm-codex, mbarbine__platphorm-decks, mbarbine__platphorm-desa, mbarbine__platphorm-design, mbarbine__platphorm-dictionary, mbarbine__platphorm-emoji, mbarbine__platphorm-finance, mbarbine__platphorm-fingerprint-service, mbarbine__platphorm-insights"
shared-ui,@platphorm/ui,use-toast,ui,ui-primitive,76,77,high,ui-primitive classified as ui with reuse potential across 76 repositories and 77 files.,"mbarbine__2025-year-in-review-webby, mbarbine__Joshs-magnets-landing-page, mbarbine__ai-chat-interface-webby, mbarbine__autographed-bibles-webby, mbarbine__automotive-flamethrower-webby, mbarbine__barbineworldwide-2026-metahack, mbarbine__calendar-app-webby, mbarbine__car-service-records, mbarbine__civic-engagement-platform-webby, mbarbine__crafted-virginia-website, mbarbine__desert-bus, mbarbine__dogstar-cybernetics-webby, mbarbine__drone-reel-webby, mbarbine__email-reading-service-webby, mbarbine__fortune-cookie-webby, mbarbine__fortune-cookie-webby-yj, mbarbine__game-porting-service-webby, mbarbine__hot-chocolate-for-profit-webby, mbarbine__mailthing-main, mbarbine__microwave-sticker-webby, mbarbine__microwave-stickers-, mbarbine__multiplayer-puzzle-game, mbarbine__nova-hackers-webby, mbarbine__onboard-platphorm-boilerplate-repo, mbarbine__platphorm-404, mbarbine__platphorm-alleycats, mbarbine__platphorm-ascii, mbarbine__platphorm-auction-vice, mbarbine__platphorm-bbs, mbarbine__platphorm-cobol, mbarbine__platphorm-codex, mbarbine__platphorm-decks, mbarbine__platphorm-design, mbarbine__platphorm-emoji, mbarbine__platphorm-finance, mbarbine__platphorm-fingerprint-service, mbarbine__platphorm-insights, mbarbine__platphorm-jobs, mbarbine__platphorm-json, mbarbine__platphorm-jules"
shared-ui,@platphorm/ui,sidebar,ui,ui-primitive,75,81,high,ui-primitive classified as ui with reuse potential across 75 repositories and 81 files.,"mbarbine__2025-year-in-review-webby, mbarbine__Joshs-magnets-landing-page, mbarbine__Scripts, mbarbine__airrow-commuter-balloon, mbarbine__autographed-bibles-webby, mbarbine__automotive-flamethrower-webby, mbarbine__barbineworldwide-2026-metahack, mbarbine__beer-museum-manager-www, mbarbine__car-service-records, mbarbine__civic-engagement-platform-webby, mbarbine__crafted-virginia-website, mbarbine__desert-bus, mbarbine__dogstar-cybernetics-webby, mbarbine__email-reading-service-webby, mbarbine__fashion-sadiepass-WWW, mbarbine__game-porting-service-webby, mbarbine__hot-chocolate-for-profit-webby, mbarbine__instant-snap-postcard, mbarbine__microwave-sticker-webby, mbarbine__multiplayer-puzzle-game, mbarbine__onboard-platphorm-boilerplate-repo, mbarbine__platphorm-404, mbarbine__platphorm-agentui, mbarbine__platphorm-alleycats, mbarbine__platphorm-auction-vice, mbarbine__platphorm-base, mbarbine__platphorm-bbs, mbarbine__platphorm-browserops, mbarbine__platphorm-cobol, mbarbine__platphorm-codex, mbarbine__platphorm-decks, mbarbine__platphorm-desa, mbarbine__platphorm-design, mbarbine__platphorm-dictionary, mbarbine__platphorm-finance, mbarbine__platphorm-fingerprint-service, mbarbine__platphorm-insights, mbarbine__platphorm-jobs, mbarbine__platphorm-json, mbarbine__platphorm-jules"
shared-ui,@platphorm/ui,use-mobile,ui,ui-primitive,74,74,high,ui-primitive classified as ui with reuse potential across 74 repositories and 74 files.,"mbarbine__2025-year-in-review-webby, mbarbine__Joshs-magnets-landing-page, mbarbine__ai-chat-interface-webby, mbarbine__autographed-bibles-webby, mbarbine__automotive-flamethrower-webby, mbarbine__barbineworldwide-2026-metahack, mbarbine__calendar-app-webby, mbarbine__car-service-records, mbarbine__civic-engagement-platform-webby, mbarbine__crafted-virginia-website, mbarbine__desert-bus, mbarbine__dogstar-cybernetics-webby, mbarbine__drone-reel-webby, mbarbine__email-reading-service-webby, mbarbine__fortune-cookie-webby, mbarbine__fortune-cookie-webby-yj, mbarbine__game-porting-service-webby, mbarbine__hot-chocolate-for-profit-webby, mbarbine__microwave-sticker-webby, mbarbine__microwave-stickers-, mbarbine__multiplayer-puzzle-game, mbarbine__nova-hackers-webby, mbarbine__onboard-platphorm-boilerplate-repo, mbarbine__platphorm-404, mbarbine__platphorm-alleycats, mbarbine__platphorm-ascii, mbarbine__platphorm-auction-vice, mbarbine__platphorm-base, mbarbine__platphorm-bbs, mbarbine__platphorm-cobol, mbarbine__platphorm-codex, mbarbine__platphorm-decks, mbarbine__platphorm-design, mbarbine__platphorm-emoji, mbarbine__platphorm-finance, mbarbine__platphorm-fingerprint-service, mbarbine__platphorm-jobs, mbarbine__platphorm-json, mbarbine__platphorm-jules, mbarbine__platphorm-kanban"
shared-ui,@platphorm/ui,spinner,ui,ui-primitive,71,72,high,ui-primitive classified as ui with reuse potential across 71 repositories and 72 files.,"mbarbine__2025-year-in-review-webby, mbarbine__Joshs-magnets-landing-page, mbarbine__Scripts, mbarbine__ai-chat-interface-webby, mbarbine__autographed-bibles-webby, mbarbine__automotive-flamethrower-webby, mbarbine__barbineworldwide-2026-metahack, mbarbine__calendar-app-webby, mbarbine__car-service-records, mbarbine__civic-engagement-platform-webby, mbarbine__crafted-virginia-website, mbarbine__desert-bus, mbarbine__dogstar-cybernetics-webby, mbarbine__game-porting-service-webby, mbarbine__hot-chocolate-for-profit-webby, mbarbine__microwave-sticker-webby, mbarbine__multiplayer-puzzle-game, mbarbine__nova-hackers-webby, mbarbine__onboard-platphorm-boilerplate-repo, mbarbine__platphorm-404, mbarbine__platphorm-agentui, mbarbine__platphorm-alleycats, mbarbine__platphorm-ascii, mbarbine__platphorm-auction-vice, mbarbine__platphorm-base, mbarbine__platphorm-bbs, mbarbine__platphorm-cobol, mbarbine__platphorm-codex, mbarbine__platphorm-decks, mbarbine__platphorm-desa, mbarbine__platphorm-design, mbarbine__platphorm-dictionary, mbarbine__platphorm-finance, mbarbine__platphorm-fingerprint-service, mbarbine__platphorm-insights, mbarbine__platphorm-jobs, mbarbine__platphorm-json, mbarbine__platphorm-jules, mbarbine__platphorm-kanban, mbarbine__platphorm-keys"
shared-ui,@platphorm/ui,field,ui,ui-primitive,69,70,high,ui-primitive classified as ui with reuse potential across 69 repositories and 70 files.,"mbarbine__2025-year-in-review-webby, mbarbine__Joshs-magnets-landing-page, mbarbine__ai-chat-interface-webby, mbarbine__autographed-bibles-webby, mbarbine__automotive-flamethrower-webby, mbarbine__barbineworldwide-2026-metahack, mbarbine__calendar-app-webby, mbarbine__car-service-records, mbarbine__civic-engagement-platform-webby, mbarbine__crafted-virginia-website, mbarbine__desert-bus, mbarbine__dogstar-cybernetics-webby, mbarbine__game-porting-service-webby, mbarbine__hot-chocolate-for-profit-webby, mbarbine__microwave-sticker-webby, mbarbine__multiplayer-puzzle-game, mbarbine__nova-hackers-webby, mbarbine__onboard-platphorm-boilerplate-repo, mbarbine__platphorm-404, mbarbine__platphorm-alleycats, mbarbine__platphorm-ascii, mbarbine__platphorm-auction-vice, mbarbine__platphorm-base, mbarbine__platphorm-bbs, mbarbine__platphorm-cobol, mbarbine__platphorm-codex, mbarbine__platphorm-decks, mbarbine__platphorm-desa, mbarbine__platphorm-design, mbarbine__platphorm-dictionary, mbarbine__platphorm-finance, mbarbine__platphorm-fingerprint-service, mbarbine__platphorm-insights, mbarbine__platphorm-jobs, mbarbine__platphorm-json, mbarbine__platphorm-jules, mbarbine__platphorm-kanban, mbarbine__platphorm-keys, mbarbine__platphorm-layout, mbarbine__platphorm-mcp"
shared-ui,@platphorm/ui,item,ui,ui-primitive,69,70,high,ui-primitive classified as ui with reuse potential across 69 repositories and 70 files.,"mbarbine__2025-year-in-review-webby, mbarbine__Joshs-magnets-landing-page, mbarbine__Scripts, mbarbine__ai-chat-interface-webby, mbarbine__autographed-bibles-webby, mbarbine__automotive-flamethrower-webby, mbarbine__barbineworldwide-2026-metahack, mbarbine__calendar-app-webby, mbarbine__car-service-records, mbarbine__civic-engagement-platform-webby, mbarbine__crafted-virginia-website, mbarbine__desert-bus, mbarbine__dogstar-cybernetics-webby, mbarbine__game-porting-service-webby, mbarbine__hot-chocolate-for-profit-webby, mbarbine__microwave-sticker-webby, mbarbine__multiplayer-puzzle-game, mbarbine__nova-hackers-webby, mbarbine__onboard-platphorm-boilerplate-repo, mbarbine__platphorm-404, mbarbine__platphorm-alleycats, mbarbine__platphorm-ascii, mbarbine__platphorm-auction-vice, mbarbine__platphorm-base, mbarbine__platphorm-bbs, mbarbine__platphorm-cobol, mbarbine__platphorm-codex, mbarbine__platphorm-decks, mbarbine__platphorm-desa, mbarbine__platphorm-design, mbarbine__platphorm-dictionary, mbarbine__platphorm-finance, mbarbine__platphorm-fingerprint-service, mbarbine__platphorm-insights, mbarbine__platphorm-jobs, mbarbine__platphorm-json, mbarbine__platphorm-jules, mbarbine__platphorm-kanban, mbarbine__platphorm-keys, mbarbine__platphorm-layout"
shared-ui,@platphorm/ui,button-group,ui,ui-primitive,68,69,high,ui-primitive classified as ui with reuse potential across 68 repositories and 69 files.,"mbarbine__2025-year-in-review-webby, mbarbine__Joshs-magnets-landing-page, mbarbine__ai-chat-interface-webby, mbarbine__autographed-bibles-webby, mbarbine__automotive-flamethrower-webby, mbarbine__barbineworldwide-2026-metahack, mbarbine__calendar-app-webby, mbarbine__car-service-records, mbarbine__civic-engagement-platform-webby, mbarbine__crafted-virginia-website, mbarbine__desert-bus, mbarbine__dogstar-cybernetics-webby, mbarbine__game-porting-service-webby, mbarbine__hot-chocolate-for-profit-webby, mbarbine__microwave-sticker-webby, mbarbine__multiplayer-puzzle-game, mbarbine__nova-hackers-webby, mbarbine__onboard-platphorm-boilerplate-repo, mbarbine__platphorm-404, mbarbine__platphorm-alleycats, mbarbine__platphorm-ascii, mbarbine__platphorm-auction-vice, mbarbine__platphorm-base, mbarbine__platphorm-bbs, mbarbine__platphorm-cobol, mbarbine__platphorm-codex, mbarbine__platphorm-decks, mbarbine__platphorm-desa, mbarbine__platphorm-design, mbarbine__platphorm-dictionary, mbarbine__platphorm-finance, mbarbine__platphorm-fingerprint-service, mbarbine__platphorm-insights, mbarbine__platphorm-jobs, mbarbine__platphorm-json, mbarbine__platphorm-jules, mbarbine__platphorm-kanban, mbarbine__platphorm-keys, mbarbine__platphorm-layout, mbarbine__platphorm-mcp"
shared-ui,@platphorm/ui,input-group,ui,ui-primitive,68,69,high,ui-primitive classified as ui with reuse potential across 68 repositories and 69 files.,"mbarbine__2025-year-in-review-webby, mbarbine__Joshs-magnets-landing-page, mbarbine__ai-chat-interface-webby, mbarbine__autographed-bibles-webby, mbarbine__automotive-flamethrower-webby, mbarbine__barbineworldwide-2026-metahack, mbarbine__calendar-app-webby, mbarbine__car-service-records, mbarbine__civic-engagement-platform-webby, mbarbine__crafted-virginia-website, mbarbine__desert-bus, mbarbine__dogstar-cybernetics-webby, mbarbine__game-porting-service-webby, mbarbine__hot-chocolate-for-profit-webby, mbarbine__microwave-sticker-webby, mbarbine__multiplayer-puzzle-game, mbarbine__nova-hackers-webby, mbarbine__onboard-platphorm-boilerplate-repo, mbarbine__platphorm-404, mbarbine__platphorm-alleycats, mbarbine__platphorm-ascii, mbarbine__platphorm-auction-vice, mbarbine__platphorm-base, mbarbine__platphorm-bbs, mbarbine__platphorm-cobol, mbarbine__platphorm-codex, mbarbine__platphorm-decks, mbarbine__platphorm-desa, mbarbine__platphorm-design, mbarbine__platphorm-dictionary, mbarbine__platphorm-finance, mbarbine__platphorm-fingerprint-service, mbarbine__platphorm-insights, mbarbine__platphorm-jobs, mbarbine__platphorm-json, mbarbine__platphorm-jules, mbarbine__platphorm-kanban, mbarbine__platphorm-keys, mbarbine__platphorm-layout, mbarbine__platphorm-mcp"
shared-ui,@platphorm/ui,empty,ui,ui-primitive,68,69,high,ui-primitive classified as ui with reuse potential across 68 repositories and 69 files.,"mbarbine__2025-year-in-review-webby, mbarbine__Joshs-magnets-landing-page, mbarbine__ai-chat-interface-webby, mbarbine__autographed-bibles-webby, mbarbine__automotive-flamethrower-webby, mbarbine__barbineworldwide-2026-metahack, mbarbine__calendar-app-webby, mbarbine__car-service-records, mbarbine__civic-engagement-platform-webby, mbarbine__crafted-virginia-website, mbarbine__desert-bus, mbarbine__dogstar-cybernetics-webby, mbarbine__game-porting-service-webby, mbarbine__hot-chocolate-for-profit-webby, mbarbine__microwave-sticker-webby, mbarbine__multiplayer-puzzle-game, mbarbine__nova-hackers-webby, mbarbine__onboard-platphorm-boilerplate-repo, mbarbine__platphorm-404, mbarbine__platphorm-alleycats, mbarbine__platphorm-ascii, mbarbine__platphorm-auction-vice, mbarbine__platphorm-base, mbarbine__platphorm-bbs, mbarbine__platphorm-cobol, mbarbine__platphorm-codex, mbarbine__platphorm-decks, mbarbine__platphorm-desa, mbarbine__platphorm-design, mbarbine__platphorm-dictionary, mbarbine__platphorm-finance, mbarbine__platphorm-fingerprint-service, mbarbine__platphorm-insights, mbarbine__platphorm-jobs, mbarbine__platphorm-json, mbarbine__platphorm-jules, mbarbine__platphorm-kanban, mbarbine__platphorm-keys, mbarbine__platphorm-layout, mbarbine__platphorm-mcp"
shared-ui,@platphorm/ui,kbd,ui,ui-primitive,68,69,high,ui-primitive classified as ui with reuse potential across 68 repositories and 69 files.,"mbarbine__2025-year-in-review-webby, mbarbine__Joshs-magnets-landing-page, mbarbine__ai-chat-interface-webby, mbarbine__autographed-bibles-webby, mbarbine__automotive-flamethrower-webby, mbarbine__barbineworldwide-2026-metahack, mbarbine__calendar-app-webby, mbarbine__car-service-records, mbarbine__civic-engagement-platform-webby, mbarbine__crafted-virginia-website, mbarbine__desert-bus, mbarbine__dogstar-cybernetics-webby, mbarbine__game-porting-service-webby, mbarbine__hot-chocolate-for-profit-webby, mbarbine__microwave-sticker-webby, mbarbine__multiplayer-puzzle-game, mbarbine__nova-hackers-webby, mbarbine__onboard-platphorm-boilerplate-repo, mbarbine__platphorm-404, mbarbine__platphorm-alleycats, mbarbine__platphorm-ascii, mbarbine__platphorm-auction-vice, mbarbine__platphorm-base, mbarbine__platphorm-bbs, mbarbine__platphorm-cobol, mbarbine__platphorm-codex, mbarbine__platphorm-decks, mbarbine__platphorm-desa, mbarbine__platphorm-design, mbarbine__platphorm-dictionary, mbarbine__platphorm-finance, mbarbine__platphorm-fingerprint-service, mbarbine__platphorm-insights, mbarbine__platphorm-jobs, mbarbine__platphorm-json, mbarbine__platphorm-jules, mbarbine__platphorm-kanban, mbarbine__platphorm-keys, mbarbine__platphorm-layout, mbarbine__platphorm-mcp"
shared-process,@platphorm/process,bolt,process,process-document,63,63,high,process-document classified as process with reuse potential across 63 repositories and 63 files.,"mbarbine__ai-chat-interface-webby, mbarbine__airrow-commuter-balloon, mbarbine__calendar-app-webby, mbarbine__desert-bus, mbarbine__email-reading-service-webby, mbarbine__fashion-sadiepass-WWW, mbarbine__fortune-cookie-webby-yj, mbarbine__game-porting-service-webby, mbarbine__global-anti-globalist-club-webby, mbarbine__gta-6-countdown-webby, mbarbine__ja4-vercel-lab-2, mbarbine__legacy-platphorm-news, mbarbine__nova-hackers-webby, mbarbine__nuclear-power-plant-webby-NPaaS, mbarbine__platphorm-404, mbarbine__platphorm-agentui, mbarbine__platphorm-base, mbarbine__platphorm-browserops, mbarbine__platphorm-business-EmployerServicesIncorporated, mbarbine__platphorm-cobol, mbarbine__platphorm-codex, mbarbine__platphorm-desa, mbarbine__platphorm-dictionary, mbarbine__platphorm-emoji, mbarbine__platphorm-evals, mbarbine__platphorm-insights, mbarbine__platphorm-jobs, mbarbine__platphorm-jules, mbarbine__platphorm-kanban, mbarbine__platphorm-keys, mbarbine__platphorm-layout, mbarbine__platphorm-mcp, mbarbine__platphorm-mini-games-webby, mbarbine__platphorm-monitor, mbarbine__platphorm-newdittyswag-www, mbarbine__platphorm-news-alt-theme, mbarbine__platphorm-onboard, mbarbine__platphorm-openclaw, mbarbine__platphorm-opendocs, mbarbine__platphorm-podcasts"
shared-process,@platphorm/process,palette,process,process-document,60,60,high,process-document classified as process with reuse potential across 60 repositories and 60 files.,"mbarbine__ai-chat-interface-webby, mbarbine__airrow-commuter-balloon, mbarbine__automotive-flamethrower-webby, mbarbine__biocyber-xr-training-nasa-webby-v0, mbarbine__calendar-app-webby, mbarbine__crafted-virginia-website, mbarbine__dogstar-cybernetics-webby, mbarbine__drone-reel-webby, mbarbine__fashion-sadiepass-WWW, mbarbine__fortune-cookie-webby-yj, mbarbine__front-runners-webby, mbarbine__game-porting-service-webby, mbarbine__gta-6-countdown-webby, mbarbine__hot-chocolate-for-profit-webby, mbarbine__ja4-vercel-lab-2, mbarbine__legacy-platphorm-news, mbarbine__mermaid-community-platform, mbarbine__nuclear-power-plant-webby-NPaaS, mbarbine__onboard-platphorm-boilerplate-repo, mbarbine__platphorm-base, mbarbine__platphorm-browserops, mbarbine__platphorm-business-EmployerServicesIncorporated, mbarbine__platphorm-cobol, mbarbine__platphorm-codex, mbarbine__platphorm-decks, mbarbine__platphorm-desa, mbarbine__platphorm-dictionary, mbarbine__platphorm-emoji, mbarbine__platphorm-evals, mbarbine__platphorm-insights, mbarbine__platphorm-jules, mbarbine__platphorm-keys, mbarbine__platphorm-mcp, mbarbine__platphorm-mini-games-webby, mbarbine__platphorm-monitor, mbarbine__platphorm-msi-editor, mbarbine__platphorm-news-alt-theme, mbarbine__platphorm-onboard, mbarbine__platphorm-openclaw, mbarbine__platphorm-opendocs"
shared-frontend,@platphorm/frontend,layout,frontend,layout,59,77,high,layout classified as frontend with reuse potential across 59 repositories and 77 files.,"mbarbine__2025-year-in-review-webby, mbarbine__FlaskFlow-www, mbarbine__Joshs-magnets-landing-page, mbarbine__LogSlash-w6, mbarbine__PH3AR-WEBBY, mbarbine__ai-chat-interface-webby, mbarbine__biocyber-xr-training-nasa-webby-v0, mbarbine__burrito-dealer-www, mbarbine__civic-engagement-platform-webby, mbarbine__crafted-virginia-website, mbarbine__dinoblocks-www, mbarbine__email-reading-service-webby, mbarbine__fortune-cookie-webby, mbarbine__front-runners-webby, mbarbine__gamer, mbarbine__glass-blowing-website, mbarbine__global-anti-globalist-club-webby, mbarbine__ja4-vercel-lab-2, mbarbine__jaydens-therapy-legal-www, mbarbine__jts-hvac-gates-www, mbarbine__legacy-platphorm-news, mbarbine__mailthing-api, mbarbine__mermaid-community-platform, mbarbine__mermaid-next-www, mbarbine__microwave-sticker-webby, mbarbine__microwave-stickers-, mbarbine__multiplayer-puzzle-game, mbarbine__news-api, mbarbine__nova-hackers-webby, mbarbine__ph3ar-admin-dashboard, mbarbine__platphorm-ai-photo-enrichment, mbarbine__platphorm-codex, mbarbine__platphorm-desa, mbarbine__platphorm-layout, mbarbine__platphorm-monitor, mbarbine__platphorm-polymaths, mbarbine__platphorm-portfolio-webby, mbarbine__platphorm-radio-backend, mbarbine__platphorm-real-estate, mbarbine__platphorm-register"
shared-process,@platphorm/process,sentinel,process,process-document,55,55,high,process-document classified as process with reuse potential across 55 repositories and 55 files.,"mbarbine__airrow-commuter-balloon, mbarbine__autographed-bibles-webby, mbarbine__automotive-flamethrower-webby, mbarbine__calendar-app-webby, mbarbine__civic-engagement-platform-webby, mbarbine__desert-bus, mbarbine__drone-reel-webby, mbarbine__email-reading-service-webby, mbarbine__fashion-sadiepass-WWW, mbarbine__fortune-cookie-webby-yj, mbarbine__game-porting-service-webby, mbarbine__gta-6-countdown-webby, mbarbine__hot-chocolate-for-profit-webby, mbarbine__ja4-vercel-lab-2, mbarbine__nuclear-power-plant-webby-NPaaS, mbarbine__onboard-platphorm-boilerplate-repo, mbarbine__platphorm-404, mbarbine__platphorm-agentui, mbarbine__platphorm-ai-photo-enrichment, mbarbine__platphorm-base, mbarbine__platphorm-cobol, mbarbine__platphorm-content-showback-dashboard, mbarbine__platphorm-decks, mbarbine__platphorm-desa, mbarbine__platphorm-dictionary, mbarbine__platphorm-emoji, mbarbine__platphorm-evals, mbarbine__platphorm-insights, mbarbine__platphorm-jobs, mbarbine__platphorm-keys, mbarbine__platphorm-layout, mbarbine__platphorm-mcp, mbarbine__platphorm-monitor, mbarbine__platphorm-onboard, mbarbine__platphorm-openclaw, mbarbine__platphorm-opendocs, mbarbine__platphorm-podcasts, mbarbine__platphorm-politics, mbarbine__platphorm-polymarket-rss-feed, mbarbine__platphorm-quake"
shared-process,@platphorm/process,roadmap,process,roadmap,48,51,high,roadmap classified as process with reuse potential across 48 repositories and 51 files.,"mbarbine__Joshs-magnets-landing-page, mbarbine__autographed-bibles-webby, mbarbine__calendar-app-webby, mbarbine__desert-bus, mbarbine__fashion-sadiepass-WWW, mbarbine__front-runners-webby, mbarbine__gta-6-countdown-webby, mbarbine__ja4mlab, mbarbine__ph3ar-admin-dashboard, mbarbine__platphorm-agentui, mbarbine__platphorm-bbs, mbarbine__platphorm-browserops, mbarbine__platphorm-business-EmployerServicesIncorporated, mbarbine__platphorm-content-showback-dashboard, mbarbine__platphorm-desa, mbarbine__platphorm-design, mbarbine__platphorm-evals, mbarbine__platphorm-insights, mbarbine__platphorm-jobs, mbarbine__platphorm-json, mbarbine__platphorm-kanban, mbarbine__platphorm-layout, mbarbine__platphorm-mcp, mbarbine__platphorm-monitor, mbarbine__platphorm-msi-editor, mbarbine__platphorm-onboard, mbarbine__platphorm-opencontent, mbarbine__platphorm-opendocs, mbarbine__platphorm-politics, mbarbine__platphorm-polymaths, mbarbine__platphorm-quake, mbarbine__platphorm-real-estate, mbarbine__platphorm-real-estate-NAD, mbarbine__platphorm-register, mbarbine__platphorm-shipments, mbarbine__platphorm-spec-workbench, mbarbine__platphorm-stannp-api-wrapper, mbarbine__platphorm-svg-factory, mbarbine__platphorm-trace, mbarbine__platphorm-vercel-atlas"
shared-automation,@platphorm/automation,dockerfile,automation,container-automation,45,60,high,container-automation classified as automation with reuse potential across 45 repositories and 60 files.,"mbarbine__Scripts, mbarbine__aws-lab, mbarbine__aws-next-k8-cluster-deploy, mbarbine__calendar-app-webby, mbarbine__cdf-sanitize, mbarbine__desert-bus, mbarbine__docker-terraform-aws-demo, mbarbine__fortune-cookie-webby-yj, mbarbine__ja4-sidecar, mbarbine__ja4mlab, mbarbine__legacy-platphorm-news, mbarbine__onboard-platphorm-boilerplate-repo, mbarbine__ph3ar-web, mbarbine__platphorm-404, mbarbine__platphorm-bbs, mbarbine__platphorm-cobol, mbarbine__platphorm-desa, mbarbine__platphorm-fingerprint-service, mbarbine__platphorm-insights, mbarbine__platphorm-json, mbarbine__platphorm-jules, mbarbine__platphorm-kanban, mbarbine__platphorm-layout, mbarbine__platphorm-mcp, mbarbine__platphorm-mini-games-webby, mbarbine__platphorm-msi-editor, mbarbine__platphorm-onboard, mbarbine__platphorm-openclaw, mbarbine__platphorm-opencontent, mbarbine__platphorm-opendocs, mbarbine__platphorm-polymaths, mbarbine__platphorm-quake, mbarbine__platphorm-shipments, mbarbine__platphorm-space-news, mbarbine__platphorm-trace, mbarbine__platphorm-usl, mbarbine__platphorm-xml, mbarbine__platphormnews-www-prod, mbarbine__process-clone, mbarbine__wildduck"
shared-frontend,@platphorm/frontend,page,frontend,page,43,99,high,page classified as frontend with reuse potential across 43 repositories and 99 files.,"mbarbine__PH3AR-WEBBY, mbarbine__airrow-commuter-balloon, mbarbine__autographed-bibles-webby, mbarbine__automotive-flamethrower-webby, mbarbine__fashion-sadiepass-WWW, mbarbine__gta-6-countdown-webby, mbarbine__ja4-vercel-lab-2, mbarbine__legacy-platphorm-news, mbarbine__mailthing-main, mbarbine__mermaid-next-www, mbarbine__my-first-nova-hbackers-preseo, mbarbine__news-api, mbarbine__platphorm-agentui, mbarbine__platphorm-alleycats, mbarbine__platphorm-base, mbarbine__platphorm-codex, mbarbine__platphorm-content-showback-dashboard, mbarbine__platphorm-decks, mbarbine__platphorm-evals, mbarbine__platphorm-insights, mbarbine__platphorm-jobs, mbarbine__platphorm-jules, mbarbine__platphorm-layout, mbarbine__platphorm-newdittyswag-www, mbarbine__platphorm-podcasts, mbarbine__platphorm-real-estate, mbarbine__platphorm-real-estate-NAD, mbarbine__platphorm-sandbox, mbarbine__platphorm-space-news, mbarbine__platphorm-spec-workbench, mbarbine__platphorm-stannp-api-wrapper, mbarbine__platphorm-trace, mbarbine__platphorm-webhook-simulator, mbarbine__platphorm-wrestling-webby, mbarbine__platphorm-zine-reader, mbarbine__platphormnews-www-prod, mbarbine__process-clone, mbarbine__robbie-ds-greens-webby, mbarbine__stannp-nextjs-bp, mbarbine__starphone-fork-webby"
shared-automation,@platphorm/automation,vercel,automation,deployment-automation,41,51,high,deployment-automation classified as automation with reuse potential across 41 repositories and 51 files.,"mbarbine__desert-bus, mbarbine__drone-reel-webby, mbarbine__fortune-cookie-webby-yj, mbarbine__front-runners-webby, mbarbine__onboard-platphorm-boilerplate-repo, mbarbine__ph3ar-blog, mbarbine__platphorm-404, mbarbine__platphorm-base, mbarbine__platphorm-bbs, mbarbine__platphorm-browserops, mbarbine__platphorm-cobol, mbarbine__platphorm-codex, mbarbine__platphorm-desa, mbarbine__platphorm-dictionary, mbarbine__platphorm-emoji, mbarbine__platphorm-evals, mbarbine__platphorm-fingerprint-service, mbarbine__platphorm-insights, mbarbine__platphorm-json, mbarbine__platphorm-kanban, mbarbine__platphorm-layout, mbarbine__platphorm-mcp, mbarbine__platphorm-mini-games-webby, mbarbine__platphorm-monitor, mbarbine__platphorm-msi-editor, mbarbine__platphorm-onboard, mbarbine__platphorm-opencontent, mbarbine__platphorm-opendocs, mbarbine__platphorm-podcasts, mbarbine__platphorm-polymarket-rss-feed, mbarbine__platphorm-polymaths, mbarbine__platphorm-shipments, mbarbine__platphorm-space-news, mbarbine__platphorm-spec-workbench, mbarbine__platphorm-stannp-api-wrapper, mbarbine__platphorm-usl, mbarbine__platphorm-vercel-atlas, mbarbine__platphorm-xml, mbarbine__platphormnews-www-prod, mbarbine__vanagain-dot-com-prod"
shared-logic,@platphorm/logic,types,logic,business-logic,38,49,high,business-logic classified as logic with reuse potential across 38 repositories and 49 files.,"mbarbine__calendar-app-webby, mbarbine__car-service-records, mbarbine__game-porting-service-webby, mbarbine__multiplayer-puzzle-game, mbarbine__platphorm-404, mbarbine__platphorm-agentui, mbarbine__platphorm-base, mbarbine__platphorm-bbs, mbarbine__platphorm-codex, mbarbine__platphorm-decks, mbarbine__platphorm-desa, mbarbine__platphorm-design, mbarbine__platphorm-emoji, mbarbine__platphorm-fingerprint-service, mbarbine__platphorm-insights, mbarbine__platphorm-json, mbarbine__platphorm-jules, mbarbine__platphorm-keys, mbarbine__platphorm-layout, mbarbine__platphorm-mcp, mbarbine__platphorm-monitor, mbarbine__platphorm-newdittyswag-www, mbarbine__platphorm-news-alt-theme, mbarbine__platphorm-onboard, mbarbine__platphorm-openclaw, mbarbine__platphorm-podcasts, mbarbine__platphorm-quake, mbarbine__platphorm-radio-backend, mbarbine__platphorm-real-estate-property-evaluation, mbarbine__platphorm-register, mbarbine__platphorm-sandbox, mbarbine__platphorm-sheets, mbarbine__platphorm-space-news, mbarbine__platphorm-trace, mbarbine__process-clone, mbarbine__stannp-gpt-5-test, mbarbine__www-demo-biofeedback-app-development, ph3ar__radio-backend"
shared-logic,@platphorm/logic,auth,logic,business-logic,34,39,high,business-logic classified as logic with reuse potential across 34 repositories and 39 files.,"mbarbine__autographed-bibles-webby, mbarbine__calendar-app-webby, mbarbine__car-service-records, mbarbine__desert-bus, mbarbine__fortune-cookie-webby-yj, mbarbine__platphorm-404, mbarbine__platphorm-bbs, mbarbine__platphorm-browserops, mbarbine__platphorm-cobol, mbarbine__platphorm-codex, mbarbine__platphorm-content-showback-dashboard, mbarbine__platphorm-desa, mbarbine__platphorm-evals, mbarbine__platphorm-fingerprint-service, mbarbine__platphorm-insights, mbarbine__platphorm-json, mbarbine__platphorm-layout, mbarbine__platphorm-mcp, mbarbine__platphorm-mini-games-webby, mbarbine__platphorm-monitor, mbarbine__platphorm-msi-editor, mbarbine__platphorm-openclaw, mbarbine__platphorm-podcasts, mbarbine__platphorm-polymaths, mbarbine__platphorm-quake, mbarbine__platphorm-register, mbarbine__platphorm-sheets, mbarbine__platphorm-space-news, mbarbine__platphorm-stannp-api-wrapper, mbarbine__platphorm-usl, mbarbine__platphorm-webhook-simulator, mbarbine__platphorm-xml, mbarbine__process-clone, ph3ar__mailthing-webby"
shared-frontend,@platphorm/frontend,footer,frontend,feature-ui,32,33,high,feature-ui classified as frontend with reuse potential across 32 repositories and 33 files.,"mbarbine__FlaskFlow-www, mbarbine__Joshs-magnets-landing-page, mbarbine__LogSlash-w6, mbarbine__PH3AR-WEBBY, mbarbine__airrow-commuter-balloon, mbarbine__automotive-flamethrower-webby, mbarbine__dogstar-cybernetics-webby, mbarbine__email-reading-service-webby, mbarbine__fashion-sadiepass-WWW, mbarbine__front-runners-webby, mbarbine__glass-blowing-website, mbarbine__global-anti-globalist-club-webby, mbarbine__jaydens-therapy-legal-www, mbarbine__legacy-platphorm-news, mbarbine__nuclear-power-plant-webby-NPaaS, mbarbine__platphorm-agentui, mbarbine__platphorm-bbs, mbarbine__platphorm-desa, mbarbine__platphorm-fingerprint-service, mbarbine__platphorm-json, mbarbine__platphorm-newdittyswag-www, mbarbine__platphorm-onboard, mbarbine__platphorm-portfolio-webby, mbarbine__platphorm-quake, mbarbine__platphorm-real-estate-property-evaluation, mbarbine__platphorm-register, mbarbine__platphorm-space-news, mbarbine__platphorm-vercel-atlas, mbarbine__platphorm-webhook-simulator, mbarbine__platphormnews-www-prod, mbarbine__scratchcraft, mbarbine__spectrum-canine-www"
shared-process,@platphorm/process,llms,process,process-document,30,33,high,process-document classified as process with reuse potential across 30 repositories and 33 files.,"mbarbine__PH3AR-WEBBY, mbarbine__airrow-commuter-balloon, mbarbine__automotive-flamethrower-webby, mbarbine__car-service-records, mbarbine__fashion-sadiepass-WWW, mbarbine__front-runners-webby, mbarbine__game-porting-service-webby, mbarbine__hot-chocolate-for-profit-webby, mbarbine__ph3ar-admin-dashboard, mbarbine__ph3ar-blog, mbarbine__platphorm-content-showback-dashboard, mbarbine__platphorm-decks, mbarbine__platphorm-finance, mbarbine__platphorm-politics, mbarbine__platphorm-reader, mbarbine__platphorm-real-estate, mbarbine__platphorm-real-estate-property-evaluation, mbarbine__platphorm-redteam-arma-landing, mbarbine__platphorm-signs, mbarbine__platphorm-wrestling-webby, mbarbine__robbie-ds-greens-webby, mbarbine__robot-clothing-marketplace, mbarbine__starphone-fork-webby, mbarbine__starphone-web-svelte, mbarbine__stripper-mug-webby, mbarbine__threatrelay-webby, mbarbine__two-doller-web, mbarbine__vanagain-dot-com-prod, ph3ar__platphorm-admin-dashboard, ph3ar__stripe-subscription-starter"
shared-frontend,@platphorm/frontend,robots,frontend,frontend-feature,29,29,high,frontend-feature classified as frontend with reuse potential across 29 repositories and 29 files.,"mbarbine__airrow-commuter-balloon, mbarbine__autographed-bibles-webby, mbarbine__game-porting-service-webby, mbarbine__gta-6-countdown-webby, mbarbine__microwave-stickers-, mbarbine__ph3ar-admin-dashboard, mbarbine__platphorm-alleycats, mbarbine__platphorm-base, mbarbine__platphorm-cobol, mbarbine__platphorm-content-showback-dashboard, mbarbine__platphorm-desa, mbarbine__platphorm-quake, mbarbine__platphorm-radio-backend, mbarbine__platphorm-real-estate, mbarbine__platphorm-register, mbarbine__platphorm-vercel-atlas, mbarbine__platphorm-wrestling-webby, mbarbine__platphorm-xml, mbarbine__platphorm-zine-reader, mbarbine__robbie-ds-greens-webby, mbarbine__robot-clothing-marketplace, mbarbine__scratchcraft, mbarbine__spectrum-canine-www, mbarbine__stripper-mug-webby, mbarbine__threatrelay-webby, mbarbine__two-doller-web, mbarbine__vanagon-website, mbarbine__vanlife-website, ph3ar__platphorm-admin-dashboard"
shared-process,@platphorm/process,robots,process,process-document,28,32,high,process-document classified as process with reuse potential across 28 repositories and 32 files.,"mbarbine__PH3AR-WEBBY, mbarbine__Scripts, mbarbine__automotive-flamethrower-webby, mbarbine__beer-museum-manager-www, mbarbine__fashion-sadiepass-WWW, mbarbine__front-runners-webby, mbarbine__global-anti-globalist-club-webby, mbarbine__hot-chocolate-for-profit-webby, mbarbine__instant-snap-postcard, mbarbine__legacy-platphorm-news, mbarbine__news-api, mbarbine__ph3ar-blog, mbarbine__platphorm-content-showback-dashboard, mbarbine__platphorm-decks, mbarbine__platphorm-finance, mbarbine__platphorm-politics, mbarbine__platphorm-polymaths, mbarbine__platphorm-reader, mbarbine__platphorm-real-estate-property-evaluation, mbarbine__platphorm-redteam-arma-landing, mbarbine__platphorm-signs, mbarbine__platphorm-trace, mbarbine__starphone-web-svelte, mbarbine__two-doller-web, mbarbine__vanagain-dot-com-prod, mbarbine__vanagain-site, ph3ar__mailthing-webby, ph3ar__ph3ar_radio_backend"
shared-logic,@platphorm/logic,trace,logic,business-logic,27,30,high,business-logic classified as logic with reuse potential across 27 repositories and 30 files.,"mbarbine__calendar-app-webby, mbarbine__desert-bus, mbarbine__fortune-cookie-webby-yj, mbarbine__platphorm-404, mbarbine__platphorm-ascii, mbarbine__platphorm-bbs, mbarbine__platphorm-browserops, mbarbine__platphorm-cobol, mbarbine__platphorm-codex, mbarbine__platphorm-desa, mbarbine__platphorm-fingerprint-service, mbarbine__platphorm-json, mbarbine__platphorm-layout, mbarbine__platphorm-mini-games-webby, mbarbine__platphorm-monitor, mbarbine__platphorm-msi-editor, mbarbine__platphorm-onboard, mbarbine__platphorm-openclaw, mbarbine__platphorm-opencontent, mbarbine__platphorm-opendocs, mbarbine__platphorm-podcasts, mbarbine__platphorm-polymarket-rss-feed, mbarbine__platphorm-polymaths, mbarbine__platphorm-sheets, mbarbine__platphorm-space-news, mbarbine__platphorm-vercel-atlas, mbarbine__platphorm-xml"
shared-frontend,@platphorm/frontend,sitemap,frontend,frontend-feature,27,27,high,frontend-feature classified as frontend with reuse potential across 27 repositories and 27 files.,"mbarbine__airrow-commuter-balloon, mbarbine__automotive-flamethrower-webby, mbarbine__game-porting-service-webby, mbarbine__global-anti-globalist-club-webby, mbarbine__microwave-stickers-, mbarbine__ph3ar-admin-dashboard, mbarbine__platphorm-alleycats, mbarbine__platphorm-content-showback-dashboard, mbarbine__platphorm-decks, mbarbine__platphorm-jobs, mbarbine__platphorm-radio-backend, mbarbine__platphorm-reader, mbarbine__platphorm-real-estate, mbarbine__platphorm-register, mbarbine__platphorm-signs, mbarbine__platphorm-zine-reader, mbarbine__robbie-ds-greens-webby, mbarbine__robot-clothing-marketplace, mbarbine__scratchcraft, mbarbine__spectrum-canine-www, mbarbine__starphone-web-svelte, mbarbine__stripper-mug-webby, mbarbine__threatrelay-webby, mbarbine__two-doller-web, mbarbine__vanagon-website, mbarbine__vanlife-website, ph3ar__platphorm-admin-dashboard"
shared-discovery,@platphorm/discovery,manifest,discovery,discovery-artifact,26,26,high,discovery-artifact classified as discovery with reuse potential across 26 repositories and 26 files.,"mbarbine__airrow-commuter-balloon, mbarbine__beer-museum-manager-www, mbarbine__car-service-records, mbarbine__gta-6-countdown-webby, mbarbine__microwave-stickers-, mbarbine__multiplayer-puzzle-game, mbarbine__onboard-platphorm-boilerplate-repo, mbarbine__platphorm-ascii, mbarbine__platphorm-decks, mbarbine__platphorm-jobs, mbarbine__platphorm-json, mbarbine__platphorm-jules, mbarbine__platphorm-mini-games-webby, mbarbine__platphorm-msi-editor, mbarbine__platphorm-opencontent, mbarbine__platphorm-opendocs, mbarbine__platphorm-podcasts, mbarbine__platphorm-quake, mbarbine__platphorm-reader, mbarbine__platphorm-sheets, mbarbine__platphorm-signs, mbarbine__platphorm-usl, mbarbine__platphorm-xml, mbarbine__stripper-mug-webby, mbarbine__two-doller-web, mbarbine__vanagon-website"
shared-process,@platphorm/process,security,process,process-document,25,28,high,process-document classified as process with reuse potential across 25 repositories and 28 files.,"mbarbine__aws-lab, mbarbine__beer-museum-manager-www, mbarbine__hot-chocolate-for-profit-webby, mbarbine__onboard-platphorm-boilerplate-repo, mbarbine__ph3ar-blog, mbarbine__platphorm-bbs, mbarbine__platphorm-content-showback-dashboard, mbarbine__platphorm-decks, mbarbine__platphorm-insights, mbarbine__platphorm-kanban, mbarbine__platphorm-mcp, mbarbine__platphorm-monitor, mbarbine__platphorm-onboard, mbarbine__platphorm-opencontent, mbarbine__platphorm-opendocs, mbarbine__platphorm-politics, mbarbine__platphorm-polymarket-rss-feed, mbarbine__platphorm-polymaths, mbarbine__platphorm-redteam-arma-landing, mbarbine__platphormnews-www-prod, mbarbine__threatrelay-webby, mbarbine__two-doller-web, mbarbine__vanagain-dot-com-prod, ph3ar__hope-auto-checkin, ph3ar__js_mongo_app_boilerplate"
shared-logic,@platphorm/logic,server,logic,business-logic,25,26,high,business-logic classified as logic with reuse potential across 25 repositories and 26 files.,"mbarbine__autographed-bibles-webby, mbarbine__beer-museum-manager-www, mbarbine__civic-engagement-platform-webby, mbarbine__game-porting-service-webby, mbarbine__hot-chocolate-for-profit-webby, mbarbine__mermaid-community-platform, mbarbine__nextjs-ai-4, mbarbine__ph3ar-chatbot, mbarbine__platphorm-agentui, mbarbine__platphorm-ai-photo-enrichment, mbarbine__platphorm-auction-vice, mbarbine__platphorm-bbs, mbarbine__platphorm-browserops, mbarbine__platphorm-codex, mbarbine__platphorm-evals, mbarbine__platphorm-fingerprint-service, mbarbine__platphorm-mcp, mbarbine__platphorm-news-alt-theme, mbarbine__platphorm-openclaw, mbarbine__platphorm-podcasts, mbarbine__platphorm-politics, mbarbine__platphorm-quake, mbarbine__platphorm-real-estate, mbarbine__platphorm-sandbox, mbarbine__robot-clothing-marketplace"
shared-backend,@platphorm/backend,health,backend,api-route,25,25,high,api-route classified as backend with reuse potential across 25 repositories and 25 files.,"mbarbine__PH3AR-WEBBY, mbarbine__ai-chat-interface-webby, mbarbine__barbineworldwide-2026-metahack, mbarbine__calendar-app-webby, mbarbine__car-service-records, mbarbine__onboard-platphorm-boilerplate-repo, mbarbine__platphorm-agentui, mbarbine__platphorm-auction-vice, mbarbine__platphorm-base, mbarbine__platphorm-content-showback-dashboard, mbarbine__platphorm-design, mbarbine__platphorm-insights, mbarbine__platphorm-jobs, mbarbine__platphorm-kanban, mbarbine__platphorm-openclaw, mbarbine__platphorm-opencontent, mbarbine__platphorm-opendocs, mbarbine__platphorm-polymaths, mbarbine__platphorm-quake, mbarbine__platphorm-radio-backend, mbarbine__platphorm-reader, mbarbine__platphorm-shipments, mbarbine__platphorm-space-news, mbarbine__platphorm-spec-workbench, mbarbine__platphorm-stannp-api-wrapper"
shared-process,@platphorm/process,license,process,process-document,24,48,high,process-document classified as process with reuse potential across 24 repositories and 48 files.,"mbarbine__Scripts, mbarbine__automotive-flamethrower-webby, mbarbine__onboard-platphorm-boilerplate-repo, mbarbine__ph3ar-admin-dashboard, mbarbine__platphorm-cobol, mbarbine__platphorm-codex, mbarbine__platphorm-decks, mbarbine__platphorm-desa, mbarbine__platphorm-emoji, mbarbine__platphorm-jules, mbarbine__platphorm-kanban, mbarbine__platphorm-layout, mbarbine__platphorm-mcp, mbarbine__platphorm-opencontent, mbarbine__platphorm-opendocs, mbarbine__platphorm-polymarket-rss-feed, mbarbine__platphorm-quake, mbarbine__platphorm-reader, mbarbine__platphorm-trace, mbarbine__platphorm-usl, mbarbine__vanagain-site, mbarbine__xsociety, ph3ar__newdittyswag-commerce, ph3ar__platphorm-admin-dashboard"
shared-logic,@platphorm/logic,index,logic,business-logic,24,44,high,business-logic classified as logic with reuse potential across 24 repositories and 44 files.,"mbarbine__platphorm-auction-vice, mbarbine__platphorm-base, mbarbine__platphorm-bbs, mbarbine__platphorm-codex, mbarbine__platphorm-decks, mbarbine__platphorm-desa, mbarbine__platphorm-design, mbarbine__platphorm-evals, mbarbine__platphorm-insights, mbarbine__platphorm-layout, mbarbine__platphorm-mcp, mbarbine__platphorm-openclaw, mbarbine__platphorm-opencontent, mbarbine__platphorm-podcasts, mbarbine__platphorm-quake, mbarbine__platphorm-reader, mbarbine__platphorm-sandbox, mbarbine__platphorm-shipments, mbarbine__platphorm-signs, mbarbine__platphorm-spec-workbench, mbarbine__platphorm-trace, mbarbine__platphormnews-www-prod, mbarbine__robot-clothing-marketplace, mbarbine__vanagain-dot-com-prod"
shared-process,@platphorm/process,contributing,process,process-document,23,36,high,process-document classified as process with reuse potential across 23 repositories and 36 files.,"mbarbine__Scripts, mbarbine__desert-bus, mbarbine__lettuce, mbarbine__msicrafter, mbarbine__onboard-platphorm-boilerplate-repo, mbarbine__platphorm-alleycats, mbarbine__platphorm-bbs, mbarbine__platphorm-dictionary, mbarbine__platphorm-insights, mbarbine__platphorm-onboard, mbarbine__platphorm-openclaw, mbarbine__platphorm-opencontent, mbarbine__platphorm-opendocs, mbarbine__platphorm-polymarket-rss-feed, mbarbine__platphorm-polymaths, mbarbine__platphorm-reader, mbarbine__platphorm-real-estate-property-evaluation, mbarbine__platphorm-spec-workbench, mbarbine__platphorm-trace, mbarbine__platphorm-zine-reader, mbarbine__platphormnews-www-prod, mbarbine__threatrelay-webby, mbarbine__xsociety"
shared-logic,@platphorm/logic,i18n,logic,business-logic,23,31,high,business-logic classified as logic with reuse potential across 23 repositories and 31 files.,"mbarbine__barbineworldwide-2026-metahack, mbarbine__drone-reel-webby, mbarbine__onboard-platphorm-boilerplate-repo, mbarbine__ph3ar-blog, mbarbine__platphorm-agentui, mbarbine__platphorm-cobol, mbarbine__platphorm-dictionary, mbarbine__platphorm-emoji, mbarbine__platphorm-insights, mbarbine__platphorm-jules, mbarbine__platphorm-opencontent, mbarbine__platphorm-opendocs, mbarbine__platphorm-podcasts, mbarbine__platphorm-polymarket-rss-feed, mbarbine__platphorm-radio-backend, mbarbine__platphorm-shipments, mbarbine__platphorm-trace, mbarbine__platphorm-webhook-simulator, mbarbine__platphorm-xml, mbarbine__platphormnews-www-prod, mbarbine__reflux-site-webby, mbarbine__threatrelay-webby, mbarbine__vanlife-website"
shared-backend,@platphorm/backend,middleware,backend,middleware,23,26,high,middleware classified as backend with reuse potential across 23 repositories and 26 files.,"mbarbine__airrow-commuter-balloon, mbarbine__calendar-app-webby, mbarbine__nuclear-power-plant-webby-NPaaS, mbarbine__platphorm-base, mbarbine__platphorm-content-showback-dashboard, mbarbine__platphorm-decks, mbarbine__platphorm-dictionary, mbarbine__platphorm-jobs, mbarbine__platphorm-jules, mbarbine__platphorm-opencontent, mbarbine__platphorm-opendocs, mbarbine__platphorm-radio-backend, mbarbine__platphorm-real-estate-NAD, mbarbine__platphorm-real-estate-property-evaluation, mbarbine__platphorm-shipments, mbarbine__platphorm-spec-workbench, mbarbine__platphorm-trace, mbarbine__process-clone, mbarbine__robbie-ds-greens-webby, mbarbine__robot-clothing-marketplace, mbarbine__stannp-gpt-5-test, mbarbine__starphone-web-svelte, ph3ar__js_mongo_app_boilerplate"
shared-frontend,@platphorm/frontend,breadcrumbs,frontend,feature-ui,23,25,high,feature-ui classified as frontend with reuse potential across 23 repositories and 25 files.,"mbarbine__ai-chat-interface-webby, mbarbine__autographed-bibles-webby, mbarbine__drone-reel-webby, mbarbine__front-runners-webby, mbarbine__platphorm-ascii, mbarbine__platphorm-cobol, mbarbine__platphorm-content-showback-dashboard, mbarbine__platphorm-dictionary, mbarbine__platphorm-fingerprint-service, mbarbine__platphorm-json, mbarbine__platphorm-jules, mbarbine__platphorm-mini-games-webby, mbarbine__platphorm-monitor, mbarbine__platphorm-podcasts, mbarbine__platphorm-register, mbarbine__platphorm-stannp-api-wrapper, mbarbine__platphorm-svg-factory, mbarbine__platphorm-usl, mbarbine__platphorm-xml, mbarbine__reflux-site-webby, mbarbine__robbie-ds-greens-webby, mbarbine__starphone-fork-webby, mbarbine__stripper-mug-webby"
shared-logic,@platphorm/logic,discovery,logic,business-logic,22,28,high,business-logic classified as logic with reuse potential across 22 repositories and 28 files.,"mbarbine__platphorm-404, mbarbine__platphorm-base, mbarbine__platphorm-bbs, mbarbine__platphorm-cobol, mbarbine__platphorm-codex, mbarbine__platphorm-desa, mbarbine__platphorm-design, mbarbine__platphorm-emoji, mbarbine__platphorm-insights, mbarbine__platphorm-jobs, mbarbine__platphorm-json, mbarbine__platphorm-layout, mbarbine__platphorm-mini-games-webby, mbarbine__platphorm-openclaw, mbarbine__platphorm-podcasts, mbarbine__platphorm-sheets, mbarbine__platphorm-space-news, mbarbine__platphorm-spec-workbench, mbarbine__platphorm-svg-factory, mbarbine__platphorm-usl, mbarbine__platphorm-vercel-atlas, mbarbine__platphorm-xml"
shared-process,@platphorm/process,humans,process,process-document,21,21,high,process-document classified as process with reuse potential across 21 repositories and 21 files.,"mbarbine__automotive-flamethrower-webby, mbarbine__email-reading-service-webby, mbarbine__fashion-sadiepass-WWW, mbarbine__front-runners-webby, mbarbine__hot-chocolate-for-profit-webby, mbarbine__onboard-platphorm-boilerplate-repo, mbarbine__ph3ar-blog, mbarbine__platphorm-codex, mbarbine__platphorm-content-showback-dashboard, mbarbine__platphorm-decks, mbarbine__platphorm-desa, mbarbine__platphorm-insights, mbarbine__platphorm-msi-editor, mbarbine__platphorm-onboard, mbarbine__platphorm-opencontent, mbarbine__platphorm-opendocs, mbarbine__platphorm-real-estate-property-evaluation, mbarbine__platphorm-redteam-arma-landing, mbarbine__platphorm-vercel-atlas, mbarbine__platphormnews-www-prod, mbarbine__robbie-ds-greens-webby"
shared-frontend,@platphorm/frontend,manifest,frontend,frontend-feature,21,21,high,frontend-feature classified as frontend with reuse potential across 21 repositories and 21 files.,"mbarbine__fortune-cookie-webby-yj, mbarbine__game-porting-service-webby, mbarbine__ph3ar-admin-dashboard, mbarbine__platphorm-alleycats, mbarbine__platphorm-base, mbarbine__platphorm-bbs, mbarbine__platphorm-cobol, mbarbine__platphorm-desa, mbarbine__platphorm-design, mbarbine__platphorm-dictionary, mbarbine__platphorm-emoji, mbarbine__platphorm-fingerprint-service, mbarbine__platphorm-insights, mbarbine__platphorm-mcp, mbarbine__platphorm-monitor, mbarbine__platphorm-openclaw, mbarbine__platphorm-register, mbarbine__platphorm-trace, mbarbine__platphorm-wrestling-webby, mbarbine__threatrelay-webby, mbarbine__vanlife-website"
shared-process,@platphorm/process,llms-full,process,process-document,20,21,high,process-document classified as process with reuse potential across 20 repositories and 21 files.,"mbarbine__PH3AR-WEBBY, mbarbine__airrow-commuter-balloon, mbarbine__automotive-flamethrower-webby, mbarbine__car-service-records, mbarbine__fashion-sadiepass-WWW, mbarbine__hot-chocolate-for-profit-webby, mbarbine__ph3ar-admin-dashboard, mbarbine__ph3ar-blog, mbarbine__platphorm-content-showback-dashboard, mbarbine__platphorm-decks, mbarbine__platphorm-finance, mbarbine__platphorm-reader, mbarbine__platphorm-real-estate-property-evaluation, mbarbine__platphorm-redteam-arma-landing, mbarbine__platphorm-signs, mbarbine__platphorm-trace, mbarbine__starphone-web-svelte, mbarbine__threatrelay-webby, mbarbine__two-doller-web, mbarbine__vanagain-dot-com-prod"
shared-logic,@platphorm/logic,logger,logic,business-logic,19,28,high,business-logic classified as logic with reuse potential across 19 repositories and 28 files.,"mbarbine__calendar-app-webby, mbarbine__desert-bus, mbarbine__drone-reel-webby, mbarbine__onboard-platphorm-boilerplate-repo, mbarbine__platphorm-insights, mbarbine__platphorm-kanban, mbarbine__platphorm-keys, mbarbine__platphorm-monitor, mbarbine__platphorm-onboard, mbarbine__platphorm-opencontent, mbarbine__platphorm-opendocs, mbarbine__platphorm-podcasts, mbarbine__platphorm-polymarket-rss-feed, mbarbine__platphorm-reader, mbarbine__platphorm-shipments, mbarbine__platphorm-spec-workbench, mbarbine__platphorm-vercel-atlas, mbarbine__vanagain-dot-com-prod, ph3ar__mailthing-webby"
shared-logic,@platphorm/logic,fingerprint,logic,business-logic,19,26,high,business-logic classified as logic with reuse potential across 19 repositories and 26 files.,"mbarbine__drone-reel-webby, mbarbine__ja4-sidecar, mbarbine__onboard-platphorm-boilerplate-repo, mbarbine__platphorm-agentui, mbarbine__platphorm-auction-vice, mbarbine__platphorm-bbs, mbarbine__platphorm-browserops, mbarbine__platphorm-evals, mbarbine__platphorm-insights, mbarbine__platphorm-layout, mbarbine__platphorm-onboard, mbarbine__platphorm-opencontent, mbarbine__platphorm-opendocs, mbarbine__platphorm-podcasts, mbarbine__platphorm-real-estate-NAD, mbarbine__platphorm-shipments, mbarbine__platphorm-spec-workbench, mbarbine__platphorm-trace, mbarbine__platphorm-webhook-simulator"
shared-process,@platphorm/process,license-faq,process,process-document,19,19,high,process-document classified as process with reuse potential across 19 repositories and 19 files.,"mbarbine__automotive-flamethrower-webby, mbarbine__onboard-platphorm-boilerplate-repo, mbarbine__platphorm-cobol, mbarbine__platphorm-codex, mbarbine__platphorm-decks, mbarbine__platphorm-desa, mbarbine__platphorm-emoji, mbarbine__platphorm-jules, mbarbine__platphorm-kanban, mbarbine__platphorm-layout, mbarbine__platphorm-mcp, mbarbine__platphorm-onboard, mbarbine__platphorm-opencontent, mbarbine__platphorm-opendocs, mbarbine__platphorm-polymarket-rss-feed, mbarbine__platphorm-quake, mbarbine__platphorm-reader, mbarbine__platphorm-trace, mbarbine__platphorm-usl"
shared-logic,@platphorm/logic,realm-schema,logic,schema-validation,19,19,high,schema-validation classified as logic with reuse potential across 19 repositories and 19 files.,"mbarbine__fashion-sadiepass-WWW, mbarbine__platphorm-404, mbarbine__platphorm-ascii, mbarbine__platphorm-dictionary, mbarbine__platphorm-evals, mbarbine__platphorm-finance, mbarbine__platphorm-json, mbarbine__platphorm-openclaw, mbarbine__platphorm-opencontent, mbarbine__platphorm-opendocs, mbarbine__platphorm-podcasts, mbarbine__platphorm-radio-backend, mbarbine__platphorm-register, mbarbine__platphorm-sheets, mbarbine__platphorm-svg-factory, mbarbine__platphorm-trace, mbarbine__platphorm-webhook-simulator, mbarbine__platphormnews-www-prod, mbarbine__starphone-web-svelte"
shared-logic,@platphorm/logic,item-schema,logic,schema-validation,19,19,high,schema-validation classified as logic with reuse potential across 19 repositories and 19 files.,"mbarbine__fashion-sadiepass-WWW, mbarbine__platphorm-404, mbarbine__platphorm-ascii, mbarbine__platphorm-dictionary, mbarbine__platphorm-evals, mbarbine__platphorm-finance, mbarbine__platphorm-json, mbarbine__platphorm-openclaw, mbarbine__platphorm-opencontent, mbarbine__platphorm-opendocs, mbarbine__platphorm-podcasts, mbarbine__platphorm-radio-backend, mbarbine__platphorm-register, mbarbine__platphorm-sheets, mbarbine__platphorm-svg-factory, mbarbine__platphorm-trace, mbarbine__platphorm-webhook-simulator, mbarbine__platphormnews-www-prod, mbarbine__starphone-web-svelte"
shared-logic,@platphorm/logic,core-schema,logic,schema-validation,19,19,high,schema-validation classified as logic with reuse potential across 19 repositories and 19 files.,"mbarbine__fashion-sadiepass-WWW, mbarbine__platphorm-404, mbarbine__platphorm-ascii, mbarbine__platphorm-dictionary, mbarbine__platphorm-evals, mbarbine__platphorm-finance, mbarbine__platphorm-json, mbarbine__platphorm-openclaw, mbarbine__platphorm-opencontent, mbarbine__platphorm-opendocs, mbarbine__platphorm-podcasts, mbarbine__platphorm-radio-backend, mbarbine__platphorm-register, mbarbine__platphorm-sheets, mbarbine__platphorm-svg-factory, mbarbine__platphorm-trace, mbarbine__platphorm-webhook-simulator, mbarbine__platphormnews-www-prod, mbarbine__starphone-web-svelte"
shared-logic,@platphorm/logic,openapi,logic,business-logic,18,20,high,business-logic classified as logic with reuse potential across 18 repositories and 20 files.,"mbarbine__desert-bus, mbarbine__drone-reel-webby, mbarbine__fashion-sadiepass-WWW, mbarbine__platphorm-ascii, mbarbine__platphorm-browserops, mbarbine__platphorm-desa, mbarbine__platphorm-dictionary, mbarbine__platphorm-evals, mbarbine__platphorm-fingerprint-service, mbarbine__platphorm-json, mbarbine__platphorm-layout, mbarbine__platphorm-mini-games-webby, mbarbine__platphorm-polymaths, mbarbine__platphorm-sheets, mbarbine__platphorm-shipments, mbarbine__platphorm-vercel-atlas, mbarbine__platphorm-webhook-simulator, mbarbine__platphorm-xml"
shared-process,@platphorm/process,license-permissive,process,process-document,18,18,high,process-document classified as process with reuse potential across 18 repositories and 18 files.,"mbarbine__automotive-flamethrower-webby, mbarbine__onboard-platphorm-boilerplate-repo, mbarbine__platphorm-cobol, mbarbine__platphorm-codex, mbarbine__platphorm-decks, mbarbine__platphorm-desa, mbarbine__platphorm-emoji, mbarbine__platphorm-jules, mbarbine__platphorm-kanban, mbarbine__platphorm-layout, mbarbine__platphorm-mcp, mbarbine__platphorm-opencontent, mbarbine__platphorm-opendocs, mbarbine__platphorm-polymarket-rss-feed, mbarbine__platphorm-quake, mbarbine__platphorm-reader, mbarbine__platphorm-trace, mbarbine__platphorm-usl"
shared-process,@platphorm/process,architecture,process,process-document,18,18,high,process-document classified as process with reuse potential across 18 repositories and 18 files.,"mbarbine__calendar-app-webby, mbarbine__ja4mlab, mbarbine__onboard-platphorm-boilerplate-repo, mbarbine__platphorm-agentui, mbarbine__platphorm-bbs, mbarbine__platphorm-browserops, mbarbine__platphorm-content-showback-dashboard, mbarbine__platphorm-desa, mbarbine__platphorm-design, mbarbine__platphorm-evals, mbarbine__platphorm-mcp, mbarbine__platphorm-onboard, mbarbine__platphorm-opencontent, mbarbine__platphorm-opendocs, mbarbine__platphorm-polymarket-rss-feed, mbarbine__platphorm-polymaths, mbarbine__platphorm-reader, mbarbine__platphorm-spec-workbench"
shared-logic,@platphorm/logic,observability-schema,logic,schema-validation,18,18,high,schema-validation classified as logic with reuse potential across 18 repositories and 18 files.,"mbarbine__fashion-sadiepass-WWW, mbarbine__platphorm-404, mbarbine__platphorm-ascii, mbarbine__platphorm-dictionary, mbarbine__platphorm-evals, mbarbine__platphorm-finance, mbarbine__platphorm-json, mbarbine__platphorm-openclaw, mbarbine__platphorm-opencontent, mbarbine__platphorm-opendocs, mbarbine__platphorm-podcasts, mbarbine__platphorm-register, mbarbine__platphorm-sheets, mbarbine__platphorm-svg-factory, mbarbine__platphorm-trace, mbarbine__platphorm-webhook-simulator, mbarbine__platphormnews-www-prod, mbarbine__starphone-web-svelte"
shared-logic,@platphorm/logic,config,logic,business-logic,17,21,high,business-logic classified as logic with reuse potential across 17 repositories and 21 files.,"mbarbine__Scripts, mbarbine__autographed-bibles-webby, mbarbine__hot-chocolate-for-profit-webby, mbarbine__nextjs-ai-4, mbarbine__nextjs-ai-chatbot, mbarbine__ph3ar-chatbot, mbarbine__platphorm-auction-vice, mbarbine__platphorm-bbs, mbarbine__platphorm-design, mbarbine__platphorm-emoji, mbarbine__platphorm-insights, mbarbine__platphorm-onboard, mbarbine__platphorm-openclaw, mbarbine__platphorm-polymaths, mbarbine__platphorm-signs, mbarbine__platphorm-svg-factory, mbarbine__platphorm-vercel-atlas"
shared-frontend,@platphorm/frontend,use-mobile,frontend,ui-hook,17,19,high,ui-hook classified as frontend with reuse potential across 17 repositories and 19 files.,"mbarbine__drone-reel-webby, mbarbine__fortune-cookie-webby, mbarbine__fortune-cookie-webby-yj, mbarbine__instant-snap-postcard, mbarbine__microwave-stickers-, mbarbine__nextjs-ai-4, mbarbine__nextjs-ai-chatbot, mbarbine__ph3ar-chatbot, mbarbine__platphorm-design, mbarbine__platphorm-emoji, mbarbine__platphorm-jules, mbarbine__platphorm-kanban, mbarbine__process-clone, mbarbine__robbie-ds-greens-webby, mbarbine__scratchcraft, mbarbine__spectrum-canine-www, mbarbine__vanagain-2025"
shared-observability,@platphorm/observability,manifest,observability,observability-module,17,18,high,observability-module classified as observability with reuse potential across 17 repositories and 18 files.,"mbarbine__barbineworldwide-2026-metahack, mbarbine__dogstar-cybernetics-webby, mbarbine__drone-reel-webby, mbarbine__fashion-sadiepass-WWW, mbarbine__front-runners-webby, mbarbine__hot-chocolate-for-profit-webby, mbarbine__ja4mlab, mbarbine__ph3ar-blog, mbarbine__platphorm-polymaths, mbarbine__platphorm-portfolio-webby, mbarbine__platphorm-shipments, mbarbine__platphorm-space-news, mbarbine__platphorm-vercel-atlas, mbarbine__starphone-web-svelte, mbarbine__vanagain-dot-com-prod, mbarbine__vanagain-site, ph3ar__ph3ar_radio_backend"
shared-ai,@platphorm/ai,agent-schema,ai,agent,17,17,high,agent classified as ai with reuse potential across 17 repositories and 17 files.,"mbarbine__fashion-sadiepass-WWW, mbarbine__platphorm-404, mbarbine__platphorm-ascii, mbarbine__platphorm-dictionary, mbarbine__platphorm-evals, mbarbine__platphorm-finance, mbarbine__platphorm-json, mbarbine__platphorm-openclaw, mbarbine__platphorm-opencontent, mbarbine__platphorm-opendocs, mbarbine__platphorm-podcasts, mbarbine__platphorm-register, mbarbine__platphorm-sheets, mbarbine__platphorm-svg-factory, mbarbine__platphorm-trace, mbarbine__platphorm-webhook-simulator, mbarbine__platphormnews-www-prod"
shared-process,@platphorm/process,changelog,process,process-document,16,49,high,process-document classified as process with reuse potential across 16 repositories and 49 files.,"mbarbine__Scripts, mbarbine__gta-6-countdown-webby, mbarbine__hot-chocolate-for-profit-webby, mbarbine__lettuce, mbarbine__onboard-platphorm-boilerplate-repo, mbarbine__platphorm-bbs, mbarbine__platphorm-insights, mbarbine__platphorm-onboard, mbarbine__platphorm-opencontent, mbarbine__platphorm-opendocs, mbarbine__platphorm-polymarket-rss-feed, mbarbine__platphorm-polymaths, mbarbine__platphormnews-www-prod, mbarbine__stannp-gpt-5-test, mbarbine__vanagain-site, mbarbine__xsociety"
shared-logic,@platphorm/logic,client,logic,business-logic,16,24,high,business-logic classified as logic with reuse potential across 16 repositories and 24 files.,"mbarbine__platphorm-ai-photo-enrichment, mbarbine__platphorm-base, mbarbine__platphorm-browserops, mbarbine__platphorm-codex, mbarbine__platphorm-decks, mbarbine__platphorm-desa, mbarbine__platphorm-evals, mbarbine__platphorm-insights, mbarbine__platphorm-mcp, mbarbine__platphorm-monitor, mbarbine__platphorm-onboard, mbarbine__platphorm-openclaw, mbarbine__platphorm-podcasts, mbarbine__platphorm-quake, mbarbine__platphorm-sandbox, mbarbine__platphorm-trace"
shared-security,@platphorm/security,package,security,security-module,16,20,high,security-module classified as security with reuse potential across 16 repositories and 20 files.,"mbarbine__Starphone-CMS, mbarbine__evernote-js, mbarbine__legacy-platphorm-news, mbarbine__mailthing, mbarbine__mailthing-client, mbarbine__news-api, mbarbine__ph3ar-web, mbarbine__stannp-nextjs-bp, mbarbine__xsociety, ph3ar__ph3ar-docs-enhanced-labs, ph3ar__ph3ar_radio_backend, ph3ar__www_js_terminal, process-co__npm-element-dev-support, process-co__npm-element-types, process-co__npm-utilities, process-co__ui"
shared-logic,@platphorm/logic,middleware,logic,business-logic,16,16,high,business-logic classified as logic with reuse potential across 16 repositories and 16 files.,"mbarbine__beer-museum-manager-www, mbarbine__burrito-dealer-www, mbarbine__civic-engagement-platform-webby, mbarbine__game-porting-service-webby, mbarbine__mermaid-community-platform, mbarbine__platphorm-ai-photo-enrichment, mbarbine__platphorm-auction-vice, mbarbine__platphorm-bbs, mbarbine__platphorm-design, mbarbine__platphorm-keys, mbarbine__platphorm-news-alt-theme, mbarbine__platphorm-politics, mbarbine__platphorm-real-estate, mbarbine__platphorm-sandbox, mbarbine__platphorm-trace, mbarbine__robot-clothing-marketplace"
shared-logic,@platphorm/logic,podcast-schema,logic,schema-validation,16,16,high,schema-validation classified as logic with reuse potential across 16 repositories and 16 files.,"mbarbine__fashion-sadiepass-WWW, mbarbine__platphorm-404, mbarbine__platphorm-ascii, mbarbine__platphorm-dictionary, mbarbine__platphorm-finance, mbarbine__platphorm-json, mbarbine__platphorm-openclaw, mbarbine__platphorm-opencontent, mbarbine__platphorm-opendocs, mbarbine__platphorm-podcasts, mbarbine__platphorm-register, mbarbine__platphorm-sheets, mbarbine__platphorm-svg-factory, mbarbine__platphorm-trace, mbarbine__platphorm-webhook-simulator, mbarbine__platphormnews-www-prod"
shared-automation,@platphorm/automation,docker-compose,automation,container-automation,15,18,high,container-automation classified as automation with reuse potential across 15 repositories and 18 files.,"mbarbine__Scripts, mbarbine__aws-lab, mbarbine__cdf-sanitize, mbarbine__docker-terraform-aws-demo, mbarbine__ja4-sidecar, mbarbine__legacy-platphorm-news, mbarbine__n8n, mbarbine__onboard-platphorm-boilerplate-repo, mbarbine__platphorm-openclaw, mbarbine__platphorm-opencontent, mbarbine__platphorm-opendocs, mbarbine__wildduck, mbarbine__zornixOS, ph3ar__js_mongo_app_boilerplate, ph3ar__renegade-bbs-docker"
shared-logic,@platphorm/logic,platphorm-universal-schema-pack,logic,schema-validation,15,17,high,schema-validation classified as logic with reuse potential across 15 repositories and 17 files.,"mbarbine__calendar-app-webby, mbarbine__platphorm-404, mbarbine__platphorm-ai-photo-enrichment, mbarbine__platphorm-base, mbarbine__platphorm-codex, mbarbine__platphorm-finance, mbarbine__platphorm-insights, mbarbine__platphorm-json, mbarbine__platphorm-opencontent, mbarbine__platphorm-opendocs, mbarbine__platphorm-podcasts, mbarbine__platphorm-polymarket-rss-feed, mbarbine__platphorm-radio-backend, mbarbine__platphorm-svg-factory, mbarbine__platphormnews-www-prod"
shared-frontend,@platphorm/frontend,opengraph-image,frontend,feature-ui,14,14,high,feature-ui classified as frontend with reuse potential across 14 repositories and 14 files.,"mbarbine__airrow-commuter-balloon, mbarbine__autographed-bibles-webby, mbarbine__front-runners-webby, mbarbine__gta-6-countdown-webby, mbarbine__microwave-stickers-, mbarbine__platphorm-desa, mbarbine__platphorm-design, mbarbine__platphorm-jobs, mbarbine__platphorm-json, mbarbine__platphorm-reader, mbarbine__platphorm-spec-workbench, mbarbine__platphorm-stannp-api-wrapper, mbarbine__two-doller-web, mbarbine__vanagon-website"
shared-logic,@platphorm/logic,docs-schema,logic,schema-validation,14,14,high,schema-validation classified as logic with reuse potential across 14 repositories and 14 files.,"mbarbine__fashion-sadiepass-WWW, mbarbine__platphorm-404, mbarbine__platphorm-dictionary, mbarbine__platphorm-finance, mbarbine__platphorm-json, mbarbine__platphorm-opencontent, mbarbine__platphorm-opendocs, mbarbine__platphorm-podcasts, mbarbine__platphorm-register, mbarbine__platphorm-sheets, mbarbine__platphorm-svg-factory, mbarbine__platphorm-trace, mbarbine__platphorm-webhook-simulator, mbarbine__platphormnews-www-prod"
shared-logic,@platphorm/logic,constants,logic,business-logic,13,17,high,business-logic classified as logic with reuse potential across 13 repositories and 17 files.,"mbarbine__calendar-app-webby, mbarbine__fortune-cookie-webby-yj, mbarbine__ph3ar-blog, mbarbine__platphorm-404, mbarbine__platphorm-bbs, mbarbine__platphorm-cobol, mbarbine__platphorm-desa, mbarbine__platphorm-kanban, mbarbine__platphorm-mcp, mbarbine__platphorm-monitor, mbarbine__platphorm-msi-editor, mbarbine__platphorm-quake, mbarbine__platphorm-trace"
shared-logic,@platphorm/logic,mcp,logic,business-logic,13,16,high,business-logic classified as logic with reuse potential across 13 repositories and 16 files.,"mbarbine__desert-bus, mbarbine__fortune-cookie-webby-yj, mbarbine__platphorm-404, mbarbine__platphorm-bbs, mbarbine__platphorm-browserops, mbarbine__platphorm-codex, mbarbine__platphorm-json, mbarbine__platphorm-layout, mbarbine__platphorm-mini-games-webby, mbarbine__platphorm-opencontent, mbarbine__platphorm-opendocs, mbarbine__platphorm-spec-workbench, mbarbine__platphormnews-www-prod"
shared-logic,@platphorm/logic,response,logic,business-logic,13,14,high,business-logic classified as logic with reuse potential across 13 repositories and 14 files.,"mbarbine__fortune-cookie-webby-yj, mbarbine__platphorm-404, mbarbine__platphorm-agentui, mbarbine__platphorm-browserops, mbarbine__platphorm-evals, mbarbine__platphorm-fingerprint-service, mbarbine__platphorm-layout, mbarbine__platphorm-monitor, mbarbine__platphorm-msi-editor, mbarbine__platphorm-podcasts, mbarbine__platphorm-quake, mbarbine__platphorm-space-news, mbarbine__platphorm-webhook-simulator"
shared-ai,@platphorm/ai,route,ai,agent,13,14,high,agent classified as ai with reuse potential across 13 repositories and 14 files.,"mbarbine__platphorm-base, mbarbine__platphorm-browserops, mbarbine__platphorm-evals, mbarbine__platphorm-jules, mbarbine__platphorm-kanban, mbarbine__platphorm-layout, mbarbine__platphorm-mini-games-webby, mbarbine__platphorm-onboard, mbarbine__platphorm-opencontent, mbarbine__platphorm-podcasts, mbarbine__platphorm-quake, mbarbine__platphorm-sandbox, mbarbine__platphorm-webhook-simulator"
shared-frontend,@platphorm/frontend,header,frontend,feature-ui,13,13,high,feature-ui classified as frontend with reuse potential across 13 repositories and 13 files.,"mbarbine__Joshs-magnets-landing-page, mbarbine__PH3AR-WEBBY, mbarbine__airrow-commuter-balloon, mbarbine__automotive-flamethrower-webby, mbarbine__global-anti-globalist-club-webby, mbarbine__legacy-platphorm-news, mbarbine__mermaid-next-www, mbarbine__news-api, mbarbine__platphorm-jules, mbarbine__starphone-web-svelte, mbarbine__www-demo-biofeedback-app-development, ph3ar__DeskThing-FortuneCookie, ph3ar__newdittyswag-commerce"
shared-security,@platphorm/security,next-config,security,security-module,13,13,high,security-module classified as security with reuse potential across 13 repositories and 13 files.,"mbarbine__ai-chat-interface-webby, mbarbine__barbineworldwide-2026-metahack, mbarbine__drone-reel-webby, mbarbine__foxio-labs, mbarbine__nuclear-power-plant-webby-NPaaS, mbarbine__platphorm-ascii, mbarbine__platphorm-emoji, mbarbine__platphorm-kanban, mbarbine__platphorm-mini-games-webby, mbarbine__reflux-site-webby, mbarbine__starphone-fork-webby, mbarbine__two-doller-web, ph3ar__ph3ar-docs-enhanced-labs"
shared-logic,@platphorm/logic,mcp-client,logic,business-logic,12,15,high,business-logic classified as logic with reuse potential across 12 repositories and 15 files.,"mbarbine__calendar-app-webby, mbarbine__platphorm-ascii, mbarbine__platphorm-design, mbarbine__platphorm-kanban, mbarbine__platphorm-msi-editor, mbarbine__platphorm-podcasts, mbarbine__platphorm-radio-backend, mbarbine__platphorm-reader, mbarbine__platphorm-register, mbarbine__platphorm-usl, mbarbine__platphorm-xml, mbarbine__platphormnews-www-prod"
shared-logic,@platphorm/logic,schema,logic,schema-validation,12,14,high,schema-validation classified as logic with reuse potential across 12 repositories and 14 files.,"mbarbine__barbineworldwide-2026-metahack, mbarbine__desert-bus, mbarbine__ja4-sidecar, mbarbine__nextjs-ai-4, mbarbine__nextjs-ai-chatbot, mbarbine__ph3ar-chatbot, mbarbine__platphorm-ai-photo-enrichment, mbarbine__platphorm-browserops, mbarbine__platphorm-evals, mbarbine__platphorm-spec-workbench, mbarbine__platphorm-webhook-simulator, mbarbine__platphormnews-www-prod"
shared-backend,@platphorm/backend,docs,backend,api-route,12,14,high,api-route classified as backend with reuse potential across 12 repositories and 14 files.,"mbarbine__barbineworldwide-2026-metahack, mbarbine__calendar-app-webby, mbarbine__platphorm-agentui, mbarbine__platphorm-base, mbarbine__platphorm-design, mbarbine__platphorm-jobs, mbarbine__platphorm-kanban, mbarbine__platphorm-polymaths, mbarbine__platphorm-quake, mbarbine__platphorm-radio-backend, mbarbine__platphorm-spec-workbench, mbarbine__starphone-web-svelte"
shared-process,@platphorm/process,pr-description,process,process-document,12,14,high,process-document classified as process with reuse potential across 12 repositories and 14 files.,"mbarbine__desert-bus, mbarbine__fortune-cookie-webby-yj, mbarbine__onboard-platphorm-boilerplate-repo, mbarbine__platphorm-base, mbarbine__platphorm-jobs, mbarbine__platphorm-opencontent, mbarbine__platphorm-opendocs, mbarbine__platphorm-trace, mbarbine__platphorm-vercel-atlas, mbarbine__platphorm-webhook-simulator, mbarbine__platphormnews-www-prod, mbarbine__vanagain-dot-com-prod"
shared-process,@platphorm/process,code-of-conduct,process,process-document,12,13,high,process-document classified as process with reuse potential across 12 repositories and 13 files.,"mbarbine__Scripts, mbarbine__onboard-platphorm-boilerplate-repo, mbarbine__platphorm-bbs, mbarbine__platphorm-onboard, mbarbine__platphorm-openclaw, mbarbine__platphorm-opencontent, mbarbine__platphorm-opendocs, mbarbine__platphorm-polymarket-rss-feed, mbarbine__platphorm-polymaths, mbarbine__platphorm-trace, mbarbine__platphormnews-www-prod, mbarbine__threatrelay-webby"
shared-styles,@platphorm/styles,globals,style,stylesheet,12,12,high,stylesheet classified as style with reuse potential across 12 repositories and 12 files.,"mbarbine__burrito-dealer-www, mbarbine__gamer, mbarbine__jaydens-therapy-legal-www, mbarbine__job-manager, mbarbine__mailthing-api, mbarbine__ph3ar-admin-dashboard, mbarbine__platphorm-business-EmployerServicesIncorporated, mbarbine__platphorm-onboard, mbarbine__platphorm-space-news, mbarbine__robot-clothing-marketplace, mbarbine__stannp-nextjs-bp, mbarbine__uberpidgeons-www"
shared-process,@platphorm/process,api,process,process-document,12,12,high,process-document classified as process with reuse potential across 12 repositories and 12 files.,"mbarbine__calendar-app-webby, mbarbine__onboard-platphorm-boilerplate-repo, mbarbine__platphorm-bbs, mbarbine__platphorm-desa, mbarbine__platphorm-design, mbarbine__platphorm-mcp, mbarbine__platphorm-onboard, mbarbine__platphorm-opencontent, mbarbine__platphorm-opendocs, mbarbine__platphorm-polymarket-rss-feed, mbarbine__platphorm-polymaths, mbarbine__platphorm-reader"
shared-logic,@platphorm/logic,trace-schema,logic,schema-validation,12,12,high,schema-validation classified as logic with reuse potential across 12 repositories and 12 files.,"mbarbine__fashion-sadiepass-WWW, mbarbine__platphorm-404, mbarbine__platphorm-finance, mbarbine__platphorm-json, mbarbine__platphorm-openclaw, mbarbine__platphorm-podcasts, mbarbine__platphorm-register, mbarbine__platphorm-sheets, mbarbine__platphorm-svg-factory, mbarbine__platphorm-trace, mbarbine__platphorm-webhook-simulator, mbarbine__platphormnews-www-prod"
shared-ai,@platphorm/ai,evals-schema,ai,ai-eval,12,12,high,ai-eval classified as ai with reuse potential across 12 repositories and 12 files.,"mbarbine__fashion-sadiepass-WWW, mbarbine__platphorm-404, mbarbine__platphorm-dictionary, mbarbine__platphorm-finance, mbarbine__platphorm-json, mbarbine__platphorm-podcasts, mbarbine__platphorm-register, mbarbine__platphorm-sheets, mbarbine__platphorm-svg-factory, mbarbine__platphorm-trace, mbarbine__platphorm-webhook-simulator, mbarbine__platphormnews-www-prod"
shared-observability,@platphorm/observability,next-config,observability,observability-module,12,12,high,observability-module classified as observability with reuse potential across 12 repositories and 12 files.,"mbarbine__fortune-cookie-webby-yj, mbarbine__mermaid-next-www, mbarbine__my-first-nova-hbackers-preseo, mbarbine__ph3ar-blog, mbarbine__platphorm-cobol, mbarbine__platphorm-layout, mbarbine__platphorm-openclaw, mbarbine__platphorm-trace, mbarbine__platphorm-usl, mbarbine__threatrelay-webby, mbarbine__uberpidgeons, mbarbine__vanagain-dot-com-prod"
shared-logic,@platphorm/logic,network,logic,business-logic,11,15,high,business-logic classified as logic with reuse potential across 11 repositories and 15 files.,"mbarbine__platphorm-base, mbarbine__platphorm-codex, mbarbine__platphorm-design, mbarbine__platphorm-dictionary, mbarbine__platphorm-insights, mbarbine__platphorm-jobs, mbarbine__platphorm-keys, mbarbine__platphorm-layout, mbarbine__platphorm-mcp, mbarbine__platphorm-polymarket-rss-feed, mbarbine__platphorm-vercel-atlas"
shared-process,@platphorm/process,deployment,process,process-document,11,13,high,process-document classified as process with reuse potential across 11 repositories and 13 files.,"mbarbine__Scripts, mbarbine__beer-museum-manager-www, mbarbine__desert-bus, mbarbine__platphorm-agentui, mbarbine__platphorm-browserops, mbarbine__platphorm-opencontent, mbarbine__platphorm-opendocs, mbarbine__platphorm-polymarket-rss-feed, mbarbine__platphorm-vercel-atlas, mbarbine__process-clone, mbarbine__robot-clothing-marketplace"
shared-automation,@platphorm/automation,package,automation,automation-config,10,11,high,automation-config classified as automation with reuse potential across 10 repositories and 11 files.,"mbarbine__PH3AR-WEBBY, mbarbine__ja4-sidecar, mbarbine__ja4-vercel-lab-2, mbarbine__n8n, mbarbine__platphorm-webhook-simulator, mbarbine__platphormnews-www-prod, mbarbine__starphone-web-svelte, mbarbine__uberpidgeons, ph3ar__barbine-worldwide-legacy, ph3ar__newdittyswag-commerce"
shared-frontend,@platphorm/frontend,site-footer,frontend,feature-ui,10,10,high,feature-ui classified as frontend with reuse potential across 10 repositories and 10 files.,"mbarbine__autographed-bibles-webby, mbarbine__desert-bus, mbarbine__game-porting-service-webby, mbarbine__mermaid-community-platform, mbarbine__platphorm-jobs, mbarbine__platphorm-polymarket-rss-feed, mbarbine__platphorm-polymaths, mbarbine__platphorm-shipments, mbarbine__robbie-ds-greens-webby, mbarbine__threatrelay-webby"
shared-ai,@platphorm/ai,ai-plugin,ai,ai-integration,10,10,high,ai-integration classified as ai with reuse potential across 10 repositories and 10 files.,"mbarbine__autographed-bibles-webby, mbarbine__gta-6-countdown-webby, mbarbine__ph3ar-admin-dashboard, mbarbine__ph3ar-blog, mbarbine__platphorm-content-showback-dashboard, mbarbine__platphorm-monitor, mbarbine__platphorm-openclaw, mbarbine__platphormnews-www-prod, mbarbine__two-doller-web, ph3ar__platphorm-admin-dashboard"
shared-observability,@platphorm/observability,health,observability,health-check,10,10,high,health-check classified as observability with reuse potential across 10 repositories and 10 files.,"mbarbine__autographed-bibles-webby, mbarbine__fashion-sadiepass-WWW, mbarbine__hot-chocolate-for-profit-webby, mbarbine__ja4mlab, mbarbine__nuclear-power-plant-webby-NPaaS, mbarbine__platphorm-alleycats, mbarbine__platphorm-evals, mbarbine__platphorm-json, mbarbine__platphorm-zine-reader, mbarbine__threatrelay-webby"
shared-frontend,@platphorm/frontend,json-ld,frontend,feature-ui,10,10,high,feature-ui classified as frontend with reuse potential across 10 repositories and 10 files.,"mbarbine__barbineworldwide-2026-metahack, mbarbine__platphorm-codex, mbarbine__platphorm-decks, mbarbine__platphorm-desa, mbarbine__platphorm-insights, mbarbine__platphorm-jobs, mbarbine__platphorm-reader, mbarbine__platphorm-trace, mbarbine__platphorm-zine-reader, mbarbine__vanlife-website"
shared-ai,@platphorm/ai,model-adapter,ai,ai-integration,10,10,high,ai-integration classified as ai with reuse potential across 10 repositories and 10 files.,"mbarbine__desert-bus, mbarbine__platphorm-cobol, mbarbine__platphorm-emoji, mbarbine__platphorm-json, mbarbine__platphorm-layout, mbarbine__platphorm-mcp, mbarbine__platphorm-mini-games-webby, mbarbine__platphorm-opendocs, mbarbine__platphorm-usl, mbarbine__platphorm-xml"
shared-logic,@platphorm/logic,store,logic,state-store,9,14,high,state-store classified as logic with reuse potential across 9 repositories and 14 files.,"mbarbine__Scripts, mbarbine__multiplayer-puzzle-game, mbarbine__platphorm-browserops, mbarbine__platphorm-emoji, mbarbine__platphorm-jobs, mbarbine__platphorm-json, mbarbine__platphorm-monitor, mbarbine__platphorm-webhook-simulator, ph3ar__newdittyswag-commerce"
shared-ai,@platphorm/ai,page,ai,page,9,14,high,page classified as ai with reuse potential across 9 repositories and 14 files.,"mbarbine__nextjs-ai-4, mbarbine__nextjs-ai-chatbot, mbarbine__ph3ar-chatbot, mbarbine__platphorm-agentui, mbarbine__platphorm-auction-vice, mbarbine__platphorm-evals, mbarbine__platphorm-openclaw, mbarbine__platphorm-podcasts, mbarbine__platphorm-space-news"
shared-ai,@platphorm/ai,prompts,ai,prompt-template,9,11,high,prompt-template classified as ai with reuse potential across 9 repositories and 11 files.,"mbarbine__nextjs-ai-4, mbarbine__nextjs-ai-chatbot, mbarbine__ph3ar-chatbot, mbarbine__platphorm-agentui, mbarbine__platphorm-browserops, mbarbine__platphorm-evals, mbarbine__platphorm-mcp, mbarbine__platphorm-monitor, mbarbine__platphorm-webhook-simulator"
shared-backend,@platphorm/backend,api,backend,backend-module,9,10,high,backend-module classified as backend with reuse potential across 9 repositories and 10 files.,"mbarbine__airrow-commuter-balloon, mbarbine__automotive-flamethrower-webby, mbarbine__game-porting-service-webby, mbarbine__ja4-sidecar, mbarbine__ph3ar-blog, mbarbine__platphorm-register, mbarbine__platphorm-sandbox, mbarbine__reflux-site-webby, mbarbine__wildduck"
shared-process,@platphorm/process,principles,process,process-document,9,9,high,process-document classified as process with reuse potential across 9 repositories and 9 files.,"mbarbine__calendar-app-webby, mbarbine__onboard-platphorm-boilerplate-repo, mbarbine__platphorm-mcp, mbarbine__platphorm-onboard, mbarbine__platphorm-opencontent, mbarbine__platphorm-opendocs, mbarbine__platphorm-polymarket-rss-feed, mbarbine__platphorm-polymaths, mbarbine__platphorm-trace"
shared-observability,@platphorm/observability,llms-index,observability,observability-module,9,9,high,observability-module classified as observability with reuse potential across 9 repositories and 9 files.,"mbarbine__car-service-records, mbarbine__hot-chocolate-for-profit-webby, mbarbine__ph3ar-blog, mbarbine__platphorm-decks, mbarbine__platphorm-finance, mbarbine__platphorm-reader, mbarbine__platphorm-redteam-arma-landing, mbarbine__platphorm-signs, mbarbine__two-doller-web"
shared-backend,@platphorm/backend,route,backend,feature-ui,9,9,high,feature-ui classified as backend with reuse potential across 9 repositories and 9 files.,"mbarbine__onboard-platphorm-boilerplate-repo, mbarbine__ph3ar-blog, mbarbine__platphorm-cobol, mbarbine__platphorm-onboard, mbarbine__platphorm-opencontent, mbarbine__platphorm-opendocs, mbarbine__platphorm-podcasts, mbarbine__platphorm-polymarket-rss-feed, mbarbine__platphorm-redteam-arma-landing"
shared-logic,@platphorm/logic,platform,logic,business-logic,9,9,high,business-logic classified as logic with reuse potential across 9 repositories and 9 files.,"mbarbine__platphorm-ascii, mbarbine__platphorm-cobol, mbarbine__platphorm-design, mbarbine__platphorm-jobs, mbarbine__platphorm-json, mbarbine__platphorm-onboard, mbarbine__platphorm-polymarket-rss-feed, mbarbine__platphorm-usl, mbarbine__platphorm-vercel-atlas"
shared-backend,@platphorm/backend,server,backend,backend-module,8,20,high,backend-module classified as backend with reuse potential across 8 repositories and 20 files.,"mbarbine__PH3AR-WEBBY, mbarbine__foxio-labs, mbarbine__legacy-platphorm-news, mbarbine__mailthing-api, mbarbine__ph3ar-web, mbarbine__platphormnews-www-prod, ph3ar__js_mongo_app_boilerplate, ph3ar__ph3ar-docs-enhanced-labs"
shared-process,@platphorm/process,testing,process,process-document,8,15,high,process-document classified as process with reuse potential across 8 repositories and 15 files.,"mbarbine__Scripts, mbarbine__platphorm-base, mbarbine__platphorm-bbs, mbarbine__platphorm-opencontent, mbarbine__platphorm-polymaths, mbarbine__platphorm-reader, mbarbine__platphorm-vercel-atlas, mbarbine__xsociety"
shared-ai,@platphorm/ai,route,ai,ai-integration,8,11,high,ai-integration classified as ai with reuse potential across 8 repositories and 11 files.,"mbarbine__gta-6-countdown-webby, mbarbine__platphorm-layout, mbarbine__platphorm-mini-games-webby, mbarbine__platphorm-podcasts, mbarbine__platphorm-real-estate, mbarbine__platphorm-space-news, mbarbine__platphorm-trace, mbarbine__process-clone"
shared-logic,@platphorm/logic,tools,logic,business-logic,8,10,high,business-logic classified as logic with reuse potential across 8 repositories and 10 files.,"mbarbine__Scripts, mbarbine__platphorm-agentui, mbarbine__platphorm-browserops, mbarbine__platphorm-evals, mbarbine__platphorm-insights, mbarbine__platphorm-monitor, mbarbine__platphorm-openclaw, mbarbine__platphorm-webhook-simulator"
shared-observability,@platphorm/observability,en,observability,observability-module,8,9,high,observability-module classified as observability with reuse potential across 8 repositories and 9 files.,"mbarbine__airrow-commuter-balloon, mbarbine__ph3ar-blog, mbarbine__platphorm-auction-vice, mbarbine__platphorm-bbs, mbarbine__platphorm-layout, mbarbine__platphorm-onboard, mbarbine__reflux-site-webby, mbarbine__vanagain-site"
shared-backend,@platphorm/backend,mcp,backend,api-route,8,8,high,api-route classified as backend with reuse potential across 8 repositories and 8 files.,"mbarbine__calendar-app-webby, mbarbine__platphorm-agentui, mbarbine__platphorm-insights, mbarbine__platphorm-kanban, mbarbine__platphorm-layout, mbarbine__platphorm-radio-backend, mbarbine__platphorm-reader, mbarbine__starphone-web-svelte"
shared-ui,@platphorm/ui,index,ui,ui-primitive,6,17,high,ui-primitive classified as ui with reuse potential across 6 repositories and 17 files.,"mbarbine__mailthing-main, mbarbine__platphorm-agentui, mbarbine__platphorm-quake, mbarbine__platphorm-trace, mbarbine__turborepo-react-native, ph3ar__stripe-subscription-starter"
shared-backend,@platphorm/backend,server,backend,api-route,4,80,high,api-route classified as backend with reuse potential across 4 repositories and 80 files.,"mbarbine__PH3AR-WEBBY, mbarbine__legacy-platphorm-news, mbarbine__news-api, mbarbine__platphormnews-www-prod"
shared-process,@platphorm/process,ja4,process,process-document,4,14,high,process-document classified as process with reuse potential across 4 repositories and 14 files.,"mbarbine__foxio-labs, mbarbine__ja4mlab, mbarbine__threatrelay-webby, ph3ar__ph3ar-docs-enhanced-labs"
shared-automation,@platphorm/automation,install,automation,script,3,43,high,script classified as automation with reuse potential across 3 repositories and 43 files.,"mbarbine__Scripts, mbarbine__ja4mlab, mbarbine__zornixOS"
shared-process,@platphorm/process,requirements,process,specification,3,13,high,specification classified as process with reuse potential across 3 repositories and 13 files.,"mbarbine__Scripts, mbarbine__cdf-sanitize, mbarbine__xsociety"
shared-backend,@platphorm/backend,service,backend,backend-module,2,65,high,backend-module classified as backend with reuse potential across 2 repositories and 65 files.,"mbarbine__Scripts, mbarbine__ph3ar-web"
shared-automation,@platphorm/automation,deployment,automation,automation-config,2,38,high,automation-config classified as automation with reuse potential across 2 repositories and 38 files.,"mbarbine__Scripts, mbarbine__platphorm-spec-workbench"
shared-automation,@platphorm/automation,main,automation,automation-config,2,34,high,automation-config classified as automation with reuse potential across 2 repositories and 34 files.,"mbarbine__Scripts, mbarbine__xsociety"
shared-security,@platphorm/security,deployment,security,security-module,2,17,high,security-module classified as security with reuse potential across 2 repositories and 17 files.,"mbarbine__Scripts, mbarbine__ph3ar-web"
shared-backend,@platphorm/backend,metadata,backend,backend-module,2,12,high,backend-module classified as backend with reuse potential across 2 repositories and 12 files.,"mbarbine__Scripts, mbarbine__xsociety"
shared-process,@platphorm/process,notes,process,process-document,1,67,high,process-document classified as process with reuse potential across 1 repositories and 67 files.,mbarbine__Scripts
shared-logic,@platphorm/logic,editor-plugin,logic,business-logic,1,31,high,business-logic classified as logic with reuse potential across 1 repositories and 31 files.,mbarbine__Scripts
shared-logic,@platphorm/logic,editor-plugin-src,logic,business-logic,1,31,high,business-logic classified as logic with reuse potential across 1 repositories and 31 files.,mbarbine__Scripts
shared-process,@platphorm/process,summary,process,process-document,1,14,high,process-document classified as process with reuse potential across 1 repositories and 14 files.,mbarbine__ja4mlab
shared-ai,@platphorm/ai,ja4l,ai,agent,1,14,high,agent classified as ai with reuse potential across 1 repositories and 14 files.,mbarbine__ja4mlab
shared-ai,@platphorm/ai,ja4t,ai,agent,1,14,high,agent classified as ai with reuse potential across 1 repositories and 14 files.,mbarbine__ja4mlab
shared-ai,@platphorm/ai,ja4s,ai,agent,1,14,high,agent classified as ai with reuse potential across 1 repositories and 14 files.,mbarbine__ja4mlab
shared-ai,@platphorm/ai,ja4,ai,agent,1,14,high,agent classified as ai with reuse potential across 1 repositories and 14 files.,mbarbine__ja4mlab
shared-ai,@platphorm/ai,ja4h,ai,agent,1,14,high,agent classified as ai with reuse potential across 1 repositories and 14 files.,mbarbine__ja4mlab
shared-automation,@platphorm/automation,composer,automation,automation-config,1,13,high,automation-config classified as automation with reuse potential across 1 repositories and 13 files.,mbarbine__Scripts
shared-frontend,@platphorm/frontend,error,frontend,feature-ui,7,8,medium,feature-ui classified as frontend with reuse potential across 7 repositories and 8 files.,"mbarbine__fortune-cookie-webby-yj, mbarbine__legacy-platphorm-news, mbarbine__ph3ar-admin-dashboard, mbarbine__platphorm-layout, mbarbine__platphormnews-www-prod, mbarbine__process-clone, ph3ar__mailthing-webby"
shared-observability,@platphorm/observability,es,observability,observability-module,7,7,medium,observability-module classified as observability with reuse potential across 7 repositories and 7 files.,"mbarbine__airrow-commuter-balloon, mbarbine__ph3ar-blog, mbarbine__platphorm-auction-vice, mbarbine__platphorm-bbs, mbarbine__platphorm-layout, mbarbine__platphorm-onboard, mbarbine__vanagain-site"
shared-backend,@platphorm/backend,webhooks,backend,api-route,7,7,medium,api-route classified as backend with reuse potential across 7 repositories and 7 files.,"mbarbine__barbineworldwide-2026-metahack, mbarbine__calendar-app-webby, mbarbine__onboard-platphorm-boilerplate-repo, mbarbine__platphorm-auction-vice, mbarbine__platphorm-jobs, mbarbine__platphorm-opencontent, mbarbine__platphorm-opendocs"
shared-logic,@platphorm/logic,rate-limit,logic,business-logic,7,7,medium,business-logic classified as logic with reuse potential across 7 repositories and 7 files.,"mbarbine__beer-museum-manager-www, mbarbine__platphorm-insights, mbarbine__platphorm-reader, mbarbine__platphorm-register, mbarbine__platphorm-shipments, mbarbine__platphorm-trace, mbarbine__vanagain-dot-com-prod"
shared-logic,@platphorm/logic,env,logic,business-logic,7,7,medium,business-logic classified as logic with reuse potential across 7 repositories and 7 files.,"mbarbine__platphorm-agentui, mbarbine__platphorm-browserops, mbarbine__platphorm-evals, mbarbine__platphorm-layout, mbarbine__platphorm-trace, mbarbine__platphorm-webhook-simulator, mbarbine__process-clone"
shared-logic,@platphorm/logic,analytics,logic,business-logic,6,10,medium,business-logic classified as logic with reuse potential across 6 repositories and 10 files.,"mbarbine__platphorm-design, mbarbine__platphorm-jules, mbarbine__platphorm-mcp, mbarbine__platphorm-opencontent, mbarbine__platphorm-reader, mbarbine__platphorm-stannp-api-wrapper"
shared-logic,@platphorm/logic,emoji,logic,business-logic,6,9,medium,business-logic classified as logic with reuse potential across 6 repositories and 9 files.,"mbarbine__onboard-platphorm-boilerplate-repo, mbarbine__platphorm-onboard, mbarbine__platphorm-opencontent, mbarbine__platphorm-opendocs, mbarbine__platphorm-polymarket-rss-feed, mbarbine__platphorm-shipments"
shared-logic,@platphorm/logic,storage,logic,business-logic,6,7,medium,business-logic classified as logic with reuse potential across 6 repositories and 7 files.,"mbarbine__Scripts, mbarbine__car-service-records, mbarbine__platphorm-codex, mbarbine__platphorm-kanban, mbarbine__platphorm-mini-games-webby, mbarbine__platphorm-trace"
shared-logic,@platphorm/logic,events,logic,business-logic,6,7,medium,business-logic classified as logic with reuse potential across 6 repositories and 7 files.,"mbarbine__Scripts, mbarbine__desert-bus, mbarbine__platphorm-insights, mbarbine__platphorm-jobs, mbarbine__platphorm-mcp, mbarbine__platphorm-mini-games-webby"
shared-observability,@platphorm/observability,config,observability,observability-module,6,7,medium,observability-module classified as observability with reuse potential across 6 repositories and 7 files.,"mbarbine__Scripts, mbarbine__ja4-sidecar, mbarbine__mailthing-main, mbarbine__ph3ar-blog, mbarbine__wildduck, ph3ar__stripe-subscription-starter"
shared-observability,@platphorm/observability,proxy,observability,observability-module,6,7,medium,observability-module classified as observability with reuse potential across 6 repositories and 7 files.,"mbarbine__drone-reel-webby, mbarbine__platphorm-emoji, mbarbine__platphorm-mcp, mbarbine__platphorm-mini-games-webby, mbarbine__platphorm-reader, mbarbine__platphorm-spec-workbench"
shared-logic,@platphorm/logic,metadata,logic,business-logic,6,7,medium,business-logic classified as logic with reuse potential across 6 repositories and 7 files.,"mbarbine__fortune-cookie-webby-yj, mbarbine__gta-6-countdown-webby, mbarbine__platphorm-evals, mbarbine__platphorm-quake, mbarbine__platphorm-spec-workbench, mbarbine__platphorm-webhook-simulator"
shared-frontend,@platphorm/frontend,app,frontend,feature-ui,6,7,medium,feature-ui classified as frontend with reuse potential across 6 repositories and 7 files.,"mbarbine__legacy-platphorm-news, mbarbine__mailthing-client, mbarbine__news-api, mbarbine__turborepo-react-native, ph3ar__DeskThing-FortuneCookie, ph3ar__mailthing-webby"
shared-logic,@platphorm/logic,schemas,logic,business-logic,6,7,medium,business-logic classified as logic with reuse potential across 6 repositories and 7 files.,"mbarbine__platphorm-ascii, mbarbine__platphorm-dictionary, mbarbine__platphorm-evals, mbarbine__platphorm-openclaw, mbarbine__platphorm-podcasts, mbarbine__platphorm-trace"
shared-frontend,@platphorm/frontend,twitter-image,frontend,feature-ui,6,6,medium,feature-ui classified as frontend with reuse potential across 6 repositories and 6 files.,"mbarbine__airrow-commuter-balloon, mbarbine__autographed-bibles-webby, mbarbine__gta-6-countdown-webby, mbarbine__platphorm-design, mbarbine__platphorm-reader, mbarbine__platphorm-spec-workbench"
shared-automation,@platphorm/automation,eslint-config,automation,automation-config,6,6,medium,automation-config classified as automation with reuse potential across 6 repositories and 6 files.,"mbarbine__calendar-app-webby, mbarbine__fortune-cookie-webby-yj, mbarbine__platphorm-evals, mbarbine__platphorm-kanban, mbarbine__platphorm-opendocs, mbarbine__platphorm-quake"
shared-logic,@platphorm/logic,network-discovery,logic,business-logic,6,6,medium,business-logic classified as logic with reuse potential across 6 repositories and 6 files.,"mbarbine__calendar-app-webby, mbarbine__platphorm-insights, mbarbine__platphorm-jules, mbarbine__platphorm-polymarket-rss-feed, mbarbine__platphorm-polymaths, mbarbine__platphorm-svg-factory"
shared-logic,@platphorm/logic,api,logic,business-logic,6,6,medium,business-logic classified as logic with reuse potential across 6 repositories and 6 files.,"mbarbine__evernote-js, mbarbine__ph3ar-blog, mbarbine__platphorm-codex, mbarbine__platphorm-polymaths, mbarbine__platphorm-sandbox, mbarbine__platphorm-shipments"
shared-ai,@platphorm/ai,model,ai,ai-integration,6,6,medium,ai-integration classified as ai with reuse potential across 6 repositories and 6 files.,"mbarbine__fortune-cookie-webby-yj, mbarbine__platphorm-404, mbarbine__platphorm-bbs, mbarbine__platphorm-insights, mbarbine__platphorm-msi-editor, mbarbine__platphorm-onboard"
shared-automation,@platphorm/automation,vercel-metadata,automation,deployment-automation,6,6,medium,deployment-automation classified as automation with reuse potential across 6 repositories and 6 files.,"mbarbine__platphorm-404, mbarbine__platphorm-jules, mbarbine__platphorm-mini-games-webby, mbarbine__platphorm-monitor, mbarbine__platphorm-polymarket-rss-feed, mbarbine__platphorm-xml"
shared-process,@platphorm/process,llms-index,process,process-document,6,6,medium,process-document classified as process with reuse potential across 6 repositories and 6 files.,"mbarbine__platphorm-content-showback-dashboard, mbarbine__platphorm-real-estate, mbarbine__platphorm-vercel-atlas, mbarbine__stripper-mug-webby, ph3ar__platphorm-admin-dashboard, ph3ar__stripe-subscription-starter"
shared-logic,@platphorm/logic,api-helpers,logic,utility,5,9,medium,utility classified as logic with reuse potential across 5 repositories and 9 files.,"mbarbine__calendar-app-webby, mbarbine__onboard-platphorm-boilerplate-repo, mbarbine__platphorm-onboard, mbarbine__platphorm-opencontent, mbarbine__platphorm-opendocs"
shared-logic,@platphorm/logic,validation,logic,schema-validation,5,8,medium,schema-validation classified as logic with reuse potential across 5 repositories and 8 files.,"mbarbine__Scripts, mbarbine__ja4mlab, mbarbine__platphorm-insights, mbarbine__platphorm-podcasts, mbarbine__stannp-nextjs-bp"
shared-process,@platphorm/process,faq,process,process-document,5,7,medium,process-document classified as process with reuse potential across 5 repositories and 7 files.,"mbarbine__Scripts, mbarbine__calendar-app-webby, mbarbine__platphorm-podcasts, mbarbine__platphorm-vercel-atlas, mbarbine__xsociety"
shared-ai,@platphorm/ai,models,ai,ai-integration,5,7,medium,ai-integration classified as ai with reuse potential across 5 repositories and 7 files.,"mbarbine__Scripts, mbarbine__nextjs-ai-4, mbarbine__nextjs-ai-chatbot, mbarbine__ph3ar-chatbot, ph3ar__js_mongo_app_boilerplate"
shared-logic,@platphorm/logic,parser,logic,parser,5,7,medium,parser classified as logic with reuse potential across 5 repositories and 7 files.,"mbarbine__Scripts, mbarbine__platphorm-podcasts, mbarbine__platphorm-sheets, mbarbine__platphorm-spec-workbench, mbarbine__platphorm-trace"
shared-logic,@platphorm/logic,jsonld,logic,business-logic,5,7,medium,business-logic classified as logic with reuse potential across 5 repositories and 7 files.,"mbarbine__desert-bus, mbarbine__platphorm-agentui, mbarbine__platphorm-bbs, mbarbine__platphorm-quake, mbarbine__platphormnews-www-prod"
shared-logic,@platphorm/logic,logger,logic,utility,5,7,medium,utility classified as logic with reuse potential across 5 repositories and 7 files.,"mbarbine__mailthing-client, mbarbine__mailthing-main, mbarbine__platphorm-evals, mbarbine__platphorm-quake, ph3ar__mailthing-webby"
shared-automation,@platphorm/automation,automation,automation,automation-config,5,7,medium,automation-config classified as automation with reuse potential across 5 repositories and 7 files.,"mbarbine__onboard-platphorm-boilerplate-repo, mbarbine__platphorm-kanban, mbarbine__platphorm-openclaw, mbarbine__platphorm-opencontent, mbarbine__platphorm-opendocs"
shared-logic,@platphorm/logic,resources,logic,business-logic,5,7,medium,business-logic classified as logic with reuse potential across 5 repositories and 7 files.,"mbarbine__platphorm-agentui, mbarbine__platphorm-browserops, mbarbine__platphorm-evals, mbarbine__platphorm-monitor, mbarbine__platphorm-webhook-simulator"
shared-logic,@platphorm/logic,db,logic,business-logic,5,6,medium,business-logic classified as logic with reuse potential across 5 repositories and 6 files.,"mbarbine__Scripts, mbarbine__barbineworldwide-2026-metahack, mbarbine__car-service-records, mbarbine__platphorm-keys, mbarbine__platphorm-monitor"
shared-automation,@platphorm/automation,settings,automation,automation-config,5,6,medium,automation-config classified as automation with reuse potential across 5 repositories and 6 files.,"mbarbine__Scripts, mbarbine__ja4-vercel-lab-2, mbarbine__msicrafter, mbarbine__onboard-platphorm-boilerplate-repo, mbarbine__platphorm-opendocs"
shared-logic,@platphorm/logic,session,logic,business-logic,5,6,medium,business-logic classified as logic with reuse potential across 5 repositories and 6 files.,"mbarbine__platphorm-agentui, mbarbine__platphorm-cobol, mbarbine__platphorm-openclaw, mbarbine__platphorm-real-estate-property-evaluation, mbarbine__platphorm-stannp-api-wrapper"
shared-logic,@platphorm/logic,correlation,logic,business-logic,5,6,medium,business-logic classified as logic with reuse potential across 5 repositories and 6 files.,"mbarbine__platphorm-agentui, mbarbine__platphorm-browserops, mbarbine__platphorm-evals, mbarbine__platphorm-sandbox, mbarbine__platphorm-webhook-simulator"
shared-logic,@platphorm/logic,registry,logic,business-logic,5,6,medium,business-logic classified as logic with reuse potential across 5 repositories and 6 files.,"mbarbine__platphorm-desa, mbarbine__platphorm-insights, mbarbine__platphorm-layout, mbarbine__platphorm-space-news, mbarbine__platphorm-spec-workbench"
shared-observability,@platphorm/observability,fr,observability,observability-module,5,5,medium,observability-module classified as observability with reuse potential across 5 repositories and 5 files.,"mbarbine__airrow-commuter-balloon, mbarbine__ph3ar-blog, mbarbine__platphorm-layout, mbarbine__platphorm-onboard, mbarbine__vanagain-site"
shared-logic,@platphorm/logic,products,logic,business-logic,5,5,medium,business-logic classified as logic with reuse potential across 5 repositories and 5 files.,"mbarbine__autographed-bibles-webby, mbarbine__global-anti-globalist-club-webby, mbarbine__hot-chocolate-for-profit-webby, mbarbine__platphorm-content-showback-dashboard, mbarbine__robbie-ds-greens-webby"
shared-integrations,@platphorm/integrations,mcp,integration,mcp,5,5,medium,mcp classified as integration with reuse potential across 5 repositories and 5 files.,"mbarbine__fashion-sadiepass-WWW, mbarbine__ph3ar-admin-dashboard, mbarbine__platphorm-politics, mbarbine__reflux-site-webby, mbarbine__vanagain-dot-com-prod"
shared-logic,@platphorm/logic,security,logic,business-logic,5,5,medium,business-logic classified as logic with reuse potential across 5 repositories and 5 files.,"mbarbine__fortune-cookie-webby-yj, mbarbine__platphorm-bbs, mbarbine__platphorm-mcp, mbarbine__platphorm-sheets, mbarbine__platphormnews-www-prod"
shared-process,@platphorm/process,integrations,process,process-document,5,5,medium,process-document classified as process with reuse potential across 5 repositories and 5 files.,"mbarbine__foxio-labs, mbarbine__platphorm-browserops, mbarbine__platphorm-evals, mbarbine__threatrelay-webby, ph3ar__ph3ar-docs-enhanced-labs"
shared-discovery,@platphorm/discovery,sitemap,discovery,sitemap,5,5,medium,sitemap classified as discovery with reuse potential across 5 repositories and 5 files.,"mbarbine__gta-6-countdown-webby, mbarbine__ja4mlab, mbarbine__platphorm-msi-editor, mbarbine__platphorm-real-estate-NAD, mbarbine__platphorm-wrestling-webby"
shared-automation,@platphorm/automation,cron,automation,scheduled-job,5,5,medium,scheduled-job classified as automation with reuse potential across 5 repositories and 5 files.,"mbarbine__ja4-vercel-lab-2, mbarbine__platphorm-base, mbarbine__platphorm-insights, mbarbine__platphorm-podcasts, mbarbine__platphorm-polymarket-rss-feed"
shared-automation,@platphorm/automation,version,automation,automation-config,5,5,medium,automation-config classified as automation with reuse potential across 5 repositories and 5 files.,"mbarbine__ja4mlab, mbarbine__onboard-platphorm-boilerplate-repo, mbarbine__platphorm-onboard, mbarbine__platphorm-opencontent, mbarbine__platphorm-opendocs"
shared-security,@platphorm/security,use-local-storage,security,security-module,5,5,medium,security-module classified as security with reuse potential across 5 repositories and 5 files.,"mbarbine__legacy-platphorm-news, mbarbine__news-api, mbarbine__platphorm-agentui, mbarbine__process-clone, mbarbine__stannp-gpt-5-test"
shared-automation,@platphorm/automation,next-config,automation,automation-config,5,5,medium,automation-config classified as automation with reuse potential across 5 repositories and 5 files.,"mbarbine__nextjs-ai-4, mbarbine__nextjs-ai-chatbot, mbarbine__ph3ar-admin-dashboard, mbarbine__ph3ar-chatbot, mbarbine__platphorm-finance"
shared-process,@platphorm/process,custom-dictionary-workspace,process,process-document,5,5,medium,process-document classified as process with reuse potential across 5 repositories and 5 files.,"mbarbine__onboard-platphorm-boilerplate-repo, mbarbine__ph3ar-blog, mbarbine__platphorm-insights, mbarbine__platphorm-opendocs, mbarbine__wildduck"
shared-logic,@platphorm/logic,version,logic,business-logic,5,5,medium,business-logic classified as logic with reuse potential across 5 repositories and 5 files.,"mbarbine__onboard-platphorm-boilerplate-repo, mbarbine__platphorm-mcp, mbarbine__platphorm-monitor, mbarbine__platphorm-opencontent, mbarbine__platphorm-opendocs"
shared-logic,@platphorm/logic,http,logic,business-logic,5,5,medium,business-logic classified as logic with reuse potential across 5 repositories and 5 files.,"mbarbine__platphorm-ascii, mbarbine__platphorm-bbs, mbarbine__platphorm-cobol, mbarbine__platphorm-layout, mbarbine__platphorm-sheets"
shared-observability,@platphorm/observability,app,observability,observability-module,4,9,medium,observability-module classified as observability with reuse potential across 4 repositories and 9 files.,"mbarbine__Scripts, mbarbine__mailthing, ph3ar__js_mongo_app_boilerplate, ph3ar__www_js_terminal"
shared-logic,@platphorm/logic,api-types,logic,business-logic,4,7,medium,business-logic classified as logic with reuse potential across 4 repositories and 7 files.,"mbarbine__onboard-platphorm-boilerplate-repo, mbarbine__platphorm-jules, mbarbine__platphorm-opencontent, mbarbine__platphorm-opendocs"
shared-logic,@platphorm/logic,seo-generator,logic,business-logic,4,7,medium,business-logic classified as logic with reuse potential across 4 repositories and 7 files.,"mbarbine__onboard-platphorm-boilerplate-repo, mbarbine__platphorm-onboard, mbarbine__platphorm-opencontent, mbarbine__platphorm-opendocs"
shared-logic,@platphorm/logic,auto-name,logic,business-logic,4,7,medium,business-logic classified as logic with reuse potential across 4 repositories and 7 files.,"mbarbine__onboard-platphorm-boilerplate-repo, mbarbine__platphorm-onboard, mbarbine__platphorm-opencontent, mbarbine__platphorm-opendocs"
shared-logic,@platphorm/logic,redis,logic,business-logic,4,7,medium,business-logic classified as logic with reuse potential across 4 repositories and 7 files.,"mbarbine__platphorm-bbs, mbarbine__platphorm-openclaw, mbarbine__platphorm-trace, mbarbine__vanagain-dot-com-prod"
shared-logic,@platphorm/logic,ssrf,logic,business-logic,4,7,medium,business-logic classified as logic with reuse potential across 4 repositories and 7 files.,"mbarbine__platphorm-openclaw, mbarbine__platphorm-opencontent, mbarbine__platphorm-opendocs, mbarbine__platphorm-webhook-simulator"
shared-automation,@platphorm/automation,setup,automation,script,4,6,medium,script classified as automation with reuse potential across 4 repositories and 6 files.,"mbarbine__Scripts, mbarbine__ja4-sidecar, mbarbine__ph3ar-web, mbarbine__wildduck"
shared-logic,@platphorm/logic,trace-client,logic,business-logic,4,6,medium,business-logic classified as logic with reuse potential across 4 repositories and 6 files.,"mbarbine__platphorm-agentui, mbarbine__platphorm-evals, mbarbine__platphorm-sandbox, mbarbine__platphorm-webhook-simulator"
shared-automation,@platphorm/automation,makefile,automation,automation-config,4,5,medium,automation-config classified as automation with reuse potential across 4 repositories and 5 files.,"mbarbine__Scripts, mbarbine__cdf-sanitize, mbarbine__xsociety, mbarbine__zornixOS"
shared-logic,@platphorm/logic,network-manifest,logic,business-logic,4,5,medium,business-logic classified as logic with reuse potential across 4 repositories and 5 files.,"mbarbine__platphorm-agentui, mbarbine__platphorm-browserops, mbarbine__platphorm-evals, mbarbine__platphorm-webhook-simulator"
shared-logic,@platphorm/logic,manifest,logic,business-logic,4,5,medium,business-logic classified as logic with reuse potential across 4 repositories and 5 files.,"mbarbine__platphorm-agentui, mbarbine__platphorm-browserops, mbarbine__platphorm-evals, mbarbine__platphorm-monitor"
shared-logic,@platphorm/logic,hooks,logic,business-logic,4,5,medium,business-logic classified as logic with reuse potential across 4 repositories and 5 files.,"mbarbine__platphorm-base, mbarbine__platphorm-codex, mbarbine__platphorm-decks, mbarbine__platphorm-desa"
shared-logic,@platphorm/logic,network-graph,logic,business-logic,4,5,medium,business-logic classified as logic with reuse potential across 4 repositories and 5 files.,"mbarbine__platphorm-browserops, mbarbine__platphorm-mcp, mbarbine__platphorm-openclaw, mbarbine__platphormnews-www-prod"
shared-automation,@platphorm/automation,vite-config,automation,automation-config,4,4,medium,automation-config classified as automation with reuse potential across 4 repositories and 4 files.,"mbarbine__PH3AR-WEBBY, mbarbine__legacy-platphorm-news, mbarbine__news-api, mbarbine__platphormnews-www-prod"
shared-logic,@platphorm/logic,core,logic,business-logic,4,4,medium,business-logic classified as logic with reuse potential across 4 repositories and 4 files.,"mbarbine__Scripts, mbarbine__msicrafter, mbarbine__platphorm-sandbox, mbarbine__xsociety"
shared-backend,@platphorm/backend,settings,backend,api-route,4,4,medium,api-route classified as backend with reuse potential across 4 repositories and 4 files.,"mbarbine__Scripts, mbarbine__calendar-app-webby, mbarbine__platphorm-opencontent, mbarbine__platphorm-opendocs"
shared-observability,@platphorm/observability,pt,observability,observability-module,4,4,medium,observability-module classified as observability with reuse potential across 4 repositories and 4 files.,"mbarbine__airrow-commuter-balloon, mbarbine__platphorm-layout, mbarbine__platphorm-onboard, mbarbine__vanagain-site"
shared-ai,@platphorm/ai,request,ai,ai-integration,4,4,medium,ai-integration classified as ai with reuse potential across 4 repositories and 4 files.,"mbarbine__airrow-commuter-balloon, mbarbine__platphorm-layout, mbarbine__two-doller-web, mbarbine__vanagain-dot-com-prod"
shared-logic,@platphorm/logic,error-handler,logic,business-logic,4,4,medium,business-logic classified as logic with reuse potential across 4 repositories and 4 files.,"mbarbine__beer-museum-manager-www, mbarbine__platphorm-real-estate-NAD, mbarbine__platphorm-vercel-atlas, mbarbine__process-clone"
shared-ai,@platphorm/ai,agents,ai,agent,4,4,medium,agent classified as ai with reuse potential across 4 repositories and 4 files.,"mbarbine__calendar-app-webby, mbarbine__platphorm-business-EmployerServicesIncorporated, mbarbine__platphorm-kanban, mbarbine__platphorm-openclaw"
shared-observability,@platphorm/observability,sw,observability,observability-module,4,4,medium,observability-module classified as observability with reuse potential across 4 repositories and 4 files.,"mbarbine__desert-bus, mbarbine__fortune-cookie-webby-yj, mbarbine__platphorm-jules, mbarbine__platphorm-layout"
shared-process,@platphorm/process,project-plan,process,process-document,4,4,medium,process-document classified as process with reuse potential across 4 repositories and 4 files.,"mbarbine__fortune-cookie-webby-yj, mbarbine__platphorm-emoji, mbarbine__platphorm-kanban, mbarbine__platphormnews-www-prod"
shared-logic,@platphorm/logic,cors,logic,business-logic,4,4,medium,business-logic classified as logic with reuse potential across 4 repositories and 4 files.,"mbarbine__fortune-cookie-webby-yj, mbarbine__ph3ar-blog, mbarbine__platphorm-mcp, mbarbine__platphorm-sandbox"
shared-observability,@platphorm/observability,register-network,observability,observability-module,4,4,medium,observability-module classified as observability with reuse potential across 4 repositories and 4 files.,"mbarbine__global-anti-globalist-club-webby, mbarbine__platphorm-cobol, mbarbine__reflux-site-webby, mbarbine__starphone-fork-webby"
shared-logic,@platphorm/logic,diff,logic,business-logic,4,4,medium,business-logic classified as logic with reuse potential across 4 repositories and 4 files.,"mbarbine__nextjs-ai-4, mbarbine__nextjs-ai-chatbot, mbarbine__ph3ar-chatbot, mbarbine__platphorm-spec-workbench"
shared-process,@platphorm/process,deep-research-report-v2,process,process-document,4,4,medium,process-document classified as process with reuse potential across 4 repositories and 4 files.,"mbarbine__onboard-platphorm-boilerplate-repo, mbarbine__platphorm-onboard, mbarbine__platphorm-reader, mbarbine__platphorm-trace"
shared-process,@platphorm/process,local-dev,process,process-document,4,4,medium,process-document classified as process with reuse potential across 4 repositories and 4 files.,"mbarbine__onboard-platphorm-boilerplate-repo, mbarbine__platphorm-onboard, mbarbine__platphorm-opencontent, mbarbine__platphorm-opendocs"
shared-process,@platphorm/process,standards-references,process,process-document,4,4,medium,process-document classified as process with reuse potential across 4 repositories and 4 files.,"mbarbine__onboard-platphorm-boilerplate-repo, mbarbine__platphorm-openclaw, mbarbine__platphorm-reader, mbarbine__platphorm-trace"
shared-logic,@platphorm/logic,markdown,logic,business-logic,4,4,medium,business-logic classified as logic with reuse potential across 4 repositories and 4 files.,"mbarbine__onboard-platphorm-boilerplate-repo, mbarbine__platphorm-onboard, mbarbine__platphorm-opencontent, mbarbine__platphorm-opendocs"
shared-backend,@platphorm/backend,keys,backend,api-route,4,4,medium,api-route classified as backend with reuse potential across 4 repositories and 4 files.,"mbarbine__onboard-platphorm-boilerplate-repo, mbarbine__platphorm-keys, mbarbine__platphorm-opencontent, mbarbine__platphorm-opendocs"
shared-backend,@platphorm/backend,search,backend,api-route,4,4,medium,api-route classified as backend with reuse potential across 4 repositories and 4 files.,"mbarbine__onboard-platphorm-boilerplate-repo, mbarbine__platphorm-openclaw, mbarbine__platphorm-opencontent, mbarbine__platphorm-opendocs"
shared-backend,@platphorm/backend,db,backend,backend-module,4,4,medium,backend-module classified as backend with reuse potential across 4 repositories and 4 files.,"mbarbine__onboard-platphorm-boilerplate-repo, mbarbine__platphorm-desa, mbarbine__platphorm-onboard, mbarbine__platphorm-opendocs"
shared-backend,@platphorm/backend,routes,backend,api-route,4,4,medium,api-route classified as backend with reuse potential across 4 repositories and 4 files.,"mbarbine__platphorm-alleycats, mbarbine__platphorm-codex, mbarbine__platphorm-decks, mbarbine__platphorm-zine-reader"
shared-logic,@platphorm/logic,stripe,logic,business-logic,4,4,medium,business-logic classified as logic with reuse potential across 4 repositories and 4 files.,"mbarbine__platphorm-auction-vice, mbarbine__platphorm-real-estate-NAD, mbarbine__scratchcraft, mbarbine__vanagain-dot-com-prod"
shared-ui,@platphorm/ui,breadcrumbs,ui,ui-primitive,4,4,medium,ui-primitive classified as ui with reuse potential across 4 repositories and 4 files.,"mbarbine__platphorm-base, mbarbine__platphorm-json, mbarbine__platphorm-onboard, mbarbine__vanagain-dot-com-prod"
shared-logic,@platphorm/logic,service,logic,business-logic,4,4,medium,business-logic classified as logic with reuse potential across 4 repositories and 4 files.,"mbarbine__platphorm-browserops, mbarbine__platphorm-evals, mbarbine__platphorm-news-alt-theme, mbarbine__platphorm-webhook-simulator"
shared-observability,@platphorm/observability,benchmark,observability,observability-module,4,4,medium,observability-module classified as observability with reuse potential across 4 repositories and 4 files.,"mbarbine__platphorm-desa, mbarbine__platphorm-jobs, mbarbine__platphorm-kanban, mbarbine__platphorm-trace"
shared-integrations,@platphorm/integrations,openapi,integration,openapi,4,4,medium,openapi classified as integration with reuse potential across 4 repositories and 4 files.,"mbarbine__platphorm-finance, mbarbine__platphorm-register, mbarbine__starphone-web-svelte, mbarbine__two-doller-web"
shared-observability,@platphorm/observability,playwright-config,observability,observability-module,4,4,medium,observability-module classified as observability with reuse potential across 4 repositories and 4 files.,"mbarbine__platphorm-fingerprint-service, mbarbine__platphorm-layout, mbarbine__platphorm-space-news, mbarbine__platphorm-spec-workbench"
shared-logic,@platphorm/logic,site,logic,business-logic,4,4,medium,business-logic classified as logic with reuse potential across 4 repositories and 4 files.,"mbarbine__platphorm-fingerprint-service, mbarbine__platphorm-insights, mbarbine__platphorm-layout, mbarbine__vanagain-dot-com-prod"
shared-backend,@platphorm/backend,index,backend,backend-module,4,4,medium,backend-module classified as backend with reuse potential across 4 repositories and 4 files.,"mbarbine__platphorm-onboard, ph3ar__DeskThing-FortuneCookie, ph3ar__ph3ar_radio_backend, ph3ar__www_js_terminal"
shared-observability,@platphorm/observability,metadata,observability,observability-module,3,10,medium,observability-module classified as observability with reuse potential across 3 repositories and 10 files.,"mbarbine__platphorm-browserops, mbarbine__platphorm-evals, mbarbine__xsociety"
shared-styles,@platphorm/styles,mixins,style,stylesheet,3,9,medium,stylesheet classified as style with reuse potential across 3 repositories and 9 files.,"mbarbine__Scripts, mbarbine__vanagain-site, mbarbine__xsociety"
shared-backend,@platphorm/backend,package,backend,backend-module,3,9,medium,backend-module classified as backend with reuse potential across 3 repositories and 9 files.,"mbarbine__Scripts, mbarbine__job-manager, ph3ar__ph3ar_radio_backend"
shared-automation,@platphorm/automation,en,automation,automation-config,3,9,medium,automation-config classified as automation with reuse potential across 3 repositories and 9 files.,"mbarbine__Scripts, mbarbine__starphone-web-svelte, mbarbine__vanagain-site"
shared-frontend,@platphorm/frontend,signup,frontend,feature-ui,3,6,medium,feature-ui classified as frontend with reuse potential across 3 repositories and 6 files.,"mbarbine__legacy-platphorm-news, mbarbine__news-api, mbarbine__process-clone"
shared-security,@platphorm/security,bower,security,security-module,3,6,medium,security-module classified as security with reuse potential across 3 repositories and 6 files.,"mbarbine__vanagain-site, mbarbine__xsociety, ph3ar__www_js_terminal"
shared-styles,@platphorm/styles,app,style,stylesheet,3,5,medium,stylesheet classified as style with reuse potential across 3 repositories and 5 files.,"mbarbine__PH3AR-WEBBY, mbarbine__instant-snap-postcard, mbarbine__vanagain-site"
shared-automation,@platphorm/automation,run,automation,script,3,5,medium,script classified as automation with reuse potential across 3 repositories and 5 files.,"mbarbine__Scripts, mbarbine__xsociety, ph3ar__ph3ar_radio_backend"
shared-logic,@platphorm/logic,webhooks,logic,business-logic,3,5,medium,business-logic classified as logic with reuse potential across 3 repositories and 5 files.,"mbarbine__calendar-app-webby, mbarbine__platphorm-ascii, mbarbine__platphorm-openclaw"
shared-logic,@platphorm/logic,docs,logic,business-logic,3,5,medium,business-logic classified as logic with reuse potential across 3 repositories and 5 files.,"mbarbine__calendar-app-webby, mbarbine__platphorm-browserops, mbarbine__platphorm-openclaw"
shared-backend,@platphorm/backend,route,backend,backend-module,3,5,medium,backend-module classified as backend with reuse potential across 3 repositories and 5 files.,"mbarbine__platphorm-base, mbarbine__platphorm-layout, mbarbine__platphorm-xml"
shared-logic,@platphorm/logic,telemetry,logic,business-logic,3,5,medium,business-logic classified as logic with reuse potential across 3 repositories and 5 files.,"mbarbine__platphorm-dictionary, mbarbine__platphorm-keys, mbarbine__platphorm-quake"
shared-styles,@platphorm/styles,theme,style,design-token,3,4,medium,design-token classified as style with reuse potential across 3 repositories and 4 files.,"mbarbine__Scripts, mbarbine__platphormnews-www-prod, mbarbine__xsociety"
shared-logic,@platphorm/logic,form,logic,ui-primitive,3,4,medium,ui-primitive classified as logic with reuse potential across 3 repositories and 4 files.,"mbarbine__Scripts, mbarbine__legacy-platphorm-news, mbarbine__news-api"
shared-styles,@platphorm/styles,default,style,design-token,3,4,medium,design-token classified as style with reuse potential across 3 repositories and 4 files.,"mbarbine__Scripts, mbarbine__vanagain-site, ph3ar__js_mongo_app_boilerplate"
shared-logic,@platphorm/logic,seo,logic,business-logic,3,4,medium,business-logic classified as logic with reuse potential across 3 repositories and 4 files.,"mbarbine__calendar-app-webby, mbarbine__platphorm-layout, mbarbine__platphormnews-www-prod"
shared-process,@platphorm/process,ja4-s,process,process-document,3,4,medium,process-document classified as process with reuse potential across 3 repositories and 4 files.,"mbarbine__foxio-labs, mbarbine__threatrelay-webby, ph3ar__ph3ar-docs-enhanced-labs"
shared-process,@platphorm/process,ja4-t,process,process-document,3,4,medium,process-document classified as process with reuse potential across 3 repositories and 4 files.,"mbarbine__foxio-labs, mbarbine__threatrelay-webby, ph3ar__ph3ar-docs-enhanced-labs"
shared-process,@platphorm/process,ja4-ts,process,process-document,3,4,medium,process-document classified as process with reuse potential across 3 repositories and 4 files.,"mbarbine__foxio-labs, mbarbine__threatrelay-webby, ph3ar__ph3ar-docs-enhanced-labs"
shared-process,@platphorm/process,ja4-tscan,process,process-document,3,4,medium,process-document classified as process with reuse potential across 3 repositories and 4 files.,"mbarbine__foxio-labs, mbarbine__threatrelay-webby, ph3ar__ph3ar-docs-enhanced-labs"
shared-process,@platphorm/process,ja4-ssh,process,process-document,3,4,medium,process-document classified as process with reuse potential across 3 repositories and 4 files.,"mbarbine__foxio-labs, mbarbine__threatrelay-webby, ph3ar__ph3ar-docs-enhanced-labs"
shared-process,@platphorm/process,ja4-h,process,process-document,3,4,medium,process-document classified as process with reuse potential across 3 repositories and 4 files.,"mbarbine__foxio-labs, mbarbine__threatrelay-webby, ph3ar__ph3ar-docs-enhanced-labs"
shared-automation,@platphorm/automation,manage,automation,script,3,4,medium,script classified as automation with reuse potential across 3 repositories and 4 files.,"mbarbine__ja4-sidecar, mbarbine__n8n, mbarbine__wildduck"
shared-logic,@platphorm/logic,helpers,logic,utility,3,4,medium,utility classified as logic with reuse potential across 3 repositories and 4 files.,"mbarbine__mailthing-main, mbarbine__platphorm-desa, ph3ar__stripe-subscription-starter"
shared-automation,@platphorm/automation,start,automation,script,3,4,medium,script classified as automation with reuse potential across 3 repositories and 4 files.,"mbarbine__n8n, mbarbine__wildduck, ph3ar__www_js_terminal"
shared-automation,@platphorm/automation,tree,automation,script,3,4,medium,script classified as automation with reuse potential across 3 repositories and 4 files.,"mbarbine__ph3ar-blog, mbarbine__stannp-nextjs-bp, mbarbine__starphone-web-svelte"
shared-observability,@platphorm/observability,network,observability,observability-module,3,4,medium,observability-module classified as observability with reuse potential across 3 repositories and 4 files.,"mbarbine__ph3ar-blog, mbarbine__platphorm-browserops, mbarbine__reflux-site-webby"
shared-logic,@platphorm/logic,json-ld,logic,business-logic,3,4,medium,business-logic classified as logic with reuse potential across 3 repositories and 4 files.,"mbarbine__ph3ar-blog, mbarbine__platphorm-kanban, mbarbine__platphorm-redteam-arma-landing"
shared-logic,@platphorm/logic,platphorm-network,logic,business-logic,3,4,medium,business-logic classified as logic with reuse potential across 3 repositories and 4 files.,"mbarbine__platphorm-alleycats, mbarbine__platphorm-trace, mbarbine__platphorm-zine-reader"
shared-logic,@platphorm/logic,catalog,logic,business-logic,3,4,medium,business-logic classified as logic with reuse potential across 3 repositories and 4 files.,"mbarbine__platphorm-base, mbarbine__platphorm-codex, mbarbine__platphorm-quake"
shared-logic,@platphorm/logic,mcp-server,logic,business-logic,3,4,medium,business-logic classified as logic with reuse potential across 3 repositories and 4 files.,"mbarbine__platphorm-emoji, mbarbine__platphorm-openclaw, mbarbine__platphorm-xml"
shared-logic,@platphorm/logic,cache,logic,business-logic,3,4,medium,business-logic classified as logic with reuse potential across 3 repositories and 4 files.,"mbarbine__platphorm-monitor, mbarbine__platphorm-openclaw, mbarbine__platphorm-polymarket-rss-feed"
shared-process,@platphorm/process,tree,process,process-document,3,3,medium,process-document classified as process with reuse potential across 3 repositories and 3 files.,"mbarbine__PH3AR-WEBBY, mbarbine__aws-next-k8-cluster-deploy, mbarbine__ph3ar-blog"
shared-styles,@platphorm/styles,jquery-data-tables-themeroller,style,design-token,3,3,medium,design-token classified as style with reuse potential across 3 repositories and 3 files.,"mbarbine__Scripts, mbarbine__vanagain-site, mbarbine__xsociety"
shared-security,@platphorm/security,settings,security,security-module,3,3,medium,security-module classified as security with reuse potential across 3 repositories and 3 files.,"mbarbine__Scripts, mbarbine__legacy-platphorm-news, mbarbine__wildduck"
shared-styles,@platphorm/styles,main,style,stylesheet,3,3,medium,stylesheet classified as style with reuse potential across 3 repositories and 3 files.,"mbarbine__Scripts, mbarbine__ph3ar-web, ph3ar__js_mongo_app_boilerplate"
shared-logic,@platphorm/logic,en,logic,business-logic,3,3,medium,business-logic classified as logic with reuse potential across 3 repositories and 3 files.,"mbarbine__Scripts, mbarbine__autographed-bibles-webby, mbarbine__platphorm-trace"
shared-observability,@platphorm/observability,settings,observability,observability-module,3,3,medium,observability-module classified as observability with reuse potential across 3 repositories and 3 files.,"mbarbine__Scripts, mbarbine__ph3ar-blog, mbarbine__platphormnews-www-prod"
shared-automation,@platphorm/automation,jobs,automation,automation-config,3,3,medium,automation-config classified as automation with reuse potential across 3 repositories and 3 files.,"mbarbine__Scripts, mbarbine__platphorm-cobol, mbarbine__platphorm-onboard"
shared-observability,@platphorm/observability,zh,observability,observability-module,3,3,medium,observability-module classified as observability with reuse potential across 3 repositories and 3 files.,"mbarbine__airrow-commuter-balloon, mbarbine__ph3ar-blog, mbarbine__platphorm-layout"
shared-frontend,@platphorm/frontend,how-it-works,frontend,feature-ui,3,3,medium,feature-ui classified as frontend with reuse potential across 3 repositories and 3 files.,"mbarbine__airrow-commuter-balloon, mbarbine__platphorm-content-showback-dashboard, mbarbine__platphorm-onboard"
shared-security,@platphorm/security,proxy,security,security-module,3,3,medium,security-module classified as security with reuse potential across 3 repositories and 3 files.,"mbarbine__autographed-bibles-webby, mbarbine__platphorm-agentui, mbarbine__platphorm-monitor"
shared-observability,@platphorm/observability,index,observability,observability-module,3,3,medium,observability-module classified as observability with reuse potential across 3 repositories and 3 files.,"mbarbine__aws-lab, mbarbine__instant-snap-postcard, mbarbine__mailthing-main"
shared-observability,@platphorm/observability,traefik,observability,observability-module,3,3,medium,observability-module classified as observability with reuse potential across 3 repositories and 3 files.,"mbarbine__aws-lab, mbarbine__ja4-sidecar, mbarbine__wildduck"
shared-automation,@platphorm/automation,deploy,automation,script,3,3,medium,script classified as automation with reuse potential across 3 repositories and 3 files.,"mbarbine__aws-next-k8-cluster-deploy, mbarbine__ja4-vercel-lab-2, mbarbine__platphorm-sandbox"
shared-process,@platphorm/process,integration,process,process-document,3,3,medium,process-document classified as process with reuse potential across 3 repositories and 3 files.,"mbarbine__calendar-app-webby, mbarbine__platphorm-kanban, mbarbine__platphorm-polymaths"
shared-process,@platphorm/process,mcp,process,process-document,3,3,medium,process-document classified as process with reuse potential across 3 repositories and 3 files.,"mbarbine__calendar-app-webby, mbarbine__platphorm-desa, mbarbine__platphorm-jobs"
shared-backend,@platphorm/backend,events,backend,api-route,3,3,medium,api-route classified as backend with reuse potential across 3 repositories and 3 files.,"mbarbine__calendar-app-webby, mbarbine__platphorm-jobs, mbarbine__platphorm-kanban"
shared-security,@platphorm/security,manifest,security,security-module,3,3,medium,security-module classified as security with reuse potential across 3 repositories and 3 files.,"mbarbine__desert-bus, mbarbine__platphorm-desa, ph3ar__DeskThing-FortuneCookie"
shared-logic,@platphorm/logic,platform-contract,logic,business-logic,3,3,medium,business-logic classified as logic with reuse potential across 3 repositories and 3 files.,"mbarbine__desert-bus, mbarbine__platphorm-opendocs, mbarbine__platphormnews-www-prod"
shared-logic,@platphorm/logic,platform-response,logic,business-logic,3,3,medium,business-logic classified as logic with reuse potential across 3 repositories and 3 files.,"mbarbine__desert-bus, mbarbine__platphorm-jules, mbarbine__platphorm-svg-factory"
shared-logic,@platphorm/logic,site-config,logic,business-logic,3,3,medium,business-logic classified as logic with reuse potential across 3 repositories and 3 files.,"mbarbine__drone-reel-webby, mbarbine__gta-6-countdown-webby, mbarbine__platphorm-redteam-arma-landing"
shared-observability,@platphorm/observability,sitemap,observability,observability-module,3,3,medium,observability-module classified as observability with reuse potential across 3 repositories and 3 files.,"mbarbine__email-reading-service-webby, mbarbine__fashion-sadiepass-WWW, ph3ar__platphorm-admin-dashboard"
shared-observability,@platphorm/observability,robots,observability,observability-module,3,3,medium,observability-module classified as observability with reuse potential across 3 repositories and 3 files.,"mbarbine__email-reading-service-webby, mbarbine__platphorm-trace, ph3ar__platphorm-admin-dashboard"
shared-backend,@platphorm/backend,api-docs,backend,api-docs,3,3,medium,api-docs classified as backend with reuse potential across 3 repositories and 3 files.,"mbarbine__fashion-sadiepass-WWW, mbarbine__gta-6-countdown-webby, mbarbine__platphorm-content-showback-dashboard"
shared-backend,@platphorm/backend,mcp-route,backend,mcp-server,3,3,medium,mcp-server classified as backend with reuse potential across 3 repositories and 3 files.,"mbarbine__fortune-cookie-webby-yj, mbarbine__platphorm-ascii, mbarbine__platphorm-evals"
shared-process,@platphorm/process,readme-foxio,process,process-document,3,3,medium,process-document classified as process with reuse potential across 3 repositories and 3 files.,"mbarbine__foxio-labs, mbarbine__threatrelay-webby, ph3ar__ph3ar-docs-enhanced-labs"
shared-process,@platphorm/process,ja4-h-draft,process,process-document,3,3,medium,process-document classified as process with reuse potential across 3 repositories and 3 files.,"mbarbine__foxio-labs, mbarbine__threatrelay-webby, ph3ar__ph3ar-docs-enhanced-labs"
shared-process,@platphorm/process,labs-draft,process,process-document,3,3,medium,process-document classified as process with reuse potential across 3 repositories and 3 files.,"mbarbine__foxio-labs, mbarbine__threatrelay-webby, ph3ar__ph3ar-docs-enhanced-labs"
shared-process,@platphorm/process,ja4-s-draft,process,process-document,3,3,medium,process-document classified as process with reuse potential across 3 repositories and 3 files.,"mbarbine__foxio-labs, mbarbine__threatrelay-webby, ph3ar__ph3ar-docs-enhanced-labs"
shared-process,@platphorm/process,ja4-tcpserver-fprinting-draft,process,process-document,3,3,medium,process-document classified as process with reuse potential across 3 repositories and 3 files.,"mbarbine__foxio-labs, mbarbine__threatrelay-webby, ph3ar__ph3ar-docs-enhanced-labs"
shared-process,@platphorm/process,calculations-final-draft,process,process-document,3,3,medium,process-document classified as process with reuse potential across 3 repositories and 3 files.,"mbarbine__foxio-labs, mbarbine__threatrelay-webby, ph3ar__ph3ar-docs-enhanced-labs"
shared-process,@platphorm/process,ja4-overview,process,process-document,3,3,medium,process-document classified as process with reuse potential across 3 repositories and 3 files.,"mbarbine__foxio-labs, mbarbine__threatrelay-webby, ph3ar__ph3ar-docs-enhanced-labs"
shared-process,@platphorm/process,ja4-calculations-draft,process,process-document,3,3,medium,process-document classified as process with reuse potential across 3 repositories and 3 files.,"mbarbine__foxio-labs, mbarbine__threatrelay-webby, ph3ar__ph3ar-docs-enhanced-labs"
shared-process,@platphorm/process,ja4-calc2,process,process-document,3,3,medium,process-document classified as process with reuse potential across 3 repositories and 3 files.,"mbarbine__foxio-labs, mbarbine__threatrelay-webby, ph3ar__ph3ar-docs-enhanced-labs"
shared-process,@platphorm/process,ja4-tcpscan-draft,process,process-document,3,3,medium,process-document classified as process with reuse potential across 3 repositories and 3 files.,"mbarbine__foxio-labs, mbarbine__threatrelay-webby, ph3ar__ph3ar-docs-enhanced-labs"
shared-process,@platphorm/process,detection-lab2,process,process-document,3,3,medium,process-document classified as process with reuse potential across 3 repositories and 3 files.,"mbarbine__foxio-labs, mbarbine__threatrelay-webby, ph3ar__ph3ar-docs-enhanced-labs"
shared-process,@platphorm/process,ja4-l-draft,process,process-document,3,3,medium,process-document classified as process with reuse potential across 3 repositories and 3 files.,"mbarbine__foxio-labs, mbarbine__threatrelay-webby, ph3ar__ph3ar-docs-enhanced-labs"
shared-process,@platphorm/process,beginner-lab-1,process,process-document,3,3,medium,process-document classified as process with reuse potential across 3 repositories and 3 files.,"mbarbine__foxio-labs, mbarbine__threatrelay-webby, ph3ar__ph3ar-docs-enhanced-labs"
shared-process,@platphorm/process,beginner-lab-0,process,process-document,3,3,medium,process-document classified as process with reuse potential across 3 repositories and 3 files.,"mbarbine__foxio-labs, mbarbine__threatrelay-webby, ph3ar__ph3ar-docs-enhanced-labs"
shared-process,@platphorm/process,lab0,process,process-document,3,3,medium,process-document classified as process with reuse potential across 3 repositories and 3 files.,"mbarbine__foxio-labs, mbarbine__threatrelay-webby, ph3ar__ph3ar-docs-enhanced-labs"
shared-process,@platphorm/process,lab1,process,process-document,3,3,medium,process-document classified as process with reuse potential across 3 repositories and 3 files.,"mbarbine__foxio-labs, mbarbine__threatrelay-webby, ph3ar__ph3ar-docs-enhanced-labs"
shared-process,@platphorm/process,ja4-ls,process,process-document,3,3,medium,process-document classified as process with reuse potential across 3 repositories and 3 files.,"mbarbine__foxio-labs, mbarbine__threatrelay-webby, ph3ar__ph3ar-docs-enhanced-labs"
shared-process,@platphorm/process,ja4-l,process,process-document,3,3,medium,process-document classified as process with reuse potential across 3 repositories and 3 files.,"mbarbine__foxio-labs, mbarbine__threatrelay-webby, ph3ar__ph3ar-docs-enhanced-labs"
shared-process,@platphorm/process,ja3-ja4,process,process-document,3,3,medium,process-document classified as process with reuse potential across 3 repositories and 3 files.,"mbarbine__foxio-labs, mbarbine__threatrelay-webby, ph3ar__ph3ar-docs-enhanced-labs"
shared-process,@platphorm/process,labs,process,process-document,3,3,medium,process-document classified as process with reuse potential across 3 repositories and 3 files.,"mbarbine__foxio-labs, mbarbine__threatrelay-webby, ph3ar__ph3ar-docs-enhanced-labs"
shared-process,@platphorm/process,about,process,process-document,3,3,medium,process-document classified as process with reuse potential across 3 repositories and 3 files.,"mbarbine__foxio-labs, mbarbine__threatrelay-webby, ph3ar__ph3ar-docs-enhanced-labs"
shared-process,@platphorm/process,intermediate-ja4-t-lab2,process,process-document,3,3,medium,process-document classified as process with reuse potential across 3 repositories and 3 files.,"mbarbine__foxio-labs, mbarbine__threatrelay-webby, ph3ar__ph3ar-docs-enhanced-labs"
shared-process,@platphorm/process,ja4-s-intermediate,process,process-document,3,3,medium,process-document classified as process with reuse potential across 3 repositories and 3 files.,"mbarbine__foxio-labs, mbarbine__threatrelay-webby, ph3ar__ph3ar-docs-enhanced-labs"
shared-process,@platphorm/process,intermediate-lab1,process,process-document,3,3,medium,process-document classified as process with reuse potential across 3 repositories and 3 files.,"mbarbine__foxio-labs, mbarbine__threatrelay-webby, ph3ar__ph3ar-docs-enhanced-labs"
shared-process,@platphorm/process,ja4-h-intermediate,process,process-document,3,3,medium,process-document classified as process with reuse potential across 3 repositories and 3 files.,"mbarbine__foxio-labs, mbarbine__threatrelay-webby, ph3ar__ph3ar-docs-enhanced-labs"
shared-process,@platphorm/process,ja4-t-lab,process,process-document,3,3,medium,process-document classified as process with reuse potential across 3 repositories and 3 files.,"mbarbine__foxio-labs, mbarbine__threatrelay-webby, ph3ar__ph3ar-docs-enhanced-labs"
shared-logic,@platphorm/logic,translations,logic,business-logic,3,3,medium,business-logic classified as logic with reuse potential across 3 repositories and 3 files.,"mbarbine__hot-chocolate-for-profit-webby, mbarbine__platphorm-design, mbarbine__platphorm-signs"
shared-automation,@platphorm/automation,docker-compose-override,automation,container-automation,3,3,medium,container-automation classified as automation with reuse potential across 3 repositories and 3 files.,"mbarbine__legacy-platphorm-news, mbarbine__n8n, mbarbine__wildduck"
shared-observability,@platphorm/observability,constants,observability,observability-module,3,3,medium,observability-module classified as observability with reuse potential across 3 repositories and 3 files.,"mbarbine__legacy-platphorm-news, mbarbine__news-api, mbarbine__two-doller-web"
shared-security,@platphorm/security,news,security,security-module,3,3,medium,security-module classified as security with reuse potential across 3 repositories and 3 files.,"mbarbine__legacy-platphorm-news, mbarbine__news-api, mbarbine__platphormnews-www-prod"
shared-backend,@platphorm/backend,layout-server,backend,backend-module,3,3,medium,backend-module classified as backend with reuse potential across 3 repositories and 3 files.,"mbarbine__legacy-platphorm-news, mbarbine__news-api, mbarbine__platphormnews-www-prod"
shared-backend,@platphorm/backend,signup,backend,api-route,3,3,medium,api-route classified as backend with reuse potential across 3 repositories and 3 files.,"mbarbine__legacy-platphorm-news, mbarbine__news-api, mbarbine__platphorm-agentui"
shared-backend,@platphorm/backend,login,backend,api-route,3,3,medium,api-route classified as backend with reuse potential across 3 repositories and 3 files.,"mbarbine__legacy-platphorm-news, mbarbine__news-api, mbarbine__platphorm-agentui"
shared-logic,@platphorm/logic,cn,logic,utility,3,3,medium,utility classified as logic with reuse potential across 3 repositories and 3 files.,"mbarbine__mailthing-main, mbarbine__platphorm-evals, ph3ar__stripe-subscription-starter"
shared-ui,@platphorm/ui,navbar,ui,ui-primitive,3,3,medium,ui-primitive classified as ui with reuse potential across 3 repositories and 3 files.,"mbarbine__mailthing-main, mbarbine__platphorm-business-EmployerServicesIncorporated, ph3ar__stripe-subscription-starter"
shared-frontend,@platphorm/frontend,logo,frontend,feature-ui,3,3,medium,feature-ui classified as frontend with reuse potential across 3 repositories and 3 files.,"mbarbine__mailthing-main, ph3ar__stripe-subscription-starter, process-co__npm-element-dev-server"
shared-observability,@platphorm/observability,auth-config,observability,observability-module,3,3,medium,observability-module classified as observability with reuse potential across 3 repositories and 3 files.,"mbarbine__nextjs-ai-4, mbarbine__nextjs-ai-chatbot, mbarbine__ph3ar-chatbot"
shared-ai,@platphorm/ai,actions,ai,ai-chat,3,3,medium,ai-chat classified as ai with reuse potential across 3 repositories and 3 files.,"mbarbine__nextjs-ai-4, mbarbine__nextjs-ai-chatbot, mbarbine__ph3ar-chatbot"
shared-frontend,@platphorm/frontend,markdown,frontend,feature-ui,3,3,medium,feature-ui classified as frontend with reuse potential across 3 repositories and 3 files.,"mbarbine__nextjs-ai-4, mbarbine__nextjs-ai-chatbot, mbarbine__ph3ar-chatbot"
shared-ai,@platphorm/ai,model-selector,ai,feature-ui,3,3,medium,feature-ui classified as ai with reuse potential across 3 repositories and 3 files.,"mbarbine__nextjs-ai-4, mbarbine__nextjs-ai-chatbot, mbarbine__ph3ar-chatbot"
shared-frontend,@platphorm/frontend,use-scroll-to-bottom,frontend,frontend-hook,3,3,medium,frontend-hook classified as frontend with reuse potential across 3 repositories and 3 files.,"mbarbine__nextjs-ai-4, mbarbine__nextjs-ai-chatbot, mbarbine__ph3ar-chatbot"
shared-ai,@platphorm/ai,message-editor,ai,editor-feature,3,3,medium,editor-feature classified as ai with reuse potential across 3 repositories and 3 files.,"mbarbine__nextjs-ai-4, mbarbine__nextjs-ai-chatbot, mbarbine__ph3ar-chatbot"
shared-frontend,@platphorm/frontend,auth-form,frontend,feature-ui,3,3,medium,feature-ui classified as frontend with reuse potential across 3 repositories and 3 files.,"mbarbine__nextjs-ai-4, mbarbine__nextjs-ai-chatbot, mbarbine__ph3ar-chatbot"
shared-ai,@platphorm/ai,chat-header,ai,feature-ui,3,3,medium,feature-ui classified as ai with reuse potential across 3 repositories and 3 files.,"mbarbine__nextjs-ai-4, mbarbine__nextjs-ai-chatbot, mbarbine__ph3ar-chatbot"
shared-ai,@platphorm/ai,multimodal-input,ai,feature-ui,3,3,medium,feature-ui classified as ai with reuse potential across 3 repositories and 3 files.,"mbarbine__nextjs-ai-4, mbarbine__nextjs-ai-chatbot, mbarbine__ph3ar-chatbot"
shared-ai,@platphorm/ai,message,ai,feature-ui,3,3,medium,feature-ui classified as ai with reuse potential across 3 repositories and 3 files.,"mbarbine__nextjs-ai-4, mbarbine__nextjs-ai-chatbot, mbarbine__ph3ar-chatbot"
shared-ai,@platphorm/ai,messages,ai,feature-ui,3,3,medium,feature-ui classified as ai with reuse potential across 3 repositories and 3 files.,"mbarbine__nextjs-ai-4, mbarbine__nextjs-ai-chatbot, mbarbine__ph3ar-chatbot"
shared-ai,@platphorm/ai,chat,ai,feature-ui,3,3,medium,feature-ui classified as ai with reuse potential across 3 repositories and 3 files.,"mbarbine__nextjs-ai-4, mbarbine__nextjs-ai-chatbot, mbarbine__ph3ar-chatbot"
shared-frontend,@platphorm/frontend,suggested-actions,frontend,feature-ui,3,3,medium,feature-ui classified as frontend with reuse potential across 3 repositories and 3 files.,"mbarbine__nextjs-ai-4, mbarbine__nextjs-ai-chatbot, mbarbine__ph3ar-chatbot"
shared-ai,@platphorm/ai,use-chat-visibility,ai,ai-chat,3,3,medium,ai-chat classified as ai with reuse potential across 3 repositories and 3 files.,"mbarbine__nextjs-ai-4, mbarbine__nextjs-ai-chatbot, mbarbine__ph3ar-chatbot"
shared-ai,@platphorm/ai,utils,ai,ai-integration,3,3,medium,ai-integration classified as ai with reuse potential across 3 repositories and 3 files.,"mbarbine__nextjs-ai-4, mbarbine__nextjs-ai-chatbot, mbarbine__ph3ar-chatbot"
shared-logic,@platphorm/logic,get-weather,logic,business-logic,3,3,medium,business-logic classified as logic with reuse potential across 3 repositories and 3 files.,"mbarbine__nextjs-ai-4, mbarbine__nextjs-ai-chatbot, mbarbine__ph3ar-chatbot"
shared-ai,@platphorm/ai,request-suggestions,ai,ai-integration,3,3,medium,ai-integration classified as ai with reuse potential across 3 repositories and 3 files.,"mbarbine__nextjs-ai-4, mbarbine__nextjs-ai-chatbot, mbarbine__ph3ar-chatbot"
shared-logic,@platphorm/logic,migrate,logic,business-logic,3,3,medium,business-logic classified as logic with reuse potential across 3 repositories and 3 files.,"mbarbine__nextjs-ai-4, mbarbine__nextjs-ai-chatbot, mbarbine__ph3ar-chatbot"
shared-logic,@platphorm/logic,0003-snapshot,logic,business-logic,3,3,medium,business-logic classified as logic with reuse potential across 3 repositories and 3 files.,"mbarbine__nextjs-ai-4, mbarbine__nextjs-ai-chatbot, mbarbine__ph3ar-chatbot"
shared-logic,@platphorm/logic,0004-snapshot,logic,business-logic,3,3,medium,business-logic classified as logic with reuse potential across 3 repositories and 3 files.,"mbarbine__nextjs-ai-4, mbarbine__nextjs-ai-chatbot, mbarbine__ph3ar-chatbot"
shared-logic,@platphorm/logic,0000-snapshot,logic,business-logic,3,3,medium,business-logic classified as logic with reuse potential across 3 repositories and 3 files.,"mbarbine__nextjs-ai-4, mbarbine__nextjs-ai-chatbot, mbarbine__ph3ar-chatbot"
shared-logic,@platphorm/logic,0001-snapshot,logic,business-logic,3,3,medium,business-logic classified as logic with reuse potential across 3 repositories and 3 files.,"mbarbine__nextjs-ai-4, mbarbine__nextjs-ai-chatbot, mbarbine__ph3ar-chatbot"
shared-logic,@platphorm/logic,0002-snapshot,logic,business-logic,3,3,medium,business-logic classified as logic with reuse potential across 3 repositories and 3 files.,"mbarbine__nextjs-ai-4, mbarbine__nextjs-ai-chatbot, mbarbine__ph3ar-chatbot"
shared-logic,@platphorm/logic,react-renderer,logic,editor-feature,3,3,medium,editor-feature classified as logic with reuse potential across 3 repositories and 3 files.,"mbarbine__nextjs-ai-4, mbarbine__nextjs-ai-chatbot, mbarbine__ph3ar-chatbot"
shared-logic,@platphorm/logic,suggestions,logic,editor-feature,3,3,medium,editor-feature classified as logic with reuse potential across 3 repositories and 3 files.,"mbarbine__nextjs-ai-4, mbarbine__nextjs-ai-chatbot, mbarbine__ph3ar-chatbot"
shared-frontend,@platphorm/frontend,ph3ar-modal,frontend,feature-ui,3,3,medium,feature-ui classified as frontend with reuse potential across 3 repositories and 3 files.,"mbarbine__nuclear-power-plant-webby-NPaaS, mbarbine__platphorm-insights, mbarbine__platphorm-monitor"
shared-logic,@platphorm/logic,aeo-geo,logic,business-logic,3,3,medium,business-logic classified as logic with reuse potential across 3 repositories and 3 files.,"mbarbine__onboard-platphorm-boilerplate-repo, mbarbine__platphorm-opencontent, mbarbine__platphorm-opendocs"
shared-backend,@platphorm/backend,documents,backend,api-route,3,3,medium,api-route classified as backend with reuse potential across 3 repositories and 3 files.,"mbarbine__onboard-platphorm-boilerplate-repo, mbarbine__platphorm-opencontent, mbarbine__platphorm-opendocs"
shared-backend,@platphorm/backend,submissions,backend,api-route,3,3,medium,api-route classified as backend with reuse potential across 3 repositories and 3 files.,"mbarbine__onboard-platphorm-boilerplate-repo, mbarbine__platphorm-opencontent, mbarbine__platphorm-opendocs"
shared-backend,@platphorm/backend,categories,backend,api-route,3,3,medium,api-route classified as backend with reuse potential across 3 repositories and 3 files.,"mbarbine__onboard-platphorm-boilerplate-repo, mbarbine__platphorm-opencontent, mbarbine__platphorm-opendocs"
shared-backend,@platphorm/backend,version,backend,api-route,3,3,medium,api-route classified as backend with reuse potential across 3 repositories and 3 files.,"mbarbine__onboard-platphorm-boilerplate-repo, mbarbine__platphorm-opencontent, mbarbine__platphorm-opendocs"
shared-backend,@platphorm/backend,discovery-routes,backend,api-route,3,3,medium,api-route classified as backend with reuse potential across 3 repositories and 3 files.,"mbarbine__onboard-platphorm-boilerplate-repo, mbarbine__platphorm-opencontent, mbarbine__platphorm-opendocs"
shared-backend,@platphorm/backend,documents-slug,backend,api-route,3,3,medium,api-route classified as backend with reuse potential across 3 repositories and 3 files.,"mbarbine__onboard-platphorm-boilerplate-repo, mbarbine__platphorm-opencontent, mbarbine__platphorm-opendocs"
shared-frontend,@platphorm/frontend,icons,frontend,feature-ui,3,3,medium,feature-ui classified as frontend with reuse potential across 3 repositories and 3 files.,"mbarbine__ph3ar-admin-dashboard, mbarbine__vanlife-website, ph3ar__platphorm-admin-dashboard"
shared-ai,@platphorm/ai,settings,ai,ai-integration,3,3,medium,ai-integration classified as ai with reuse potential across 3 repositories and 3 files.,"mbarbine__ph3ar-admin-dashboard, ph3ar__mailthing-webby, ph3ar__platphorm-admin-dashboard"
shared-security,@platphorm/security,docker-compose,security,security-module,3,3,medium,security-module classified as security with reuse potential across 3 repositories and 3 files.,"mbarbine__ph3ar-web, mbarbine__process-clone, mbarbine__xsociety"
shared-logic,@platphorm/logic,url-safety,logic,business-logic,3,3,medium,business-logic classified as logic with reuse potential across 3 repositories and 3 files.,"mbarbine__platphorm-404, mbarbine__platphorm-desa, mbarbine__platphorm-space-news"
shared-process,@platphorm/process,quick-start,process,process-document,3,3,medium,process-document classified as process with reuse potential across 3 repositories and 3 files.,"mbarbine__platphorm-agentui, mbarbine__platphorm-design, mbarbine__wildduck"
shared-backend,@platphorm/backend,well-known,backend,api-route,3,3,medium,api-route classified as backend with reuse potential across 3 repositories and 3 files.,"mbarbine__platphorm-agentui, mbarbine__platphorm-insights, mbarbine__platphorm-spec-workbench"
shared-logic,@platphorm/logic,key-generator,logic,business-logic,3,3,medium,business-logic classified as logic with reuse potential across 3 repositories and 3 files.,"mbarbine__platphorm-agentui, mbarbine__platphorm-evals, mbarbine__platphorm-webhook-simulator"
shared-logic,@platphorm/logic,llms,logic,business-logic,3,3,medium,business-logic classified as logic with reuse potential across 3 repositories and 3 files.,"mbarbine__platphorm-agentui, mbarbine__platphorm-browserops, mbarbine__platphorm-evals"
shared-logic,@platphorm/logic,errors,logic,business-logic,3,3,medium,business-logic classified as logic with reuse potential across 3 repositories and 3 files.,"mbarbine__platphorm-agentui, mbarbine__platphorm-evals, mbarbine__platphorm-webhook-simulator"
shared-frontend,@platphorm/frontend,providers,frontend,ui-provider,3,3,medium,ui-provider classified as frontend with reuse potential across 3 repositories and 3 files.,"mbarbine__platphorm-auction-vice, mbarbine__platphorm-jules, mbarbine__platphorm-zine-reader"
shared-logic,@platphorm/logic,content,logic,business-logic,3,3,medium,business-logic classified as logic with reuse potential across 3 repositories and 3 files.,"mbarbine__platphorm-bbs, mbarbine__platphorm-mcp, mbarbine__vanagain-dot-com-prod"
shared-logic,@platphorm/logic,headers,logic,business-logic,3,3,medium,business-logic classified as logic with reuse potential across 3 repositories and 3 files.,"mbarbine__platphorm-browserops, mbarbine__platphorm-layout, mbarbine__platphorm-trace"
shared-logic,@platphorm/logic,analysis,logic,business-logic,3,3,medium,business-logic classified as logic with reuse potential across 3 repositories and 3 files.,"mbarbine__platphorm-fingerprint-service, mbarbine__platphorm-msi-editor, mbarbine__platphorm-sheets"
shared-process,@platphorm/process,standards,process,process-document,3,3,medium,process-document classified as process with reuse potential across 3 repositories and 3 files.,"mbarbine__platphorm-insights, mbarbine__platphorm-polymaths, mbarbine__platphorm-trace"
shared-frontend,@platphorm/frontend,faq,frontend,feature-ui,3,3,medium,feature-ui classified as frontend with reuse potential across 3 repositories and 3 files.,"mbarbine__platphorm-json, mbarbine__platphorm-jules, mbarbine__scratchcraft"
shared-frontend,@platphorm/frontend,route,frontend,frontend-hook,3,3,medium,frontend-hook classified as frontend with reuse potential across 3 repositories and 3 files.,"mbarbine__platphorm-jules, mbarbine__platphorm-mini-games-webby, mbarbine__two-doller-web"
shared-observability,@platphorm/observability,de,observability,observability-module,3,3,medium,observability-module classified as observability with reuse potential across 3 repositories and 3 files.,"mbarbine__platphorm-layout, mbarbine__platphorm-onboard, mbarbine__vanagain-site"
shared-logic,@platphorm/logic,faq,logic,business-logic,3,3,medium,business-logic classified as logic with reuse potential across 3 repositories and 3 files.,"mbarbine__platphorm-mcp, mbarbine__platphorm-onboard, mbarbine__platphormnews-www-prod"
shared-automation,@platphorm/automation,proxy,automation,automation-config,3,3,medium,automation-config classified as automation with reuse potential across 3 repositories and 3 files.,"mbarbine__platphorm-onboard, mbarbine__platphorm-polymarket-rss-feed, mbarbine__two-doller-web"
shared-security,@platphorm/security,zh,security,security-module,3,3,medium,security-module classified as security with reuse potential across 3 repositories and 3 files.,"mbarbine__platphorm-onboard, mbarbine__two-doller-web, mbarbine__vanagain-site"
shared-security,@platphorm/security,ja,security,security-module,3,3,medium,security-module classified as security with reuse potential across 3 repositories and 3 files.,"mbarbine__platphorm-onboard, mbarbine__two-doller-web, mbarbine__vanagain-site"
shared-backend,@platphorm/backend,network,backend,api-route,3,3,medium,api-route classified as backend with reuse potential across 3 repositories and 3 files.,"mbarbine__platphorm-opencontent, mbarbine__platphorm-opendocs, mbarbine__platphorm-polymaths"
shared-frontend,@platphorm/frontend,i18n-provider,frontend,ui-provider,3,3,medium,ui-provider classified as frontend with reuse potential across 3 repositories and 3 files.,"mbarbine__platphorm-reader, mbarbine__platphorm-shipments, mbarbine__platphorm-xml"
shared-logic,@platphorm/logic,stannp,logic,business-logic,3,3,medium,business-logic classified as logic with reuse potential across 3 repositories and 3 files.,"mbarbine__platphorm-stannp-api-wrapper, mbarbine__stannp-nextjs-bp, ph3ar__mailthing-webby"
shared-automation,@platphorm/automation,vpc-properties,automation,script,2,8,medium,script classified as automation with reuse potential across 2 repositories and 8 files.,"mbarbine__Scripts, mbarbine__xsociety"
shared-ai,@platphorm/ai,server,ai,ai-integration,2,8,medium,ai-integration classified as ai with reuse potential across 2 repositories and 8 files.,"mbarbine__nextjs-ai-4, mbarbine__ph3ar-chatbot"
shared-automation,@platphorm/automation,gradlew,automation,script,2,6,medium,script classified as automation with reuse potential across 2 repositories and 6 files.,"mbarbine__Scripts, mbarbine__xsociety"
shared-logic,@platphorm/logic,server,logic,utility,2,6,medium,utility classified as logic with reuse potential across 2 repositories and 6 files.,"mbarbine__mailthing-main, ph3ar__stripe-subscription-starter"
shared-automation,@platphorm/automation,cleanup,automation,script,2,5,medium,script classified as automation with reuse potential across 2 repositories and 5 files.,"mbarbine__PH3AR-WEBBY, mbarbine__Scripts"
shared-logic,@platphorm/logic,client,logic,utility,2,5,medium,utility classified as logic with reuse potential across 2 repositories and 5 files.,"mbarbine__mailthing-main, ph3ar__stripe-subscription-starter"
shared-automation,@platphorm/automation,make,automation,script,2,4,medium,script classified as automation with reuse potential across 2 repositories and 4 files.,"mbarbine__Scripts, mbarbine__xsociety"
shared-automation,@platphorm/automation,startup-with-proxy,automation,script,2,4,medium,script classified as automation with reuse potential across 2 repositories and 4 files.,"mbarbine__ja4-sidecar, mbarbine__wildduck"
shared-process,@platphorm/process,ja4l,process,process-document,2,4,medium,process-document classified as process with reuse potential across 2 repositories and 4 files.,"mbarbine__ja4-sidecar, mbarbine__ja4mlab"
shared-logic,@platphorm/logic,zine-data,logic,business-logic,2,4,medium,business-logic classified as logic with reuse potential across 2 repositories and 4 files.,"mbarbine__platphorm-alleycats, mbarbine__platphorm-zine-reader"
shared-logic,@platphorm/logic,use-preferences,logic,business-logic,2,4,medium,business-logic classified as logic with reuse potential across 2 repositories and 4 files.,"mbarbine__platphorm-alleycats, mbarbine__platphorm-zine-reader"
shared-logic,@platphorm/logic,interpolators,logic,business-logic,2,4,medium,business-logic classified as logic with reuse potential across 2 repositories and 4 files.,"mbarbine__platphorm-codex, mbarbine__platphorm-decks"
shared-logic,@platphorm/logic,scroll-engine,logic,business-logic,2,4,medium,business-logic classified as logic with reuse potential across 2 repositories and 4 files.,"mbarbine__platphorm-codex, mbarbine__platphorm-decks"
shared-logic,@platphorm/logic,audio-engine,logic,business-logic,2,4,medium,business-logic classified as logic with reuse potential across 2 repositories and 4 files.,"mbarbine__platphorm-quake, mbarbine__platphormnews-www-prod"
shared-logic,@platphorm/logic,validator,logic,schema-validation,2,4,medium,schema-validation classified as logic with reuse potential across 2 repositories and 4 files.,"mbarbine__platphorm-spec-workbench, mbarbine__platphorm-trace"
shared-logic,@platphorm/logic,vitals,logic,business-logic,2,3,medium,business-logic classified as logic with reuse potential across 2 repositories and 3 files.,"mbarbine__PH3AR-WEBBY, mbarbine__news-api"
shared-process,@platphorm/process,proguard-project,process,process-document,2,3,medium,process-document classified as process with reuse potential across 2 repositories and 3 files.,"mbarbine__Scripts, mbarbine__xsociety"
shared-process,@platphorm/process,plugins,process,process-document,2,3,medium,process-document classified as process with reuse potential across 2 repositories and 3 files.,"mbarbine__Scripts, mbarbine__xsociety"
shared-automation,@platphorm/automation,index,automation,automation-config,2,3,medium,automation-config classified as automation with reuse potential across 2 repositories and 3 files.,"mbarbine__Scripts, mbarbine__shopify-theme-vanagain"
shared-automation,@platphorm/automation,script,automation,automation-config,2,3,medium,automation-config classified as automation with reuse potential across 2 repositories and 3 files.,"mbarbine__Scripts, mbarbine__xsociety"
shared-logic,@platphorm/logic,jobs,logic,business-logic,2,3,medium,business-logic classified as logic with reuse potential across 2 repositories and 3 files.,"mbarbine__autographed-bibles-webby, mbarbine__calendar-app-webby"
shared-logic,@platphorm/logic,kanban,logic,business-logic,2,3,medium,business-logic classified as logic with reuse potential across 2 repositories and 3 files.,"mbarbine__calendar-app-webby, mbarbine__hot-chocolate-for-profit-webby"
shared-ai,@platphorm/ai,ai,ai,ai-integration,2,3,medium,ai-integration classified as ai with reuse potential across 2 repositories and 3 files.,"mbarbine__fortune-cookie-webby-yj, mbarbine__platphorm-insights"
shared-logic,@platphorm/logic,sitemap,logic,business-logic,2,3,medium,business-logic classified as logic with reuse potential across 2 repositories and 3 files.,"mbarbine__platphorm-404, mbarbine__platphormnews-www-prod"
shared-logic,@platphorm/logic,rss,logic,business-logic,2,3,medium,business-logic classified as logic with reuse potential across 2 repositories and 3 files.,"mbarbine__platphorm-base, mbarbine__platphorm-bbs"
shared-logic,@platphorm/logic,openapi-spec,logic,business-logic,2,3,medium,business-logic classified as logic with reuse potential across 2 repositories and 3 files.,"mbarbine__platphorm-base, mbarbine__platphorm-cobol"
shared-ai,@platphorm/ai,route,ai,ai-chat,2,3,medium,ai-chat classified as ai with reuse potential across 2 repositories and 3 files.,"mbarbine__platphorm-bbs, mbarbine__platphorm-podcasts"
shared-logic,@platphorm/logic,claws-client,logic,business-logic,2,3,medium,business-logic classified as logic with reuse potential across 2 repositories and 3 files.,"mbarbine__platphorm-evals, mbarbine__platphorm-sandbox"
shared-logic,@platphorm/logic,handler,logic,business-logic,2,3,medium,business-logic classified as logic with reuse potential across 2 repositories and 3 files.,"mbarbine__platphorm-fingerprint-service, mbarbine__platphorm-monitor"
shared-logic,@platphorm/logic,executor,logic,business-logic,2,3,medium,business-logic classified as logic with reuse potential across 2 repositories and 3 files.,"mbarbine__platphorm-insights, mbarbine__platphorm-webhook-simulator"
shared-logic,@platphorm/logic,platphorm,logic,business-logic,2,3,medium,business-logic classified as logic with reuse potential across 2 repositories and 3 files.,"mbarbine__platphorm-insights, mbarbine__platphorm-trace"
shared-logic,@platphorm/logic,github,logic,business-logic,2,3,medium,business-logic classified as logic with reuse potential across 2 repositories and 3 files.,"mbarbine__platphorm-jules, mbarbine__platphorm-mcp"
shared-logic,@platphorm/logic,mcp-register,logic,business-logic,2,3,medium,business-logic classified as logic with reuse potential across 2 repositories and 3 files.,"mbarbine__platphorm-kanban, mbarbine__platphorm-reader"
shared-logic,@platphorm/logic,audit,logic,business-logic,2,3,medium,business-logic classified as logic with reuse potential across 2 repositories and 3 files.,"mbarbine__platphorm-keys, mbarbine__platphorm-register"
shared-logic,@platphorm/logic,producthunt,logic,business-logic,2,3,medium,business-logic classified as logic with reuse potential across 2 repositories and 3 files.,"mbarbine__platphorm-mcp, mbarbine__platphorm-webhook-simulator"
shared-logic,@platphorm/logic,categories,logic,business-logic,2,3,medium,business-logic classified as logic with reuse potential across 2 repositories and 3 files.,"mbarbine__platphorm-mcp, mbarbine__platphorm-podcasts"
shared-logic,@platphorm/logic,validate,logic,business-logic,2,3,medium,business-logic classified as logic with reuse potential across 2 repositories and 3 files.,"mbarbine__platphorm-openclaw, mbarbine__platphorm-podcasts"
shared-logic,@platphorm/logic,crypto,logic,business-logic,2,3,medium,business-logic classified as logic with reuse potential across 2 repositories and 3 files.,"mbarbine__platphorm-openclaw, mbarbine__platphorm-vercel-atlas"
shared-logic,@platphorm/logic,claws-sdk,logic,business-logic,2,3,medium,business-logic classified as logic with reuse potential across 2 repositories and 3 files.,"mbarbine__platphorm-opencontent, mbarbine__platphorm-opendocs"
shared-logic,@platphorm/logic,polymarket-api,logic,business-logic,2,3,medium,business-logic classified as logic with reuse potential across 2 repositories and 3 files.,"mbarbine__platphorm-polymarket-rss-feed, mbarbine__platphorm-shipments"
shared-logic,@platphorm/logic,hn,logic,business-logic,2,3,medium,business-logic classified as logic with reuse potential across 2 repositories and 3 files.,"mbarbine__platphorm-quake, mbarbine__platphormnews-www-prod"
shared-logic,@platphorm/logic,flags,logic,business-logic,2,3,medium,business-logic classified as logic with reuse potential across 2 repositories and 3 files.,"mbarbine__platphorm-reader, mbarbine__vanagain-dot-com-prod"
shared-automation,@platphorm/automation,monitor-mtips-environment,automation,script,2,2,medium,script classified as automation with reuse potential across 2 repositories and 2 files.,"mbarbine__Scripts, mbarbine__xsociety"
shared-automation,@platphorm/automation,headers,automation,script,2,2,medium,script classified as automation with reuse potential across 2 repositories and 2 files.,"mbarbine__Scripts, mbarbine__xsociety"
shared-automation,@platphorm/automation,add-piv-key,automation,script,2,2,medium,script classified as automation with reuse potential across 2 repositories and 2 files.,"mbarbine__Scripts, mbarbine__xsociety"
shared-automation,@platphorm/automation,create-options,automation,script,2,2,medium,script classified as automation with reuse potential across 2 repositories and 2 files.,"mbarbine__Scripts, mbarbine__xsociety"
shared-automation,@platphorm/automation,converge-nacls,automation,script,2,2,medium,script classified as automation with reuse potential across 2 repositories and 2 files.,"mbarbine__Scripts, mbarbine__xsociety"
shared-process,@platphorm/process,history,process,process-document,2,2,medium,process-document classified as process with reuse potential across 2 repositories and 2 files.,"mbarbine__Scripts, mbarbine__xsociety"
shared-logic,@platphorm/logic,bs-lessdoc-parser,logic,parser,2,2,medium,parser classified as logic with reuse potential across 2 repositories and 2 files.,"mbarbine__Scripts, mbarbine__xsociety"
shared-automation,@platphorm/automation,my-get,automation,script,2,2,medium,script classified as automation with reuse potential across 2 repositories and 2 files.,"mbarbine__Scripts, mbarbine__xsociety"
shared-process,@platphorm/process,mit-license,process,process-document,2,2,medium,process-document classified as process with reuse potential across 2 repositories and 2 files.,"mbarbine__Scripts, mbarbine__xsociety"
shared-logic,@platphorm/logic,access,logic,business-logic,2,2,medium,business-logic classified as logic with reuse potential across 2 repositories and 2 files.,"mbarbine__Scripts, mbarbine__xsociety"
shared-logic,@platphorm/logic,init,logic,business-logic,2,2,medium,business-logic classified as logic with reuse potential across 2 repositories and 2 files.,"mbarbine__Scripts, mbarbine__xsociety"
shared-logic,@platphorm/logic,ready,logic,business-logic,2,2,medium,business-logic classified as logic with reuse potential across 2 repositories and 2 files.,"mbarbine__Scripts, mbarbine__xsociety"
shared-logic,@platphorm/logic,parse-html,logic,parser,2,2,medium,parser classified as logic with reuse potential across 2 repositories and 2 files.,"mbarbine__Scripts, mbarbine__xsociety"
shared-automation,@platphorm/automation,yearistype,automation,script,2,2,medium,script classified as automation with reuse potential across 2 repositories and 2 files.,"mbarbine__Scripts, mbarbine__xsociety"
shared-logic,@platphorm/logic,auth-store,logic,state-store,2,2,medium,state-store classified as logic with reuse potential across 2 repositories and 2 files.,"mbarbine__Scripts, mbarbine__vanagain-dot-com-prod"
shared-logic,@platphorm/logic,layout,logic,business-logic,2,2,medium,business-logic classified as logic with reuse potential across 2 repositories and 2 files.,"mbarbine__Scripts, mbarbine__platphorm-layout"
shared-automation,@platphorm/automation,setup,automation,automation-config,2,2,medium,automation-config classified as automation with reuse potential across 2 repositories and 2 files.,"mbarbine__Scripts, mbarbine__car-service-records"
shared-automation,@platphorm/automation,datepicker,automation,automation-config,2,2,medium,automation-config classified as automation with reuse potential across 2 repositories and 2 files.,"mbarbine__Scripts, mbarbine__vanagain-site"
shared-ai,@platphorm/ai,chat-interface,ai,feature-ui,2,2,medium,feature-ui classified as ai with reuse potential across 2 repositories and 2 files.,"mbarbine__ai-chat-interface-webby, mbarbine__platphorm-bbs"
shared-logic,@platphorm/logic,es,logic,business-logic,2,2,medium,business-logic classified as logic with reuse potential across 2 repositories and 2 files.,"mbarbine__autographed-bibles-webby, mbarbine__platphorm-trace"
shared-automation,@platphorm/automation,page,automation,page,2,2,medium,page classified as automation with reuse potential across 2 repositories and 2 files.,"mbarbine__automotive-flamethrower-webby, mbarbine__legacy-platphorm-news"
shared-automation,@platphorm/automation,create-tree,automation,script,2,2,medium,script classified as automation with reuse potential across 2 repositories and 2 files.,"mbarbine__aws-next-k8-cluster-deploy, mbarbine__xsociety"
shared-automation,@platphorm/automation,seed-complete-database,automation,automation-config,2,2,medium,automation-config classified as automation with reuse potential across 2 repositories and 2 files.,"mbarbine__burrito-dealer-www, mbarbine__platphorm-real-estate-NAD"
shared-automation,@platphorm/automation,pre-commit-check,automation,script,2,2,medium,script classified as automation with reuse potential across 2 repositories and 2 files.,"mbarbine__calendar-app-webby, mbarbine__platphorm-svg-factory"
shared-process,@platphorm/process,onboard,process,onboarding,2,2,medium,onboarding classified as process with reuse potential across 2 repositories and 2 files.,"mbarbine__calendar-app-webby, mbarbine__platphorm-kanban"
shared-logic,@platphorm/logic,ics,logic,business-logic,2,2,medium,business-logic classified as logic with reuse potential across 2 repositories and 2 files.,"mbarbine__calendar-app-webby, mbarbine__platphorm-jobs"
shared-logic,@platphorm/logic,persistence,logic,business-logic,2,2,medium,business-logic classified as logic with reuse potential across 2 repositories and 2 files.,"mbarbine__calendar-app-webby, mbarbine__platphorm-spec-workbench"
shared-process,@platphorm/process,final-summary,process,process-document,2,2,medium,process-document classified as process with reuse potential across 2 repositories and 2 files.,"mbarbine__desert-bus, mbarbine__n8n"
shared-process,@platphorm/process,design,process,process-document,2,2,medium,process-document classified as process with reuse potential across 2 repositories and 2 files.,"mbarbine__desert-bus, mbarbine__platphorm-bbs"
shared-process,@platphorm/process,readme1,process,process-document,2,2,medium,process-document classified as process with reuse potential across 2 repositories and 2 files.,"mbarbine__docker-terraform-aws-demo, mbarbine__mermaid-next-www"
shared-logic,@platphorm/logic,wildduck-api,logic,business-logic,2,2,medium,business-logic classified as logic with reuse potential across 2 repositories and 2 files.,"mbarbine__doflo-clone, mbarbine__process-clone"
shared-logic,@platphorm/logic,tracking,logic,business-logic,2,2,medium,business-logic classified as logic with reuse potential across 2 repositories and 2 files.,"mbarbine__doflo-clone, mbarbine__process-clone"
shared-logic,@platphorm/logic,process-co-api,logic,business-logic,2,2,medium,business-logic classified as logic with reuse potential across 2 repositories and 2 files.,"mbarbine__doflo-clone, mbarbine__process-clone"
shared-ai,@platphorm/ai,chat-widget,ai,feature-ui,2,2,medium,feature-ui classified as ai with reuse potential across 2 repositories and 2 files.,"mbarbine__fashion-sadiepass-WWW, mbarbine__vanagain-dot-com-prod"
shared-logic,@platphorm/logic,generator,logic,business-logic,2,2,medium,business-logic classified as logic with reuse potential across 2 repositories and 2 files.,"mbarbine__fortune-cookie-webby-yj, mbarbine__job-manager"
shared-logic,@platphorm/logic,pcap-ng-parser-d,logic,parser,2,2,medium,parser classified as logic with reuse potential across 2 repositories and 2 files.,"mbarbine__foxio-labs, ph3ar__ph3ar-docs-enhanced-labs"
shared-process,@platphorm/process,ja4-vercel,process,process-document,2,2,medium,process-document classified as process with reuse potential across 2 repositories and 2 files.,"mbarbine__foxio-labs, mbarbine__threatrelay-webby"
shared-logic,@platphorm/logic,webhookdata,logic,utility,2,2,medium,utility classified as logic with reuse potential across 2 repositories and 2 files.,"mbarbine__foxio-labs, ph3ar__ph3ar-docs-enhanced-labs"
shared-logic,@platphorm/logic,validate-env,logic,utility,2,2,medium,utility classified as logic with reuse potential across 2 repositories and 2 files.,"mbarbine__foxio-labs, ph3ar__ph3ar-docs-enhanced-labs"
shared-process,@platphorm/process,sentry-setup,process,process-document,2,2,medium,process-document classified as process with reuse potential across 2 repositories and 2 files.,"mbarbine__foxio-labs, ph3ar__ph3ar-docs-enhanced-labs"
shared-ai,@platphorm/ai,openai-prompt,ai,prompt-template,2,2,medium,prompt-template classified as ai with reuse potential across 2 repositories and 2 files.,"mbarbine__foxio-labs, ph3ar__ph3ar-docs-enhanced-labs"
shared-process,@platphorm/process,index,process,process-document,2,2,medium,process-document classified as process with reuse potential across 2 repositories and 2 files.,"mbarbine__foxio-labs, ph3ar__ph3ar-docs-enhanced-labs"
shared-process,@platphorm/process,ja4-algorithm,process,process-document,2,2,medium,process-document classified as process with reuse potential across 2 repositories and 2 files.,"mbarbine__foxio-labs, ph3ar__ph3ar-docs-enhanced-labs"
shared-process,@platphorm/process,advanced-labs-overview,process,process-document,2,2,medium,process-document classified as process with reuse potential across 2 repositories and 2 files.,"mbarbine__foxio-labs, ph3ar__ph3ar-docs-enhanced-labs"
shared-process,@platphorm/process,advaced-labs,process,process-document,2,2,medium,process-document classified as process with reuse potential across 2 repositories and 2 files.,"mbarbine__foxio-labs, ph3ar__ph3ar-docs-enhanced-labs"
shared-process,@platphorm/process,capturing-traffic-ja4-h,process,process-document,2,2,medium,process-document classified as process with reuse potential across 2 repositories and 2 files.,"mbarbine__foxio-labs, ph3ar__ph3ar-docs-enhanced-labs"
shared-logic,@platphorm/logic,ascii,logic,business-logic,2,2,medium,business-logic classified as logic with reuse potential across 2 repositories and 2 files.,"mbarbine__hot-chocolate-for-profit-webby, mbarbine__platphorm-bbs"
shared-logic,@platphorm/logic,proxy,logic,business-logic,2,2,medium,business-logic classified as logic with reuse potential across 2 repositories and 2 files.,"mbarbine__hot-chocolate-for-profit-webby, mbarbine__platphorm-mcp"
shared-automation,@platphorm/automation,localhost-proxy-entrypoint,automation,script,2,2,medium,script classified as automation with reuse potential across 2 repositories and 2 files.,"mbarbine__ja4-sidecar, mbarbine__wildduck"
shared-process,@platphorm/process,contributors,process,process-document,2,2,medium,process-document classified as process with reuse potential across 2 repositories and 2 files.,"mbarbine__ja4mlab, mbarbine__platphorm-desa"
shared-process,@platphorm/process,implementation-plan,process,process-document,2,2,medium,process-document classified as process with reuse potential across 2 repositories and 2 files.,"mbarbine__ja4mlab, mbarbine__platphorm-polymarket-rss-feed"
shared-automation,@platphorm/automation,verify,automation,script,2,2,medium,script classified as automation with reuse potential across 2 repositories and 2 files.,"mbarbine__ja4mlab, mbarbine__platphorm-sandbox"
shared-automation,@platphorm/automation,compose,automation,automation-config,2,2,medium,automation-config classified as automation with reuse potential across 2 repositories and 2 files.,"mbarbine__legacy-platphorm-news, mbarbine__platphormnews-www-prod"
shared-automation,@platphorm/automation,migrate,automation,script,2,2,medium,script classified as automation with reuse potential across 2 repositories and 2 files.,"mbarbine__legacy-platphorm-news, mbarbine__platphormnews-www-prod"
shared-logic,@platphorm/logic,date-utils,logic,utility,2,2,medium,utility classified as logic with reuse potential across 2 repositories and 2 files.,"mbarbine__legacy-platphorm-news, mbarbine__news-api"
shared-logic,@platphorm/logic,middleware,logic,utility,2,2,medium,utility classified as logic with reuse potential across 2 repositories and 2 files.,"mbarbine__mailthing-main, ph3ar__stripe-subscription-starter"
shared-logic,@platphorm/logic,queries,logic,utility,2,2,medium,utility classified as logic with reuse potential across 2 repositories and 2 files.,"mbarbine__mailthing-main, ph3ar__stripe-subscription-starter"
shared-logic,@platphorm/logic,admin,logic,utility,2,2,medium,utility classified as logic with reuse potential across 2 repositories and 2 files.,"mbarbine__mailthing-main, ph3ar__stripe-subscription-starter"
shared-logic,@platphorm/logic,settings,logic,utility,2,2,medium,utility classified as logic with reuse potential across 2 repositories and 2 files.,"mbarbine__mailthing-main, ph3ar__stripe-subscription-starter"
shared-automation,@platphorm/automation,instrumentation,automation,automation-config,2,2,medium,automation-config classified as automation with reuse potential across 2 repositories and 2 files.,"mbarbine__mermaid-next-www, mbarbine__my-first-nova-hbackers-preseo"
shared-automation,@platphorm/automation,svelte-config,automation,automation-config,2,2,medium,automation-config classified as automation with reuse potential across 2 repositories and 2 files.,"mbarbine__news-api, mbarbine__platphormnews-www-prod"
shared-ai,@platphorm/ai,toolbar,ai,feature-ui,2,2,medium,feature-ui classified as ai with reuse potential across 2 repositories and 2 files.,"mbarbine__nextjs-ai-4, mbarbine__ph3ar-chatbot"
shared-ai,@platphorm/ai,block-messages,ai,feature-ui,2,2,medium,feature-ui classified as ai with reuse potential across 2 repositories and 2 files.,"mbarbine__nextjs-ai-4, mbarbine__nextjs-ai-chatbot"
shared-logic,@platphorm/logic,update-document,logic,business-logic,2,2,medium,business-logic classified as logic with reuse potential across 2 repositories and 2 files.,"mbarbine__nextjs-ai-4, mbarbine__ph3ar-chatbot"
shared-logic,@platphorm/logic,create-document,logic,business-logic,2,2,medium,business-logic classified as logic with reuse potential across 2 repositories and 2 files.,"mbarbine__nextjs-ai-4, mbarbine__ph3ar-chatbot"
shared-logic,@platphorm/logic,ja4,logic,business-logic,2,2,medium,business-logic classified as logic with reuse potential across 2 repositories and 2 files.,"mbarbine__nuclear-power-plant-webby-NPaaS, mbarbine__platphorm-fingerprint-service"
shared-process,@platphorm/process,commit-msg,process,process-document,2,2,medium,process-document classified as process with reuse potential across 2 repositories and 2 files.,"mbarbine__onboard-platphorm-boilerplate-repo, mbarbine__platphorm-jules"
shared-process,@platphorm/process,new-internet-v1-full-spec,process,specification,2,2,medium,specification classified as process with reuse potential across 2 repositories and 2 files.,"mbarbine__onboard-platphorm-boilerplate-repo, mbarbine__platphorm-onboard"
shared-process,@platphorm/process,minimum-discoverability-matrix,process,process-document,2,2,medium,process-document classified as process with reuse potential across 2 repositories and 2 files.,"mbarbine__onboard-platphorm-boilerplate-repo, mbarbine__platphorm-onboard"
shared-ai,@platphorm/ai,user,ai,ai-integration,2,2,medium,ai-integration classified as ai with reuse potential across 2 repositories and 2 files.,"mbarbine__ph3ar-web, ph3ar__js_mongo_app_boilerplate"
shared-process,@platphorm/process,implementation-summary,process,process-document,2,2,medium,process-document classified as process with reuse potential across 2 repositories and 2 files.,"mbarbine__platphorm-agentui, mbarbine__platphorm-bbs"
shared-process,@platphorm/process,build-summary,process,process-document,2,2,medium,process-document classified as process with reuse potential across 2 repositories and 2 files.,"mbarbine__platphorm-agentui, mbarbine__platphorm-keys"
shared-process,@platphorm/process,features,process,process-document,2,2,medium,process-document classified as process with reuse potential across 2 repositories and 2 files.,"mbarbine__platphorm-agentui, mbarbine__platphorm-polymarket-rss-feed"
shared-logic,@platphorm/logic,password,logic,business-logic,2,2,medium,business-logic classified as logic with reuse potential across 2 repositories and 2 files.,"mbarbine__platphorm-agentui, mbarbine__platphorm-bbs"
shared-logic,@platphorm/logic,web-vitals,logic,business-logic,2,2,medium,business-logic classified as logic with reuse potential across 2 repositories and 2 files.,"mbarbine__platphorm-agentui, mbarbine__platphorm-insights"
shared-logic,@platphorm/logic,test-helpers,logic,utility,2,2,medium,utility classified as logic with reuse potential across 2 repositories and 2 files.,"mbarbine__platphorm-ai-photo-enrichment, mbarbine__vanagain-dot-com-prod"
shared-logic,@platphorm/logic,blob-storage,logic,business-logic,2,2,medium,business-logic classified as logic with reuse potential across 2 repositories and 2 files.,"mbarbine__platphorm-ai-photo-enrichment, mbarbine__platphorm-stannp-api-wrapper"
shared-logic,@platphorm/logic,transcription,logic,business-logic,2,2,medium,business-logic classified as logic with reuse potential across 2 repositories and 2 files.,"mbarbine__platphorm-alleycats, mbarbine__platphorm-zine-reader"
shared-logic,@platphorm/logic,use-gestures,logic,business-logic,2,2,medium,business-logic classified as logic with reuse potential across 2 repositories and 2 files.,"mbarbine__platphorm-alleycats, mbarbine__platphorm-zine-reader"
shared-logic,@platphorm/logic,ascii-utils,logic,utility,2,2,medium,utility classified as logic with reuse potential across 2 repositories and 2 files.,"mbarbine__platphorm-alleycats, mbarbine__platphorm-zine-reader"
shared-logic,@platphorm/logic,mock-data,logic,business-logic,2,2,medium,business-logic classified as logic with reuse potential across 2 repositories and 2 files.,"mbarbine__platphorm-auction-vice, mbarbine__platphorm-real-estate"
shared-logic,@platphorm/logic,claws,logic,business-logic,2,2,medium,business-logic classified as logic with reuse potential across 2 repositories and 2 files.,"mbarbine__platphorm-auction-vice, mbarbine__platphorm-browserops"
shared-process,@platphorm/process,fixes-applied,process,process-document,2,2,medium,process-document classified as process with reuse potential across 2 repositories and 2 files.,"mbarbine__platphorm-bbs, mbarbine__starphone-web-svelte"
shared-logic,@platphorm/logic,services,logic,business-logic,2,2,medium,business-logic classified as logic with reuse potential across 2 repositories and 2 files.,"mbarbine__platphorm-bbs, mbarbine__platphorm-evals"
shared-logic,@platphorm/logic,request,logic,business-logic,2,2,medium,business-logic classified as logic with reuse potential across 2 repositories and 2 files.,"mbarbine__platphorm-bbs, mbarbine__platphorm-insights"
shared-logic,@platphorm/logic,spec,logic,business-logic,2,2,medium,business-logic classified as logic with reuse potential across 2 repositories and 2 files.,"mbarbine__platphorm-browserops, mbarbine__platphorm-trace"
shared-logic,@platphorm/logic,engine,logic,business-logic,2,2,medium,business-logic classified as logic with reuse potential across 2 repositories and 2 files.,"mbarbine__platphorm-desa, mbarbine__platphorm-insights"
shared-process,@platphorm/process,commit-message,process,process-document,2,2,medium,process-document classified as process with reuse potential across 2 repositories and 2 files.,"mbarbine__platphorm-emoji, mbarbine__platphorm-evals"
shared-logic,@platphorm/logic,build-validation,logic,schema-validation,2,2,medium,schema-validation classified as logic with reuse potential across 2 repositories and 2 files.,"mbarbine__platphorm-evals, mbarbine__platphorm-opencontent"
shared-logic,@platphorm/logic,with-auth,logic,business-logic,2,2,medium,business-logic classified as logic with reuse potential across 2 repositories and 2 files.,"mbarbine__platphorm-evals, mbarbine__vanagain-dot-com-prod"
shared-logic,@platphorm/logic,api-utils,logic,utility,2,2,medium,utility classified as logic with reuse potential across 2 repositories and 2 files.,"mbarbine__platphorm-json, mbarbine__platphorm-mini-games-webby"
shared-logic,@platphorm/logic,local-drafts,logic,business-logic,2,2,medium,business-logic classified as logic with reuse potential across 2 repositories and 2 files.,"mbarbine__platphorm-json, mbarbine__platphorm-xml"
shared-process,@platphorm/process,pr-body,process,process-document,2,2,medium,process-document classified as process with reuse potential across 2 repositories and 2 files.,"mbarbine__platphorm-jules, mbarbine__platphorm-trace"
shared-logic,@platphorm/logic,platform-trace,logic,business-logic,2,2,medium,business-logic classified as logic with reuse potential across 2 repositories and 2 files.,"mbarbine__platphorm-jules, mbarbine__platphorm-svg-factory"
shared-logic,@platphorm/logic,platform-auth,logic,business-logic,2,2,medium,business-logic classified as logic with reuse potential across 2 repositories and 2 files.,"mbarbine__platphorm-jules, mbarbine__platphorm-trace"
shared-logic,@platphorm/logic,integrations,logic,business-logic,2,2,medium,business-logic classified as logic with reuse potential across 2 repositories and 2 files.,"mbarbine__platphorm-layout, mbarbine__platphorm-onboard"
shared-logic,@platphorm/logic,search,logic,business-logic,2,2,medium,business-logic classified as logic with reuse potential across 2 repositories and 2 files.,"mbarbine__platphorm-mcp, mbarbine__platphorm-openclaw"
shared-logic,@platphorm/logic,orchestrator,logic,business-logic,2,2,medium,business-logic classified as logic with reuse potential across 2 repositories and 2 files.,"mbarbine__platphorm-mcp, mbarbine__platphorm-onboard"
shared-logic,@platphorm/logic,shared,logic,business-logic,2,2,medium,business-logic classified as logic with reuse potential across 2 repositories and 2 files.,"mbarbine__platphorm-mcp, mbarbine__platphorm-opencontent"
shared-automation,@platphorm/automation,route,automation,scheduled-job,2,2,medium,scheduled-job classified as automation with reuse potential across 2 repositories and 2 files.,"mbarbine__platphorm-monitor, mbarbine__platphorm-space-news"
shared-process,@platphorm/process,enhancement-plan,process,process-document,2,2,medium,process-document classified as process with reuse potential across 2 repositories and 2 files.,"mbarbine__platphorm-openclaw, mbarbine__platphorm-podcasts"
shared-logic,@platphorm/logic,observability,logic,business-logic,2,2,medium,business-logic classified as logic with reuse potential across 2 repositories and 2 files.,"mbarbine__platphorm-openclaw, mbarbine__platphorm-spec-workbench"
shared-process,@platphorm/process,pr-desc,process,process-document,2,2,medium,process-document classified as process with reuse potential across 2 repositories and 2 files.,"mbarbine__platphorm-opencontent, mbarbine__platphorm-opendocs"
shared-logic,@platphorm/logic,openapi-starter-bundle,logic,business-logic,2,2,medium,business-logic classified as logic with reuse potential across 2 repositories and 2 files.,"mbarbine__platphorm-opencontent, mbarbine__platphorm-opendocs"
shared-logic,@platphorm/logic,mcp-network,logic,business-logic,2,2,medium,business-logic classified as logic with reuse potential across 2 repositories and 2 files.,"mbarbine__platphorm-opencontent, mbarbine__platphorm-opendocs"
shared-process,@platphorm/process,route,process,process-document,2,2,medium,process-document classified as process with reuse potential across 2 repositories and 2 files.,"mbarbine__platphorm-opencontent, mbarbine__platphorm-opendocs"
shared-process,@platphorm/process,workflow,process,process-document,2,2,medium,process-document classified as process with reuse potential across 2 repositories and 2 files.,"mbarbine__platphorm-opencontent, mbarbine__platphorm-opendocs"
shared-automation,@platphorm/automation,route,automation,automation-config,2,2,medium,automation-config classified as automation with reuse potential across 2 repositories and 2 files.,"mbarbine__platphorm-opencontent, mbarbine__platphorm-opendocs"
shared-process,@platphorm/process,ingest,process,specification,2,2,medium,specification classified as process with reuse potential across 2 repositories and 2 files.,"mbarbine__platphorm-opencontent, mbarbine__platphorm-opendocs"
shared-logic,@platphorm/logic,tagging,logic,business-logic,2,2,medium,business-logic classified as logic with reuse potential across 2 repositories and 2 files.,"mbarbine__platphorm-opencontent, mbarbine__platphorm-opendocs"
shared-logic,@platphorm/logic,ssrf-test,logic,business-logic,2,2,medium,business-logic classified as logic with reuse potential across 2 repositories and 2 files.,"mbarbine__platphorm-opencontent, mbarbine__platphorm-opendocs"
shared-logic,@platphorm/logic,cache-strategy,logic,business-logic,2,2,medium,business-logic classified as logic with reuse potential across 2 repositories and 2 files.,"mbarbine__platphorm-opencontent, mbarbine__platphorm-opendocs"
shared-logic,@platphorm/logic,query-builder,logic,business-logic,2,2,medium,business-logic classified as logic with reuse potential across 2 repositories and 2 files.,"mbarbine__platphorm-opencontent, mbarbine__platphorm-opendocs"
shared-logic,@platphorm/logic,spotify,logic,business-logic,2,2,medium,business-logic classified as logic with reuse potential across 2 repositories and 2 files.,"mbarbine__platphorm-opencontent, mbarbine__reflux-site-webby"
shared-process,@platphorm/process,final-suite-v1,process,process-document,2,2,medium,process-document classified as process with reuse potential across 2 repositories and 2 files.,"mbarbine__platphorm-polymarket-rss-feed, mbarbine__platphorm-trace"
shared-logic,@platphorm/logic,api-client,logic,business-logic,2,2,medium,business-logic classified as logic with reuse potential across 2 repositories and 2 files.,"mbarbine__platphorm-real-estate-NAD, ph3ar__mailthing-webby"
shared-logic,@platphorm/logic,api-response,logic,business-logic,2,2,medium,business-logic classified as logic with reuse potential across 2 repositories and 2 files.,"mbarbine__platphorm-register, mbarbine__platphorm-xml"
shared-logic,@platphorm/logic,request-context,logic,business-logic,2,2,medium,business-logic classified as logic with reuse potential across 2 repositories and 2 files.,"mbarbine__platphorm-webhook-simulator, mbarbine__vanagain-dot-com-prod"
shared-logic,@platphorm/logic,pdf-utils,logic,utility,2,2,medium,utility classified as logic with reuse potential across 2 repositories and 2 files.,"mbarbine__stannp-nextjs-bp, ph3ar__mailthing-webby"
shared-process,@platphorm/process,ja4-x,process,process-document,2,2,medium,process-document classified as process with reuse potential across 2 repositories and 2 files.,"mbarbine__threatrelay-webby, ph3ar__ph3ar-docs-enhanced-labs"
shared-automation,@platphorm/automation,jquery-flot-categories,automation,automation-config,2,2,medium,automation-config classified as automation with reuse potential across 2 repositories and 2 files.,"mbarbine__vanagain-site, mbarbine__xsociety"
shared-automation,@platphorm/automation,jquery-flot-resize,automation,automation-config,2,2,medium,automation-config classified as automation with reuse potential across 2 repositories and 2 files.,"mbarbine__vanagain-site, mbarbine__xsociety"
shared-automation,@platphorm/automation,jquery-flot-symbol,automation,automation-config,2,2,medium,automation-config classified as automation with reuse potential across 2 repositories and 2 files.,"mbarbine__vanagain-site, mbarbine__xsociety"
shared-logic,@platphorm/logic,declared-vs-actual,logic,schema-validation,1,10,medium,schema-validation classified as logic with reuse potential across 1 repositories and 10 files.,mbarbine__ja4mlab
shared-automation,@platphorm/automation,conf,automation,automation-config,1,9,medium,automation-config classified as automation with reuse potential across 1 repositories and 9 files.,mbarbine__Scripts
shared-automation,@platphorm/automation,en-dlg,automation,automation-config,1,8,medium,automation-config classified as automation with reuse potential across 1 repositories and 8 files.,mbarbine__Scripts
shared-process,@platphorm/process,numbers,process,process-document,1,7,medium,process-document classified as process with reuse potential across 1 repositories and 7 files.,mbarbine__Scripts
shared-automation,@platphorm/automation,runalltestcases,automation,script,1,6,medium,script classified as automation with reuse potential across 1 repositories and 6 files.,mbarbine__Scripts
shared-automation,@platphorm/automation,file,automation,automation-config,1,6,medium,automation-config classified as automation with reuse potential across 1 repositories and 6 files.,mbarbine__Scripts
shared-automation,@platphorm/automation,install,automation,automation-config,1,6,medium,automation-config classified as automation with reuse potential across 1 repositories and 6 files.,mbarbine__Scripts
shared-ai,@platphorm/ai,contents,ai,agent,1,5,medium,agent classified as ai with reuse potential across 1 repositories and 5 files.,mbarbine__Scripts
shared-automation,@platphorm/automation,dagah-gui-installer,automation,script,1,5,medium,script classified as automation with reuse potential across 1 repositories and 5 files.,mbarbine__Scripts
shared-ai,@platphorm/ai,facts,ai,agent,1,5,medium,agent classified as ai with reuse potential across 1 repositories and 5 files.,mbarbine__Scripts
shared-automation,@platphorm/automation,route-client-reference-manifest,automation,scheduled-job,1,5,medium,scheduled-job classified as automation with reuse potential across 1 repositories and 5 files.,mbarbine__platphorm-podcasts
shared-automation,@platphorm/automation,middleware-manifest,automation,scheduled-job,1,5,medium,scheduled-job classified as automation with reuse potential across 1 repositories and 5 files.,mbarbine__platphorm-podcasts
shared-automation,@platphorm/automation,app-paths-manifest,automation,scheduled-job,1,5,medium,scheduled-job classified as automation with reuse potential across 1 repositories and 5 files.,mbarbine__platphorm-podcasts
shared-automation,@platphorm/automation,installer,automation,script,1,4,medium,script classified as automation with reuse potential across 1 repositories and 4 files.,mbarbine__Scripts
shared-automation,@platphorm/automation,dependencies,automation,script,1,4,medium,script classified as automation with reuse potential across 1 repositories and 4 files.,mbarbine__Scripts
shared-automation,@platphorm/automation,base,automation,script,1,4,medium,script classified as automation with reuse potential across 1 repositories and 4 files.,mbarbine__Scripts
shared-automation,@platphorm/automation,vagrant,automation,script,1,4,medium,script classified as automation with reuse potential across 1 repositories and 4 files.,mbarbine__Scripts
shared-automation,@platphorm/automation,unzip,automation,script,1,4,medium,script classified as automation with reuse potential across 1 repositories and 4 files.,mbarbine__Scripts
shared-automation,@platphorm/automation,install-common-utils-gem,automation,script,1,4,medium,script classified as automation with reuse potential across 1 repositories and 4 files.,mbarbine__Scripts
shared-automation,@platphorm/automation,application,automation,automation-config,1,4,medium,automation-config classified as automation with reuse potential across 1 repositories and 4 files.,mbarbine__Scripts
shared-automation,@platphorm/automation,config,automation,automation-config,1,4,medium,automation-config classified as automation with reuse potential across 1 repositories and 4 files.,mbarbine__Scripts
shared-automation,@platphorm/automation,fixture-script,automation,automation-config,1,4,medium,automation-config classified as automation with reuse potential across 1 repositories and 4 files.,mbarbine__Scripts
shared-automation,@platphorm/automation,xdebug,automation,automation-config,1,4,medium,automation-config classified as automation with reuse potential across 1 repositories and 4 files.,mbarbine__Scripts
shared-automation,@platphorm/automation,kitchen,automation,infrastructure-automation,1,4,medium,infrastructure-automation classified as automation with reuse potential across 1 repositories and 4 files.,mbarbine__Scripts
shared-automation,@platphorm/automation,pre-commit-config,automation,infrastructure-automation,1,4,medium,infrastructure-automation classified as automation with reuse potential across 1 repositories and 4 files.,mbarbine__Scripts
shared-automation,@platphorm/automation,config,automation,infrastructure-automation,1,4,medium,infrastructure-automation classified as automation with reuse potential across 1 repositories and 4 files.,mbarbine__Scripts
shared-process,@platphorm/process,targets11,process,process-document,1,3,medium,process-document classified as process with reuse potential across 1 repositories and 3 files.,mbarbine__Scripts
shared-automation,@platphorm/automation,provision,automation,script,1,3,medium,script classified as automation with reuse potential across 1 repositories and 3 files.,mbarbine__Scripts
shared-automation,@platphorm/automation,gradle,automation,script,1,3,medium,script classified as automation with reuse potential across 1 repositories and 3 files.,mbarbine__Scripts
shared-automation,@platphorm/automation,zerodisk,automation,script,1,3,medium,script classified as automation with reuse potential across 1 repositories and 3 files.,mbarbine__Scripts
shared-automation,@platphorm/automation,virtualbox,automation,script,1,3,medium,script classified as automation with reuse potential across 1 repositories and 3 files.,mbarbine__Scripts
shared-automation,@platphorm/automation,whatsapp-config,automation,script,1,3,medium,script classified as automation with reuse potential across 1 repositories and 3 files.,mbarbine__Scripts
shared-automation,@platphorm/automation,vmware,automation,script,1,3,medium,script classified as automation with reuse potential across 1 repositories and 3 files.,mbarbine__Scripts
shared-automation,@platphorm/automation,awsinit,automation,script,1,3,medium,script classified as automation with reuse potential across 1 repositories and 3 files.,mbarbine__Scripts
shared-automation,@platphorm/automation,grep-ami-id,automation,script,1,3,medium,script classified as automation with reuse potential across 1 repositories and 3 files.,mbarbine__Scripts
shared-automation,@platphorm/automation,vagrant-configure,automation,script,1,3,medium,script classified as automation with reuse potential across 1 repositories and 3 files.,mbarbine__Scripts
shared-automation,@platphorm/automation,nodesource-setup,automation,script,1,3,medium,script classified as automation with reuse potential across 1 repositories and 3 files.,mbarbine__Scripts
shared-automation,@platphorm/automation,report-conditional-access-policies,automation,script,1,3,medium,script classified as automation with reuse potential across 1 repositories and 3 files.,mbarbine__Scripts
shared-automation,@platphorm/automation,report-admin-azure-adaccounts-no-mfa,automation,script,1,3,medium,script classified as automation with reuse potential across 1 repositories and 3 files.,mbarbine__Scripts
shared-automation,@platphorm/automation,editor-plugin-src,automation,automation-config,1,3,medium,automation-config classified as automation with reuse potential across 1 repositories and 3 files.,mbarbine__Scripts
shared-logic,@platphorm/logic,en-dlg,logic,business-logic,1,3,medium,business-logic classified as logic with reuse potential across 1 repositories and 3 files.,mbarbine__Scripts
shared-automation,@platphorm/automation,playbook,automation,automation-config,1,3,medium,automation-config classified as automation with reuse potential across 1 repositories and 3 files.,mbarbine__Scripts
shared-automation,@platphorm/automation,vendor,automation,automation-config,1,3,medium,automation-config classified as automation with reuse potential across 1 repositories and 3 files.,mbarbine__Scripts
shared-automation,@platphorm/automation,create,automation,automation-config,1,3,medium,automation-config classified as automation with reuse potential across 1 repositories and 3 files.,mbarbine__Scripts
shared-automation,@platphorm/automation,keys,automation,automation-config,1,3,medium,automation-config classified as automation with reuse potential across 1 repositories and 3 files.,mbarbine__Scripts
shared-automation,@platphorm/automation,ecr,automation,script,1,3,medium,script classified as automation with reuse potential across 1 repositories and 3 files.,mbarbine__Scripts
shared-automation,@platphorm/automation,docker-stack-deploy,automation,script,1,3,medium,script classified as automation with reuse potential across 1 repositories and 3 files.,mbarbine__Scripts
shared-automation,@platphorm/automation,stack-backoffice,automation,automation-config,1,3,medium,automation-config classified as automation with reuse potential across 1 repositories and 3 files.,mbarbine__Scripts
shared-automation,@platphorm/automation,azure-pipelines,automation,automation-config,1,3,medium,automation-config classified as automation with reuse potential across 1 repositories and 3 files.,mbarbine__Scripts
shared-process,@platphorm/process,stack-docs,process,process-document,1,3,medium,process-document classified as process with reuse potential across 1 repositories and 3 files.,mbarbine__Scripts
shared-automation,@platphorm/automation,stack-infrastructure,automation,infrastructure-automation,1,3,medium,infrastructure-automation classified as automation with reuse potential across 1 repositories and 3 files.,mbarbine__Scripts
shared-automation,@platphorm/automation,nexus,automation,script,1,3,medium,script classified as automation with reuse potential across 1 repositories and 3 files.,mbarbine__Scripts
shared-automation,@platphorm/automation,rollout,automation,script,1,3,medium,script classified as automation with reuse potential across 1 repositories and 3 files.,mbarbine__Scripts
shared-automation,@platphorm/automation,infra,automation,script,1,3,medium,script classified as automation with reuse potential across 1 repositories and 3 files.,mbarbine__Scripts
shared-automation,@platphorm/automation,destroy,automation,script,1,3,medium,script classified as automation with reuse potential across 1 repositories and 3 files.,mbarbine__Scripts
shared-automation,@platphorm/automation,helm-init,automation,script,1,3,medium,script classified as automation with reuse potential across 1 repositories and 3 files.,mbarbine__Scripts
shared-automation,@platphorm/automation,chart,automation,ui-primitive,1,3,medium,ui-primitive classified as automation with reuse potential across 1 repositories and 3 files.,mbarbine__Scripts
shared-automation,@platphorm/automation,values,automation,automation-config,1,3,medium,automation-config classified as automation with reuse potential across 1 repositories and 3 files.,mbarbine__Scripts
shared-automation,@platphorm/automation,notes,automation,automation-config,1,3,medium,automation-config classified as automation with reuse potential across 1 repositories and 3 files.,mbarbine__Scripts
shared-automation,@platphorm/automation,ingress,automation,automation-config,1,3,medium,automation-config classified as automation with reuse potential across 1 repositories and 3 files.,mbarbine__Scripts
shared-automation,@platphorm/automation,service,automation,automation-config,1,3,medium,automation-config classified as automation with reuse potential across 1 repositories and 3 files.,mbarbine__Scripts
shared-automation,@platphorm/automation,serviceaccount,automation,automation-config,1,3,medium,automation-config classified as automation with reuse potential across 1 repositories and 3 files.,mbarbine__Scripts
shared-automation,@platphorm/automation,test-connection,automation,automation-config,1,3,medium,automation-config classified as automation with reuse potential across 1 repositories and 3 files.,mbarbine__Scripts
shared-automation,@platphorm/automation,storeconfig-job,automation,automation-config,1,3,medium,automation-config classified as automation with reuse potential across 1 repositories and 3 files.,mbarbine__Scripts
shared-process,@platphorm/process,ja4t,process,process-document,1,3,medium,process-document classified as process with reuse potential across 1 repositories and 3 files.,mbarbine__ja4mlab
shared-process,@platphorm/process,ja4s,process,process-document,1,3,medium,process-document classified as process with reuse potential across 1 repositories and 3 files.,mbarbine__ja4mlab
shared-process,@platphorm/process,ja4h,process,process-document,1,3,medium,process-document classified as process with reuse potential across 1 repositories and 3 files.,mbarbine__ja4mlab
shared-logic,@platphorm/logic,virustotal,logic,business-logic,1,3,medium,business-logic classified as logic with reuse potential across 1 repositories and 3 files.,mbarbine__platphorm-desa
shared-logic,@platphorm/logic,c2-extractor,logic,business-logic,1,3,medium,business-logic classified as logic with reuse potential across 1 repositories and 3 files.,mbarbine__platphorm-desa
shared-logic,@platphorm/logic,trace-sdk,logic,business-logic,1,3,medium,business-logic classified as logic with reuse potential across 1 repositories and 3 files.,mbarbine__platphorm-insights
shared-automation,@platphorm/automation,deployments,automation,deployment-automation,1,3,medium,deployment-automation classified as automation with reuse potential across 1 repositories and 3 files.,mbarbine__platphorm-monitor
shared-automation,@platphorm/automation,client,automation,deployment-automation,1,3,medium,deployment-automation classified as automation with reuse potential across 1 repositories and 3 files.,mbarbine__platphorm-monitor
shared-ai,@platphorm/ai,route-client-reference-manifest,ai,ai-integration,1,3,medium,ai-integration classified as ai with reuse potential across 1 repositories and 3 files.,mbarbine__platphorm-podcasts
shared-ai,@platphorm/ai,route-js-nft,ai,ai-integration,1,3,medium,ai-integration classified as ai with reuse potential across 1 repositories and 3 files.,mbarbine__platphorm-podcasts
shared-ai,@platphorm/ai,build-manifest,ai,ai-integration,1,3,medium,ai-integration classified as ai with reuse potential across 1 repositories and 3 files.,mbarbine__platphorm-podcasts
shared-ai,@platphorm/ai,app-paths-manifest,ai,ai-integration,1,3,medium,ai-integration classified as ai with reuse potential across 1 repositories and 3 files.,mbarbine__platphorm-podcasts
shared-ai,@platphorm/ai,server-reference-manifest,ai,ai-integration,1,3,medium,ai-integration classified as ai with reuse potential across 1 repositories and 3 files.,mbarbine__platphorm-podcasts
shared-ai,@platphorm/ai,server,ai,agent,1,3,medium,agent classified as ai with reuse potential across 1 repositories and 3 files.,mbarbine__platphormnews-www-prod
shared-logic,@platphorm/logic,vpc-peering-rules,logic,business-logic,1,3,medium,business-logic classified as logic with reuse potential across 1 repositories and 3 files.,mbarbine__xsociety
shared-automation,@platphorm/automation,jsonrequest-parser,automation,script,1,2,medium,script classified as automation with reuse potential across 1 repositories and 2 files.,mbarbine__Scripts
shared-automation,@platphorm/automation,post-ec2ip2slack,automation,script,1,2,medium,script classified as automation with reuse potential across 1 repositories and 2 files.,mbarbine__Scripts
shared-automation,@platphorm/automation,doflow-eval3,automation,script,1,2,medium,script classified as automation with reuse potential across 1 repositories and 2 files.,mbarbine__Scripts
shared-automation,@platphorm/automation,generate-key,automation,script,1,2,medium,script classified as automation with reuse potential across 1 repositories and 2 files.,mbarbine__Scripts
shared-automation,@platphorm/automation,doflow-eval2,automation,script,1,2,medium,script classified as automation with reuse potential across 1 repositories and 2 files.,mbarbine__Scripts
shared-automation,@platphorm/automation,scp,automation,script,1,2,medium,script classified as automation with reuse potential across 1 repositories and 2 files.,mbarbine__Scripts
shared-automation,@platphorm/automation,create-eks-admin,automation,script,1,2,medium,script classified as automation with reuse potential across 1 repositories and 2 files.,mbarbine__Scripts
shared-automation,@platphorm/automation,powershell-backup,automation,script,1,2,medium,script classified as automation with reuse potential across 1 repositories and 2 files.,mbarbine__Scripts
shared-automation,@platphorm/automation,configure,automation,script,1,2,medium,script classified as automation with reuse potential across 1 repositories and 2 files.,mbarbine__Scripts
shared-automation,@platphorm/automation,txt-to-csv-ftp,automation,script,1,2,medium,script classified as automation with reuse potential across 1 repositories and 2 files.,mbarbine__Scripts
shared-automation,@platphorm/automation,grafana,automation,script,1,2,medium,script classified as automation with reuse potential across 1 repositories and 2 files.,mbarbine__Scripts
shared-automation,@platphorm/automation,install-krew,automation,script,1,2,medium,script classified as automation with reuse potential across 1 repositories and 2 files.,mbarbine__Scripts
shared-automation,@platphorm/automation,windows-admin,automation,script,1,2,medium,script classified as automation with reuse potential across 1 repositories and 2 files.,mbarbine__Scripts
shared-automation,@platphorm/automation,dagah-installer,automation,script,1,2,medium,script classified as automation with reuse potential across 1 repositories and 2 files.,mbarbine__Scripts
shared-process,@platphorm/process,dagah2examplecommands,process,process-document,1,2,medium,process-document classified as process with reuse potential across 1 repositories and 2 files.,mbarbine__Scripts
shared-process,@platphorm/process,permissions-home-dagah-dagah-android,process,process-document,1,2,medium,process-document classified as process with reuse potential across 1 repositories and 2 files.,mbarbine__Scripts
shared-process,@platphorm/process,permissions-home-dagah-android,process,process-document,1,2,medium,process-document classified as process with reuse potential across 1 repositories and 2 files.,mbarbine__Scripts
shared-automation,@platphorm/automation,ext-disk,automation,script,1,2,medium,script classified as automation with reuse potential across 1 repositories and 2 files.,mbarbine__Scripts
shared-automation,@platphorm/automation,jenkins-vagrant-aws,automation,script,1,2,medium,script classified as automation with reuse potential across 1 repositories and 2 files.,mbarbine__Scripts
shared-automation,@platphorm/automation,import-to-s3,automation,script,1,2,medium,script classified as automation with reuse potential across 1 repositories and 2 files.,mbarbine__Scripts
shared-automation,@platphorm/automation,import-instance-to-s3,automation,script,1,2,medium,script classified as automation with reuse potential across 1 repositories and 2 files.,mbarbine__Scripts
shared-automation,@platphorm/automation,aws-user-data,automation,script,1,2,medium,script classified as automation with reuse potential across 1 repositories and 2 files.,mbarbine__Scripts
shared-process,@platphorm/process,otherpypi,process,process-document,1,2,medium,process-document classified as process with reuse potential across 1 repositories and 2 files.,mbarbine__Scripts
shared-automation,@platphorm/automation,ls,automation,script,1,2,medium,script classified as automation with reuse potential across 1 repositories and 2 files.,mbarbine__Scripts
shared-automation,@platphorm/automation,update-dagah,automation,script,1,2,medium,script classified as automation with reuse potential across 1 repositories and 2 files.,mbarbine__Scripts
shared-process,@platphorm/process,sudoers,process,process-document,1,2,medium,process-document classified as process with reuse potential across 1 repositories and 2 files.,mbarbine__Scripts
shared-automation,@platphorm/automation,main,automation,container-automation,1,2,medium,container-automation classified as automation with reuse potential across 1 repositories and 2 files.,mbarbine__Scripts
shared-logic,@platphorm/logic,feature-request,logic,business-logic,1,2,medium,business-logic classified as logic with reuse potential across 1 repositories and 2 files.,mbarbine__Scripts
shared-logic,@platphorm/logic,dispatcher,logic,business-logic,1,2,medium,business-logic classified as logic with reuse potential across 1 repositories and 2 files.,mbarbine__Scripts
shared-logic,@platphorm/logic,alert-store,logic,state-store,1,2,medium,state-store classified as logic with reuse potential across 1 repositories and 2 files.,mbarbine__Scripts
shared-logic,@platphorm/logic,app-store,logic,state-store,1,2,medium,state-store classified as logic with reuse potential across 1 repositories and 2 files.,mbarbine__Scripts
shared-logic,@platphorm/logic,core-routes,logic,business-logic,1,2,medium,business-logic classified as logic with reuse potential across 1 repositories and 2 files.,mbarbine__Scripts
shared-logic,@platphorm/logic,navbar-controller,logic,business-logic,1,2,medium,business-logic classified as logic with reuse potential across 1 repositories and 2 files.,mbarbine__Scripts
shared-ai,@platphorm/ai,thing-model,ai,ai-integration,1,2,medium,ai-integration classified as ai with reuse potential across 1 repositories and 2 files.,mbarbine__Scripts
shared-logic,@platphorm/logic,upload-service,logic,business-logic,1,2,medium,business-logic classified as logic with reuse potential across 1 repositories and 2 files.,mbarbine__Scripts
shared-logic,@platphorm/logic,menus-service,logic,business-logic,1,2,medium,business-logic classified as logic with reuse potential across 1 repositories and 2 files.,mbarbine__Scripts
shared-logic,@platphorm/logic,toggle-service,logic,business-logic,1,2,medium,business-logic classified as logic with reuse potential across 1 repositories and 2 files.,mbarbine__Scripts
shared-logic,@platphorm/logic,parsers-create-controller,logic,parser,1,2,medium,parser classified as logic with reuse potential across 1 repositories and 2 files.,mbarbine__Scripts
shared-automation,@platphorm/automation,jquery-min,automation,automation-config,1,2,medium,automation-config classified as automation with reuse potential across 1 repositories and 2 files.,mbarbine__Scripts
shared-logic,@platphorm/logic,apps-store,logic,state-store,1,2,medium,state-store classified as logic with reuse potential across 1 repositories and 2 files.,mbarbine__Scripts
shared-automation,@platphorm/automation,mfareport-mailboxes,automation,script,1,2,medium,script classified as automation with reuse potential across 1 repositories and 2 files.,mbarbine__Scripts
shared-automation,@platphorm/automation,report-mfastatus-admins,automation,script,1,2,medium,script classified as automation with reuse potential across 1 repositories and 2 files.,mbarbine__Scripts
shared-automation,@platphorm/automation,get-users-with-phone-mfamethod,automation,script,1,2,medium,script classified as automation with reuse potential across 1 repositories and 2 files.,mbarbine__Scripts
shared-automation,@platphorm/automation,report-entra-registered-devices,automation,script,1,2,medium,script classified as automation with reuse potential across 1 repositories and 2 files.,mbarbine__Scripts
shared-automation,@platphorm/automation,report-authentication-methods,automation,script,1,2,medium,script classified as automation with reuse potential across 1 repositories and 2 files.,mbarbine__Scripts
shared-automation,@platphorm/automation,check-audit-records-mfa,automation,script,1,2,medium,script classified as automation with reuse potential across 1 repositories and 2 files.,mbarbine__Scripts
shared-automation,@platphorm/automation,report-room-mailbox-usage,automation,script,1,2,medium,script classified as automation with reuse potential across 1 repositories and 2 files.,mbarbine__Scripts
shared-automation,@platphorm/automation,report-mfastatus-users,automation,script,1,2,medium,script classified as automation with reuse potential across 1 repositories and 2 files.,mbarbine__Scripts
shared-automation,@platphorm/automation,test-jmeter-ami-instance,automation,script,1,2,medium,script classified as automation with reuse potential across 1 repositories and 2 files.,mbarbine__Scripts
shared-automation,@platphorm/automation,poll-jmeter-ami-version-control,automation,script,1,2,medium,script classified as automation with reuse potential across 1 repositories and 2 files.,mbarbine__Scripts
shared-automation,@platphorm/automation,launch-jmeter-ami-instance,automation,script,1,2,medium,script classified as automation with reuse potential across 1 repositories and 2 files.,mbarbine__Scripts
shared-automation,@platphorm/automation,terminate-jmeter-ami-instance,automation,script,1,2,medium,script classified as automation with reuse potential across 1 repositories and 2 files.,mbarbine__Scripts
shared-automation,@platphorm/automation,promote-jmeter-ami,automation,script,1,2,medium,script classified as automation with reuse potential across 1 repositories and 2 files.,mbarbine__Scripts
shared-automation,@platphorm/automation,build-jmeter-ami,automation,script,1,2,medium,script classified as automation with reuse potential across 1 repositories and 2 files.,mbarbine__Scripts
shared-automation,@platphorm/automation,check-app-config-store,automation,script,1,2,medium,script classified as automation with reuse potential across 1 repositories and 2 files.,mbarbine__Scripts
shared-automation,@platphorm/automation,load-app-config-store,automation,script,1,2,medium,script classified as automation with reuse potential across 1 repositories and 2 files.,mbarbine__Scripts
shared-automation,@platphorm/automation,check-inventory-store,automation,script,1,2,medium,script classified as automation with reuse potential across 1 repositories and 2 files.,mbarbine__Scripts
shared-automation,@platphorm/automation,load-inventory-store,automation,script,1,2,medium,script classified as automation with reuse potential across 1 repositories and 2 files.,mbarbine__Scripts
shared-automation,@platphorm/automation,pipeline-packer-securitygroup-config,automation,script,1,2,medium,script classified as automation with reuse potential across 1 repositories and 2 files.,mbarbine__Scripts
shared-automation,@platphorm/automation,download-failed-log-trigger,automation,script,1,2,medium,script classified as automation with reuse potential across 1 repositories and 2 files.,mbarbine__Scripts
shared-automation,@platphorm/automation,deploy-svs-vis-mock,automation,script,1,2,medium,script classified as automation with reuse potential across 1 repositories and 2 files.,mbarbine__Scripts
shared-automation,@platphorm/automation,download-log,automation,script,1,2,medium,script classified as automation with reuse potential across 1 repositories and 2 files.,mbarbine__Scripts
shared-automation,@platphorm/automation,simian-army-trigger,automation,script,1,2,medium,script classified as automation with reuse potential across 1 repositories and 2 files.,mbarbine__Scripts
shared-automation,@platphorm/automation,deploy-elb-trigger,automation,script,1,2,medium,script classified as automation with reuse potential across 1 repositories and 2 files.,mbarbine__Scripts
shared-automation,@platphorm/automation,acceptance-tested-trigger,automation,script,1,2,medium,script classified as automation with reuse potential across 1 repositories and 2 files.,mbarbine__Scripts
shared-automation,@platphorm/automation,deploy-svs,automation,script,1,2,medium,script classified as automation with reuse potential across 1 repositories and 2 files.,mbarbine__Scripts
shared-automation,@platphorm/automation,download-log-trigger,automation,script,1,2,medium,script classified as automation with reuse potential across 1 repositories and 2 files.,mbarbine__Scripts
shared-automation,@platphorm/automation,deploy-asgs-trigger,automation,script,1,2,medium,script classified as automation with reuse potential across 1 repositories and 2 files.,mbarbine__Scripts
shared-automation,@platphorm/automation,deploy-svs-elb,automation,script,1,2,medium,script classified as automation with reuse potential across 1 repositories and 2 files.,mbarbine__Scripts
shared-automation,@platphorm/automation,self-service-trigger,automation,script,1,2,medium,script classified as automation with reuse potential across 1 repositories and 2 files.,mbarbine__Scripts
shared-automation,@platphorm/automation,delete-old-stacks-trigger,automation,script,1,2,medium,script classified as automation with reuse potential across 1 repositories and 2 files.,mbarbine__Scripts
shared-automation,@platphorm/automation,reverse-proxy-trigger,automation,script,1,2,medium,script classified as automation with reuse potential across 1 repositories and 2 files.,mbarbine__Scripts
shared-automation,@platphorm/automation,deploy-svs-vis-mock-elb,automation,script,1,2,medium,script classified as automation with reuse potential across 1 repositories and 2 files.,mbarbine__Scripts
shared-automation,@platphorm/automation,rubocop,automation,automation-config,1,2,medium,automation-config classified as automation with reuse potential across 1 repositories and 2 files.,mbarbine__Scripts
shared-automation,@platphorm/automation,tnc-types,automation,automation-config,1,2,medium,automation-config classified as automation with reuse potential across 1 repositories and 2 files.,mbarbine__Scripts
shared-automation,@platphorm/automation,poll-version-control,automation,script,1,2,medium,script classified as automation with reuse potential across 1 repositories and 2 files.,mbarbine__Scripts
shared-automation,@platphorm/automation,run-static-analysis,automation,script,1,2,medium,script classified as automation with reuse potential across 1 repositories and 2 files.,mbarbine__Scripts
shared-automation,@platphorm/automation,verify-or-create-database,automation,script,1,2,medium,script classified as automation with reuse potential across 1 repositories and 2 files.,mbarbine__Scripts
shared-automation,@platphorm/automation,install-pipeline-gems,automation,script,1,2,medium,script classified as automation with reuse potential across 1 repositories and 2 files.,mbarbine__Scripts
shared-automation,@platphorm/automation,install-gems,automation,script,1,2,medium,script classified as automation with reuse potential across 1 repositories and 2 files.,mbarbine__Scripts
shared-automation,@platphorm/automation,run-smoke-test,automation,script,1,2,medium,script classified as automation with reuse potential across 1 repositories and 2 files.,mbarbine__Scripts
shared-automation,@platphorm/automation,run-infrastructure-tests,automation,script,1,2,medium,script classified as automation with reuse potential across 1 repositories and 2 files.,mbarbine__Scripts
shared-automation,@platphorm/automation,promote-ami,automation,script,1,2,medium,script classified as automation with reuse potential across 1 repositories and 2 files.,mbarbine__Scripts
shared-automation,@platphorm/automation,create-acceptance-environment,automation,script,1,2,medium,script classified as automation with reuse potential across 1 repositories and 2 files.,mbarbine__Scripts
shared-automation,@platphorm/automation,run-acceptance-tests,automation,script,1,2,medium,script classified as automation with reuse potential across 1 repositories and 2 files.,mbarbine__Scripts
shared-automation,@platphorm/automation,blue-green-deploy-dev-environment,automation,script,1,2,medium,script classified as automation with reuse potential across 1 repositories and 2 files.,mbarbine__Scripts
shared-automation,@platphorm/automation,deploy-app,automation,script,1,2,medium,script classified as automation with reuse potential across 1 repositories and 2 files.,mbarbine__Scripts
shared-automation,@platphorm/automation,run-unit-tests,automation,script,1,2,medium,script classified as automation with reuse potential across 1 repositories and 2 files.,mbarbine__Scripts
shared-automation,@platphorm/automation,deploy-elb,automation,script,1,2,medium,script classified as automation with reuse potential across 1 repositories and 2 files.,mbarbine__Scripts
shared-automation,@platphorm/automation,create-system-image,automation,script,1,2,medium,script classified as automation with reuse potential across 1 repositories and 2 files.,mbarbine__Scripts
shared-automation,@platphorm/automation,migrate-db,automation,script,1,2,medium,script classified as automation with reuse potential across 1 repositories and 2 files.,mbarbine__Scripts
shared-automation,@platphorm/automation,generate-dotenv-app-config,automation,script,1,2,medium,script classified as automation with reuse potential across 1 repositories and 2 files.,mbarbine__Scripts
shared-automation,@platphorm/automation,rails-userdata,automation,script,1,2,medium,script classified as automation with reuse potential across 1 repositories and 2 files.,mbarbine__Scripts
shared-automation,@platphorm/automation,pgsqlbackup,automation,script,1,2,medium,script classified as automation with reuse potential across 1 repositories and 2 files.,mbarbine__Scripts
shared-automation,@platphorm/automation,smack-my-bitch-up,automation,script,1,2,medium,script classified as automation with reuse potential across 1 repositories and 2 files.,mbarbine__Scripts
shared-automation,@platphorm/automation,user,automation,automation-config,1,2,medium,automation-config classified as automation with reuse potential across 1 repositories and 2 files.,mbarbine__Scripts
shared-automation,@platphorm/automation,angular-min,automation,automation-config,1,2,medium,automation-config classified as automation with reuse potential across 1 repositories and 2 files.,mbarbine__Scripts
shared-automation,@platphorm/automation,angular,automation,automation-config,1,2,medium,automation-config classified as automation with reuse potential across 1 repositories and 2 files.,mbarbine__Scripts
shared-process,@platphorm/process,objects-code-php,process,process-document,1,2,medium,process-document classified as process with reuse potential across 1 repositories and 2 files.,mbarbine__Scripts
shared-logic,@platphorm/logic,tabs,logic,ui-primitive,1,2,medium,ui-primitive classified as logic with reuse potential across 1 repositories and 2 files.,mbarbine__Scripts
shared-logic,@platphorm/logic,dropdown,logic,business-logic,1,2,medium,business-logic classified as logic with reuse potential across 1 repositories and 2 files.,mbarbine__Scripts
shared-automation,@platphorm/automation,common,automation,automation-config,1,2,medium,automation-config classified as automation with reuse potential across 1 repositories and 2 files.,mbarbine__Scripts
shared-logic,@platphorm/logic,template,logic,business-logic,1,2,medium,business-logic classified as logic with reuse potential across 1 repositories and 2 files.,mbarbine__Scripts
shared-logic,@platphorm/logic,accordion,logic,ui-primitive,1,2,medium,ui-primitive classified as logic with reuse potential across 1 repositories and 2 files.,mbarbine__Scripts
shared-logic,@platphorm/logic,scripts,logic,business-logic,1,2,medium,business-logic classified as logic with reuse potential across 1 repositories and 2 files.,mbarbine__Scripts
shared-logic,@platphorm/logic,gallery,logic,business-logic,1,2,medium,business-logic classified as logic with reuse potential across 1 repositories and 2 files.,mbarbine__Scripts
shared-logic,@platphorm/logic,text,logic,business-logic,1,2,medium,business-logic classified as logic with reuse potential across 1 repositories and 2 files.,mbarbine__Scripts
shared-logic,@platphorm/logic,jquery-tinymce,logic,business-logic,1,2,medium,business-logic classified as logic with reuse potential across 1 repositories and 2 files.,mbarbine__Scripts
shared-logic,@platphorm/logic,serializer,logic,business-logic,1,2,medium,business-logic classified as logic with reuse potential across 1 repositories and 2 files.,mbarbine__Scripts
shared-logic,@platphorm/logic,adapter,logic,business-logic,1,2,medium,business-logic classified as logic with reuse potential across 1 repositories and 2 files.,mbarbine__Scripts
shared-logic,@platphorm/logic,image,logic,business-logic,1,2,medium,business-logic classified as logic with reuse potential across 1 repositories and 2 files.,mbarbine__Scripts
shared-automation,@platphorm/automation,embed,automation,automation-config,1,2,medium,automation-config classified as automation with reuse potential across 1 repositories and 2 files.,mbarbine__Scripts
shared-automation,@platphorm/automation,fixture-script-two,automation,automation-config,1,2,medium,automation-config classified as automation with reuse potential across 1 repositories and 2 files.,mbarbine__Scripts
shared-process,@platphorm/process,common,process,process-document,1,2,medium,process-document classified as process with reuse potential across 1 repositories and 2 files.,mbarbine__Scripts
shared-process,@platphorm/process,core,process,process-document,1,2,medium,process-document classified as process with reuse potential across 1 repositories and 2 files.,mbarbine__Scripts
shared-automation,@platphorm/automation,ad-bulk-add,automation,script,1,2,medium,script classified as automation with reuse potential across 1 repositories and 2 files.,mbarbine__Scripts
shared-automation,@platphorm/automation,install-choco,automation,script,1,2,medium,script classified as automation with reuse potential across 1 repositories and 2 files.,mbarbine__Scripts
shared-automation,@platphorm/automation,install-puppet-win,automation,script,1,2,medium,script classified as automation with reuse potential across 1 repositories and 2 files.,mbarbine__Scripts
shared-automation,@platphorm/automation,convert-eval-to-standard,automation,script,1,2,medium,script classified as automation with reuse potential across 1 repositories and 2 files.,mbarbine__Scripts
shared-automation,@platphorm/automation,enable-win-rm,automation,script,1,2,medium,script classified as automation with reuse potential across 1 repositories and 2 files.,mbarbine__Scripts
shared-automation,@platphorm/automation,enable-psremoting,automation,script,1,2,medium,script classified as automation with reuse potential across 1 repositories and 2 files.,mbarbine__Scripts
shared-automation,@platphorm/automation,create-vagrant-user,automation,script,1,2,medium,script classified as automation with reuse potential across 1 repositories and 2 files.,mbarbine__Scripts
shared-automation,@platphorm/automation,disable-uac,automation,script,1,2,medium,script classified as automation with reuse potential across 1 repositories and 2 files.,mbarbine__Scripts
shared-automation,@platphorm/automation,ec2,automation,automation-config,1,2,medium,automation-config classified as automation with reuse potential across 1 repositories and 2 files.,mbarbine__Scripts
shared-process,@platphorm/process,spot-instances,process,process-document,1,2,medium,process-document classified as process with reuse potential across 1 repositories and 2 files.,mbarbine__Scripts
shared-process,@platphorm/process,autoscaling,process,process-document,1,2,medium,process-document classified as process with reuse potential across 1 repositories and 2 files.,mbarbine__Scripts
shared-process,@platphorm/process,iam-permissions,process,process-document,1,2,medium,process-document classified as process with reuse potential across 1 repositories and 2 files.,mbarbine__Scripts
shared-process,@platphorm/process,enable-docker-bridge-network,process,process-document,1,2,medium,process-document classified as process with reuse potential across 1 repositories and 2 files.,mbarbine__Scripts
shared-automation,@platphorm/automation,cluster-autoscaler-chart-values,automation,infrastructure-automation,1,2,medium,infrastructure-automation classified as automation with reuse potential across 1 repositories and 2 files.,mbarbine__Scripts
shared-automation,@platphorm/automation,pre-userdata,automation,script,1,2,medium,script classified as automation with reuse potential across 1 repositories and 2 files.,mbarbine__Scripts
shared-automation,@platphorm/automation,makefile,automation,infrastructure-automation,1,2,medium,infrastructure-automation classified as automation with reuse potential across 1 repositories and 2 files.,mbarbine__Scripts
shared-process,@platphorm/process,changelog-tpl,process,process-document,1,2,medium,process-document classified as process with reuse potential across 1 repositories and 2 files.,mbarbine__Scripts
shared-logic,@platphorm/logic,case-studies,logic,business-logic,1,2,medium,business-logic classified as logic with reuse potential across 1 repositories and 2 files.,mbarbine__barbineworldwide-2026-metahack
shared-logic,@platphorm/logic,advisory,logic,business-logic,1,2,medium,business-logic classified as logic with reuse potential across 1 repositories and 2 files.,mbarbine__barbineworldwide-2026-metahack
shared-ai,@platphorm/ai,install-prompt,ai,feature-ui,1,2,medium,feature-ui classified as ai with reuse potential across 1 repositories and 2 files.,mbarbine__fortune-cookie-webby-yj
shared-process,@platphorm/process,development,process,process-document,1,2,medium,process-document classified as process with reuse potential across 1 repositories and 2 files.,mbarbine__ja4-sidecar
shared-ai,@platphorm/ai,ja4m-c,ai,agent,1,2,medium,agent classified as ai with reuse potential across 1 repositories and 2 files.,mbarbine__ja4mlab
shared-ai,@platphorm/ai,ja4m-s,ai,agent,1,2,medium,agent classified as ai with reuse potential across 1 repositories and 2 files.,mbarbine__ja4mlab
shared-ai,@platphorm/ai,ja4m-x,ai,agent,1,2,medium,agent classified as ai with reuse potential across 1 repositories and 2 files.,mbarbine__ja4mlab
shared-logic,@platphorm/logic,false-positive-checks,logic,schema-validation,1,2,medium,schema-validation classified as logic with reuse potential across 1 repositories and 2 files.,mbarbine__ja4mlab
shared-logic,@platphorm/logic,grouping-checks,logic,schema-validation,1,2,medium,schema-validation classified as logic with reuse potential across 1 repositories and 2 files.,mbarbine__ja4mlab
shared-process,@platphorm/process,pcap-review-guide,process,process-document,1,2,medium,process-document classified as process with reuse potential across 1 repositories and 2 files.,mbarbine__ja4mlab
shared-process,@platphorm/process,gaps-and-limitations,process,process-document,1,2,medium,process-document classified as process with reuse potential across 1 repositories and 2 files.,mbarbine__ja4mlab
shared-logic,@platphorm/logic,worker-manager,logic,business-logic,1,2,medium,business-logic classified as logic with reuse potential across 1 repositories and 2 files.,mbarbine__job-manager
shared-logic,@platphorm/logic,leases-client,logic,business-logic,1,2,medium,business-logic classified as logic with reuse potential across 1 repositories and 2 files.,mbarbine__job-manager
shared-automation,@platphorm/automation,setup-ssl,automation,script,1,2,medium,script classified as automation with reuse potential across 1 repositories and 2 files.,mbarbine__n8n
shared-logic,@platphorm/logic,data,logic,business-logic,1,2,medium,business-logic classified as logic with reuse potential across 1 repositories and 2 files.,mbarbine__onboard-platphorm-boilerplate-repo
shared-ai,@platphorm/ai,chat,ai,ai-chat,1,2,medium,ai-chat classified as ai with reuse potential across 1 repositories and 2 files.,mbarbine__ph3ar-chatbot
shared-automation,@platphorm/automation,apply-changes,automation,script,1,2,medium,script classified as automation with reuse potential across 1 repositories and 2 files.,mbarbine__ph3ar-web
shared-logic,@platphorm/logic,feature-flags,logic,business-logic,1,2,medium,business-logic classified as logic with reuse potential across 1 repositories and 2 files.,mbarbine__platphorm-base
shared-logic,@platphorm/logic,route-compliance,logic,business-logic,1,2,medium,business-logic classified as logic with reuse potential across 1 repositories and 2 files.,mbarbine__platphorm-base
shared-logic,@platphorm/logic,feed-pagination,logic,business-logic,1,2,medium,business-logic classified as logic with reuse potential across 1 repositories and 2 files.,mbarbine__platphorm-base
shared-logic,@platphorm/logic,cobol-analyzer,logic,business-logic,1,2,medium,business-logic classified as logic with reuse potential across 1 repositories and 2 files.,mbarbine__platphorm-cobol
shared-logic,@platphorm/logic,kanban-client,logic,business-logic,1,2,medium,business-logic classified as logic with reuse potential across 1 repositories and 2 files.,mbarbine__platphorm-cobol
shared-logic,@platphorm/logic,rules-store,logic,state-store,1,2,medium,state-store classified as logic with reuse potential across 1 repositories and 2 files.,mbarbine__platphorm-desa
shared-logic,@platphorm/logic,docs-publisher,logic,business-logic,1,2,medium,business-logic classified as logic with reuse potential across 1 repositories and 2 files.,mbarbine__platphorm-dictionary
shared-logic,@platphorm/logic,scoring-engine,logic,business-logic,1,2,medium,business-logic classified as logic with reuse potential across 1 repositories and 2 files.,mbarbine__platphorm-emoji
shared-logic,@platphorm/logic,with-trace,logic,business-logic,1,2,medium,business-logic classified as logic with reuse potential across 1 repositories and 2 files.,mbarbine__platphorm-insights
shared-logic,@platphorm/logic,seo,logic,schema-validation,1,2,medium,schema-validation classified as logic with reuse potential across 1 repositories and 2 files.,mbarbine__platphorm-insights
shared-logic,@platphorm/logic,accessibility,logic,schema-validation,1,2,medium,schema-validation classified as logic with reuse potential across 1 repositories and 2 files.,mbarbine__platphorm-insights
shared-logic,@platphorm/logic,w3c,logic,schema-validation,1,2,medium,schema-validation classified as logic with reuse potential across 1 repositories and 2 files.,mbarbine__platphorm-insights
shared-logic,@platphorm/logic,json-utils,logic,utility,1,2,medium,utility classified as logic with reuse potential across 1 repositories and 2 files.,mbarbine__platphorm-json
shared-logic,@platphorm/logic,mcp-api,logic,business-logic,1,2,medium,business-logic classified as logic with reuse potential across 1 repositories and 2 files.,mbarbine__platphorm-jules
shared-logic,@platphorm/logic,jules-sources,logic,business-logic,1,2,medium,business-logic classified as logic with reuse potential across 1 repositories and 2 files.,mbarbine__platphorm-jules
shared-logic,@platphorm/logic,jules-api,logic,business-logic,1,2,medium,business-logic classified as logic with reuse potential across 1 repositories and 2 files.,mbarbine__platphorm-jules
shared-logic,@platphorm/logic,kanban-api,logic,business-logic,1,2,medium,business-logic classified as logic with reuse potential across 1 repositories and 2 files.,mbarbine__platphorm-jules
shared-logic,@platphorm/logic,calendar-api,logic,business-logic,1,2,medium,business-logic classified as logic with reuse potential across 1 repositories and 2 files.,mbarbine__platphorm-jules
shared-logic,@platphorm/logic,jules-proxy,logic,business-logic,1,2,medium,business-logic classified as logic with reuse potential across 1 repositories and 2 files.,mbarbine__platphorm-jules
shared-logic,@platphorm/logic,encryption,logic,business-logic,1,2,medium,business-logic classified as logic with reuse potential across 1 repositories and 2 files.,mbarbine__platphorm-keys
shared-logic,@platphorm/logic,mask,logic,business-logic,1,2,medium,business-logic classified as logic with reuse potential across 1 repositories and 2 files.,mbarbine__platphorm-keys
shared-logic,@platphorm/logic,dynamo-store,logic,state-store,1,2,medium,state-store classified as logic with reuse potential across 1 repositories and 2 files.,mbarbine__platphorm-mcp
shared-logic,@platphorm/logic,discovery-search,logic,business-logic,1,2,medium,business-logic classified as logic with reuse potential across 1 repositories and 2 files.,mbarbine__platphorm-mcp
shared-logic,@platphorm/logic,dynamo,logic,business-logic,1,2,medium,business-logic classified as logic with reuse potential across 1 repositories and 2 files.,mbarbine__platphorm-mcp
shared-logic,@platphorm/logic,baselines,logic,business-logic,1,2,medium,business-logic classified as logic with reuse potential across 1 repositories and 2 files.,mbarbine__platphorm-monitor
shared-automation,@platphorm/automation,infra,automation,deployment-automation,1,2,medium,deployment-automation classified as automation with reuse potential across 1 repositories and 2 files.,mbarbine__platphorm-monitor
shared-automation,@platphorm/automation,analytics,automation,deployment-automation,1,2,medium,deployment-automation classified as automation with reuse potential across 1 repositories and 2 files.,mbarbine__platphorm-monitor
shared-automation,@platphorm/automation,retry,automation,deployment-automation,1,2,medium,deployment-automation classified as automation with reuse potential across 1 repositories and 2 files.,mbarbine__platphorm-monitor
shared-automation,@platphorm/automation,cache-keys,automation,deployment-automation,1,2,medium,deployment-automation classified as automation with reuse potential across 1 repositories and 2 files.,mbarbine__platphorm-monitor
shared-automation,@platphorm/automation,rate-limiter,automation,deployment-automation,1,2,medium,deployment-automation classified as automation with reuse potential across 1 repositories and 2 files.,mbarbine__platphorm-monitor
shared-automation,@platphorm/automation,firewall,automation,deployment-automation,1,2,medium,deployment-automation classified as automation with reuse potential across 1 repositories and 2 files.,mbarbine__platphorm-monitor
shared-logic,@platphorm/logic,register,logic,business-logic,1,2,medium,business-logic classified as logic with reuse potential across 1 repositories and 2 files.,mbarbine__platphorm-monitor
shared-logic,@platphorm/logic,verify,logic,business-logic,1,2,medium,business-logic classified as logic with reuse potential across 1 repositories and 2 files.,mbarbine__platphorm-monitor
shared-logic,@platphorm/logic,outbound,logic,business-logic,1,2,medium,business-logic classified as logic with reuse potential across 1 repositories and 2 files.,mbarbine__platphorm-monitor
shared-logic,@platphorm/logic,msi-parser,logic,parser,1,2,medium,parser classified as logic with reuse potential across 1 repositories and 2 files.,mbarbine__platphorm-msi-editor
shared-logic,@platphorm/logic,queue,logic,business-logic,1,2,medium,business-logic classified as logic with reuse potential across 1 repositories and 2 files.,mbarbine__platphorm-openclaw
shared-logic,@platphorm/logic,insights,logic,business-logic,1,2,medium,business-logic classified as logic with reuse potential across 1 repositories and 2 files.,mbarbine__platphorm-openclaw
shared-logic,@platphorm/logic,gridnet,logic,business-logic,1,2,medium,business-logic classified as logic with reuse potential across 1 repositories and 2 files.,mbarbine__platphorm-openclaw
shared-logic,@platphorm/logic,workspace,logic,business-logic,1,2,medium,business-logic classified as logic with reuse potential across 1 repositories and 2 files.,mbarbine__platphorm-openclaw
shared-logic,@platphorm/logic,client-trace,logic,business-logic,1,2,medium,business-logic classified as logic with reuse potential across 1 repositories and 2 files.,mbarbine__platphorm-opencontent
shared-logic,@platphorm/logic,platphorm-service,logic,business-logic,1,2,medium,business-logic classified as logic with reuse potential across 1 repositories and 2 files.,mbarbine__platphorm-opencontent
shared-ai,@platphorm/ai,build-manifest,ai,ai-chat,1,2,medium,ai-chat classified as ai with reuse potential across 1 repositories and 2 files.,mbarbine__platphorm-podcasts
shared-ai,@platphorm/ai,app-paths-manifest,ai,ai-chat,1,2,medium,ai-chat classified as ai with reuse potential across 1 repositories and 2 files.,mbarbine__platphorm-podcasts
shared-ai,@platphorm/ai,server-reference-manifest,ai,ai-chat,1,2,medium,ai-chat classified as ai with reuse potential across 1 repositories and 2 files.,mbarbine__platphorm-podcasts
shared-logic,@platphorm/logic,podcast-store,logic,state-store,1,2,medium,state-store classified as logic with reuse potential across 1 repositories and 2 files.,mbarbine__platphorm-podcasts
shared-logic,@platphorm/logic,podcast-streams,logic,business-logic,1,2,medium,business-logic classified as logic with reuse potential across 1 repositories and 2 files.,mbarbine__platphorm-podcasts
shared-logic,@platphorm/logic,podcast-catalog,logic,business-logic,1,2,medium,business-logic classified as logic with reuse potential across 1 repositories and 2 files.,mbarbine__platphorm-podcasts
shared-logic,@platphorm/logic,sentiment,logic,business-logic,1,2,medium,business-logic classified as logic with reuse potential across 1 repositories and 2 files.,mbarbine__platphorm-podcasts
shared-logic,@platphorm/logic,mcp-types,logic,business-logic,1,2,medium,business-logic classified as logic with reuse potential across 1 repositories and 2 files.,mbarbine__platphorm-polymaths
shared-logic,@platphorm/logic,cosmological-id,logic,business-logic,1,2,medium,business-logic classified as logic with reuse potential across 1 repositories and 2 files.,mbarbine__platphorm-polymaths
shared-logic,@platphorm/logic,servers,logic,business-logic,1,2,medium,business-logic classified as logic with reuse potential across 1 repositories and 2 files.,mbarbine__platphorm-quake
shared-logic,@platphorm/logic,game-store,logic,state-store,1,2,medium,state-store classified as logic with reuse potential across 1 repositories and 2 files.,mbarbine__platphorm-quake
shared-logic,@platphorm/logic,multiplayer-slice,logic,state-store,1,2,medium,state-store classified as logic with reuse potential across 1 repositories and 2 files.,mbarbine__platphorm-quake
shared-logic,@platphorm/logic,methods,logic,business-logic,1,2,medium,business-logic classified as logic with reuse potential across 1 repositories and 2 files.,mbarbine__platphorm-quake
shared-logic,@platphorm/logic,q3dm17,logic,business-logic,1,2,medium,business-logic classified as logic with reuse potential across 1 repositories and 2 files.,mbarbine__platphorm-quake
shared-logic,@platphorm/logic,forge,logic,business-logic,1,2,medium,business-logic classified as logic with reuse potential across 1 repositories and 2 files.,mbarbine__platphorm-quake
shared-logic,@platphorm/logic,languages,logic,business-logic,1,2,medium,business-logic classified as logic with reuse potential across 1 repositories and 2 files.,mbarbine__platphorm-reader
shared-logic,@platphorm/logic,shipping-types,logic,business-logic,1,2,medium,business-logic classified as logic with reuse potential across 1 repositories and 2 files.,mbarbine__platphorm-shipments
shared-ai,@platphorm/ai,ai-tools,ai,ai-integration,1,2,medium,ai-integration classified as ai with reuse potential across 1 repositories and 2 files.,mbarbine__platphorm-shipments
shared-logic,@platphorm/logic,client-logger,logic,business-logic,1,2,medium,business-logic classified as logic with reuse potential across 1 repositories and 2 files.,mbarbine__platphorm-shipments
shared-logic,@platphorm/logic,hmac,logic,business-logic,1,2,medium,business-logic classified as logic with reuse potential across 1 repositories and 2 files.,mbarbine__platphorm-shipments
shared-logic,@platphorm/logic,rss-parser,logic,parser,1,2,medium,parser classified as logic with reuse potential across 1 repositories and 2 files.,mbarbine__platphorm-space-news
shared-logic,@platphorm/logic,network-client,logic,business-logic,1,2,medium,business-logic classified as logic with reuse potential across 1 repositories and 2 files.,mbarbine__platphorm-spec-workbench
shared-logic,@platphorm/logic,identity,logic,business-logic,1,2,medium,business-logic classified as logic with reuse potential across 1 repositories and 2 files.,mbarbine__platphorm-spec-workbench
shared-logic,@platphorm/logic,svg-utils,logic,utility,1,2,medium,utility classified as logic with reuse potential across 1 repositories and 2 files.,mbarbine__platphorm-svg-factory
shared-logic,@platphorm/logic,route-probe-tracing,logic,business-logic,1,2,medium,business-logic classified as logic with reuse potential across 1 repositories and 2 files.,mbarbine__platphorm-trace
shared-logic,@platphorm/logic,sdk,logic,business-logic,1,2,medium,business-logic classified as logic with reuse potential across 1 repositories and 2 files.,mbarbine__platphorm-trace
shared-logic,@platphorm/logic,plain-english,logic,business-logic,1,2,medium,business-logic classified as logic with reuse potential across 1 repositories and 2 files.,mbarbine__platphorm-trace
shared-logic,@platphorm/logic,trust,logic,business-logic,1,2,medium,business-logic classified as logic with reuse potential across 1 repositories and 2 files.,mbarbine__platphorm-trace
shared-logic,@platphorm/logic,usl-core,logic,business-logic,1,2,medium,business-logic classified as logic with reuse potential across 1 repositories and 2 files.,mbarbine__platphorm-usl
shared-logic,@platphorm/logic,fingerprint-client,logic,business-logic,1,2,medium,business-logic classified as logic with reuse potential across 1 repositories and 2 files.,mbarbine__platphorm-vercel-atlas
shared-logic,@platphorm/logic,ipinfo-client,logic,business-logic,1,2,medium,business-logic classified as logic with reuse potential across 1 repositories and 2 files.,mbarbine__platphorm-vercel-atlas
shared-logic,@platphorm/logic,abuseipdb-client,logic,business-logic,1,2,medium,business-logic classified as logic with reuse potential across 1 repositories and 2 files.,mbarbine__platphorm-vercel-atlas
shared-logic,@platphorm/logic,universal-schemas,logic,business-logic,1,2,medium,business-logic classified as logic with reuse potential across 1 repositories and 2 files.,mbarbine__platphorm-webhook-simulator
shared-logic,@platphorm/logic,wrestlers,logic,business-logic,1,2,medium,business-logic classified as logic with reuse potential across 1 repositories and 2 files.,mbarbine__platphorm-wrestling-webby
shared-logic,@platphorm/logic,sample-xml,logic,business-logic,1,2,medium,business-logic classified as logic with reuse potential across 1 repositories and 2 files.,mbarbine__platphorm-xml
shared-logic,@platphorm/logic,xml-parser,logic,parser,1,2,medium,parser classified as logic with reuse potential across 1 repositories and 2 files.,mbarbine__platphorm-xml
shared-logic,@platphorm/logic,use-analytics,logic,business-logic,1,2,medium,business-logic classified as logic with reuse potential across 1 repositories and 2 files.,mbarbine__platphorm-zine-reader
shared-logic,@platphorm/logic,sanitize,logic,business-logic,1,2,medium,business-logic classified as logic with reuse potential across 1 repositories and 2 files.,mbarbine__platphormnews-www-prod
shared-logic,@platphorm/logic,sitemap-discovery,logic,business-logic,1,2,medium,business-logic classified as logic with reuse potential across 1 repositories and 2 files.,mbarbine__platphormnews-www-prod
shared-logic,@platphorm/logic,root-feed-sources,logic,business-logic,1,2,medium,business-logic classified as logic with reuse potential across 1 repositories and 2 files.,mbarbine__platphormnews-www-prod
shared-automation,@platphorm/automation,server,automation,scheduled-job,1,2,medium,scheduled-job classified as automation with reuse potential across 1 repositories and 2 files.,mbarbine__platphormnews-www-prod
shared-automation,@platphorm/automation,vercel-analytics,automation,deployment-automation,1,2,medium,deployment-automation classified as automation with reuse potential across 1 repositories and 2 files.,mbarbine__process-clone
shared-logic,@platphorm/logic,addresses,logic,business-logic,1,2,medium,business-logic classified as logic with reuse potential across 1 repositories and 2 files.,mbarbine__vanagain-dot-com-prod
shared-process,@platphorm/process,translationstatus,process,process-document,1,2,medium,process-document classified as process with reuse potential across 1 repositories and 2 files.,mbarbine__vanagain-site
shared-logic,@platphorm/logic,signal-processing,logic,business-logic,1,2,medium,business-logic classified as logic with reuse potential across 1 repositories and 2 files.,mbarbine__www-demo-biofeedback-app-development
shared-logic,@platphorm/logic,test-utils,logic,utility,1,2,medium,utility classified as logic with reuse potential across 1 repositories and 2 files.,mbarbine__www-demo-biofeedback-app-development
shared-logic,@platphorm/logic,session-storage,logic,business-logic,1,2,medium,business-logic classified as logic with reuse potential across 1 repositories and 2 files.,mbarbine__www-demo-biofeedback-app-development
shared-automation,@platphorm/automation,tcl-config,automation,script,1,2,medium,script classified as automation with reuse potential across 1 repositories and 2 files.,mbarbine__zornixOS
shared-automation,@platphorm/automation,tcloo-config,automation,script,1,2,medium,script classified as automation with reuse potential across 1 repositories and 2 files.,mbarbine__zornixOS
shared-process,@platphorm/process,bidi-brackets,process,process-document,1,2,medium,process-document classified as process with reuse potential across 1 repositories and 2 files.,mbarbine__zornixOS
shared-process,@platphorm/process,property-aliases,process,process-document,1,2,medium,process-document classified as process with reuse potential across 1 repositories and 2 files.,mbarbine__zornixOS
shared-process,@platphorm/process,jamo,process,process-document,1,2,medium,process-document classified as process with reuse potential across 1 repositories and 2 files.,mbarbine__zornixOS
shared-process,@platphorm/process,indic-positional-category,process,process-document,1,2,medium,process-document classified as process with reuse potential across 1 repositories and 2 files.,mbarbine__zornixOS
shared-process,@platphorm/process,special-casing,process,specification,1,2,medium,specification classified as process with reuse potential across 1 repositories and 2 files.,mbarbine__zornixOS
shared-process,@platphorm/process,blocks,process,process-document,1,2,medium,process-document classified as process with reuse potential across 1 repositories and 2 files.,mbarbine__zornixOS
shared-process,@platphorm/process,named-sq-prov,process,process-document,1,2,medium,process-document classified as process with reuse potential across 1 repositories and 2 files.,mbarbine__zornixOS
shared-process,@platphorm/process,read-me,process,process-document,1,2,medium,process-document classified as process with reuse potential across 1 repositories and 2 files.,mbarbine__zornixOS
shared-process,@platphorm/process,script-extensions,process,process-document,1,2,medium,process-document classified as process with reuse potential across 1 repositories and 2 files.,mbarbine__zornixOS
shared-process,@platphorm/process,djoin-group,process,process-document,1,2,medium,process-document classified as process with reuse potential across 1 repositories and 2 files.,mbarbine__zornixOS
shared-process,@platphorm/process,dbinary-properties,process,process-document,1,2,medium,process-document classified as process with reuse potential across 1 repositories and 2 files.,mbarbine__zornixOS
shared-process,@platphorm/process,dnum-type,process,process-document,1,2,medium,process-document classified as process with reuse potential across 1 repositories and 2 files.,mbarbine__zornixOS
shared-process,@platphorm/process,sbtest,process,process-document,1,2,medium,process-document classified as process with reuse potential across 1 repositories and 2 files.,mbarbine__zornixOS
shared-automation,@platphorm/automation,itcl-config,automation,script,1,2,medium,script classified as automation with reuse potential across 1 repositories and 2 files.,mbarbine__zornixOS
shared-automation,@platphorm/automation,tdbc-config,automation,script,1,2,medium,script classified as automation with reuse potential across 1 repositories and 2 files.,mbarbine__zornixOS
shared-automation,@platphorm/automation,fixinc,automation,script,1,2,medium,script classified as automation with reuse potential across 1 repositories and 2 files.,mbarbine__zornixOS
shared-automation,@platphorm/automation,config,automation,script,1,2,medium,script classified as automation with reuse potential across 1 repositories and 2 files.,ph3ar__ph3ar_radio_backend
shared-automation,@platphorm/automation,prod,automation,script,1,2,medium,script classified as automation with reuse potential across 1 repositories and 2 files.,ph3ar__ph3ar_radio_backend
shared-automation,@platphorm/automation,dev,automation,script,1,2,medium,script classified as automation with reuse potential across 1 repositories and 2 files.,ph3ar__ph3ar_radio_backend
shared-logic,@platphorm/logic,json-parser,logic,parser,1,2,medium,parser classified as logic with reuse potential across 1 repositories and 2 files.,process-co__json-graph
shared-automation,@platphorm/automation,crowstrike-auditor-v3,automation,script,1,1,medium,script classified as automation with reuse potential across 1 repositories and 1 files.,mbarbine__DCF-Audit-Scripts
shared-automation,@platphorm/automation,crowdstrike-auditor-v2,automation,script,1,1,medium,script classified as automation with reuse potential across 1 repositories and 1 files.,mbarbine__DCF-Audit-Scripts
shared-automation,@platphorm/automation,o365-auditor,automation,script,1,1,medium,script classified as automation with reuse potential across 1 repositories and 1 files.,mbarbine__DCF-Audit-Scripts
shared-automation,@platphorm/automation,crowdstrike-auditor,automation,script,1,1,medium,script classified as automation with reuse potential across 1 repositories and 1 files.,mbarbine__DCF-Audit-Scripts
shared-automation,@platphorm/automation,fortisase-auditor,automation,script,1,1,medium,script classified as automation with reuse potential across 1 repositories and 1 files.,mbarbine__DCF-Audit-Scripts
shared-automation,@platphorm/automation,ninja-one-audit,automation,script,1,1,medium,script classified as automation with reuse potential across 1 repositories and 1 files.,mbarbine__DCF-Audit-Scripts
shared-automation,@platphorm/automation,grab-xml,automation,script,1,1,medium,script classified as automation with reuse potential across 1 repositories and 1 files.,mbarbine__JenkinsDB
shared-automation,@platphorm/automation,grab-xml-tests,automation,script,1,1,medium,script classified as automation with reuse potential across 1 repositories and 1 files.,mbarbine__JenkinsDB
shared-logic,@platphorm/logic,secret-modal,logic,feature-ui,1,1,medium,feature-ui classified as logic with reuse potential across 1 repositories and 1 files.,mbarbine__PH3AR-WEBBY
shared-logic,@platphorm/logic,secret-modal,logic,business-logic,1,1,medium,business-logic classified as logic with reuse potential across 1 repositories and 1 files.,mbarbine__PH3AR-WEBBY
shared-automation,@platphorm/automation,script,automation,script,1,1,medium,script classified as automation with reuse potential across 1 repositories and 1 files.,mbarbine__Scripts
shared-process,@platphorm/process,readme-copy,process,process-document,1,1,medium,process-document classified as process with reuse potential across 1 repositories and 1 files.,mbarbine__Scripts
shared-automation,@platphorm/automation,setup-createcustomprofile,automation,script,1,1,medium,script classified as automation with reuse potential across 1 repositories and 1 files.,mbarbine__Scripts
shared-automation,@platphorm/automation,custombuildparameters,automation,script,1,1,medium,script classified as automation with reuse potential across 1 repositories and 1 files.,mbarbine__Scripts
shared-ai,@platphorm/ai,iosagent,ai,agent,1,1,medium,agent classified as ai with reuse potential across 1 repositories and 1 files.,mbarbine__Scripts
shared-automation,@platphorm/automation,script-d7085-dbc2-daa99494-d8-cfee7,automation,script,1,1,medium,script classified as automation with reuse potential across 1 repositories and 1 files.,mbarbine__Scripts
shared-automation,@platphorm/automation,script-e6662109529-b27-d8766-b6-e50,automation,script,1,1,medium,script classified as automation with reuse potential across 1 repositories and 1 files.,mbarbine__Scripts
shared-automation,@platphorm/automation,script-b8806-f7237-d4-e8685355-a3-c6,automation,script,1,1,medium,script classified as automation with reuse potential across 1 repositories and 1 files.,mbarbine__Scripts
shared-process,@platphorm/process,custom-certs,process,process-document,1,1,medium,process-document classified as process with reuse potential across 1 repositories and 1 files.,mbarbine__Scripts
shared-process,@platphorm/process,appl-dev-portal-setup,process,process-document,1,1,medium,process-document classified as process with reuse potential across 1 repositories and 1 files.,mbarbine__Scripts
shared-process,@platphorm/process,dagah-documentation,process,process-document,1,1,medium,process-document classified as process with reuse potential across 1 repositories and 1 files.,mbarbine__Scripts
shared-process,@platphorm/process,releasenotes,process,process-document,1,1,medium,process-document classified as process with reuse potential across 1 repositories and 1 files.,mbarbine__Scripts
shared-process,@platphorm/process,targets10,process,process-document,1,1,medium,process-document classified as process with reuse potential across 1 repositories and 1 files.,mbarbine__Scripts
shared-process,@platphorm/process,targets100,process,process-document,1,1,medium,process-document classified as process with reuse potential across 1 repositories and 1 files.,mbarbine__Scripts
shared-process,@platphorm/process,targets101,process,process-document,1,1,medium,process-document classified as process with reuse potential across 1 repositories and 1 files.,mbarbine__Scripts
shared-process,@platphorm/process,targets2,process,process-document,1,1,medium,process-document classified as process with reuse potential across 1 repositories and 1 files.,mbarbine__Scripts
shared-process,@platphorm/process,apks,process,process-document,1,1,medium,process-document classified as process with reuse potential across 1 repositories and 1 files.,mbarbine__Scripts
shared-ai,@platphorm/ai,apks,ai,agent,1,1,medium,agent classified as ai with reuse potential across 1 repositories and 1 files.,mbarbine__Scripts
shared-ai,@platphorm/ai,settings,ai,agent,1,1,medium,agent classified as ai with reuse potential across 1 repositories and 1 files.,mbarbine__Scripts
shared-process,@platphorm/process,galera,process,process-document,1,1,medium,process-document classified as process with reuse potential across 1 repositories and 1 files.,mbarbine__Scripts
shared-automation,@platphorm/automation,template,automation,container-automation,1,1,medium,container-automation classified as automation with reuse potential across 1 repositories and 1 files.,mbarbine__Scripts
shared-automation,@platphorm/automation,create-base-ami,automation,script,1,1,medium,script classified as automation with reuse potential across 1 repositories and 1 files.,mbarbine__Scripts
shared-automation,@platphorm/automation,install-prereqs,automation,script,1,1,medium,script classified as automation with reuse potential across 1 repositories and 1 files.,mbarbine__Scripts
shared-process,@platphorm/process,maintaining-jenkins-readme,process,process-document,1,1,medium,process-document classified as process with reuse potential across 1 repositories and 1 files.,mbarbine__Scripts
shared-automation,@platphorm/automation,clean-ami,automation,script,1,1,medium,script classified as automation with reuse potential across 1 repositories and 1 files.,mbarbine__Scripts
shared-automation,@platphorm/automation,php-updater,automation,script,1,1,medium,script classified as automation with reuse potential across 1 repositories and 1 files.,mbarbine__Scripts
shared-automation,@platphorm/automation,send,automation,script,1,1,medium,script classified as automation with reuse potential across 1 repositories and 1 files.,mbarbine__Scripts
shared-automation,@platphorm/automation,authors,automation,script,1,1,medium,script classified as automation with reuse potential across 1 repositories and 1 files.,mbarbine__Scripts
shared-logic,@platphorm/logic,utils-line,logic,utility,1,1,medium,utility classified as logic with reuse potential across 1 repositories and 1 files.,mbarbine__Scripts
shared-logic,@platphorm/logic,change-measurement,logic,business-logic,1,1,medium,business-logic classified as logic with reuse potential across 1 repositories and 1 files.,mbarbine__Scripts
shared-logic,@platphorm/logic,chunk,logic,business-logic,1,1,medium,business-logic classified as logic with reuse potential across 1 repositories and 1 files.,mbarbine__Scripts
shared-logic,@platphorm/logic,changes,logic,business-logic,1,1,medium,business-logic classified as logic with reuse potential across 1 repositories and 1 files.,mbarbine__Scripts
shared-ai,@platphorm/ai,line-widget,ai,ai-integration,1,1,medium,ai-integration classified as ai with reuse potential across 1 repositories and 1 files.,mbarbine__Scripts
shared-logic,@platphorm/logic,selection,logic,business-logic,1,1,medium,business-logic classified as logic with reuse potential across 1 repositories and 1 files.,mbarbine__Scripts
shared-logic,@platphorm/logic,history,logic,business-logic,1,1,medium,business-logic classified as logic with reuse potential across 1 repositories and 1 files.,mbarbine__Scripts
shared-logic,@platphorm/logic,selection-updates,logic,business-logic,1,1,medium,business-logic classified as logic with reuse potential across 1 repositories and 1 files.,mbarbine__Scripts
shared-ai,@platphorm/ai,document-data,ai,ai-integration,1,1,medium,ai-integration classified as ai with reuse potential across 1 repositories and 1 files.,mbarbine__Scripts
shared-logic,@platphorm/logic,doc,logic,business-logic,1,1,medium,business-logic classified as logic with reuse potential across 1 repositories and 1 files.,mbarbine__Scripts
shared-automation,@platphorm/automation,update-dagah-test,automation,script,1,1,medium,script classified as automation with reuse potential across 1 repositories and 1 files.,mbarbine__Scripts
shared-logic,@platphorm/logic,serial,logic,business-logic,1,1,medium,business-logic classified as logic with reuse potential across 1 repositories and 1 files.,mbarbine__Scripts
shared-ai,@platphorm/ai,fucking-coffee,ai,ai-integration,1,1,medium,ai-integration classified as ai with reuse potential across 1 repositories and 1 files.,mbarbine__Scripts
shared-automation,@platphorm/automation,init-docker-container,automation,script,1,1,medium,script classified as automation with reuse potential across 1 repositories and 1 files.,mbarbine__Scripts
shared-automation,@platphorm/automation,docker-env,automation,script,1,1,medium,script classified as automation with reuse potential across 1 repositories and 1 files.,mbarbine__Scripts
shared-automation,@platphorm/automation,install-vscode,automation,script,1,1,medium,script classified as automation with reuse potential across 1 repositories and 1 files.,mbarbine__Scripts
shared-automation,@platphorm/automation,vs-code-extensions,automation,script,1,1,medium,script classified as automation with reuse potential across 1 repositories and 1 files.,mbarbine__Scripts
shared-automation,@platphorm/automation,docker-cleanup-volumes,automation,script,1,1,medium,script classified as automation with reuse potential across 1 repositories and 1 files.,mbarbine__Scripts
shared-automation,@platphorm/automation,makefile,automation,container-automation,1,1,medium,container-automation classified as automation with reuse potential across 1 repositories and 1 files.,mbarbine__Scripts
shared-automation,@platphorm/automation,manage,automation,automation-config,1,1,medium,automation-config classified as automation with reuse potential across 1 repositories and 1 files.,mbarbine__Scripts
shared-automation,@platphorm/automation,apidoc,automation,automation-config,1,1,medium,automation-config classified as automation with reuse potential across 1 repositories and 1 files.,mbarbine__Scripts
shared-automation,@platphorm/automation,tasks,automation,automation-config,1,1,medium,automation-config classified as automation with reuse potential across 1 repositories and 1 files.,mbarbine__Scripts
shared-automation,@platphorm/automation,serializers,automation,automation-config,1,1,medium,automation-config classified as automation with reuse potential across 1 repositories and 1 files.,mbarbine__Scripts
shared-logic,@platphorm/logic,apps,logic,business-logic,1,1,medium,business-logic classified as logic with reuse potential across 1 repositories and 1 files.,mbarbine__Scripts
shared-logic,@platphorm/logic,urls,logic,business-logic,1,1,medium,business-logic classified as logic with reuse potential across 1 repositories and 1 files.,mbarbine__Scripts
shared-automation,@platphorm/automation,views,automation,automation-config,1,1,medium,automation-config classified as automation with reuse potential across 1 repositories and 1 files.,mbarbine__Scripts
shared-logic,@platphorm/logic,clouds,logic,business-logic,1,1,medium,business-logic classified as logic with reuse potential across 1 repositories and 1 files.,mbarbine__Scripts
shared-ai,@platphorm/ai,admin,ai,ai-integration,1,1,medium,ai-integration classified as ai with reuse potential across 1 repositories and 1 files.,mbarbine__Scripts
shared-ai,@platphorm/ai,0002-auto-20161111-2102,ai,ai-integration,1,1,medium,ai-integration classified as ai with reuse potential across 1 repositories and 1 files.,mbarbine__Scripts
shared-ai,@platphorm/ai,0003-opsuser-verified,ai,ai-integration,1,1,medium,ai-integration classified as ai with reuse potential across 1 repositories and 1 files.,mbarbine__Scripts
shared-logic,@platphorm/logic,core-module,logic,business-logic,1,1,medium,business-logic classified as logic with reuse potential across 1 repositories and 1 files.,mbarbine__Scripts
shared-logic,@platphorm/logic,alerts,logic,business-logic,1,1,medium,business-logic classified as logic with reuse potential across 1 repositories and 1 files.,mbarbine__Scripts
shared-logic,@platphorm/logic,input-field,logic,business-logic,1,1,medium,business-logic classified as logic with reuse potential across 1 repositories and 1 files.,mbarbine__Scripts
shared-logic,@platphorm/logic,point-client-directive,logic,business-logic,1,1,medium,business-logic classified as logic with reuse potential across 1 repositories and 1 files.,mbarbine__Scripts
shared-logic,@platphorm/logic,y-icon-client-directive,logic,business-logic,1,1,medium,business-logic classified as logic with reuse potential across 1 repositories and 1 files.,mbarbine__Scripts
shared-logic,@platphorm/logic,ng-focus-directive,logic,business-logic,1,1,medium,business-logic classified as logic with reuse potential across 1 repositories and 1 files.,mbarbine__Scripts
shared-logic,@platphorm/logic,config-constants,logic,business-logic,1,1,medium,business-logic classified as logic with reuse potential across 1 repositories and 1 files.,mbarbine__Scripts
shared-logic,@platphorm/logic,job-constance,logic,business-logic,1,1,medium,business-logic classified as logic with reuse potential across 1 repositories and 1 files.,mbarbine__Scripts
shared-logic,@platphorm/logic,alert-constants,logic,business-logic,1,1,medium,business-logic classified as logic with reuse potential across 1 repositories and 1 files.,mbarbine__Scripts
shared-logic,@platphorm/logic,event-emitter,logic,business-logic,1,1,medium,business-logic classified as logic with reuse potential across 1 repositories and 1 files.,mbarbine__Scripts
shared-logic,@platphorm/logic,app-dispatcher,logic,business-logic,1,1,medium,business-logic classified as logic with reuse potential across 1 repositories and 1 files.,mbarbine__Scripts
shared-logic,@platphorm/logic,config-store,logic,state-store,1,1,medium,state-store classified as logic with reuse potential across 1 repositories and 1 files.,mbarbine__Scripts
shared-logic,@platphorm/logic,app-actions,logic,business-logic,1,1,medium,business-logic classified as logic with reuse potential across 1 repositories and 1 files.,mbarbine__Scripts
shared-logic,@platphorm/logic,alert-actions,logic,business-logic,1,1,medium,business-logic classified as logic with reuse potential across 1 repositories and 1 files.,mbarbine__Scripts
shared-logic,@platphorm/logic,job-actions,logic,business-logic,1,1,medium,business-logic classified as logic with reuse potential across 1 repositories and 1 files.,mbarbine__Scripts
shared-logic,@platphorm/logic,config-actions,logic,business-logic,1,1,medium,business-logic classified as logic with reuse potential across 1 repositories and 1 files.,mbarbine__Scripts
shared-logic,@platphorm/logic,home-client-controller,logic,business-logic,1,1,medium,business-logic classified as logic with reuse potential across 1 repositories and 1 files.,mbarbine__Scripts
shared-ai,@platphorm/ai,stream-model,ai,ai-integration,1,1,medium,ai-integration classified as ai with reuse potential across 1 repositories and 1 files.,mbarbine__Scripts
shared-ai,@platphorm/ai,user-model,ai,ai-integration,1,1,medium,ai-integration classified as ai with reuse potential across 1 repositories and 1 files.,mbarbine__Scripts
shared-logic,@platphorm/logic,config-api,logic,business-logic,1,1,medium,business-logic classified as logic with reuse potential across 1 repositories and 1 files.,mbarbine__Scripts
shared-logic,@platphorm/logic,stream-model,logic,business-logic,1,1,medium,business-logic classified as logic with reuse potential across 1 repositories and 1 files.,mbarbine__Scripts
shared-logic,@platphorm/logic,user-model,logic,business-logic,1,1,medium,business-logic classified as logic with reuse potential across 1 repositories and 1 files.,mbarbine__Scripts
shared-logic,@platphorm/logic,footer-controller,logic,business-logic,1,1,medium,business-logic classified as logic with reuse potential across 1 repositories and 1 files.,mbarbine__Scripts
shared-logic,@platphorm/logic,main-nav,logic,business-logic,1,1,medium,business-logic classified as logic with reuse potential across 1 repositories and 1 files.,mbarbine__Scripts
shared-logic,@platphorm/logic,sidebar-controller,logic,business-logic,1,1,medium,business-logic classified as logic with reuse potential across 1 repositories and 1 files.,mbarbine__Scripts
shared-logic,@platphorm/logic,deploy,logic,business-logic,1,1,medium,business-logic classified as logic with reuse potential across 1 repositories and 1 files.,mbarbine__Scripts
shared-logic,@platphorm/logic,logger-factory,logic,business-logic,1,1,medium,business-logic classified as logic with reuse potential across 1 repositories and 1 files.,mbarbine__Scripts
shared-logic,@platphorm/logic,delete-service,logic,business-logic,1,1,medium,business-logic classified as logic with reuse potential across 1 repositories and 1 files.,mbarbine__Scripts
shared-logic,@platphorm/logic,storage-service,logic,business-logic,1,1,medium,business-logic classified as logic with reuse potential across 1 repositories and 1 files.,mbarbine__Scripts
shared-logic,@platphorm/logic,modal-service,logic,business-logic,1,1,medium,business-logic classified as logic with reuse potential across 1 repositories and 1 files.,mbarbine__Scripts
shared-logic,@platphorm/logic,email-service,logic,business-logic,1,1,medium,business-logic classified as logic with reuse potential across 1 repositories and 1 files.,mbarbine__Scripts
shared-logic,@platphorm/logic,utility-service,logic,business-logic,1,1,medium,business-logic classified as logic with reuse potential across 1 repositories and 1 files.,mbarbine__Scripts
shared-logic,@platphorm/logic,parsers-module,logic,parser,1,1,medium,parser classified as logic with reuse potential across 1 repositories and 1 files.,mbarbine__Scripts
shared-logic,@platphorm/logic,parser-routes,logic,parser,1,1,medium,parser classified as logic with reuse potential across 1 repositories and 1 files.,mbarbine__Scripts
shared-logic,@platphorm/logic,parsers-routes,logic,parser,1,1,medium,parser classified as logic with reuse potential across 1 repositories and 1 files.,mbarbine__Scripts
shared-logic,@platphorm/logic,parsers-config,logic,parser,1,1,medium,parser classified as logic with reuse potential across 1 repositories and 1 files.,mbarbine__Scripts
shared-logic,@platphorm/logic,parsers-api-service,logic,parser,1,1,medium,parser classified as logic with reuse potential across 1 repositories and 1 files.,mbarbine__Scripts
shared-logic,@platphorm/logic,parsers-list-controller,logic,parser,1,1,medium,parser classified as logic with reuse potential across 1 repositories and 1 files.,mbarbine__Scripts
shared-logic,@platphorm/logic,parsers-detail-controller,logic,parser,1,1,medium,parser classified as logic with reuse potential across 1 repositories and 1 files.,mbarbine__Scripts
shared-automation,@platphorm/automation,job-box,automation,automation-config,1,1,medium,automation-config classified as automation with reuse potential across 1 repositories and 1 files.,mbarbine__Scripts
shared-ai,@platphorm/ai,selectbox,ai,ai-integration,1,1,medium,ai-integration classified as ai with reuse potential across 1 repositories and 1 files.,mbarbine__Scripts
shared-automation,@platphorm/automation,jquery-placeholder,automation,automation-config,1,1,medium,automation-config classified as automation with reuse potential across 1 repositories and 1 files.,mbarbine__Scripts
shared-ai,@platphorm/ai,jquery-inview-min,ai,ai-integration,1,1,medium,ai-integration classified as ai with reuse potential across 1 repositories and 1 files.,mbarbine__Scripts
shared-logic,@platphorm/logic,api-request,logic,utility,1,1,medium,utility classified as logic with reuse potential across 1 repositories and 1 files.,mbarbine__Scripts
shared-logic,@platphorm/logic,api-headers,logic,utility,1,1,medium,utility classified as logic with reuse potential across 1 repositories and 1 files.,mbarbine__Scripts
shared-ai,@platphorm/ai,input-field,ai,ai-integration,1,1,medium,ai-integration classified as ai with reuse potential across 1 repositories and 1 files.,mbarbine__Scripts
shared-automation,@platphorm/automation,job-actions,automation,automation-config,1,1,medium,automation-config classified as automation with reuse potential across 1 repositories and 1 files.,mbarbine__Scripts
shared-automation,@platphorm/automation,azure,automation,automation-config,1,1,medium,automation-config classified as automation with reuse potential across 1 repositories and 1 files.,mbarbine__Scripts
shared-automation,@platphorm/automation,storage-account,automation,automation-config,1,1,medium,automation-config classified as automation with reuse potential across 1 repositories and 1 files.,mbarbine__Scripts
shared-automation,@platphorm/automation,affinity-group,automation,automation-config,1,1,medium,automation-config classified as automation with reuse potential across 1 repositories and 1 files.,mbarbine__Scripts
shared-automation,@platphorm/automation,upgrade-pipsv2,automation,script,1,1,medium,script classified as automation with reuse potential across 1 repositories and 1 files.,mbarbine__Scripts
shared-automation,@platphorm/automation,get-pips,automation,script,1,1,medium,script classified as automation with reuse potential across 1 repositories and 1 files.,mbarbine__Scripts
shared-automation,@platphorm/automation,upgrade-pips,automation,script,1,1,medium,script classified as automation with reuse potential across 1 repositories and 1 files.,mbarbine__Scripts
shared-logic,@platphorm/logic,config,logic,utility,1,1,medium,utility classified as logic with reuse potential across 1 repositories and 1 files.,mbarbine__Scripts
shared-logic,@platphorm/logic,targetsutils,logic,utility,1,1,medium,utility classified as logic with reuse potential across 1 repositories and 1 files.,mbarbine__Scripts
shared-logic,@platphorm/logic,init,logic,utility,1,1,medium,utility classified as logic with reuse potential across 1 repositories and 1 files.,mbarbine__Scripts
shared-logic,@platphorm/logic,tcpshell,logic,utility,1,1,medium,utility classified as logic with reuse potential across 1 repositories and 1 files.,mbarbine__Scripts
shared-logic,@platphorm/logic,enum,logic,utility,1,1,medium,utility classified as logic with reuse potential across 1 repositories and 1 files.,mbarbine__Scripts
shared-logic,@platphorm/logic,ssl,logic,utility,1,1,medium,utility classified as logic with reuse potential across 1 repositories and 1 files.,mbarbine__Scripts
shared-process,@platphorm/process,config,process,process-document,1,1,medium,process-document classified as process with reuse potential across 1 repositories and 1 files.,mbarbine__Scripts
shared-process,@platphorm/process,unfollow-config,process,process-document,1,1,medium,process-document classified as process with reuse potential across 1 repositories and 1 files.,mbarbine__Scripts
shared-automation,@platphorm/automation,runall,automation,script,1,1,medium,script classified as automation with reuse potential across 1 repositories and 1 files.,mbarbine__Scripts
shared-automation,@platphorm/automation,rundce,automation,script,1,1,medium,script classified as automation with reuse potential across 1 repositories and 1 files.,mbarbine__Scripts
shared-process,@platphorm/process,text,process,process-document,1,1,medium,process-document classified as process with reuse potential across 1 repositories and 1 files.,mbarbine__Scripts
shared-automation,@platphorm/automation,exchange-rules,automation,script,1,1,medium,script classified as automation with reuse potential across 1 repositories and 1 files.,mbarbine__Scripts
shared-automation,@platphorm/automation,logs,automation,script,1,1,medium,script classified as automation with reuse potential across 1 repositories and 1 files.,mbarbine__Scripts
shared-process,@platphorm/process,ns8-server-notes,process,process-document,1,1,medium,process-document classified as process with reuse potential across 1 repositories and 1 files.,mbarbine__Scripts
shared-automation,@platphorm/automation,graph-audit,automation,script,1,1,medium,script classified as automation with reuse potential across 1 repositories and 1 files.,mbarbine__Scripts
shared-automation,@platphorm/automation,install-graph-modules,automation,script,1,1,medium,script classified as automation with reuse potential across 1 repositories and 1 files.,mbarbine__Scripts
shared-automation,@platphorm/automation,cap-policies-devices,automation,script,1,1,medium,script classified as automation with reuse potential across 1 repositories and 1 files.,mbarbine__Scripts
shared-automation,@platphorm/automation,cap-audit-test4,automation,script,1,1,medium,script classified as automation with reuse potential across 1 repositories and 1 files.,mbarbine__Scripts
shared-automation,@platphorm/automation,cap-audit-v2,automation,script,1,1,medium,script classified as automation with reuse potential across 1 repositories and 1 files.,mbarbine__Scripts
shared-automation,@platphorm/automation,cap-audit-test2,automation,script,1,1,medium,script classified as automation with reuse potential across 1 repositories and 1 files.,mbarbine__Scripts
shared-automation,@platphorm/automation,cap-audit-test3,automation,script,1,1,medium,script classified as automation with reuse potential across 1 repositories and 1 files.,mbarbine__Scripts
shared-automation,@platphorm/automation,o365-audit-final,automation,script,1,1,medium,script classified as automation with reuse potential across 1 repositories and 1 files.,mbarbine__Scripts
shared-automation,@platphorm/automation,fix-graph-module-issues,automation,script,1,1,medium,script classified as automation with reuse potential across 1 repositories and 1 files.,mbarbine__Scripts
shared-automation,@platphorm/automation,find-user-audit-activities,automation,script,1,1,medium,script classified as automation with reuse potential across 1 repositories and 1 files.,mbarbine__Scripts
shared-automation,@platphorm/automation,find-old-guest-users,automation,script,1,1,medium,script classified as automation with reuse potential across 1 repositories and 1 files.,mbarbine__Scripts
shared-automation,@platphorm/automation,update-sensitivity-labels-for-groups,automation,script,1,1,medium,script classified as automation with reuse potential across 1 repositories and 1 files.,mbarbine__Scripts
shared-automation,@platphorm/automation,report-audit-recs-guest-doc-access,automation,script,1,1,medium,script classified as automation with reuse potential across 1 repositories and 1 files.,mbarbine__Scripts
shared-automation,@platphorm/automation,report-microsoft365-groups-expiration,automation,script,1,1,medium,script classified as automation with reuse potential across 1 repositories and 1 files.,mbarbine__Scripts
shared-automation,@platphorm/automation,report-mobile-devices,automation,script,1,1,medium,script classified as automation with reuse potential across 1 repositories and 1 files.,mbarbine__Scripts
shared-automation,@platphorm/automation,report-audit-recs-user-sign-ins,automation,script,1,1,medium,script classified as automation with reuse potential across 1 repositories and 1 files.,mbarbine__Scripts
shared-automation,@platphorm/automation,update-guest-photos,automation,script,1,1,medium,script classified as automation with reuse potential across 1 repositories and 1 files.,mbarbine__Scripts
shared-automation,@platphorm/automation,find-teams-channels-with-web-sites,automation,script,1,1,medium,script classified as automation with reuse potential across 1 repositories and 1 files.,mbarbine__Scripts
shared-automation,@platphorm/automation,purge-messages-with-content-search,automation,script,1,1,medium,script classified as automation with reuse potential across 1 repositories and 1 files.,mbarbine__Scripts
shared-automation,@platphorm/automation,report-teams-channels,automation,script,1,1,medium,script classified as automation with reuse potential across 1 repositories and 1 files.,mbarbine__Scripts
shared-automation,@platphorm/automation,update-sposites-with-labels,automation,script,1,1,medium,script classified as automation with reuse potential across 1 repositories and 1 files.,mbarbine__Scripts
shared-automation,@platphorm/automation,report-dlmemberships-counts-mg-graph,automation,script,1,1,medium,script classified as automation with reuse potential across 1 repositories and 1 files.,mbarbine__Scripts
shared-automation,@platphorm/automation,convert-teams-background-files-v2,automation,script,1,1,medium,script classified as automation with reuse potential across 1 repositories and 1 files.,mbarbine__Scripts
shared-automation,@platphorm/automation,send-email-exchange-hve,automation,script,1,1,medium,script classified as automation with reuse potential across 1 repositories and 1 files.,mbarbine__Scripts
shared-automation,@platphorm/automation,update-subscribers-in-groups-used-by-teams,automation,script,1,1,medium,script classified as automation with reuse potential across 1 repositories and 1 files.,mbarbine__Scripts
shared-automation,@platphorm/automation,get-teams-reactions,automation,script,1,1,medium,script classified as automation with reuse potential across 1 repositories and 1 files.,mbarbine__Scripts
shared-automation,@platphorm/automation,report-hard-deleted-user-accounts,automation,script,1,1,medium,script classified as automation with reuse potential across 1 repositories and 1 files.,mbarbine__Scripts
shared-automation,@platphorm/automation,report-teams-private-channels,automation,script,1,1,medium,script classified as automation with reuse potential across 1 repositories and 1 files.,mbarbine__Scripts
shared-automation,@platphorm/automation,update-azure-automation-graph-modules,automation,script,1,1,medium,script classified as automation with reuse potential across 1 repositories and 1 files.,mbarbine__Scripts
shared-automation,@platphorm/automation,monitor-teams-member-additions,automation,script,1,1,medium,script classified as automation with reuse potential across 1 repositories and 1 files.,mbarbine__Scripts
shared-automation,@platphorm/automation,report-sharing-audit-events,automation,script,1,1,medium,script classified as automation with reuse potential across 1 repositories and 1 files.,mbarbine__Scripts
shared-automation,@platphorm/automation,report-active-teams,automation,script,1,1,medium,script classified as automation with reuse potential across 1 repositories and 1 files.,mbarbine__Scripts
shared-automation,@platphorm/automation,compliance-search-partially-indexed-items,automation,script,1,1,medium,script classified as automation with reuse potential across 1 repositories and 1 files.,mbarbine__Scripts
shared-automation,@platphorm/automation,report-mailbox-quota-used,automation,script,1,1,medium,script classified as automation with reuse potential across 1 repositories and 1 files.,mbarbine__Scripts
shared-automation,@platphorm/automation,report-permissions-folder-level,automation,script,1,1,medium,script classified as automation with reuse potential across 1 repositories and 1 files.,mbarbine__Scripts
shared-automation,@platphorm/automation,report-loop-workspaces,automation,script,1,1,medium,script classified as automation with reuse potential across 1 repositories and 1 files.,mbarbine__Scripts
shared-automation,@platphorm/automation,report-room-mailbox-usage-azure-automation,automation,script,1,1,medium,script classified as automation with reuse potential across 1 repositories and 1 files.,mbarbine__Scripts
shared-automation,@platphorm/automation,find-last-accessed-date-documents,automation,script,1,1,medium,script classified as automation with reuse potential across 1 repositories and 1 files.,mbarbine__Scripts
shared-automation,@platphorm/automation,send-welcome-email-graph,automation,script,1,1,medium,script classified as automation with reuse potential across 1 repositories and 1 files.,mbarbine__Scripts
shared-automation,@platphorm/automation,report-service-plans,automation,script,1,1,medium,script classified as automation with reuse potential across 1 repositories and 1 files.,mbarbine__Scripts
shared-automation,@platphorm/automation,analyze-mthistorical-logs,automation,script,1,1,medium,script classified as automation with reuse potential across 1 repositories and 1 files.,mbarbine__Scripts
shared-automation,@platphorm/automation,send-teams-chat-message,automation,script,1,1,medium,script classified as automation with reuse potential across 1 repositories and 1 files.,mbarbine__Scripts
shared-automation,@platphorm/automation,send-welcome-email-runbook,automation,script,1,1,medium,script classified as automation with reuse potential across 1 repositories and 1 files.,mbarbine__Scripts
shared-automation,@platphorm/automation,find-graph-permissions,automation,script,1,1,medium,script classified as automation with reuse potential across 1 repositories and 1 files.,mbarbine__Scripts
shared-automation,@platphorm/automation,report-individual-application-licenses,automation,script,1,1,medium,script classified as automation with reuse potential across 1 repositories and 1 files.,mbarbine__Scripts
shared-automation,@platphorm/automation,report-last-account-sign-in-mg,automation,script,1,1,medium,script classified as automation with reuse potential across 1 repositories and 1 files.,mbarbine__Scripts
shared-automation,@platphorm/automation,last-logged-on-by-external-users,automation,script,1,1,medium,script classified as automation with reuse potential across 1 repositories and 1 files.,mbarbine__Scripts
shared-automation,@platphorm/automation,report-teams-activity-graph,automation,script,1,1,medium,script classified as automation with reuse potential across 1 repositories and 1 files.,mbarbine__Scripts
shared-automation,@platphorm/automation,create-news-items-from-rssfeed,automation,script,1,1,medium,script classified as automation with reuse potential across 1 repositories and 1 files.,mbarbine__Scripts
shared-automation,@platphorm/automation,report-label-changes-audit-records,automation,script,1,1,medium,script classified as automation with reuse potential across 1 repositories and 1 files.,mbarbine__Scripts
shared-automation,@platphorm/automation,update-user-photos,automation,script,1,1,medium,script classified as automation with reuse potential across 1 repositories and 1 files.,mbarbine__Scripts
shared-automation,@platphorm/automation,report-retention-label-audit-events,automation,script,1,1,medium,script classified as automation with reuse potential across 1 repositories and 1 files.,mbarbine__Scripts
shared-automation,@platphorm/automation,create-entra-iddynamic-groups,automation,script,1,1,medium,script classified as automation with reuse potential across 1 repositories and 1 files.,mbarbine__Scripts
shared-automation,@platphorm/automation,report-membership-m365-group,automation,script,1,1,medium,script classified as automation with reuse potential across 1 repositories and 1 files.,mbarbine__Scripts
shared-automation,@platphorm/automation,get-plans-for-user-device-code,automation,script,1,1,medium,script classified as automation with reuse potential across 1 repositories and 1 files.,mbarbine__Scripts
shared-automation,@platphorm/automation,send-hveemail-runbook,automation,script,1,1,medium,script classified as automation with reuse potential across 1 repositories and 1 files.,mbarbine__Scripts
shared-automation,@platphorm/automation,get-labels-and-check-microsoft365-groups,automation,script,1,1,medium,script classified as automation with reuse potential across 1 repositories and 1 files.,mbarbine__Scripts
shared-automation,@platphorm/automation,get-service-health-information,automation,script,1,1,medium,script classified as automation with reuse potential across 1 repositories and 1 files.,mbarbine__Scripts
shared-automation,@platphorm/automation,report-service-principal-connections,automation,script,1,1,medium,script classified as automation with reuse potential across 1 repositories and 1 files.,mbarbine__Scripts
shared-automation,@platphorm/automation,report-inactive-teams-by-email,automation,script,1,1,medium,script classified as automation with reuse potential across 1 repositories and 1 files.,mbarbine__Scripts
shared-automation,@platphorm/automation,send-welcome-message-user-mail,automation,script,1,1,medium,script classified as automation with reuse potential across 1 repositories and 1 files.,mbarbine__Scripts
shared-automation,@platphorm/automation,generate-teams-directory-graph,automation,script,1,1,medium,script classified as automation with reuse potential across 1 repositories and 1 files.,mbarbine__Scripts
shared-automation,@platphorm/automation,test-compliance-holds,automation,script,1,1,medium,script classified as automation with reuse potential across 1 repositories and 1 files.,mbarbine__Scripts
shared-automation,@platphorm/automation,apply-sensitivity-labels,automation,script,1,1,medium,script classified as automation with reuse potential across 1 repositories and 1 files.,mbarbine__Scripts
shared-automation,@platphorm/automation,report-service-principal-assignments,automation,script,1,1,medium,script classified as automation with reuse potential across 1 repositories and 1 files.,mbarbine__Scripts
shared-automation,@platphorm/automation,send-welcome-email-mg,automation,script,1,1,medium,script classified as automation with reuse potential across 1 repositories and 1 files.,mbarbine__Scripts
shared-automation,@platphorm/automation,find-updated-office365-notifications,automation,script,1,1,medium,script classified as automation with reuse potential across 1 repositories and 1 files.,mbarbine__Scripts
shared-automation,@platphorm/automation,provision-one-drive-accounts,automation,script,1,1,medium,script classified as automation with reuse potential across 1 repositories and 1 files.,mbarbine__Scripts
shared-automation,@platphorm/automation,enable-all-exchange-audit-events,automation,script,1,1,medium,script classified as automation with reuse potential across 1 repositories and 1 files.,mbarbine__Scripts
shared-automation,@platphorm/automation,report-teams-apps,automation,script,1,1,medium,script classified as automation with reuse potential across 1 repositories and 1 files.,mbarbine__Scripts
shared-automation,@platphorm/automation,report-primary-archive-folder-sizes,automation,script,1,1,medium,script classified as automation with reuse potential across 1 repositories and 1 files.,mbarbine__Scripts
shared-automation,@platphorm/automation,azure-automation-groups-expiration-report,automation,script,1,1,medium,script classified as automation with reuse potential across 1 repositories and 1 files.,mbarbine__Scripts
shared-automation,@platphorm/automation,auto-apply-retention-labels,automation,script,1,1,medium,script classified as automation with reuse potential across 1 repositories and 1 files.,mbarbine__Scripts
shared-automation,@platphorm/automation,remove-service-plan2,automation,script,1,1,medium,script classified as automation with reuse potential across 1 repositories and 1 files.,mbarbine__Scripts
shared-automation,@platphorm/automation,report-dlmemberships-counts-graph,automation,script,1,1,medium,script classified as automation with reuse potential across 1 repositories and 1 files.,mbarbine__Scripts
shared-automation,@platphorm/automation,remove-service-plan3,automation,script,1,1,medium,script classified as automation with reuse potential across 1 repositories and 1 files.,mbarbine__Scripts
shared-automation,@platphorm/automation,report-sensitivity-labels-audit-records,automation,script,1,1,medium,script classified as automation with reuse potential across 1 repositories and 1 files.,mbarbine__Scripts
shared-automation,@platphorm/automation,create-new-conditional-access-policy,automation,script,1,1,medium,script classified as automation with reuse potential across 1 repositories and 1 files.,mbarbine__Scripts
shared-automation,@platphorm/automation,sposites-retention,automation,script,1,1,medium,script classified as automation with reuse potential across 1 repositories and 1 files.,mbarbine__Scripts
shared-automation,@platphorm/automation,find-candidate-copilot-users,automation,script,1,1,medium,script classified as automation with reuse potential across 1 repositories and 1 files.,mbarbine__Scripts
shared-automation,@platphorm/automation,find-app-consent-grants,automation,script,1,1,medium,script classified as automation with reuse potential across 1 repositories and 1 files.,mbarbine__Scripts
shared-automation,@platphorm/automation,populate-teams-directory-spolist-pnp,automation,script,1,1,medium,script classified as automation with reuse potential across 1 repositories and 1 files.,mbarbine__Scripts
shared-automation,@platphorm/automation,find-who-added-guests-to-groups,automation,script,1,1,medium,script classified as automation with reuse potential across 1 repositories and 1 files.,mbarbine__Scripts
shared-automation,@platphorm/automation,disable-junk-email-options,automation,script,1,1,medium,script classified as automation with reuse potential across 1 repositories and 1 files.,mbarbine__Scripts
shared-automation,@platphorm/automation,report-recoverable-items-ps,automation,script,1,1,medium,script classified as automation with reuse potential across 1 repositories and 1 files.,mbarbine__Scripts
shared-automation,@platphorm/automation,report-user-sign-ins,automation,script,1,1,medium,script classified as automation with reuse potential across 1 repositories and 1 files.,mbarbine__Scripts
shared-automation,@platphorm/automation,report-audit-eventsvia-email-runbook,automation,script,1,1,medium,script classified as automation with reuse potential across 1 repositories and 1 files.,mbarbine__Scripts
shared-automation,@platphorm/automation,send-azure-communications-email,automation,script,1,1,medium,script classified as automation with reuse potential across 1 repositories and 1 files.,mbarbine__Scripts
shared-automation,@platphorm/automation,post-items-to-httpwork-flow,automation,script,1,1,medium,script classified as automation with reuse potential across 1 repositories and 1 files.,mbarbine__Scripts
shared-automation,@platphorm/automation,report-all-email-proxy-addresses,automation,script,1,1,medium,script classified as automation with reuse potential across 1 repositories and 1 files.,mbarbine__Scripts
shared-automation,@platphorm/automation,sketch-pad,automation,script,1,1,medium,script classified as automation with reuse potential across 1 repositories and 1 files.,mbarbine__Scripts
shared-automation,@platphorm/automation,create-new-azure-adaccount,automation,script,1,1,medium,script classified as automation with reuse potential across 1 repositories and 1 files.,mbarbine__Scripts
shared-automation,@platphorm/automation,audit-record-audit-label,automation,script,1,1,medium,script classified as automation with reuse potential across 1 repositories and 1 files.,mbarbine__Scripts
shared-automation,@platphorm/automation,test-batch-processing,automation,script,1,1,medium,script classified as automation with reuse potential across 1 repositories and 1 files.,mbarbine__Scripts
shared-automation,@platphorm/automation,report-document-sensitivity-label-mismatches,automation,script,1,1,medium,script classified as automation with reuse potential across 1 repositories and 1 files.,mbarbine__Scripts
shared-automation,@platphorm/automation,report-user-update-audit-records,automation,script,1,1,medium,script classified as automation with reuse potential across 1 repositories and 1 files.,mbarbine__Scripts
shared-automation,@platphorm/automation,find-loop-app-users,automation,script,1,1,medium,script classified as automation with reuse potential across 1 repositories and 1 files.,mbarbine__Scripts
shared-automation,@platphorm/automation,report-one-drive-storage-usage,automation,script,1,1,medium,script classified as automation with reuse potential across 1 repositories and 1 files.,mbarbine__Scripts
shared-automation,@platphorm/automation,report-expiring-link-extended,automation,script,1,1,medium,script classified as automation with reuse potential across 1 repositories and 1 files.,mbarbine__Scripts
shared-automation,@platphorm/automation,create-ddlbased-on-smtpaddresses,automation,script,1,1,medium,script classified as automation with reuse potential across 1 repositories and 1 files.,mbarbine__Scripts
shared-automation,@platphorm/automation,report-managers-and-direct-reports,automation,script,1,1,medium,script classified as automation with reuse potential across 1 repositories and 1 files.,mbarbine__Scripts
shared-automation,@platphorm/automation,find-copilot-interactions-graph,automation,script,1,1,medium,script classified as automation with reuse potential across 1 repositories and 1 files.,mbarbine__Scripts
shared-automation,@platphorm/automation,generate-teams-directory,automation,script,1,1,medium,script classified as automation with reuse potential across 1 repositories and 1 files.,mbarbine__Scripts
shared-automation,@platphorm/automation,send-message-about-deleted-stream-videos,automation,script,1,1,medium,script classified as automation with reuse potential across 1 repositories and 1 files.,mbarbine__Scripts
shared-automation,@platphorm/automation,find-old-guest-accounts,automation,script,1,1,medium,script classified as automation with reuse potential across 1 repositories and 1 files.,mbarbine__Scripts
shared-automation,@platphorm/automation,remove-utility-messages-from-mailboxes,automation,script,1,1,medium,script classified as automation with reuse potential across 1 repositories and 1 files.,mbarbine__Scripts
shared-automation,@platphorm/automation,find-audit-events-for-user,automation,script,1,1,medium,script classified as automation with reuse potential across 1 repositories and 1 files.,mbarbine__Scripts
shared-automation,@platphorm/automation,report-permissions-apps,automation,script,1,1,medium,script classified as automation with reuse potential across 1 repositories and 1 files.,mbarbine__Scripts
shared-automation,@platphorm/automation,clean-up-mailbox-graph,automation,script,1,1,medium,script classified as automation with reuse potential across 1 repositories and 1 files.,mbarbine__Scripts
shared-automation,@platphorm/automation,update-m365-group-owners,automation,script,1,1,medium,script classified as automation with reuse potential across 1 repositories and 1 files.,mbarbine__Scripts
shared-automation,@platphorm/automation,report-unused-exo-mailboxes,automation,script,1,1,medium,script classified as automation with reuse potential across 1 repositories and 1 files.,mbarbine__Scripts
shared-automation,@platphorm/automation,report-mail-usage-domains,automation,script,1,1,medium,script classified as automation with reuse potential across 1 repositories and 1 files.,mbarbine__Scripts
shared-automation,@platphorm/automation,update-plan-with-tasks,automation,script,1,1,medium,script classified as automation with reuse potential across 1 repositories and 1 files.,mbarbine__Scripts
shared-automation,@platphorm/automation,report-send-as-audit-events,automation,script,1,1,medium,script classified as automation with reuse potential across 1 repositories and 1 files.,mbarbine__Scripts
shared-automation,@platphorm/automation,new-account-tracking-azure-automation,automation,script,1,1,medium,script classified as automation with reuse potential across 1 repositories and 1 files.,mbarbine__Scripts
shared-automation,@platphorm/automation,report-mailbox-auditing-configuration,automation,script,1,1,medium,script classified as automation with reuse potential across 1 repositories and 1 files.,mbarbine__Scripts
shared-automation,@platphorm/automation,report-one-drive-usage,automation,script,1,1,medium,script classified as automation with reuse potential across 1 repositories and 1 files.,mbarbine__Scripts
shared-automation,@platphorm/automation,remove-licenses-disabled-accounts,automation,script,1,1,medium,script classified as automation with reuse potential across 1 repositories and 1 files.,mbarbine__Scripts
shared-automation,@platphorm/automation,assign-licenses-via-csv,automation,script,1,1,medium,script classified as automation with reuse potential across 1 repositories and 1 files.,mbarbine__Scripts
shared-automation,@platphorm/automation,check-sensitivity-labels-groups,automation,script,1,1,medium,script classified as automation with reuse potential across 1 repositories and 1 files.,mbarbine__Scripts
shared-automation,@platphorm/automation,report-permissions-on-mailboxes,automation,script,1,1,medium,script classified as automation with reuse potential across 1 repositories and 1 files.,mbarbine__Scripts
shared-automation,@platphorm/automation,update-one-drive-group-members,automation,script,1,1,medium,script classified as automation with reuse potential across 1 repositories and 1 files.,mbarbine__Scripts
shared-automation,@platphorm/automation,update-break-glass-users-capolicies,automation,script,1,1,medium,script classified as automation with reuse potential across 1 repositories and 1 files.,mbarbine__Scripts
shared-automation,@platphorm/automation,analyze-mail-traffic,automation,script,1,1,medium,script classified as automation with reuse potential across 1 repositories and 1 files.,mbarbine__Scripts
shared-automation,@platphorm/automation,analyze-send-as-audit-data,automation,script,1,1,medium,script classified as automation with reuse potential across 1 repositories and 1 files.,mbarbine__Scripts
shared-automation,@platphorm/automation,report-delve-insights-disabled,automation,script,1,1,medium,script classified as automation with reuse potential across 1 repositories and 1 files.,mbarbine__Scripts
shared-automation,@platphorm/automation,report-dls-and-managers,automation,script,1,1,medium,script classified as automation with reuse potential across 1 repositories and 1 files.,mbarbine__Scripts
shared-automation,@platphorm/automation,report-permission-consent-requests,automation,script,1,1,medium,script classified as automation with reuse potential across 1 repositories and 1 files.,mbarbine__Scripts
shared-automation,@platphorm/automation,get-power-automate-flows,automation,script,1,1,medium,script classified as automation with reuse potential across 1 repositories and 1 files.,mbarbine__Scripts
shared-automation,@platphorm/automation,analyze-teams-external-chats,automation,script,1,1,medium,script classified as automation with reuse potential across 1 repositories and 1 files.,mbarbine__Scripts
shared-automation,@platphorm/automation,populate-org-contacts,automation,script,1,1,medium,script classified as automation with reuse potential across 1 repositories and 1 files.,mbarbine__Scripts
shared-automation,@platphorm/automation,report-recoverable-items,automation,script,1,1,medium,script classified as automation with reuse potential across 1 repositories and 1 files.,mbarbine__Scripts
shared-automation,@platphorm/automation,update-tenant-custom-branding,automation,script,1,1,medium,script classified as automation with reuse potential across 1 repositories and 1 files.,mbarbine__Scripts
shared-automation,@platphorm/automation,report-mrmtags-on-folders,automation,script,1,1,medium,script classified as automation with reuse potential across 1 repositories and 1 files.,mbarbine__Scripts
shared-automation,@platphorm/automation,update-mailbox-auditing,automation,script,1,1,medium,script classified as automation with reuse potential across 1 repositories and 1 files.,mbarbine__Scripts
shared-automation,@platphorm/automation,report-audit-recs-file-updates,automation,script,1,1,medium,script classified as automation with reuse potential across 1 repositories and 1 files.,mbarbine__Scripts
shared-automation,@platphorm/automation,find-potential-directory-problems,automation,script,1,1,medium,script classified as automation with reuse potential across 1 repositories and 1 files.,mbarbine__Scripts
shared-automation,@platphorm/automation,get-ipgeolocation,automation,script,1,1,medium,script classified as automation with reuse potential across 1 repositories and 1 files.,mbarbine__Scripts
shared-automation,@platphorm/automation,find-send-as-audit-records,automation,script,1,1,medium,script classified as automation with reuse potential across 1 repositories and 1 files.,mbarbine__Scripts
shared-automation,@platphorm/automation,report-auroles-and-members,automation,script,1,1,medium,script classified as automation with reuse potential across 1 repositories and 1 files.,mbarbine__Scripts
shared-automation,@platphorm/automation,get-holds-on-mailbox,automation,script,1,1,medium,script classified as automation with reuse potential across 1 repositories and 1 files.,mbarbine__Scripts
shared-automation,@platphorm/automation,azure-automation-find-remove-teams-chats,automation,script,1,1,medium,script classified as automation with reuse potential across 1 repositories and 1 files.,mbarbine__Scripts
shared-automation,@platphorm/automation,find-obsolete-guests-by-activity,automation,script,1,1,medium,script classified as automation with reuse potential across 1 repositories and 1 files.,mbarbine__Scripts
shared-automation,@platphorm/automation,find-non-ssprenabled-users,automation,script,1,1,medium,script classified as automation with reuse potential across 1 repositories and 1 files.,mbarbine__Scripts
shared-automation,@platphorm/automation,report-teams-policy-assignments,automation,script,1,1,medium,script classified as automation with reuse potential across 1 repositories and 1 files.,mbarbine__Scripts
shared-automation,@platphorm/automation,purge-messages-with-search-mailbox,automation,script,1,1,medium,script classified as automation with reuse potential across 1 repositories and 1 files.,mbarbine__Scripts
shared-automation,@platphorm/automation,get-user-sign-in-data-graph,automation,script,1,1,medium,script classified as automation with reuse potential across 1 repositories and 1 files.,mbarbine__Scripts
shared-automation,@platphorm/automation,remove-kaizala-service-plans,automation,script,1,1,medium,script classified as automation with reuse potential across 1 repositories and 1 files.,mbarbine__Scripts
shared-automation,@platphorm/automation,report-quarantined-messages,automation,script,1,1,medium,script classified as automation with reuse potential across 1 repositories and 1 files.,mbarbine__Scripts
shared-automation,@platphorm/automation,find-under-used-copilot-licenseswith-audit,automation,script,1,1,medium,script classified as automation with reuse potential across 1 repositories and 1 files.,mbarbine__Scripts
shared-automation,@platphorm/automation,remove-permissions-shared-mailbox,automation,script,1,1,medium,script classified as automation with reuse potential across 1 repositories and 1 files.,mbarbine__Scripts
shared-automation,@platphorm/automation,convert-ddlm365-group,automation,script,1,1,medium,script classified as automation with reuse potential across 1 repositories and 1 files.,mbarbine__Scripts
shared-automation,@platphorm/automation,populate-teams-holidays,automation,script,1,1,medium,script classified as automation with reuse potential across 1 repositories and 1 files.,mbarbine__Scripts
shared-automation,@platphorm/automation,find-files-with-down-graded-labels,automation,script,1,1,medium,script classified as automation with reuse potential across 1 repositories and 1 files.,mbarbine__Scripts
shared-automation,@platphorm/automation,find-office365-groups-with-bad-guests,automation,script,1,1,medium,script classified as automation with reuse potential across 1 repositories and 1 files.,mbarbine__Scripts
shared-automation,@platphorm/automation,azure-automation-add-members-team-channels,automation,script,1,1,medium,script classified as automation with reuse potential across 1 repositories and 1 files.,mbarbine__Scripts
shared-automation,@platphorm/automation,update-group-photos-sdk,automation,script,1,1,medium,script classified as automation with reuse potential across 1 repositories and 1 files.,mbarbine__Scripts
shared-automation,@platphorm/automation,report-sposite-storage-usage,automation,script,1,1,medium,script classified as automation with reuse potential across 1 repositories and 1 files.,mbarbine__Scripts
shared-automation,@platphorm/automation,report-mailbox-items-graph,automation,script,1,1,medium,script classified as automation with reuse potential across 1 repositories and 1 files.,mbarbine__Scripts
shared-automation,@platphorm/automation,find-deleted-email-audit-records,automation,script,1,1,medium,script classified as automation with reuse potential across 1 repositories and 1 files.,mbarbine__Scripts
shared-automation,@platphorm/automation,report-audit-rec-failed-sign-in,automation,script,1,1,medium,script classified as automation with reuse potential across 1 repositories and 1 files.,mbarbine__Scripts
shared-automation,@platphorm/automation,find-report-guests-added-teams,automation,script,1,1,medium,script classified as automation with reuse potential across 1 repositories and 1 files.,mbarbine__Scripts
shared-automation,@platphorm/automation,report-yammer-community-activity,automation,script,1,1,medium,script classified as automation with reuse potential across 1 repositories and 1 files.,mbarbine__Scripts
shared-automation,@platphorm/automation,populate-team-shared-channel,automation,script,1,1,medium,script classified as automation with reuse potential across 1 repositories and 1 files.,mbarbine__Scripts
shared-automation,@platphorm/automation,report-teams-chat-info,automation,script,1,1,medium,script classified as automation with reuse potential across 1 repositories and 1 files.,mbarbine__Scripts
shared-automation,@platphorm/automation,report-files-sposite,automation,script,1,1,medium,script classified as automation with reuse potential across 1 repositories and 1 files.,mbarbine__Scripts
shared-automation,@platphorm/automation,report-deleted-odspdocuments,automation,script,1,1,medium,script classified as automation with reuse potential across 1 repositories and 1 files.,mbarbine__Scripts
shared-automation,@platphorm/automation,remove-service-plan-mg-graph,automation,script,1,1,medium,script classified as automation with reuse potential across 1 repositories and 1 files.,mbarbine__Scripts
shared-automation,@platphorm/automation,archive-microsoft365-groups,automation,script,1,1,medium,script classified as automation with reuse potential across 1 repositories and 1 files.,mbarbine__Scripts
shared-automation,@platphorm/automation,report-exo-mailbox-folder-stats,automation,script,1,1,medium,script classified as automation with reuse potential across 1 repositories and 1 files.,mbarbine__Scripts
shared-automation,@platphorm/automation,assign-multiple-licenses,automation,script,1,1,medium,script classified as automation with reuse potential across 1 repositories and 1 files.,mbarbine__Scripts
shared-automation,@platphorm/automation,convert-account-to-internal,automation,script,1,1,medium,script classified as automation with reuse potential across 1 repositories and 1 files.,mbarbine__Scripts
shared-automation,@platphorm/automation,create-entra-iddynamic-aus,automation,script,1,1,medium,script classified as automation with reuse potential across 1 repositories and 1 files.,mbarbine__Scripts
shared-automation,@platphorm/automation,report-deleted-entra-idobjects,automation,script,1,1,medium,script classified as automation with reuse potential across 1 repositories and 1 files.,mbarbine__Scripts
shared-automation,@platphorm/automation,report-one-drive-files,automation,script,1,1,medium,script classified as automation with reuse potential across 1 repositories and 1 files.,mbarbine__Scripts
shared-automation,@platphorm/automation,update-app-lock-instance,automation,script,1,1,medium,script classified as automation with reuse potential across 1 repositories and 1 files.,mbarbine__Scripts
shared-automation,@platphorm/automation,update-office365-power-shell-modules,automation,script,1,1,medium,script classified as automation with reuse potential across 1 repositories and 1 files.,mbarbine__Scripts
shared-automation,@platphorm/automation,find-team-channels-with-wiki,automation,script,1,1,medium,script classified as automation with reuse potential across 1 repositories and 1 files.,mbarbine__Scripts
shared-automation,@platphorm/automation,update-managers,automation,script,1,1,medium,script classified as automation with reuse potential across 1 repositories and 1 files.,mbarbine__Scripts
shared-automation,@platphorm/automation,convert-dlto-o365-group,automation,script,1,1,medium,script classified as automation with reuse potential across 1 repositories and 1 files.,mbarbine__Scripts
shared-automation,@platphorm/automation,report-user-membership-of-teams,automation,script,1,1,medium,script classified as automation with reuse potential across 1 repositories and 1 files.,mbarbine__Scripts
shared-automation,@platphorm/automation,update-domain-blocks,automation,script,1,1,medium,script classified as automation with reuse potential across 1 repositories and 1 files.,mbarbine__Scripts
shared-automation,@platphorm/automation,report-auto-expanding-archives,automation,script,1,1,medium,script classified as automation with reuse potential across 1 repositories and 1 files.,mbarbine__Scripts
shared-automation,@platphorm/automation,send-msg-to-group-owners,automation,script,1,1,medium,script classified as automation with reuse potential across 1 repositories and 1 files.,mbarbine__Scripts
shared-automation,@platphorm/automation,find-copilot-audit-records,automation,script,1,1,medium,script classified as automation with reuse potential across 1 repositories and 1 files.,mbarbine__Scripts
shared-automation,@platphorm/automation,check-shared-mailboxes,automation,script,1,1,medium,script classified as automation with reuse potential across 1 repositories and 1 files.,mbarbine__Scripts
shared-automation,@platphorm/automation,reporte-discovery-cases,automation,script,1,1,medium,script classified as automation with reuse potential across 1 repositories and 1 files.,mbarbine__Scripts
shared-automation,@platphorm/automation,search-and-remove-items-mailboxes,automation,script,1,1,medium,script classified as automation with reuse potential across 1 repositories and 1 files.,mbarbine__Scripts
shared-automation,@platphorm/automation,report-weekly-calendar-for-room-mailboxes,automation,script,1,1,medium,script classified as automation with reuse potential across 1 repositories and 1 files.,mbarbine__Scripts
shared-automation,@platphorm/automation,find-unused-service-principals,automation,script,1,1,medium,script classified as automation with reuse potential across 1 repositories and 1 files.,mbarbine__Scripts
shared-automation,@platphorm/automation,teams-groups-activity-report-v5,automation,script,1,1,medium,script classified as automation with reuse potential across 1 repositories and 1 files.,mbarbine__Scripts
shared-automation,@platphorm/automation,report-spofiles-document-library,automation,script,1,1,medium,script classified as automation with reuse potential across 1 repositories and 1 files.,mbarbine__Scripts
shared-automation,@platphorm/automation,report-expiring-app-secrets,automation,script,1,1,medium,script classified as automation with reuse potential across 1 repositories and 1 files.,mbarbine__Scripts
shared-automation,@platphorm/automation,find-obsolete-guests-by-activity-v3,automation,script,1,1,medium,script classified as automation with reuse potential across 1 repositories and 1 files.,mbarbine__Scripts
shared-automation,@platphorm/automation,send-teams-chat-with-lotsof-mentions,automation,script,1,1,medium,script classified as automation with reuse potential across 1 repositories and 1 files.,mbarbine__Scripts
shared-automation,@platphorm/automation,hide-groups-used-by-teams,automation,script,1,1,medium,script classified as automation with reuse potential across 1 repositories and 1 files.,mbarbine__Scripts
shared-automation,@platphorm/automation,find-tabs-and-apps-in-teams,automation,script,1,1,medium,script classified as automation with reuse potential across 1 repositories and 1 files.,mbarbine__Scripts
shared-automation,@platphorm/automation,report-delegated-permssions,automation,script,1,1,medium,script classified as automation with reuse potential across 1 repositories and 1 files.,mbarbine__Scripts
shared-automation,@platphorm/automation,report-last-successful-sign-in,automation,script,1,1,medium,script classified as automation with reuse potential across 1 repositories and 1 files.,mbarbine__Scripts
shared-automation,@platphorm/automation,report-users-and-managers,automation,script,1,1,medium,script classified as automation with reuse potential across 1 repositories and 1 files.,mbarbine__Scripts
shared-automation,@platphorm/automation,report-activity-alert-audit-events,automation,script,1,1,medium,script classified as automation with reuse potential across 1 repositories and 1 files.,mbarbine__Scripts
shared-automation,@platphorm/automation,find-obsolete-guests-by-activity-v2,automation,script,1,1,medium,script classified as automation with reuse potential across 1 repositories and 1 files.,mbarbine__Scripts
shared-automation,@platphorm/automation,check-retention-policy-updates,automation,script,1,1,medium,script classified as automation with reuse potential across 1 repositories and 1 files.,mbarbine__Scripts
shared-automation,@platphorm/automation,assign-colors-sensitivity-labels,automation,script,1,1,medium,script classified as automation with reuse potential across 1 repositories and 1 files.,mbarbine__Scripts
shared-automation,@platphorm/automation,report-restore-recoverable-items-audit,automation,script,1,1,medium,script classified as automation with reuse potential across 1 repositories and 1 files.,mbarbine__Scripts
shared-automation,@platphorm/automation,find-who-created-guests-through-sposharing,automation,script,1,1,medium,script classified as automation with reuse potential across 1 repositories and 1 files.,mbarbine__Scripts
shared-automation,@platphorm/automation,populate-teams-directory-spolist-graph,automation,script,1,1,medium,script classified as automation with reuse potential across 1 repositories and 1 files.,mbarbine__Scripts
shared-automation,@platphorm/automation,find-devices-from-sign-in-log,automation,script,1,1,medium,script classified as automation with reuse potential across 1 repositories and 1 files.,mbarbine__Scripts
shared-automation,@platphorm/automation,remove-service-plan,automation,script,1,1,medium,script classified as automation with reuse potential across 1 repositories and 1 files.,mbarbine__Scripts
shared-automation,@platphorm/automation,report-sensitivity-label-settings,automation,script,1,1,medium,script classified as automation with reuse potential across 1 repositories and 1 files.,mbarbine__Scripts
shared-automation,@platphorm/automation,find-crucial-send-and-search-records,automation,script,1,1,medium,script classified as automation with reuse potential across 1 repositories and 1 files.,mbarbine__Scripts
shared-automation,@platphorm/automation,report-mailbox-sizes,automation,script,1,1,medium,script classified as automation with reuse potential across 1 repositories and 1 files.,mbarbine__Scripts
shared-automation,@platphorm/automation,get-plans-for-user,automation,script,1,1,medium,script classified as automation with reuse potential across 1 repositories and 1 files.,mbarbine__Scripts
shared-automation,@platphorm/automation,report-white-board-info,automation,script,1,1,medium,script classified as automation with reuse potential across 1 repositories and 1 files.,mbarbine__Scripts
shared-automation,@platphorm/automation,remove-viva-engage-core-service-plan,automation,script,1,1,medium,script classified as automation with reuse potential across 1 repositories and 1 files.,mbarbine__Scripts
shared-automation,@platphorm/automation,report-user-password-changes,automation,script,1,1,medium,script classified as automation with reuse potential across 1 repositories and 1 files.,mbarbine__Scripts
shared-automation,@platphorm/automation,find-inactive-dls,automation,script,1,1,medium,script classified as automation with reuse potential across 1 repositories and 1 files.,mbarbine__Scripts
shared-automation,@platphorm/automation,assign-local-language-strings-sensitivity-labels,automation,script,1,1,medium,script classified as automation with reuse potential across 1 repositories and 1 files.,mbarbine__Scripts
shared-automation,@platphorm/automation,restore-entra-iduser-new-upn,automation,script,1,1,medium,script classified as automation with reuse potential across 1 repositories and 1 files.,mbarbine__Scripts
shared-automation,@platphorm/automation,find-add-member-events,automation,script,1,1,medium,script classified as automation with reuse potential across 1 repositories and 1 files.,mbarbine__Scripts
shared-automation,@platphorm/automation,report-audit-recs-group-creation,automation,script,1,1,medium,script classified as automation with reuse potential across 1 repositories and 1 files.,mbarbine__Scripts
shared-automation,@platphorm/automation,find-connections-m365-admin-center,automation,script,1,1,medium,script classified as automation with reuse potential across 1 repositories and 1 files.,mbarbine__Scripts
shared-automation,@platphorm/automation,add-contacts-to-mailboxes,automation,script,1,1,medium,script classified as automation with reuse potential across 1 repositories and 1 files.,mbarbine__Scripts
shared-automation,@platphorm/automation,find-when-anonymous-link-used,automation,script,1,1,medium,script classified as automation with reuse potential across 1 repositories and 1 files.,mbarbine__Scripts
shared-automation,@platphorm/automation,fetch-service-messages-graph,automation,script,1,1,medium,script classified as automation with reuse potential across 1 repositories and 1 files.,mbarbine__Scripts
shared-automation,@platphorm/automation,find-underused-copilot-licenses,automation,script,1,1,medium,script classified as automation with reuse potential across 1 repositories and 1 files.,mbarbine__Scripts
shared-automation,@platphorm/automation,process-expiry-guest-accounts,automation,script,1,1,medium,script classified as automation with reuse potential across 1 repositories and 1 files.,mbarbine__Scripts
shared-automation,@platphorm/automation,get-user-sign-in-data-graph-sdk,automation,script,1,1,medium,script classified as automation with reuse potential across 1 repositories and 1 files.,mbarbine__Scripts
shared-automation,@platphorm/automation,teams-groups-activity-report,automation,script,1,1,medium,script classified as automation with reuse potential across 1 repositories and 1 files.,mbarbine__Scripts
shared-automation,@platphorm/automation,check-audit-events-runbook,automation,script,1,1,medium,script classified as automation with reuse potential across 1 repositories and 1 files.,mbarbine__Scripts
shared-automation,@platphorm/automation,update-outlook-signature,automation,script,1,1,medium,script classified as automation with reuse potential across 1 repositories and 1 files.,mbarbine__Scripts
shared-automation,@platphorm/automation,post-new-microsoft365-roadmap-items,automation,script,1,1,medium,script classified as automation with reuse potential across 1 repositories and 1 files.,mbarbine__Scripts
shared-automation,@platphorm/automation,report-sharing-one-drive-files,automation,script,1,1,medium,script classified as automation with reuse potential across 1 repositories and 1 files.,mbarbine__Scripts
shared-automation,@platphorm/automation,update-microsoft-irmcapolicies,automation,script,1,1,medium,script classified as automation with reuse potential across 1 repositories and 1 files.,mbarbine__Scripts
shared-automation,@platphorm/automation,get-service-principal-sign-ins-graph,automation,script,1,1,medium,script classified as automation with reuse potential across 1 repositories and 1 files.,mbarbine__Scripts
shared-automation,@platphorm/automation,convert-mail-contacts-guests,automation,script,1,1,medium,script classified as automation with reuse potential across 1 repositories and 1 files.,mbarbine__Scripts
shared-automation,@platphorm/automation,report-teams-tags,automation,script,1,1,medium,script classified as automation with reuse potential across 1 repositories and 1 files.,mbarbine__Scripts
shared-automation,@platphorm/automation,report-external-email-sent,automation,script,1,1,medium,script classified as automation with reuse potential across 1 repositories and 1 files.,mbarbine__Scripts
shared-automation,@platphorm/automation,get-graph-user-statistics-report,automation,script,1,1,medium,script classified as automation with reuse potential across 1 repositories and 1 files.,mbarbine__Scripts
shared-automation,@platphorm/automation,report-archived-teams,automation,script,1,1,medium,script classified as automation with reuse potential across 1 repositories and 1 files.,mbarbine__Scripts
shared-automation,@platphorm/automation,report-service-principals-with-high-permissions,automation,script,1,1,medium,script classified as automation with reuse potential across 1 repositories and 1 files.,mbarbine__Scripts
shared-automation,@platphorm/automation,set-intelligent-versioning-one-drive-sites,automation,script,1,1,medium,script classified as automation with reuse potential across 1 repositories and 1 files.,mbarbine__Scripts
shared-automation,@platphorm/automation,report-shared-mailbox-licenses,automation,script,1,1,medium,script classified as automation with reuse potential across 1 repositories and 1 files.,mbarbine__Scripts
shared-automation,@platphorm/automation,update-static-retention-policy-azure-automation,automation,script,1,1,medium,script classified as automation with reuse potential across 1 repositories and 1 files.,mbarbine__Scripts
shared-automation,@platphorm/automation,send-welcome-new-user-messages-hve,automation,script,1,1,medium,script classified as automation with reuse potential across 1 repositories and 1 files.,mbarbine__Scripts
shared-automation,@platphorm/automation,send-welcome-email,automation,script,1,1,medium,script classified as automation with reuse potential across 1 repositories and 1 files.,mbarbine__Scripts
shared-automation,@platphorm/automation,get-last-active-time-mailboxes,automation,script,1,1,medium,script classified as automation with reuse potential across 1 repositories and 1 files.,mbarbine__Scripts
shared-automation,@platphorm/automation,report-sporetention-policies,automation,script,1,1,medium,script classified as automation with reuse potential across 1 repositories and 1 files.,mbarbine__Scripts
shared-automation,@platphorm/automation,report-dlmemberships-counts,automation,script,1,1,medium,script classified as automation with reuse potential across 1 repositories and 1 files.,mbarbine__Scripts
shared-automation,@platphorm/automation,report-compliance-case-holds,automation,script,1,1,medium,script classified as automation with reuse potential across 1 repositories and 1 files.,mbarbine__Scripts
shared-automation,@platphorm/automation,find-orphan-one-drive-sites,automation,script,1,1,medium,script classified as automation with reuse potential across 1 repositories and 1 files.,mbarbine__Scripts
shared-automation,@platphorm/automation,report-user-inbox-count,automation,script,1,1,medium,script classified as automation with reuse potential across 1 repositories and 1 files.,mbarbine__Scripts
shared-automation,@platphorm/automation,find-bad-guests-from-blocked-domains,automation,script,1,1,medium,script classified as automation with reuse potential across 1 repositories and 1 files.,mbarbine__Scripts
shared-automation,@platphorm/automation,get-graph-permission,automation,script,1,1,medium,script classified as automation with reuse potential across 1 repositories and 1 files.,mbarbine__Scripts
shared-automation,@platphorm/automation,report-managed-identity-permissions,automation,script,1,1,medium,script classified as automation with reuse potential across 1 repositories and 1 files.,mbarbine__Scripts
shared-automation,@platphorm/automation,report-copilot-interactions,automation,script,1,1,medium,script classified as automation with reuse potential across 1 repositories and 1 files.,mbarbine__Scripts
shared-automation,@platphorm/automation,update-owasignatures,automation,script,1,1,medium,script classified as automation with reuse potential across 1 repositories and 1 files.,mbarbine__Scripts
shared-automation,@platphorm/automation,set-auto-reply-teams-groups,automation,script,1,1,medium,script classified as automation with reuse potential across 1 repositories and 1 files.,mbarbine__Scripts
shared-automation,@platphorm/automation,update-group-photos,automation,script,1,1,medium,script classified as automation with reuse potential across 1 repositories and 1 files.,mbarbine__Scripts
shared-automation,@platphorm/automation,remove-microsoft365-user-account,automation,script,1,1,medium,script classified as automation with reuse potential across 1 repositories and 1 files.,mbarbine__Scripts
shared-automation,@platphorm/automation,switch-licenses,automation,script,1,1,medium,script classified as automation with reuse potential across 1 repositories and 1 files.,mbarbine__Scripts
shared-automation,@platphorm/automation,add-teamsto-groups-expiration-policy,automation,script,1,1,medium,script classified as automation with reuse potential across 1 repositories and 1 files.,mbarbine__Scripts
shared-automation,@platphorm/automation,get-azure-adaccess-review-details-graph,automation,script,1,1,medium,script classified as automation with reuse potential across 1 repositories and 1 files.,mbarbine__Scripts
shared-automation,@platphorm/automation,search-audit-log-graph,automation,script,1,1,medium,script classified as automation with reuse potential across 1 repositories and 1 files.,mbarbine__Scripts
shared-automation,@platphorm/automation,audit-spooperations-by-user,automation,script,1,1,medium,script classified as automation with reuse potential across 1 repositories and 1 files.,mbarbine__Scripts
shared-automation,@platphorm/automation,find-azure-addirect-connect-sign-ins,automation,script,1,1,medium,script classified as automation with reuse potential across 1 repositories and 1 files.,mbarbine__Scripts
shared-automation,@platphorm/automation,report-stream-audit-events,automation,script,1,1,medium,script classified as automation with reuse potential across 1 repositories and 1 files.,mbarbine__Scripts
shared-automation,@platphorm/automation,find-targeted-collection-folders,automation,script,1,1,medium,script classified as automation with reuse potential across 1 repositories and 1 files.,mbarbine__Scripts
shared-automation,@platphorm/automation,analyze-mail-traffic-users,automation,script,1,1,medium,script classified as automation with reuse potential across 1 repositories and 1 files.,mbarbine__Scripts
shared-automation,@platphorm/automation,purge-compliance-search-items,automation,script,1,1,medium,script classified as automation with reuse potential across 1 repositories and 1 files.,mbarbine__Scripts
shared-automation,@platphorm/automation,report-teams-channel-email-addresses,automation,script,1,1,medium,script classified as automation with reuse potential across 1 repositories and 1 files.,mbarbine__Scripts
shared-automation,@platphorm/automation,report-plans,automation,script,1,1,medium,script classified as automation with reuse potential across 1 repositories and 1 files.,mbarbine__Scripts
shared-automation,@platphorm/automation,find-mail-items-accessed-audit-records,automation,script,1,1,medium,script classified as automation with reuse potential across 1 repositories and 1 files.,mbarbine__Scripts
shared-automation,@platphorm/automation,create-csvfiles-for-skus-and-service-plans,automation,script,1,1,medium,script classified as automation with reuse potential across 1 repositories and 1 files.,mbarbine__Scripts
shared-automation,@platphorm/automation,report-groups-teams-activity,automation,script,1,1,medium,script classified as automation with reuse potential across 1 repositories and 1 files.,mbarbine__Scripts
shared-automation,@platphorm/automation,report-delegated-permissions,automation,script,1,1,medium,script classified as automation with reuse potential across 1 repositories and 1 files.,mbarbine__Scripts
shared-automation,@platphorm/automation,mail-traffic-statistics,automation,script,1,1,medium,script classified as automation with reuse potential across 1 repositories and 1 files.,mbarbine__Scripts
shared-automation,@platphorm/automation,report-group-based-license-counts,automation,script,1,1,medium,script classified as automation with reuse potential across 1 repositories and 1 files.,mbarbine__Scripts
shared-automation,@platphorm/automation,get-bing-images-teams-backgrounds,automation,script,1,1,medium,script classified as automation with reuse potential across 1 repositories and 1 files.,mbarbine__Scripts
shared-automation,@platphorm/automation,check-shared-mailbox-quotas,automation,script,1,1,medium,script classified as automation with reuse potential across 1 repositories and 1 files.,mbarbine__Scripts
shared-automation,@platphorm/automation,decrypt-protected-spodocuments-graph,automation,script,1,1,medium,script classified as automation with reuse potential across 1 repositories and 1 files.,mbarbine__Scripts
shared-automation,@platphorm/automation,analyze-sensitivity-label-usage,automation,script,1,1,medium,script classified as automation with reuse potential across 1 repositories and 1 files.,mbarbine__Scripts
shared-automation,@platphorm/automation,find-inactive-email-users,automation,script,1,1,medium,script classified as automation with reuse potential across 1 repositories and 1 files.,mbarbine__Scripts
shared-automation,@platphorm/automation,report-user-assigned-licenses-mg-graph,automation,script,1,1,medium,script classified as automation with reuse potential across 1 repositories and 1 files.,mbarbine__Scripts
shared-automation,@platphorm/automation,report-sposite-storage-used-graph,automation,script,1,1,medium,script classified as automation with reuse potential across 1 repositories and 1 files.,mbarbine__Scripts
shared-automation,@platphorm/automation,get-service-alerts-graph,automation,script,1,1,medium,script classified as automation with reuse potential across 1 repositories and 1 files.,mbarbine__Scripts
shared-automation,@platphorm/automation,report-role-assignments,automation,script,1,1,medium,script classified as automation with reuse potential across 1 repositories and 1 files.,mbarbine__Scripts
shared-automation,@platphorm/automation,upload-many-attachmentsto-message,automation,script,1,1,medium,script classified as automation with reuse potential across 1 repositories and 1 files.,mbarbine__Scripts
shared-automation,@platphorm/automation,report-m365-group-memberships-graph,automation,script,1,1,medium,script classified as automation with reuse potential across 1 repositories and 1 files.,mbarbine__Scripts
shared-automation,@platphorm/automation,disable-power-shell-admins,automation,script,1,1,medium,script classified as automation with reuse potential across 1 repositories and 1 files.,mbarbine__Scripts
shared-automation,@platphorm/automation,get-mg-audit-records,automation,script,1,1,medium,script classified as automation with reuse potential across 1 repositories and 1 files.,mbarbine__Scripts
shared-automation,@platphorm/automation,upload-large-attachment-chunks,automation,script,1,1,medium,script classified as automation with reuse potential across 1 repositories and 1 files.,mbarbine__Scripts
shared-automation,@platphorm/automation,get-tenant-feature-updates-graph,automation,script,1,1,medium,script classified as automation with reuse potential across 1 repositories and 1 files.,mbarbine__Scripts
shared-automation,@platphorm/automation,report-teams-activity-data,automation,script,1,1,medium,script classified as automation with reuse potential across 1 repositories and 1 files.,mbarbine__Scripts
shared-automation,@platphorm/automation,populate-teams-external-access,automation,script,1,1,medium,script classified as automation with reuse potential across 1 repositories and 1 files.,mbarbine__Scripts
shared-automation,@platphorm/automation,find-accounts-with-forwarding,automation,script,1,1,medium,script classified as automation with reuse potential across 1 repositories and 1 files.,mbarbine__Scripts
shared-automation,@platphorm/automation,decrypt-protected-spodocuments,automation,script,1,1,medium,script classified as automation with reuse potential across 1 repositories and 1 files.,mbarbine__Scripts
shared-automation,@platphorm/automation,report-mailbox-rights-assignments,automation,script,1,1,medium,script classified as automation with reuse potential across 1 repositories and 1 files.,mbarbine__Scripts
shared-automation,@platphorm/automation,find-in-active-dls90,automation,script,1,1,medium,script classified as automation with reuse potential across 1 repositories and 1 files.,mbarbine__Scripts
shared-automation,@platphorm/automation,audit-records-teams-meetings,automation,script,1,1,medium,script classified as automation with reuse potential across 1 repositories and 1 files.,mbarbine__Scripts
shared-automation,@platphorm/automation,report-teams-creationby-email,automation,script,1,1,medium,script classified as automation with reuse potential across 1 repositories and 1 files.,mbarbine__Scripts
shared-automation,@platphorm/automation,analyze-teams-meetings,automation,script,1,1,medium,script classified as automation with reuse potential across 1 repositories and 1 files.,mbarbine__Scripts
shared-automation,@platphorm/automation,enable-microsoft365-group-creation-control,automation,script,1,1,medium,script classified as automation with reuse potential across 1 repositories and 1 files.,mbarbine__Scripts
shared-automation,@platphorm/automation,get-copilot-audit-records,automation,script,1,1,medium,script classified as automation with reuse potential across 1 repositories and 1 files.,mbarbine__Scripts
shared-automation,@platphorm/automation,report-teams-owners,automation,script,1,1,medium,script classified as automation with reuse potential across 1 repositories and 1 files.,mbarbine__Scripts
shared-automation,@platphorm/automation,teams-creation-report-by-email,automation,script,1,1,medium,script classified as automation with reuse potential across 1 repositories and 1 files.,mbarbine__Scripts
shared-automation,@platphorm/automation,report-m365-group-memberships,automation,script,1,1,medium,script classified as automation with reuse potential across 1 repositories and 1 files.,mbarbine__Scripts
shared-automation,@platphorm/automation,remove-posts-team-channel,automation,script,1,1,medium,script classified as automation with reuse potential across 1 repositories and 1 files.,mbarbine__Scripts
shared-automation,@platphorm/automation,get-audit-records-tagged-spofiles,automation,script,1,1,medium,script classified as automation with reuse potential across 1 repositories and 1 files.,mbarbine__Scripts
shared-automation,@platphorm/automation,find-groups-no-owners-or-members,automation,script,1,1,medium,script classified as automation with reuse potential across 1 repositories and 1 files.,mbarbine__Scripts
shared-automation,@platphorm/automation,report-license-assignments-to-users,automation,script,1,1,medium,script classified as automation with reuse potential across 1 repositories and 1 files.,mbarbine__Scripts
shared-automation,@platphorm/automation,report-mailbox-permissions-mailboxes,automation,script,1,1,medium,script classified as automation with reuse potential across 1 repositories and 1 files.,mbarbine__Scripts
shared-automation,@platphorm/automation,report-expiring-passwords,automation,script,1,1,medium,script classified as automation with reuse potential across 1 repositories and 1 files.,mbarbine__Scripts
shared-automation,@platphorm/automation,report-mailboxes-enabled-for-ews,automation,script,1,1,medium,script classified as automation with reuse potential across 1 repositories and 1 files.,mbarbine__Scripts
shared-automation,@platphorm/automation,rename-microsoft365-groups-naming-policy,automation,script,1,1,medium,script classified as automation with reuse potential across 1 repositories and 1 files.,mbarbine__Scripts
shared-automation,@platphorm/automation,send-welcome-message-new-users,automation,script,1,1,medium,script classified as automation with reuse potential across 1 repositories and 1 files.,mbarbine__Scripts
shared-automation,@platphorm/automation,report-container-management-labels,automation,script,1,1,medium,script classified as automation with reuse potential across 1 repositories and 1 files.,mbarbine__Scripts
shared-automation,@platphorm/automation,audit-records-teams-recordings-uploads,automation,script,1,1,medium,script classified as automation with reuse potential across 1 repositories and 1 files.,mbarbine__Scripts
shared-automation,@platphorm/automation,report-spofile-versions,automation,script,1,1,medium,script classified as automation with reuse potential across 1 repositories and 1 files.,mbarbine__Scripts
shared-automation,@platphorm/automation,teamsapp,automation,automation-config,1,1,medium,automation-config classified as automation with reuse potential across 1 repositories and 1 files.,mbarbine__Scripts
shared-process,@platphorm/process,instruction,process,process-document,1,1,medium,process-document classified as process with reuse potential across 1 repositories and 1 files.,mbarbine__Scripts
shared-automation,@platphorm/automation,manifest,automation,automation-config,1,1,medium,automation-config classified as automation with reuse potential across 1 repositories and 1 files.,mbarbine__Scripts
shared-automation,@platphorm/automation,cap-audit,automation,script,1,1,medium,script classified as automation with reuse potential across 1 repositories and 1 files.,mbarbine__Scripts
shared-automation,@platphorm/automation,cis-update-codes,automation,automation-config,1,1,medium,automation-config classified as automation with reuse potential across 1 repositories and 1 files.,mbarbine__Scripts
shared-automation,@platphorm/automation,case-types,automation,automation-config,1,1,medium,automation-config classified as automation with reuse potential across 1 repositories and 1 files.,mbarbine__Scripts
shared-automation,@platphorm/automation,case-statuses,automation,automation-config,1,1,medium,automation-config classified as automation with reuse potential across 1 repositories and 1 files.,mbarbine__Scripts
shared-automation,@platphorm/automation,reason-sents,automation,automation-config,1,1,medium,automation-config classified as automation with reuse potential across 1 repositories and 1 files.,mbarbine__Scripts
shared-automation,@platphorm/automation,cucumber,automation,automation-config,1,1,medium,automation-config classified as automation with reuse potential across 1 repositories and 1 files.,mbarbine__Scripts
shared-automation,@platphorm/automation,employers,automation,automation-config,1,1,medium,automation-config classified as automation with reuse potential across 1 repositories and 1 files.,mbarbine__Scripts
shared-automation,@platphorm/automation,addresses,automation,automation-config,1,1,medium,automation-config classified as automation with reuse potential across 1 repositories and 1 files.,mbarbine__Scripts
shared-automation,@platphorm/automation,account-details,automation,automation-config,1,1,medium,automation-config classified as automation with reuse potential across 1 repositories and 1 files.,mbarbine__Scripts
shared-automation,@platphorm/automation,additional-verifications,automation,automation-config,1,1,medium,automation-config classified as automation with reuse potential across 1 repositories and 1 files.,mbarbine__Scripts
shared-automation,@platphorm/automation,system-data,automation,automation-config,1,1,medium,automation-config classified as automation with reuse potential across 1 repositories and 1 files.,mbarbine__Scripts
shared-automation,@platphorm/automation,account-detail-point-of-contacts,automation,automation-config,1,1,medium,automation-config classified as automation with reuse potential across 1 repositories and 1 files.,mbarbine__Scripts
shared-automation,@platphorm/automation,kitchen,automation,automation-config,1,1,medium,automation-config classified as automation with reuse potential across 1 repositories and 1 files.,mbarbine__Scripts
shared-automation,@platphorm/automation,jenkins-userdata,automation,script,1,1,medium,script classified as automation with reuse potential across 1 repositories and 1 files.,mbarbine__Scripts
shared-logic,@platphorm/logic,keystore,logic,state-store,1,1,medium,state-store classified as logic with reuse potential across 1 repositories and 1 files.,mbarbine__Scripts
shared-logic,@platphorm/logic,hamburger,logic,state-store,1,1,medium,state-store classified as logic with reuse potential across 1 repositories and 1 files.,mbarbine__Scripts
shared-automation,@platphorm/automation,create-jenkins-instance,automation,script,1,1,medium,script classified as automation with reuse potential across 1 repositories and 1 files.,mbarbine__Scripts
shared-automation,@platphorm/automation,create-jenkins-elb,automation,script,1,1,medium,script classified as automation with reuse potential across 1 repositories and 1 files.,mbarbine__Scripts
shared-automation,@platphorm/automation,create-jenkins-image,automation,script,1,1,medium,script classified as automation with reuse potential across 1 repositories and 1 files.,mbarbine__Scripts
shared-automation,@platphorm/automation,become-production-jenkins,automation,script,1,1,medium,script classified as automation with reuse potential across 1 repositories and 1 files.,mbarbine__Scripts
shared-automation,@platphorm/automation,common-bash-functions,automation,script,1,1,medium,script classified as automation with reuse potential across 1 repositories and 1 files.,mbarbine__Scripts
shared-automation,@platphorm/automation,test-svs-base-instance,automation,script,1,1,medium,script classified as automation with reuse potential across 1 repositories and 1 files.,mbarbine__Scripts
shared-automation,@platphorm/automation,launch-svs-base-instance,automation,script,1,1,medium,script classified as automation with reuse potential across 1 repositories and 1 files.,mbarbine__Scripts
shared-automation,@platphorm/automation,poll-svs-base-version-control,automation,script,1,1,medium,script classified as automation with reuse potential across 1 repositories and 1 files.,mbarbine__Scripts
shared-automation,@platphorm/automation,promote-svs-base-ami,automation,script,1,1,medium,script classified as automation with reuse potential across 1 repositories and 1 files.,mbarbine__Scripts
shared-automation,@platphorm/automation,build-svs-base-ami,automation,script,1,1,medium,script classified as automation with reuse potential across 1 repositories and 1 files.,mbarbine__Scripts
shared-automation,@platphorm/automation,terminate-svs-base-instance,automation,script,1,1,medium,script classified as automation with reuse potential across 1 repositories and 1 files.,mbarbine__Scripts
shared-automation,@platphorm/automation,instance-id,automation,script,1,1,medium,script classified as automation with reuse potential across 1 repositories and 1 files.,mbarbine__Scripts
shared-automation,@platphorm/automation,application-8f06a73c35179188914ab50e057157639fce1401c1cdca640ac9cec33746fc5b,automation,automation-config,1,1,medium,automation-config classified as automation with reuse potential across 1 repositories and 1 files.,mbarbine__Scripts
shared-automation,@platphorm/automation,get-sg-rules,automation,script,1,1,medium,script classified as automation with reuse potential across 1 repositories and 1 files.,mbarbine__Scripts
shared-automation,@platphorm/automation,top-ip-address,automation,script,1,1,medium,script classified as automation with reuse potential across 1 repositories and 1 files.,mbarbine__Scripts
shared-automation,@platphorm/automation,get-sagemaker-image,automation,script,1,1,medium,script classified as automation with reuse potential across 1 repositories and 1 files.,mbarbine__Scripts
shared-automation,@platphorm/automation,get-appmesh-vgw,automation,script,1,1,medium,script classified as automation with reuse potential across 1 repositories and 1 files.,mbarbine__Scripts
shared-automation,@platphorm/automation,seed,automation,script,1,1,medium,script classified as automation with reuse potential across 1 repositories and 1 files.,mbarbine__Scripts
shared-automation,@platphorm/automation,062-get-s3-aps,automation,script,1,1,medium,script classified as automation with reuse potential across 1 repositories and 1 files.,mbarbine__Scripts
shared-automation,@platphorm/automation,612-get-dms-endp,automation,script,1,1,medium,script classified as automation with reuse potential across 1 repositories and 1 files.,mbarbine__Scripts
shared-automation,@platphorm/automation,get-sagemaker-image-versions,automation,script,1,1,medium,script classified as automation with reuse potential across 1 repositories and 1 files.,mbarbine__Scripts
shared-automation,@platphorm/automation,410-get-config-recorder,automation,script,1,1,medium,script classified as automation with reuse potential across 1 repositories and 1 files.,mbarbine__Scripts
shared-automation,@platphorm/automation,awscc-vpc,automation,script,1,1,medium,script classified as automation with reuse potential across 1 repositories and 1 files.,mbarbine__Scripts
shared-automation,@platphorm/automation,get-sagemaker-app-image-config,automation,script,1,1,medium,script classified as automation with reuse potential across 1 repositories and 1 files.,mbarbine__Scripts
shared-automation,@platphorm/automation,recalbox-includes,automation,script,1,1,medium,script classified as automation with reuse potential across 1 repositories and 1 files.,mbarbine__Scripts
shared-automation,@platphorm/automation,712-get-eb-bus,automation,script,1,1,medium,script classified as automation with reuse potential across 1 repositories and 1 files.,mbarbine__Scripts
shared-automation,@platphorm/automation,get-apigw-resource,automation,script,1,1,medium,script classified as automation with reuse potential across 1 repositories and 1 files.,mbarbine__Scripts
shared-automation,@platphorm/automation,check-md,automation,script,1,1,medium,script classified as automation with reuse potential across 1 repositories and 1 files.,mbarbine__Scripts
shared-automation,@platphorm/automation,210-get-vpcpeer,automation,script,1,1,medium,script classified as automation with reuse potential across 1 repositories and 1 files.,mbarbine__Scripts
shared-automation,@platphorm/automation,ns8-base-amz-linux-ami-config,automation,script,1,1,medium,script classified as automation with reuse potential across 1 repositories and 1 files.,mbarbine__Scripts
shared-automation,@platphorm/automation,601-get-rds-ins,automation,script,1,1,medium,script classified as automation with reuse potential across 1 repositories and 1 files.,mbarbine__Scripts
shared-automation,@platphorm/automation,get-iam-groups-for-user,automation,script,1,1,medium,script classified as automation with reuse potential across 1 repositories and 1 files.,mbarbine__Scripts
shared-automation,@platphorm/automation,recalbox-support,automation,script,1,1,medium,script classified as automation with reuse potential across 1 repositories and 1 files.,mbarbine__Scripts
shared-automation,@platphorm/automation,414-get-config-recorder-status,automation,script,1,1,medium,script classified as automation with reuse potential across 1 repositories and 1 files.,mbarbine__Scripts
shared-automation,@platphorm/automation,create-lxc,automation,script,1,1,medium,script classified as automation with reuse potential across 1 repositories and 1 files.,mbarbine__Scripts
shared-automation,@platphorm/automation,013-get-org-policies,automation,script,1,1,medium,script classified as automation with reuse potential across 1 repositories and 1 files.,mbarbine__Scripts
shared-automation,@platphorm/automation,613-get-dms-tasks,automation,script,1,1,medium,script classified as automation with reuse potential across 1 repositories and 1 files.,mbarbine__Scripts
shared-automation,@platphorm/automation,get-appmesh-vr,automation,script,1,1,medium,script classified as automation with reuse potential across 1 repositories and 1 files.,mbarbine__Scripts
shared-automation,@platphorm/automation,202-get-transit-gateway-route-tables,automation,script,1,1,medium,script classified as automation with reuse potential across 1 repositories and 1 files.,mbarbine__Scripts
shared-automation,@platphorm/automation,users-whitelist,automation,script,1,1,medium,script classified as automation with reuse potential across 1 repositories and 1 files.,mbarbine__Scripts
shared-automation,@platphorm/automation,parallel-import,automation,script,1,1,medium,script classified as automation with reuse potential across 1 repositories and 1 files.,mbarbine__Scripts
shared-automation,@platphorm/automation,fucking-coffee,automation,script,1,1,medium,script classified as automation with reuse potential across 1 repositories and 1 files.,mbarbine__Scripts
shared-automation,@platphorm/automation,iptables-rules,automation,script,1,1,medium,script classified as automation with reuse potential across 1 repositories and 1 files.,mbarbine__Scripts
shared-automation,@platphorm/automation,209-get-transit-gateway-route-table-associations,automation,script,1,1,medium,script classified as automation with reuse potential across 1 repositories and 1 files.,mbarbine__Scripts
shared-automation,@platphorm/automation,141-get-route-table-associations,automation,script,1,1,medium,script classified as automation with reuse potential across 1 repositories and 1 files.,mbarbine__Scripts
shared-automation,@platphorm/automation,745-get-kinesis-firehose-delivery-stream,automation,script,1,1,medium,script classified as automation with reuse potential across 1 repositories and 1 files.,mbarbine__Scripts
shared-automation,@platphorm/automation,get-sc-portfolio-product-associations,automation,script,1,1,medium,script classified as automation with reuse potential across 1 repositories and 1 files.,mbarbine__Scripts
shared-automation,@platphorm/automation,get-appmesh-vgw-routes,automation,script,1,1,medium,script classified as automation with reuse potential across 1 repositories and 1 files.,mbarbine__Scripts
shared-automation,@platphorm/automation,350-get-ecs-cluster,automation,script,1,1,medium,script classified as automation with reuse potential across 1 repositories and 1 files.,mbarbine__Scripts
shared-automation,@platphorm/automation,get-appmesh-vs,automation,script,1,1,medium,script classified as automation with reuse potential across 1 repositories and 1 files.,mbarbine__Scripts
shared-automation,@platphorm/automation,recalbox-mount,automation,script,1,1,medium,script classified as automation with reuse potential across 1 repositories and 1 files.,mbarbine__Scripts
shared-automation,@platphorm/automation,recalbox-hash,automation,script,1,1,medium,script classified as automation with reuse potential across 1 repositories and 1 files.,mbarbine__Scripts
shared-automation,@platphorm/automation,asg2tf,automation,script,1,1,medium,script classified as automation with reuse potential across 1 repositories and 1 files.,mbarbine__Scripts
shared-automation,@platphorm/automation,256-get-ec2-spot-fleet-request,automation,script,1,1,medium,script classified as automation with reuse potential across 1 repositories and 1 files.,mbarbine__Scripts
shared-automation,@platphorm/automation,check-snmp-disk,automation,script,1,1,medium,script classified as automation with reuse potential across 1 repositories and 1 files.,mbarbine__Scripts
shared-automation,@platphorm/automation,800-get-cloudfront-dist,automation,script,1,1,medium,script classified as automation with reuse potential across 1 repositories and 1 files.,mbarbine__Scripts
shared-automation,@platphorm/automation,750-get-apigw-restapi,automation,script,1,1,medium,script classified as automation with reuse potential across 1 repositories and 1 files.,mbarbine__Scripts
shared-automation,@platphorm/automation,auto-scaling-groups,automation,script,1,1,medium,script classified as automation with reuse potential across 1 repositories and 1 files.,mbarbine__Scripts
shared-automation,@platphorm/automation,258-get-autoscaling-groups,automation,script,1,1,medium,script classified as automation with reuse potential across 1 repositories and 1 files.,mbarbine__Scripts
shared-automation,@platphorm/automation,mongo-reclaim,automation,script,1,1,medium,script classified as automation with reuse potential across 1 repositories and 1 files.,mbarbine__Scripts
shared-automation,@platphorm/automation,101-get-vpc-cidr,automation,script,1,1,medium,script classified as automation with reuse potential across 1 repositories and 1 files.,mbarbine__Scripts
shared-automation,@platphorm/automation,051-get-iam-role-policies,automation,script,1,1,medium,script classified as automation with reuse potential across 1 repositories and 1 files.,mbarbine__Scripts
shared-automation,@platphorm/automation,ecs2tf,automation,script,1,1,medium,script classified as automation with reuse potential across 1 repositories and 1 files.,mbarbine__Scripts
shared-automation,@platphorm/automation,mini-tftsupport,automation,script,1,1,medium,script classified as automation with reuse potential across 1 repositories and 1 files.,mbarbine__Scripts
shared-automation,@platphorm/automation,412-get-config-delivery-channel,automation,script,1,1,medium,script classified as automation with reuse potential across 1 repositories and 1 files.,mbarbine__Scripts
shared-automation,@platphorm/automation,geoupdate,automation,script,1,1,medium,script classified as automation with reuse potential across 1 repositories and 1 files.,mbarbine__Scripts
shared-automation,@platphorm/automation,776-get-cognito-user-pool-client,automation,script,1,1,medium,script classified as automation with reuse potential across 1 repositories and 1 files.,mbarbine__Scripts
shared-automation,@platphorm/automation,get-eks-cluster-nodegroups,automation,script,1,1,medium,script classified as automation with reuse potential across 1 repositories and 1 files.,mbarbine__Scripts
shared-automation,@platphorm/automation,fix-def-route,automation,script,1,1,medium,script classified as automation with reuse potential across 1 repositories and 1 files.,mbarbine__Scripts
shared-automation,@platphorm/automation,prich-nginxconf,automation,script,1,1,medium,script classified as automation with reuse potential across 1 repositories and 1 files.,mbarbine__Scripts
shared-automation,@platphorm/automation,get-glue-partition,automation,script,1,1,medium,script classified as automation with reuse potential across 1 repositories and 1 files.,mbarbine__Scripts
shared-automation,@platphorm/automation,660-athena-queries,automation,script,1,1,medium,script classified as automation with reuse potential across 1 repositories and 1 files.,mbarbine__Scripts
shared-automation,@platphorm/automation,recalbox-config,automation,script,1,1,medium,script classified as automation with reuse potential across 1 repositories and 1 files.,mbarbine__Scripts
shared-automation,@platphorm/automation,recalbox-encode,automation,script,1,1,medium,script classified as automation with reuse potential across 1 repositories and 1 files.,mbarbine__Scripts
shared-automation,@platphorm/automation,kodilauncher,automation,script,1,1,medium,script classified as automation with reuse potential across 1 repositories and 1 files.,mbarbine__Scripts
shared-automation,@platphorm/automation,get-security-group,automation,script,1,1,medium,script classified as automation with reuse potential across 1 repositories and 1 files.,mbarbine__Scripts
shared-automation,@platphorm/automation,get-sc-portfolio-constraints,automation,script,1,1,medium,script classified as automation with reuse potential across 1 repositories and 1 files.,mbarbine__Scripts
shared-automation,@platphorm/automation,get-ecs-service,automation,script,1,1,medium,script classified as automation with reuse potential across 1 repositories and 1 files.,mbarbine__Scripts
shared-automation,@platphorm/automation,get-emr-scal-policy,automation,script,1,1,medium,script classified as automation with reuse potential across 1 repositories and 1 files.,mbarbine__Scripts
shared-automation,@platphorm/automation,parallel-import2,automation,script,1,1,medium,script classified as automation with reuse potential across 1 repositories and 1 files.,mbarbine__Scripts
shared-automation,@platphorm/automation,681-get-sagemaker-user-profile,automation,script,1,1,medium,script classified as automation with reuse potential across 1 repositories and 1 files.,mbarbine__Scripts
shared-automation,@platphorm/automation,scripts-draft,automation,script,1,1,medium,script classified as automation with reuse potential across 1 repositories and 1 files.,mbarbine__Scripts
shared-automation,@platphorm/automation,650-get-glue-database,automation,script,1,1,medium,script classified as automation with reuse potential across 1 repositories and 1 files.,mbarbine__Scripts
shared-automation,@platphorm/automation,060-get-s3,automation,script,1,1,medium,script classified as automation with reuse potential across 1 repositories and 1 files.,mbarbine__Scripts
shared-automation,@platphorm/automation,130-get-natgw,automation,script,1,1,medium,script classified as automation with reuse potential across 1 repositories and 1 files.,mbarbine__Scripts
shared-automation,@platphorm/automation,442-get-ssm-association,automation,script,1,1,medium,script classified as automation with reuse potential across 1 repositories and 1 files.,mbarbine__Scripts
shared-automation,@platphorm/automation,360-get-appmesh-mesh,automation,script,1,1,medium,script classified as automation with reuse potential across 1 repositories and 1 files.,mbarbine__Scripts
shared-automation,@platphorm/automation,720-get-sqs-queue,automation,script,1,1,medium,script classified as automation with reuse potential across 1 repositories and 1 files.,mbarbine__Scripts
shared-automation,@platphorm/automation,get-sd-service,automation,script,1,1,medium,script classified as automation with reuse potential across 1 repositories and 1 files.,mbarbine__Scripts
shared-automation,@platphorm/automation,011-get-orgaccounts,automation,script,1,1,medium,script classified as automation with reuse potential across 1 repositories and 1 files.,mbarbine__Scripts
shared-automation,@platphorm/automation,225-get-cvpn-endpoints,automation,script,1,1,medium,script classified as automation with reuse potential across 1 repositories and 1 files.,mbarbine__Scripts
shared-automation,@platphorm/automation,get-secret-version,automation,script,1,1,medium,script classified as automation with reuse potential across 1 repositories and 1 files.,mbarbine__Scripts
shared-automation,@platphorm/automation,714-get-eb-target,automation,script,1,1,medium,script classified as automation with reuse potential across 1 repositories and 1 files.,mbarbine__Scripts
shared-automation,@platphorm/automation,416-get-config-rule,automation,script,1,1,medium,script classified as automation with reuse potential across 1 repositories and 1 files.,mbarbine__Scripts
shared-automation,@platphorm/automation,081-get-kms-alias,automation,script,1,1,medium,script classified as automation with reuse potential across 1 repositories and 1 files.,mbarbine__Scripts
shared-automation,@platphorm/automation,bluetoothcontrollers,automation,script,1,1,medium,script classified as automation with reuse potential across 1 repositories and 1 files.,mbarbine__Scripts
shared-automation,@platphorm/automation,accesskey,automation,script,1,1,medium,script classified as automation with reuse potential across 1 repositories and 1 files.,mbarbine__Scripts
shared-automation,@platphorm/automation,111-get-dhcp-options,automation,script,1,1,medium,script classified as automation with reuse potential across 1 repositories and 1 files.,mbarbine__Scripts
shared-automation,@platphorm/automation,770-get-cognito-identity-pools,automation,script,1,1,medium,script classified as automation with reuse potential across 1 repositories and 1 files.,mbarbine__Scripts
shared-automation,@platphorm/automation,get-lambda-event-invoke-configs,automation,script,1,1,medium,script classified as automation with reuse potential across 1 repositories and 1 files.,mbarbine__Scripts
shared-automation,@platphorm/automation,255-get-ec2-launch-templates,automation,script,1,1,medium,script classified as automation with reuse potential across 1 repositories and 1 files.,mbarbine__Scripts
shared-automation,@platphorm/automation,get-sd-priv-dns-ns,automation,script,1,1,medium,script classified as automation with reuse potential across 1 repositories and 1 files.,mbarbine__Scripts
shared-automation,@platphorm/automation,mongodb-backup,automation,script,1,1,medium,script classified as automation with reuse potential across 1 repositories and 1 files.,mbarbine__Scripts
shared-automation,@platphorm/automation,371-get-emr-sec-config,automation,script,1,1,medium,script classified as automation with reuse potential across 1 repositories and 1 files.,mbarbine__Scripts
shared-automation,@platphorm/automation,autodoc,automation,script,1,1,medium,script classified as automation with reuse potential across 1 repositories and 1 files.,mbarbine__Scripts
shared-automation,@platphorm/automation,627-get-code-artifact-repository,automation,script,1,1,medium,script classified as automation with reuse potential across 1 repositories and 1 files.,mbarbine__Scripts
shared-automation,@platphorm/automation,merger,automation,script,1,1,medium,script classified as automation with reuse potential across 1 repositories and 1 files.,mbarbine__Scripts
shared-automation,@platphorm/automation,svnconfbackup,automation,script,1,1,medium,script classified as automation with reuse potential across 1 repositories and 1 files.,mbarbine__Scripts
shared-automation,@platphorm/automation,recalbox-themes,automation,script,1,1,medium,script classified as automation with reuse potential across 1 repositories and 1 files.,mbarbine__Scripts
shared-automation,@platphorm/automation,201-get-transit-gateway,automation,script,1,1,medium,script classified as automation with reuse potential across 1 repositories and 1 files.,mbarbine__Scripts
shared-automation,@platphorm/automation,629-get-code-pipeline,automation,script,1,1,medium,script classified as automation with reuse potential across 1 repositories and 1 files.,mbarbine__Scripts
shared-automation,@platphorm/automation,recalbox-part,automation,script,1,1,medium,script classified as automation with reuse potential across 1 repositories and 1 files.,mbarbine__Scripts
shared-automation,@platphorm/automation,webdiff,automation,script,1,1,medium,script classified as automation with reuse potential across 1 repositories and 1 files.,mbarbine__Scripts
shared-automation,@platphorm/automation,restore,automation,script,1,1,medium,script classified as automation with reuse potential across 1 repositories and 1 files.,mbarbine__Scripts
shared-automation,@platphorm/automation,640-get-dynamodb-table,automation,script,1,1,medium,script classified as automation with reuse potential across 1 repositories and 1 files.,mbarbine__Scripts
shared-automation,@platphorm/automation,get-appmesh-r,automation,script,1,1,medium,script classified as automation with reuse potential across 1 repositories and 1 files.,mbarbine__Scripts
shared-automation,@platphorm/automation,get-glue-table,automation,script,1,1,medium,script classified as automation with reuse potential across 1 repositories and 1 files.,mbarbine__Scripts
shared-automation,@platphorm/automation,elbv2-listener,automation,script,1,1,medium,script classified as automation with reuse potential across 1 repositories and 1 files.,mbarbine__Scripts
shared-automation,@platphorm/automation,370-get-emr-cluster,automation,script,1,1,medium,script classified as automation with reuse potential across 1 repositories and 1 files.,mbarbine__Scripts
shared-automation,@platphorm/automation,recalbox-utils,automation,script,1,1,medium,script classified as automation with reuse potential across 1 repositories and 1 files.,mbarbine__Scripts
shared-automation,@platphorm/automation,recalbox-usbmount,automation,script,1,1,medium,script classified as automation with reuse potential across 1 repositories and 1 files.,mbarbine__Scripts
shared-automation,@platphorm/automation,hangover,automation,script,1,1,medium,script classified as automation with reuse potential across 1 repositories and 1 files.,mbarbine__Scripts
shared-automation,@platphorm/automation,mysqlbackup-snapshot,automation,script,1,1,medium,script classified as automation with reuse potential across 1 repositories and 1 files.,mbarbine__Scripts
shared-automation,@platphorm/automation,chroot-ssh-freebsd,automation,script,1,1,medium,script classified as automation with reuse potential across 1 repositories and 1 files.,mbarbine__Scripts
shared-automation,@platphorm/automation,user-perms,automation,script,1,1,medium,script classified as automation with reuse potential across 1 repositories and 1 files.,mbarbine__Scripts
shared-automation,@platphorm/automation,post-fixer,automation,script,1,1,medium,script classified as automation with reuse potential across 1 repositories and 1 files.,mbarbine__Scripts
shared-automation,@platphorm/automation,999-get-cloudformation,automation,script,1,1,medium,script classified as automation with reuse potential across 1 repositories and 1 files.,mbarbine__Scripts
shared-automation,@platphorm/automation,227-get-vpn-connections,automation,script,1,1,medium,script classified as automation with reuse potential across 1 repositories and 1 files.,mbarbine__Scripts
shared-automation,@platphorm/automation,bash-web-server,automation,script,1,1,medium,script classified as automation with reuse potential across 1 repositories and 1 files.,mbarbine__Scripts
shared-automation,@platphorm/automation,check-md5sums-script,automation,script,1,1,medium,script classified as automation with reuse potential across 1 repositories and 1 files.,mbarbine__Scripts
shared-automation,@platphorm/automation,get-stack,automation,script,1,1,medium,script classified as automation with reuse potential across 1 repositories and 1 files.,mbarbine__Scripts
shared-automation,@platphorm/automation,get-suborg-ou,automation,script,1,1,medium,script classified as automation with reuse potential across 1 repositories and 1 files.,mbarbine__Scripts
shared-automation,@platphorm/automation,252-get-c9,automation,script,1,1,medium,script classified as automation with reuse potential across 1 repositories and 1 files.,mbarbine__Scripts
shared-automation,@platphorm/automation,eks-auto-scaling-groups,automation,script,1,1,medium,script classified as automation with reuse potential across 1 repositories and 1 files.,mbarbine__Scripts
shared-automation,@platphorm/automation,fargate-profile,automation,script,1,1,medium,script classified as automation with reuse potential across 1 repositories and 1 files.,mbarbine__Scripts
shared-automation,@platphorm/automation,get-vpce-services,automation,script,1,1,medium,script classified as automation with reuse potential across 1 repositories and 1 files.,mbarbine__Scripts
shared-automation,@platphorm/automation,090-get-cloudtrail,automation,script,1,1,medium,script classified as automation with reuse potential across 1 repositories and 1 files.,mbarbine__Scripts
shared-automation,@platphorm/automation,get-sns-topic-policy,automation,script,1,1,medium,script classified as automation with reuse potential across 1 repositories and 1 files.,mbarbine__Scripts
shared-automation,@platphorm/automation,700-get-lambda-function,automation,script,1,1,medium,script classified as automation with reuse potential across 1 repositories and 1 files.,mbarbine__Scripts
shared-automation,@platphorm/automation,055-get-iam-policies,automation,script,1,1,medium,script classified as automation with reuse potential across 1 repositories and 1 files.,mbarbine__Scripts
shared-automation,@platphorm/automation,100-get-vpc,automation,script,1,1,medium,script classified as automation with reuse potential across 1 repositories and 1 files.,mbarbine__Scripts
shared-automation,@platphorm/automation,systemsetting,automation,script,1,1,medium,script classified as automation with reuse potential across 1 repositories and 1 files.,mbarbine__Scripts
shared-automation,@platphorm/automation,120-get-igw,automation,script,1,1,medium,script classified as automation with reuse potential across 1 repositories and 1 files.,mbarbine__Scripts
shared-automation,@platphorm/automation,get-apigw-method,automation,script,1,1,medium,script classified as automation with reuse potential across 1 repositories and 1 files.,mbarbine__Scripts
shared-automation,@platphorm/automation,680-get-sagemaker-domain,automation,script,1,1,medium,script classified as automation with reuse potential across 1 repositories and 1 files.,mbarbine__Scripts
shared-automation,@platphorm/automation,057-get-iam-access-key,automation,script,1,1,medium,script classified as automation with reuse potential across 1 repositories and 1 files.,mbarbine__Scripts
shared-automation,@platphorm/automation,702-get-lambda-layers,automation,script,1,1,medium,script classified as automation with reuse potential across 1 repositories and 1 files.,mbarbine__Scripts
shared-automation,@platphorm/automation,625-get-code-build-project,automation,script,1,1,medium,script classified as automation with reuse potential across 1 repositories and 1 files.,mbarbine__Scripts
shared-automation,@platphorm/automation,107-get-network-acl,automation,script,1,1,medium,script classified as automation with reuse potential across 1 repositories and 1 files.,mbarbine__Scripts
shared-automation,@platphorm/automation,021-get-sso-permsets,automation,script,1,1,medium,script classified as automation with reuse potential across 1 repositories and 1 files.,mbarbine__Scripts
shared-automation,@platphorm/automation,usbmodem-watchdog,automation,script,1,1,medium,script classified as automation with reuse potential across 1 repositories and 1 files.,mbarbine__Scripts
shared-automation,@platphorm/automation,713-get-eb-rule,automation,script,1,1,medium,script classified as automation with reuse potential across 1 repositories and 1 files.,mbarbine__Scripts
shared-automation,@platphorm/automation,template-bash-script,automation,script,1,1,medium,script classified as automation with reuse potential across 1 repositories and 1 files.,mbarbine__Scripts
shared-automation,@platphorm/automation,030-get-iam-users,automation,script,1,1,medium,script classified as automation with reuse potential across 1 repositories and 1 files.,mbarbine__Scripts
shared-automation,@platphorm/automation,udev-sixpair,automation,script,1,1,medium,script classified as automation with reuse potential across 1 repositories and 1 files.,mbarbine__Scripts
shared-automation,@platphorm/automation,731-get-sns-subscriptions,automation,script,1,1,medium,script classified as automation with reuse potential across 1 repositories and 1 files.,mbarbine__Scripts
shared-automation,@platphorm/automation,get-transit-gateway-vpn-attachments,automation,script,1,1,medium,script classified as automation with reuse potential across 1 repositories and 1 files.,mbarbine__Scripts
shared-automation,@platphorm/automation,get-sagemaker-app,automation,script,1,1,medium,script classified as automation with reuse potential across 1 repositories and 1 files.,mbarbine__Scripts
shared-automation,@platphorm/automation,get-sc-portfolio-principal,automation,script,1,1,medium,script classified as automation with reuse potential across 1 repositories and 1 files.,mbarbine__Scripts
shared-automation,@platphorm/automation,034-get-iam-groups,automation,script,1,1,medium,script classified as automation with reuse potential across 1 repositories and 1 files.,mbarbine__Scripts
shared-automation,@platphorm/automation,630-get-lf-settings,automation,script,1,1,medium,script classified as automation with reuse potential across 1 repositories and 1 files.,mbarbine__Scripts
shared-automation,@platphorm/automation,get-eni,automation,script,1,1,medium,script classified as automation with reuse potential across 1 repositories and 1 files.,mbarbine__Scripts
shared-automation,@platphorm/automation,810-get-sc-portfolio,automation,script,1,1,medium,script classified as automation with reuse potential across 1 repositories and 1 files.,mbarbine__Scripts
shared-automation,@platphorm/automation,775-get-cognito-user-pools,automation,script,1,1,medium,script classified as automation with reuse potential across 1 repositories and 1 files.,mbarbine__Scripts
shared-automation,@platphorm/automation,type-get-transitgw,automation,script,1,1,medium,script classified as automation with reuse potential across 1 repositories and 1 files.,mbarbine__Scripts
shared-automation,@platphorm/automation,eks-launch-template,automation,script,1,1,medium,script classified as automation with reuse potential across 1 repositories and 1 files.,mbarbine__Scripts
shared-automation,@platphorm/automation,440-get-ssm-doc,automation,script,1,1,medium,script classified as automation with reuse potential across 1 repositories and 1 files.,mbarbine__Scripts
shared-automation,@platphorm/automation,300-get-eks-cluster,automation,script,1,1,medium,script classified as automation with reuse potential across 1 repositories and 1 files.,mbarbine__Scripts
shared-automation,@platphorm/automation,check-areca,automation,script,1,1,medium,script classified as automation with reuse potential across 1 repositories and 1 files.,mbarbine__Scripts
shared-automation,@platphorm/automation,recalbox-sync,automation,script,1,1,medium,script classified as automation with reuse potential across 1 repositories and 1 files.,mbarbine__Scripts
shared-automation,@platphorm/automation,mp3,automation,script,1,1,medium,script classified as automation with reuse potential across 1 repositories and 1 files.,mbarbine__Scripts
shared-automation,@platphorm/automation,631-get-lf-resources,automation,script,1,1,medium,script classified as automation with reuse potential across 1 repositories and 1 files.,mbarbine__Scripts
shared-automation,@platphorm/automation,080-get-kms-key,automation,script,1,1,medium,script classified as automation with reuse potential across 1 repositories and 1 files.,mbarbine__Scripts
shared-automation,@platphorm/automation,730-get-sns-topic,automation,script,1,1,medium,script classified as automation with reuse potential across 1 repositories and 1 files.,mbarbine__Scripts
shared-automation,@platphorm/automation,get-sso-man-pol-attach,automation,script,1,1,medium,script classified as automation with reuse potential across 1 repositories and 1 files.,mbarbine__Scripts
shared-automation,@platphorm/automation,bash-exit-code-example,automation,script,1,1,medium,script classified as automation with reuse potential across 1 repositories and 1 files.,mbarbine__Scripts
shared-automation,@platphorm/automation,get-ecr,automation,script,1,1,medium,script classified as automation with reuse potential across 1 repositories and 1 files.,mbarbine__Scripts
shared-automation,@platphorm/automation,fix-def-sgs,automation,script,1,1,medium,script classified as automation with reuse potential across 1 repositories and 1 files.,mbarbine__Scripts
shared-automation,@platphorm/automation,get-eip,automation,script,1,1,medium,script classified as automation with reuse potential across 1 repositories and 1 files.,mbarbine__Scripts
shared-automation,@platphorm/automation,627-get-code-artifact-domain,automation,script,1,1,medium,script classified as automation with reuse potential across 1 repositories and 1 files.,mbarbine__Scripts
shared-automation,@platphorm/automation,elbv2-target-groups,automation,script,1,1,medium,script classified as automation with reuse potential across 1 repositories and 1 files.,mbarbine__Scripts
shared-automation,@platphorm/automation,get-priv-hzn,automation,script,1,1,medium,script classified as automation with reuse potential across 1 repositories and 1 files.,mbarbine__Scripts
shared-automation,@platphorm/automation,vagrantcleanup,automation,script,1,1,medium,script classified as automation with reuse potential across 1 repositories and 1 files.,mbarbine__Scripts
shared-automation,@platphorm/automation,java-prof,automation,script,1,1,medium,script classified as automation with reuse potential across 1 repositories and 1 files.,mbarbine__Scripts
shared-automation,@platphorm/automation,ipfw-rules,automation,script,1,1,medium,script classified as automation with reuse potential across 1 repositories and 1 files.,mbarbine__Scripts
shared-automation,@platphorm/automation,post-fix-vpc,automation,script,1,1,medium,script classified as automation with reuse potential across 1 repositories and 1 files.,mbarbine__Scripts
shared-automation,@platphorm/automation,powerswitch,automation,script,1,1,medium,script classified as automation with reuse potential across 1 repositories and 1 files.,mbarbine__Scripts
shared-automation,@platphorm/automation,get-transit-gateway-vpc-attachments,automation,script,1,1,medium,script classified as automation with reuse potential across 1 repositories and 1 files.,mbarbine__Scripts
shared-automation,@platphorm/automation,check-raid-etegro,automation,script,1,1,medium,script classified as automation with reuse potential across 1 repositories and 1 files.,mbarbine__Scripts
shared-automation,@platphorm/automation,602-get-rds-db-subnet-group,automation,script,1,1,medium,script classified as automation with reuse potential across 1 repositories and 1 files.,mbarbine__Scripts
shared-automation,@platphorm/automation,056-get-instance-profile,automation,script,1,1,medium,script classified as automation with reuse potential across 1 repositories and 1 files.,mbarbine__Scripts
shared-automation,@platphorm/automation,get-sc-portfolio-products,automation,script,1,1,medium,script classified as automation with reuse potential across 1 repositories and 1 files.,mbarbine__Scripts
shared-automation,@platphorm/automation,get-iam-policies,automation,script,1,1,medium,script classified as automation with reuse potential across 1 repositories and 1 files.,mbarbine__Scripts
shared-automation,@platphorm/automation,get-eks-cluster-all,automation,script,1,1,medium,script classified as automation with reuse potential across 1 repositories and 1 files.,mbarbine__Scripts
shared-automation,@platphorm/automation,tail-with-thread,automation,script,1,1,medium,script classified as automation with reuse potential across 1 repositories and 1 files.,mbarbine__Scripts
shared-automation,@platphorm/automation,get-lambda-alias,automation,script,1,1,medium,script classified as automation with reuse potential across 1 repositories and 1 files.,mbarbine__Scripts
shared-automation,@platphorm/automation,get-sso-inline-pol-attach,automation,script,1,1,medium,script classified as automation with reuse potential across 1 repositories and 1 files.,mbarbine__Scripts
shared-automation,@platphorm/automation,052-get-iam-attached-role-policies,automation,script,1,1,medium,script classified as automation with reuse potential across 1 repositories and 1 files.,mbarbine__Scripts
shared-automation,@platphorm/automation,kumar-asshole,automation,script,1,1,medium,script classified as automation with reuse potential across 1 repositories and 1 files.,mbarbine__Scripts
shared-automation,@platphorm/automation,get-appmesh-no,automation,script,1,1,medium,script classified as automation with reuse potential across 1 repositories and 1 files.,mbarbine__Scripts
shared-automation,@platphorm/automation,135-get-transit-gateway-vpc-attachments,automation,script,1,1,medium,script classified as automation with reuse potential across 1 repositories and 1 files.,mbarbine__Scripts
shared-automation,@platphorm/automation,svncreat,automation,script,1,1,medium,script classified as automation with reuse potential across 1 repositories and 1 files.,mbarbine__Scripts
shared-automation,@platphorm/automation,whatsapp-install,automation,script,1,1,medium,script classified as automation with reuse potential across 1 repositories and 1 files.,mbarbine__Scripts
shared-automation,@platphorm/automation,010-get-organization,automation,script,1,1,medium,script classified as automation with reuse potential across 1 repositories and 1 files.,mbarbine__Scripts
shared-automation,@platphorm/automation,351-get-ecs-task,automation,script,1,1,medium,script classified as automation with reuse potential across 1 repositories and 1 files.,mbarbine__Scripts
shared-automation,@platphorm/automation,recalbox-create-share,automation,script,1,1,medium,script classified as automation with reuse potential across 1 repositories and 1 files.,mbarbine__Scripts
shared-automation,@platphorm/automation,vpc2tf,automation,script,1,1,medium,script classified as automation with reuse potential across 1 repositories and 1 files.,mbarbine__Scripts
shared-automation,@platphorm/automation,240-get-directories,automation,script,1,1,medium,script classified as automation with reuse potential across 1 repositories and 1 files.,mbarbine__Scripts
shared-automation,@platphorm/automation,tar,automation,script,1,1,medium,script classified as automation with reuse potential across 1 repositories and 1 files.,mbarbine__Scripts
shared-automation,@platphorm/automation,445-get-ssm-params,automation,script,1,1,medium,script classified as automation with reuse potential across 1 repositories and 1 files.,mbarbine__Scripts
shared-automation,@platphorm/automation,771-get-cognito-identity-pool-roles-attachment,automation,script,1,1,medium,script classified as automation with reuse potential across 1 repositories and 1 files.,mbarbine__Scripts
shared-automation,@platphorm/automation,semversioner,automation,script,1,1,medium,script classified as automation with reuse potential across 1 repositories and 1 files.,mbarbine__Scripts
shared-automation,@platphorm/automation,140-get-route-table,automation,script,1,1,medium,script classified as automation with reuse potential across 1 repositories and 1 files.,mbarbine__Scripts
shared-automation,@platphorm/automation,250-get-ec2-instances,automation,script,1,1,medium,script classified as automation with reuse potential across 1 repositories and 1 files.,mbarbine__Scripts
shared-automation,@platphorm/automation,105-get-subnet,automation,script,1,1,medium,script classified as automation with reuse potential across 1 repositories and 1 files.,mbarbine__Scripts
shared-automation,@platphorm/automation,get-subnet-parallel,automation,script,1,1,medium,script classified as automation with reuse potential across 1 repositories and 1 files.,mbarbine__Scripts
shared-automation,@platphorm/automation,220-get-custgw,automation,script,1,1,medium,script classified as automation with reuse potential across 1 repositories and 1 files.,mbarbine__Scripts
shared-automation,@platphorm/automation,parallel-statemv,automation,script,1,1,medium,script classified as automation with reuse potential across 1 repositories and 1 files.,mbarbine__Scripts
shared-automation,@platphorm/automation,050-get-iam-roles,automation,script,1,1,medium,script classified as automation with reuse potential across 1 repositories and 1 files.,mbarbine__Scripts
shared-automation,@platphorm/automation,070-get-cw-log-grp,automation,script,1,1,medium,script classified as automation with reuse potential across 1 repositories and 1 files.,mbarbine__Scripts
shared-automation,@platphorm/automation,get-transit-gateway-routes,automation,script,1,1,medium,script classified as automation with reuse potential across 1 repositories and 1 files.,mbarbine__Scripts
shared-automation,@platphorm/automation,get-org-policy-attachment,automation,script,1,1,medium,script classified as automation with reuse potential across 1 repositories and 1 files.,mbarbine__Scripts
shared-automation,@platphorm/automation,110-get-security-group,automation,script,1,1,medium,script classified as automation with reuse potential across 1 repositories and 1 files.,mbarbine__Scripts
shared-automation,@platphorm/automation,get-lambda-permission,automation,script,1,1,medium,script classified as automation with reuse potential across 1 repositories and 1 files.,mbarbine__Scripts
shared-automation,@platphorm/automation,shell-color,automation,script,1,1,medium,script classified as automation with reuse potential across 1 repositories and 1 files.,mbarbine__Scripts
shared-automation,@platphorm/automation,get-inprof,automation,script,1,1,medium,script classified as automation with reuse potential across 1 repositories and 1 files.,mbarbine__Scripts
shared-automation,@platphorm/automation,get-s3-policy,automation,script,1,1,medium,script classified as automation with reuse potential across 1 repositories and 1 files.,mbarbine__Scripts
shared-automation,@platphorm/automation,161-get-vpce,automation,script,1,1,medium,script classified as automation with reuse potential across 1 repositories and 1 files.,mbarbine__Scripts
shared-automation,@platphorm/automation,elbv2,automation,script,1,1,medium,script classified as automation with reuse potential across 1 repositories and 1 files.,mbarbine__Scripts
shared-automation,@platphorm/automation,740-get-kinesis-stream,automation,script,1,1,medium,script classified as automation with reuse potential across 1 repositories and 1 files.,mbarbine__Scripts
shared-automation,@platphorm/automation,elbv2-listener-rules,automation,script,1,1,medium,script classified as automation with reuse potential across 1 repositories and 1 files.,mbarbine__Scripts
shared-automation,@platphorm/automation,012-get-org-ou,automation,script,1,1,medium,script classified as automation with reuse potential across 1 repositories and 1 files.,mbarbine__Scripts
shared-automation,@platphorm/automation,611-get-dms-ins,automation,script,1,1,medium,script classified as automation with reuse potential across 1 repositories and 1 files.,mbarbine__Scripts
shared-automation,@platphorm/automation,get-emr-inst-group,automation,script,1,1,medium,script classified as automation with reuse potential across 1 repositories and 1 files.,mbarbine__Scripts
shared-automation,@platphorm/automation,host-checker,automation,automation-config,1,1,medium,automation-config classified as automation with reuse potential across 1 repositories and 1 files.,mbarbine__Scripts
shared-automation,@platphorm/automation,450-get-secrets,automation,script,1,1,medium,script classified as automation with reuse potential across 1 repositories and 1 files.,mbarbine__Scripts
shared-automation,@platphorm/automation,logrotate,automation,script,1,1,medium,script classified as automation with reuse potential across 1 repositories and 1 files.,mbarbine__Scripts
shared-automation,@platphorm/automation,mysqlhotbackup,automation,script,1,1,medium,script classified as automation with reuse potential across 1 repositories and 1 files.,mbarbine__Scripts
shared-automation,@platphorm/automation,mysqlbackup,automation,script,1,1,medium,script classified as automation with reuse potential across 1 repositories and 1 files.,mbarbine__Scripts
shared-automation,@platphorm/automation,check-carp-wrapper,automation,script,1,1,medium,script classified as automation with reuse potential across 1 repositories and 1 files.,mbarbine__Scripts
shared-automation,@platphorm/automation,check-carp,automation,script,1,1,medium,script classified as automation with reuse potential across 1 repositories and 1 files.,mbarbine__Scripts
shared-automation,@platphorm/automation,get-instance-network-interface-attachment,automation,script,1,1,medium,script classified as automation with reuse potential across 1 repositories and 1 files.,mbarbine__Scripts
shared-automation,@platphorm/automation,block-ip-daemon,automation,script,1,1,medium,script classified as automation with reuse potential across 1 repositories and 1 files.,mbarbine__Scripts
shared-automation,@platphorm/automation,block-daemon-wrapper,automation,script,1,1,medium,script classified as automation with reuse potential across 1 repositories and 1 files.,mbarbine__Scripts
shared-automation,@platphorm/automation,make-ks,automation,script,1,1,medium,script classified as automation with reuse potential across 1 repositories and 1 files.,mbarbine__Scripts
shared-automation,@platphorm/automation,vagrantuser,automation,script,1,1,medium,script classified as automation with reuse potential across 1 repositories and 1 files.,mbarbine__Scripts
shared-automation,@platphorm/automation,deploy-sampledata,automation,script,1,1,medium,script classified as automation with reuse potential across 1 repositories and 1 files.,mbarbine__Scripts
shared-process,@platphorm/process,copying,process,process-document,1,1,medium,process-document classified as process with reuse potential across 1 repositories and 1 files.,mbarbine__Scripts
shared-process,@platphorm/process,license-afl,process,process-document,1,1,medium,process-document classified as process with reuse potential across 1 repositories and 1 files.,mbarbine__Scripts
shared-process,@platphorm/process,issue-template,process,process-document,1,1,medium,process-document classified as process with reuse potential across 1 repositories and 1 files.,mbarbine__Scripts
shared-automation,@platphorm/automation,travis,automation,automation-config,1,1,medium,automation-config classified as automation with reuse potential across 1 repositories and 1 files.,mbarbine__Scripts
shared-process,@platphorm/process,backup-blacklist,process,process-document,1,1,medium,process-document classified as process with reuse potential across 1 repositories and 1 files.,mbarbine__Scripts
shared-automation,@platphorm/automation,cron,automation,script,1,1,medium,script classified as automation with reuse potential across 1 repositories and 1 files.,mbarbine__Scripts
shared-process,@platphorm/process,update-status,process,process-document,1,1,medium,process-document classified as process with reuse potential across 1 repositories and 1 files.,mbarbine__Scripts
shared-logic,@platphorm/logic,angular-ng-storage-min,logic,business-logic,1,1,medium,business-logic classified as logic with reuse potential across 1 repositories and 1 files.,mbarbine__Scripts
shared-automation,@platphorm/automation,landing,automation,automation-config,1,1,medium,automation-config classified as automation with reuse potential across 1 repositories and 1 files.,mbarbine__Scripts
shared-automation,@platphorm/automation,readiness-check,automation,automation-config,1,1,medium,automation-config classified as automation with reuse potential across 1 repositories and 1 files.,mbarbine__Scripts
shared-automation,@platphorm/automation,home,automation,automation-config,1,1,medium,automation-config classified as automation with reuse potential across 1 repositories and 1 files.,mbarbine__Scripts
shared-automation,@platphorm/automation,updater-success,automation,automation-config,1,1,medium,automation-config classified as automation with reuse potential across 1 repositories and 1 files.,mbarbine__Scripts
shared-automation,@platphorm/automation,data-option,automation,automation-config,1,1,medium,automation-config classified as automation with reuse potential across 1 repositories and 1 files.,mbarbine__Scripts
shared-automation,@platphorm/automation,start-updater,automation,automation-config,1,1,medium,automation-config classified as automation with reuse potential across 1 repositories and 1 files.,mbarbine__Scripts
shared-automation,@platphorm/automation,success,automation,automation-config,1,1,medium,automation-config classified as automation with reuse potential across 1 repositories and 1 files.,mbarbine__Scripts
shared-logic,@platphorm/logic,customize-your-store,logic,state-store,1,1,medium,state-store classified as logic with reuse potential across 1 repositories and 1 files.,mbarbine__Scripts
shared-automation,@platphorm/automation,angular-sanitize-min,automation,automation-config,1,1,medium,automation-config classified as automation with reuse potential across 1 repositories and 1 files.,mbarbine__Scripts
shared-automation,@platphorm/automation,angular-clickout-min,automation,automation-config,1,1,medium,automation-config classified as automation with reuse potential across 1 repositories and 1 files.,mbarbine__Scripts
shared-automation,@platphorm/automation,mutation-observer,automation,automation-config,1,1,medium,automation-config classified as automation with reuse potential across 1 repositories and 1 files.,mbarbine__Scripts
shared-logic,@platphorm/logic,moment,logic,business-logic,1,1,medium,business-logic classified as logic with reuse potential across 1 repositories and 1 files.,mbarbine__Scripts
shared-logic,@platphorm/logic,moment-timezone-with-data,logic,business-logic,1,1,medium,business-logic classified as logic with reuse potential across 1 repositories and 1 files.,mbarbine__Scripts
shared-logic,@platphorm/logic,es6-collections,logic,business-logic,1,1,medium,business-logic classified as logic with reuse potential across 1 repositories and 1 files.,mbarbine__Scripts
shared-logic,@platphorm/logic,match-media,logic,business-logic,1,1,medium,business-logic classified as logic with reuse potential across 1 repositories and 1 files.,mbarbine__Scripts
shared-logic,@platphorm/logic,legacy-build-min,logic,business-logic,1,1,medium,business-logic classified as logic with reuse potential across 1 repositories and 1 files.,mbarbine__Scripts
shared-automation,@platphorm/automation,form-data,automation,automation-config,1,1,medium,automation-config classified as automation with reuse potential across 1 repositories and 1 files.,mbarbine__Scripts
shared-logic,@platphorm/logic,smart-keyboard-handler,logic,business-logic,1,1,medium,business-logic classified as logic with reuse potential across 1 repositories and 1 files.,mbarbine__Scripts
shared-logic,@platphorm/logic,collapsible,logic,ui-primitive,1,1,medium,ui-primitive classified as logic with reuse potential across 1 repositories and 1 files.,mbarbine__Scripts
shared-logic,@platphorm/logic,mage,logic,business-logic,1,1,medium,business-logic classified as logic with reuse potential across 1 repositories and 1 files.,mbarbine__Scripts
shared-logic,@platphorm/logic,decorate,logic,business-logic,1,1,medium,business-logic classified as logic with reuse potential across 1 repositories and 1 files.,mbarbine__Scripts
shared-logic,@platphorm/logic,sticky,logic,business-logic,1,1,medium,business-logic classified as logic with reuse potential across 1 repositories and 1 files.,mbarbine__Scripts
shared-logic,@platphorm/logic,webapi,logic,business-logic,1,1,medium,business-logic classified as logic with reuse potential across 1 repositories and 1 files.,mbarbine__Scripts
shared-logic,@platphorm/logic,translate,logic,business-logic,1,1,medium,business-logic classified as logic with reuse potential across 1 repositories and 1 files.,mbarbine__Scripts
shared-logic,@platphorm/logic,fieldset-controls,logic,business-logic,1,1,medium,business-logic classified as logic with reuse potential across 1 repositories and 1 files.,mbarbine__Scripts
shared-logic,@platphorm/logic,cookies,logic,business-logic,1,1,medium,business-logic classified as logic with reuse potential across 1 repositories and 1 files.,mbarbine__Scripts
shared-logic,@platphorm/logic,terms,logic,business-logic,1,1,medium,business-logic classified as logic with reuse potential across 1 repositories and 1 files.,mbarbine__Scripts
shared-logic,@platphorm/logic,deletable-item,logic,business-logic,1,1,medium,business-logic classified as logic with reuse potential across 1 repositories and 1 files.,mbarbine__Scripts
shared-automation,@platphorm/automation,bootstrap,automation,automation-config,1,1,medium,automation-config classified as automation with reuse potential across 1 repositories and 1 files.,mbarbine__Scripts
shared-logic,@platphorm/logic,redirect-url,logic,business-logic,1,1,medium,business-logic classified as logic with reuse potential across 1 repositories and 1 files.,mbarbine__Scripts
shared-logic,@platphorm/logic,toggle,logic,ui-primitive,1,1,medium,ui-primitive classified as logic with reuse potential across 1 repositories and 1 files.,mbarbine__Scripts
shared-logic,@platphorm/logic,translate-inline,logic,business-logic,1,1,medium,business-logic classified as logic with reuse potential across 1 repositories and 1 files.,mbarbine__Scripts
shared-logic,@platphorm/logic,loader-old,logic,business-logic,1,1,medium,business-logic classified as logic with reuse potential across 1 repositories and 1 files.,mbarbine__Scripts
shared-logic,@platphorm/logic,zoom,logic,business-logic,1,1,medium,business-logic classified as logic with reuse potential across 1 repositories and 1 files.,mbarbine__Scripts
shared-logic,@platphorm/logic,list,logic,business-logic,1,1,medium,business-logic classified as logic with reuse potential across 1 repositories and 1 files.,mbarbine__Scripts
shared-logic,@platphorm/logic,popup-window,logic,business-logic,1,1,medium,business-logic classified as logic with reuse potential across 1 repositories and 1 files.,mbarbine__Scripts
shared-automation,@platphorm/automation,item-table,automation,automation-config,1,1,medium,automation-config classified as automation with reuse potential across 1 repositories and 1 files.,mbarbine__Scripts
shared-logic,@platphorm/logic,edit-trigger,logic,business-logic,1,1,medium,business-logic classified as logic with reuse potential across 1 repositories and 1 files.,mbarbine__Scripts
shared-logic,@platphorm/logic,dropdown-old,logic,business-logic,1,1,medium,business-logic classified as logic with reuse potential across 1 repositories and 1 files.,mbarbine__Scripts
shared-logic,@platphorm/logic,dropdowns,logic,business-logic,1,1,medium,business-logic classified as logic with reuse potential across 1 repositories and 1 files.,mbarbine__Scripts
shared-logic,@platphorm/logic,menu,logic,business-logic,1,1,medium,business-logic classified as logic with reuse potential across 1 repositories and 1 files.,mbarbine__Scripts
shared-logic,@platphorm/logic,ie-class-fixer,logic,business-logic,1,1,medium,business-logic classified as logic with reuse potential across 1 repositories and 1 files.,mbarbine__Scripts
shared-logic,@platphorm/logic,calendar,logic,ui-primitive,1,1,medium,ui-primitive classified as logic with reuse potential across 1 repositories and 1 files.,mbarbine__Scripts
shared-logic,@platphorm/logic,captcha,logic,business-logic,1,1,medium,business-logic classified as logic with reuse potential across 1 repositories and 1 files.,mbarbine__Scripts
shared-logic,@platphorm/logic,url,logic,business-logic,1,1,medium,business-logic classified as logic with reuse potential across 1 repositories and 1 files.,mbarbine__Scripts
shared-logic,@platphorm/logic,data-post,logic,business-logic,1,1,medium,business-logic classified as logic with reuse potential across 1 repositories and 1 files.,mbarbine__Scripts
shared-logic,@platphorm/logic,translate-inline-vde,logic,business-logic,1,1,medium,business-logic classified as logic with reuse potential across 1 repositories and 1 files.,mbarbine__Scripts
shared-logic,@platphorm/logic,loader,logic,business-logic,1,1,medium,business-logic classified as logic with reuse potential across 1 repositories and 1 files.,mbarbine__Scripts
shared-logic,@platphorm/logic,main,logic,business-logic,1,1,medium,business-logic classified as logic with reuse potential across 1 repositories and 1 files.,mbarbine__Scripts
shared-logic,@platphorm/logic,mixins,logic,business-logic,1,1,medium,business-logic classified as logic with reuse potential across 1 repositories and 1 files.,mbarbine__Scripts
shared-logic,@platphorm/logic,static,logic,business-logic,1,1,medium,business-logic classified as logic with reuse potential across 1 repositories and 1 files.,mbarbine__Scripts
shared-logic,@platphorm/logic,resolver,logic,business-logic,1,1,medium,business-logic classified as logic with reuse potential across 1 repositories and 1 files.,mbarbine__Scripts
shared-logic,@platphorm/logic,wrapper,logic,utility,1,1,medium,utility classified as logic with reuse potential across 1 repositories and 1 files.,mbarbine__Scripts
shared-logic,@platphorm/logic,misc,logic,utility,1,1,medium,utility classified as logic with reuse potential across 1 repositories and 1 files.,mbarbine__Scripts
shared-logic,@platphorm/logic,arrays,logic,utility,1,1,medium,utility classified as logic with reuse potential across 1 repositories and 1 files.,mbarbine__Scripts
shared-logic,@platphorm/logic,main,logic,utility,1,1,medium,utility classified as logic with reuse potential across 1 repositories and 1 files.,mbarbine__Scripts
shared-logic,@platphorm/logic,objects,logic,utility,1,1,medium,utility classified as logic with reuse potential across 1 repositories and 1 files.,mbarbine__Scripts
shared-logic,@platphorm/logic,compare,logic,utility,1,1,medium,utility classified as logic with reuse potential across 1 repositories and 1 files.,mbarbine__Scripts
shared-logic,@platphorm/logic,strings,logic,utility,1,1,medium,utility classified as logic with reuse potential across 1 repositories and 1 files.,mbarbine__Scripts
shared-logic,@platphorm/logic,template,logic,utility,1,1,medium,utility classified as logic with reuse potential across 1 repositories and 1 files.,mbarbine__Scripts
shared-logic,@platphorm/logic,notification,logic,business-logic,1,1,medium,business-logic classified as logic with reuse potential across 1 repositories and 1 files.,mbarbine__Scripts
shared-logic,@platphorm/logic,action-link,logic,business-logic,1,1,medium,business-logic classified as logic with reuse potential across 1 repositories and 1 files.,mbarbine__Scripts
shared-logic,@platphorm/logic,bootstrap,logic,business-logic,1,1,medium,business-logic classified as logic with reuse potential across 1 repositories and 1 files.,mbarbine__Scripts
shared-logic,@platphorm/logic,tree-suggest,logic,business-logic,1,1,medium,business-logic classified as logic with reuse potential across 1 repositories and 1 files.,mbarbine__Scripts
shared-logic,@platphorm/logic,floating-header,logic,business-logic,1,1,medium,business-logic classified as logic with reuse potential across 1 repositories and 1 files.,mbarbine__Scripts
shared-logic,@platphorm/logic,editablemultiselect,logic,business-logic,1,1,medium,business-logic classified as logic with reuse potential across 1 repositories and 1 files.,mbarbine__Scripts
shared-logic,@platphorm/logic,jstree-mixin,logic,business-logic,1,1,medium,business-logic classified as logic with reuse potential across 1 repositories and 1 files.,mbarbine__Scripts
shared-automation,@platphorm/automation,form,automation,ui-primitive,1,1,medium,ui-primitive classified as automation with reuse potential across 1 repositories and 1 files.,mbarbine__Scripts
shared-automation,@platphorm/automation,menu,automation,automation-config,1,1,medium,automation-config classified as automation with reuse potential across 1 repositories and 1 files.,mbarbine__Scripts
shared-logic,@platphorm/logic,composite,logic,business-logic,1,1,medium,business-logic classified as logic with reuse potential across 1 repositories and 1 files.,mbarbine__Scripts
shared-logic,@platphorm/logic,globals,logic,business-logic,1,1,medium,business-logic classified as logic with reuse potential across 1 repositories and 1 files.,mbarbine__Scripts
shared-logic,@platphorm/logic,backup,logic,business-logic,1,1,medium,business-logic classified as logic with reuse potential across 1 repositories and 1 files.,mbarbine__Scripts
shared-logic,@platphorm/logic,varien-loader,logic,business-logic,1,1,medium,business-logic classified as logic with reuse potential across 1 repositories and 1 files.,mbarbine__Scripts
shared-logic,@platphorm/logic,browser,logic,business-logic,1,1,medium,business-logic classified as logic with reuse potential across 1 repositories and 1 files.,mbarbine__Scripts
shared-logic,@platphorm/logic,widget,logic,business-logic,1,1,medium,business-logic classified as logic with reuse potential across 1 repositories and 1 files.,mbarbine__Scripts
shared-automation,@platphorm/automation,html5-schema,automation,automation-config,1,1,medium,automation-config classified as automation with reuse potential across 1 repositories and 1 files.,mbarbine__Scripts
shared-logic,@platphorm/logic,url,logic,schema-validation,1,1,medium,schema-validation classified as logic with reuse potential across 1 repositories and 1 files.,mbarbine__Scripts
shared-logic,@platphorm/logic,less-min,logic,business-logic,1,1,medium,business-logic classified as logic with reuse potential across 1 repositories and 1 files.,mbarbine__Scripts
shared-automation,@platphorm/automation,jquery-details,automation,automation-config,1,1,medium,automation-config classified as automation with reuse potential across 1 repositories and 1 files.,mbarbine__Scripts
shared-logic,@platphorm/logic,jquery-storageapi-min,logic,business-logic,1,1,medium,business-logic classified as logic with reuse potential across 1 repositories and 1 files.,mbarbine__Scripts
shared-logic,@platphorm/logic,jquery-hover-intent,logic,business-logic,1,1,medium,business-logic classified as logic with reuse potential across 1 repositories and 1 files.,mbarbine__Scripts
shared-logic,@platphorm/logic,jquery-tabs,logic,business-logic,1,1,medium,business-logic classified as logic with reuse potential across 1 repositories and 1 files.,mbarbine__Scripts
shared-automation,@platphorm/automation,jquery-migrate,automation,automation-config,1,1,medium,automation-config classified as automation with reuse potential across 1 repositories and 1 files.,mbarbine__Scripts
shared-logic,@platphorm/logic,jquery-ba-hashchange-min,logic,business-logic,1,1,medium,business-logic classified as logic with reuse potential across 1 repositories and 1 files.,mbarbine__Scripts
shared-logic,@platphorm/logic,jquery-parsequery,logic,parser,1,1,medium,parser classified as logic with reuse potential across 1 repositories and 1 files.,mbarbine__Scripts
shared-logic,@platphorm/logic,jquery-cookie,logic,business-logic,1,1,medium,business-logic classified as logic with reuse potential across 1 repositories and 1 files.,mbarbine__Scripts
shared-logic,@platphorm/logic,jquery-metadata,logic,business-logic,1,1,medium,business-logic classified as logic with reuse potential across 1 repositories and 1 files.,mbarbine__Scripts
shared-logic,@platphorm/logic,jquery-multiselect,logic,business-logic,1,1,medium,business-logic classified as logic with reuse potential across 1 repositories and 1 files.,mbarbine__Scripts
shared-logic,@platphorm/logic,jquery-editable,logic,business-logic,1,1,medium,business-logic classified as logic with reuse potential across 1 repositories and 1 files.,mbarbine__Scripts
shared-logic,@platphorm/logic,jquery-hotkeys,logic,business-logic,1,1,medium,business-logic classified as logic with reuse potential across 1 repositories and 1 files.,mbarbine__Scripts
shared-logic,@platphorm/logic,colorpicker,logic,business-logic,1,1,medium,business-logic classified as logic with reuse potential across 1 repositories and 1 files.,mbarbine__Scripts
shared-logic,@platphorm/logic,canvas-to-blob,logic,business-logic,1,1,medium,business-logic classified as logic with reuse potential across 1 repositories and 1 files.,mbarbine__Scripts
shared-logic,@platphorm/logic,jquery-fileupload-fp,logic,business-logic,1,1,medium,business-logic classified as logic with reuse potential across 1 repositories and 1 files.,mbarbine__Scripts
shared-logic,@platphorm/logic,jquery-fileupload-ui,logic,business-logic,1,1,medium,business-logic classified as logic with reuse potential across 1 repositories and 1 files.,mbarbine__Scripts
shared-logic,@platphorm/logic,load-image,logic,business-logic,1,1,medium,business-logic classified as logic with reuse potential across 1 repositories and 1 files.,mbarbine__Scripts
shared-logic,@platphorm/logic,jquery-iframe-transport,logic,business-logic,1,1,medium,business-logic classified as logic with reuse potential across 1 repositories and 1 files.,mbarbine__Scripts
shared-logic,@platphorm/logic,locale,logic,business-logic,1,1,medium,business-logic classified as logic with reuse potential across 1 repositories and 1 files.,mbarbine__Scripts
shared-logic,@platphorm/logic,jquery-xdr-transport,logic,business-logic,1,1,medium,business-logic classified as logic with reuse potential across 1 repositories and 1 files.,mbarbine__Scripts
shared-logic,@platphorm/logic,jquery-postmessage-transport,logic,business-logic,1,1,medium,business-logic classified as logic with reuse potential across 1 repositories and 1 files.,mbarbine__Scripts
shared-logic,@platphorm/logic,dom-ready,logic,business-logic,1,1,medium,business-logic classified as logic with reuse potential across 1 repositories and 1 files.,mbarbine__Scripts
shared-process,@platphorm/process,window-readme,process,process-document,1,1,medium,process-document classified as process with reuse potential across 1 repositories and 1 files.,mbarbine__Scripts
shared-automation,@platphorm/automation,prototype-amd,automation,automation-config,1,1,medium,automation-config classified as automation with reuse potential across 1 repositories and 1 files.,mbarbine__Scripts
shared-logic,@platphorm/logic,js,logic,business-logic,1,1,medium,business-logic classified as logic with reuse potential across 1 repositories and 1 files.,mbarbine__Scripts
shared-logic,@platphorm/logic,modernizr-details,logic,business-logic,1,1,medium,business-logic classified as logic with reuse potential across 1 repositories and 1 files.,mbarbine__Scripts
shared-logic,@platphorm/logic,modernizr-2-0-6,logic,business-logic,1,1,medium,business-logic classified as logic with reuse potential across 1 repositories and 1 files.,mbarbine__Scripts
shared-logic,@platphorm/logic,fotorama-min,logic,business-logic,1,1,medium,business-logic classified as logic with reuse potential across 1 repositories and 1 files.,mbarbine__Scripts
shared-automation,@platphorm/automation,ext-tree-checkbox,automation,automation-config,1,1,medium,automation-config classified as automation with reuse potential across 1 repositories and 1 files.,mbarbine__Scripts
shared-automation,@platphorm/automation,ext-tree,automation,automation-config,1,1,medium,automation-config classified as automation with reuse potential across 1 repositories and 1 files.,mbarbine__Scripts
shared-automation,@platphorm/automation,defaults,automation,automation-config,1,1,medium,automation-config classified as automation with reuse potential across 1 repositories and 1 files.,mbarbine__Scripts
shared-logic,@platphorm/logic,magnifier,logic,business-logic,1,1,medium,business-logic classified as logic with reuse potential across 1 repositories and 1 files.,mbarbine__Scripts
shared-logic,@platphorm/logic,ccard,logic,business-logic,1,1,medium,business-logic classified as logic with reuse potential across 1 repositories and 1 files.,mbarbine__Scripts
shared-automation,@platphorm/automation,builder,automation,automation-config,1,1,medium,automation-config classified as automation with reuse potential across 1 repositories and 1 files.,mbarbine__Scripts
shared-automation,@platphorm/automation,knockout-fast-foreach,automation,automation-config,1,1,medium,automation-config classified as automation with reuse potential across 1 repositories and 1 files.,mbarbine__Scripts
shared-logic,@platphorm/logic,knockout-repeat,logic,business-logic,1,1,medium,business-logic classified as logic with reuse potential across 1 repositories and 1 files.,mbarbine__Scripts
shared-logic,@platphorm/logic,knockout-es5,logic,business-logic,1,1,medium,business-logic classified as logic with reuse potential across 1 repositories and 1 files.,mbarbine__Scripts
shared-logic,@platphorm/logic,tiny-mce-dev,logic,business-logic,1,1,medium,business-logic classified as logic with reuse potential across 1 repositories and 1 files.,mbarbine__Scripts
shared-automation,@platphorm/automation,tiny-mce-prototype,automation,automation-config,1,1,medium,automation-config classified as automation with reuse potential across 1 repositories and 1 files.,mbarbine__Scripts
shared-logic,@platphorm/logic,tiny-mce-popup,logic,business-logic,1,1,medium,business-logic classified as logic with reuse potential across 1 repositories and 1 files.,mbarbine__Scripts
shared-automation,@platphorm/automation,tiny-mce,automation,automation-config,1,1,medium,automation-config classified as automation with reuse potential across 1 repositories and 1 files.,mbarbine__Scripts
shared-automation,@platphorm/automation,tiny-mce-jquery,automation,automation-config,1,1,medium,automation-config classified as automation with reuse potential across 1 repositories and 1 files.,mbarbine__Scripts
shared-logic,@platphorm/logic,editor-manager,logic,business-logic,1,1,medium,business-logic classified as logic with reuse potential across 1 repositories and 1 files.,mbarbine__Scripts
shared-logic,@platphorm/logic,popup,logic,business-logic,1,1,medium,business-logic classified as logic with reuse potential across 1 repositories and 1 files.,mbarbine__Scripts
shared-logic,@platphorm/logic,window-manager,logic,business-logic,1,1,medium,business-logic classified as logic with reuse potential across 1 repositories and 1 files.,mbarbine__Scripts
shared-logic,@platphorm/logic,control-manager,logic,business-logic,1,1,medium,business-logic classified as logic with reuse potential across 1 repositories and 1 files.,mbarbine__Scripts
shared-logic,@platphorm/logic,add-on-manager,logic,business-logic,1,1,medium,business-logic classified as logic with reuse potential across 1 repositories and 1 files.,mbarbine__Scripts
shared-logic,@platphorm/logic,undo-manager,logic,business-logic,1,1,medium,business-logic classified as logic with reuse potential across 1 repositories and 1 files.,mbarbine__Scripts
shared-logic,@platphorm/logic,force-blocks,logic,business-logic,1,1,medium,business-logic classified as logic with reuse potential across 1 repositories and 1 files.,mbarbine__Scripts
shared-logic,@platphorm/logic,editor-commands,logic,business-logic,1,1,medium,business-logic classified as logic with reuse potential across 1 repositories and 1 files.,mbarbine__Scripts
shared-logic,@platphorm/logic,legacy-input,logic,business-logic,1,1,medium,business-logic classified as logic with reuse potential across 1 repositories and 1 files.,mbarbine__Scripts
shared-logic,@platphorm/logic,control,logic,ui-primitive,1,1,medium,ui-primitive classified as logic with reuse potential across 1 repositories and 1 files.,mbarbine__Scripts
shared-logic,@platphorm/logic,split-button,logic,ui-primitive,1,1,medium,ui-primitive classified as logic with reuse potential across 1 repositories and 1 files.,mbarbine__Scripts
shared-logic,@platphorm/logic,drop-menu,logic,ui-primitive,1,1,medium,ui-primitive classified as logic with reuse potential across 1 repositories and 1 files.,mbarbine__Scripts
shared-logic,@platphorm/logic,separator,logic,ui-primitive,1,1,medium,ui-primitive classified as logic with reuse potential across 1 repositories and 1 files.,mbarbine__Scripts
shared-logic,@platphorm/logic,native-list-box,logic,ui-primitive,1,1,medium,ui-primitive classified as logic with reuse potential across 1 repositories and 1 files.,mbarbine__Scripts
shared-logic,@platphorm/logic,color-split-button,logic,ui-primitive,1,1,medium,ui-primitive classified as logic with reuse potential across 1 repositories and 1 files.,mbarbine__Scripts
shared-logic,@platphorm/logic,menu-button,logic,ui-primitive,1,1,medium,ui-primitive classified as logic with reuse potential across 1 repositories and 1 files.,mbarbine__Scripts
shared-automation,@platphorm/automation,keyboard-navigation,automation,ui-primitive,1,1,medium,ui-primitive classified as automation with reuse potential across 1 repositories and 1 files.,mbarbine__Scripts
shared-logic,@platphorm/logic,list-box,logic,ui-primitive,1,1,medium,ui-primitive classified as logic with reuse potential across 1 repositories and 1 files.,mbarbine__Scripts
shared-logic,@platphorm/logic,menu-item,logic,ui-primitive,1,1,medium,ui-primitive classified as logic with reuse potential across 1 repositories and 1 files.,mbarbine__Scripts
shared-logic,@platphorm/logic,button,logic,ui-primitive,1,1,medium,ui-primitive classified as logic with reuse potential across 1 repositories and 1 files.,mbarbine__Scripts
shared-logic,@platphorm/logic,toolbar,logic,ui-primitive,1,1,medium,ui-primitive classified as logic with reuse potential across 1 repositories and 1 files.,mbarbine__Scripts
shared-logic,@platphorm/logic,menu,logic,ui-primitive,1,1,medium,ui-primitive classified as logic with reuse potential across 1 repositories and 1 files.,mbarbine__Scripts
shared-logic,@platphorm/logic,container,logic,ui-primitive,1,1,medium,ui-primitive classified as logic with reuse potential across 1 repositories and 1 files.,mbarbine__Scripts
shared-logic,@platphorm/logic,toolbar-group,logic,ui-primitive,1,1,medium,ui-primitive classified as logic with reuse potential across 1 repositories and 1 files.,mbarbine__Scripts
shared-logic,@platphorm/logic,quirks,logic,business-logic,1,1,medium,business-logic classified as logic with reuse potential across 1 repositories and 1 files.,mbarbine__Scripts
shared-logic,@platphorm/logic,jsonrequest,logic,business-logic,1,1,medium,business-logic classified as logic with reuse potential across 1 repositories and 1 files.,mbarbine__Scripts
shared-logic,@platphorm/logic,json,logic,business-logic,1,1,medium,business-logic classified as logic with reuse potential across 1 repositories and 1 files.,mbarbine__Scripts
shared-automation,@platphorm/automation,xhr,automation,automation-config,1,1,medium,automation-config classified as automation with reuse potential across 1 repositories and 1 files.,mbarbine__Scripts
shared-logic,@platphorm/logic,jsonp,logic,business-logic,1,1,medium,business-logic classified as logic with reuse potential across 1 repositories and 1 files.,mbarbine__Scripts
shared-logic,@platphorm/logic,cookie,logic,business-logic,1,1,medium,business-logic classified as logic with reuse potential across 1 repositories and 1 files.,mbarbine__Scripts
shared-logic,@platphorm/logic,uri,logic,business-logic,1,1,medium,business-logic classified as logic with reuse potential across 1 repositories and 1 files.,mbarbine__Scripts
shared-logic,@platphorm/logic,sax-parser,logic,parser,1,1,medium,parser classified as logic with reuse potential across 1 repositories and 1 files.,mbarbine__Scripts
shared-automation,@platphorm/automation,dom-parser,automation,automation-config,1,1,medium,automation-config classified as automation with reuse potential across 1 repositories and 1 files.,mbarbine__Scripts
shared-automation,@platphorm/automation,entities,automation,automation-config,1,1,medium,automation-config classified as automation with reuse potential across 1 repositories and 1 files.,mbarbine__Scripts
shared-logic,@platphorm/logic,node,logic,business-logic,1,1,medium,business-logic classified as logic with reuse potential across 1 repositories and 1 files.,mbarbine__Scripts
shared-automation,@platphorm/automation,schema,automation,automation-config,1,1,medium,automation-config classified as automation with reuse potential across 1 repositories and 1 files.,mbarbine__Scripts
shared-logic,@platphorm/logic,writer,logic,business-logic,1,1,medium,business-logic classified as logic with reuse potential across 1 repositories and 1 files.,mbarbine__Scripts
shared-logic,@platphorm/logic,styles,logic,business-logic,1,1,medium,business-logic classified as logic with reuse potential across 1 repositories and 1 files.,mbarbine__Scripts
shared-logic,@platphorm/logic,range,logic,business-logic,1,1,medium,business-logic classified as logic with reuse potential across 1 repositories and 1 files.,mbarbine__Scripts
shared-logic,@platphorm/logic,event-utils,logic,utility,1,1,medium,utility classified as logic with reuse potential across 1 repositories and 1 files.,mbarbine__Scripts
shared-automation,@platphorm/automation,element,automation,automation-config,1,1,medium,automation-config classified as automation with reuse potential across 1 repositories and 1 files.,mbarbine__Scripts
shared-logic,@platphorm/logic,tree-walker,logic,business-logic,1,1,medium,business-logic classified as logic with reuse potential across 1 repositories and 1 files.,mbarbine__Scripts
shared-logic,@platphorm/logic,range-utils,logic,utility,1,1,medium,utility classified as logic with reuse potential across 1 repositories and 1 files.,mbarbine__Scripts
shared-logic,@platphorm/logic,script-loader,logic,business-logic,1,1,medium,business-logic classified as logic with reuse potential across 1 repositories and 1 files.,mbarbine__Scripts
shared-logic,@platphorm/logic,trident-selection,logic,business-logic,1,1,medium,business-logic classified as logic with reuse potential across 1 repositories and 1 files.,mbarbine__Scripts
shared-logic,@platphorm/logic,props,logic,business-logic,1,1,medium,business-logic classified as logic with reuse potential across 1 repositories and 1 files.,mbarbine__Scripts
shared-automation,@platphorm/automation,editor-plugin,automation,automation-config,1,1,medium,automation-config classified as automation with reuse potential across 1 repositories and 1 files.,mbarbine__Scripts
shared-logic,@platphorm/logic,element-common,logic,business-logic,1,1,medium,business-logic classified as logic with reuse potential across 1 repositories and 1 files.,mbarbine__Scripts
shared-automation,@platphorm/automation,acronym,automation,scheduled-job,1,1,medium,scheduled-job classified as automation with reuse potential across 1 repositories and 1 files.,mbarbine__Scripts
shared-logic,@platphorm/logic,cell,logic,business-logic,1,1,medium,business-logic classified as logic with reuse potential across 1 repositories and 1 files.,mbarbine__Scripts
shared-logic,@platphorm/logic,row,logic,business-logic,1,1,medium,business-logic classified as logic with reuse potential across 1 repositories and 1 files.,mbarbine__Scripts
shared-logic,@platphorm/logic,table,logic,ui-primitive,1,1,medium,ui-primitive classified as logic with reuse potential across 1 repositories and 1 files.,mbarbine__Scripts
shared-logic,@platphorm/logic,fullpage,logic,business-logic,1,1,medium,business-logic classified as logic with reuse potential across 1 repositories and 1 files.,mbarbine__Scripts
shared-logic,@platphorm/logic,advlink,logic,business-logic,1,1,medium,business-logic classified as logic with reuse potential across 1 repositories and 1 files.,mbarbine__Scripts
shared-logic,@platphorm/logic,media,logic,business-logic,1,1,medium,business-logic classified as logic with reuse potential across 1 repositories and 1 files.,mbarbine__Scripts
shared-logic,@platphorm/logic,rule,logic,business-logic,1,1,medium,business-logic classified as logic with reuse potential across 1 repositories and 1 files.,mbarbine__Scripts
shared-logic,@platphorm/logic,editable-selects,logic,utility,1,1,medium,utility classified as logic with reuse potential across 1 repositories and 1 files.,mbarbine__Scripts
shared-logic,@platphorm/logic,mctabs,logic,utility,1,1,medium,utility classified as logic with reuse potential across 1 repositories and 1 files.,mbarbine__Scripts
shared-logic,@platphorm/logic,form-utils,logic,utility,1,1,medium,utility classified as logic with reuse potential across 1 repositories and 1 files.,mbarbine__Scripts
shared-logic,@platphorm/logic,validate,logic,utility,1,1,medium,utility classified as logic with reuse potential across 1 repositories and 1 files.,mbarbine__Scripts
shared-logic,@platphorm/logic,editor-template,logic,business-logic,1,1,medium,business-logic classified as logic with reuse potential across 1 repositories and 1 files.,mbarbine__Scripts
shared-automation,@platphorm/automation,source-editor,automation,automation-config,1,1,medium,automation-config classified as automation with reuse potential across 1 repositories and 1 files.,mbarbine__Scripts
shared-automation,@platphorm/automation,charmap,automation,automation-config,1,1,medium,automation-config classified as automation with reuse potential across 1 repositories and 1 files.,mbarbine__Scripts
shared-logic,@platphorm/logic,color-picker,logic,business-logic,1,1,medium,business-logic classified as logic with reuse potential across 1 repositories and 1 files.,mbarbine__Scripts
shared-logic,@platphorm/logic,editor-template-src,logic,business-logic,1,1,medium,business-logic classified as logic with reuse potential across 1 repositories and 1 files.,mbarbine__Scripts
shared-process,@platphorm/process,readme-tex,process,process-document,1,1,medium,process-document classified as process with reuse potential across 1 repositories and 1 files.,mbarbine__Scripts
shared-process,@platphorm/process,licence,process,process-document,1,1,medium,process-document classified as process with reuse potential across 1 repositories and 1 files.,mbarbine__Scripts
shared-process,@platphorm/process,gpl,process,process-document,1,1,medium,process-document classified as process with reuse potential across 1 repositories and 1 files.,mbarbine__Scripts
shared-logic,@platphorm/logic,ofl,logic,business-logic,1,1,medium,business-logic classified as logic with reuse potential across 1 repositories and 1 files.,mbarbine__Scripts
shared-automation,@platphorm/automation,dynamic-return-type-meta,automation,automation-config,1,1,medium,automation-config classified as automation with reuse potential across 1 repositories and 1 files.,mbarbine__Scripts
shared-automation,@platphorm/automation,phpcs-precommit-hook,automation,script,1,1,medium,script classified as automation with reuse potential across 1 repositories and 1 files.,mbarbine__Scripts
shared-automation,@platphorm/automation,black-list-generator,automation,automation-config,1,1,medium,automation-config classified as automation with reuse potential across 1 repositories and 1 files.,mbarbine__Scripts
shared-automation,@platphorm/automation,clean-black-list,automation,automation-config,1,1,medium,automation-config classified as automation with reuse potential across 1 repositories and 1 files.,mbarbine__Scripts
shared-process,@platphorm/process,deploy,process,process-document,1,1,medium,process-document classified as process with reuse potential across 1 repositories and 1 files.,mbarbine__Scripts
shared-automation,@platphorm/automation,static,automation,automation-config,1,1,medium,automation-config classified as automation with reuse potential across 1 repositories and 1 files.,mbarbine__Scripts
shared-logic,@platphorm/logic,collect-validation-files,logic,schema-validation,1,1,medium,schema-validation classified as logic with reuse potential across 1 repositories and 1 files.,mbarbine__Scripts
shared-automation,@platphorm/automation,mage-minify,automation,automation-config,1,1,medium,automation-config classified as automation with reuse potential across 1 repositories and 1 files.,mbarbine__Scripts
shared-automation,@platphorm/automation,exec,automation,automation-config,1,1,medium,automation-config classified as automation with reuse potential across 1 repositories and 1 files.,mbarbine__Scripts
shared-automation,@platphorm/automation,eslint,automation,automation-config,1,1,medium,automation-config classified as automation with reuse potential across 1 repositories and 1 files.,mbarbine__Scripts
shared-automation,@platphorm/automation,concat,automation,automation-config,1,1,medium,automation-config classified as automation with reuse potential across 1 repositories and 1 files.,mbarbine__Scripts
shared-automation,@platphorm/automation,themes,automation,automation-config,1,1,medium,automation-config classified as automation with reuse potential across 1 repositories and 1 files.,mbarbine__Scripts
shared-automation,@platphorm/automation,jscs,automation,automation-config,1,1,medium,automation-config classified as automation with reuse potential across 1 repositories and 1 files.,mbarbine__Scripts
shared-automation,@platphorm/automation,usebanner,automation,automation-config,1,1,medium,automation-config classified as automation with reuse potential across 1 repositories and 1 files.,mbarbine__Scripts
shared-automation,@platphorm/automation,autoprefixer,automation,automation-config,1,1,medium,automation-config classified as automation with reuse potential across 1 repositories and 1 files.,mbarbine__Scripts
shared-automation,@platphorm/automation,less,automation,automation-config,1,1,medium,automation-config classified as automation with reuse potential across 1 repositories and 1 files.,mbarbine__Scripts
shared-automation,@platphorm/automation,cssmin,automation,automation-config,1,1,medium,automation-config classified as automation with reuse potential across 1 repositories and 1 files.,mbarbine__Scripts
shared-automation,@platphorm/automation,combo,automation,automation-config,1,1,medium,automation-config classified as automation with reuse potential across 1 repositories and 1 files.,mbarbine__Scripts
shared-automation,@platphorm/automation,watch,automation,automation-config,1,1,medium,automation-config classified as automation with reuse potential across 1 repositories and 1 files.,mbarbine__Scripts
shared-automation,@platphorm/automation,replace,automation,automation-config,1,1,medium,automation-config classified as automation with reuse potential across 1 repositories and 1 files.,mbarbine__Scripts
shared-automation,@platphorm/automation,path,automation,automation-config,1,1,medium,automation-config classified as automation with reuse potential across 1 repositories and 1 files.,mbarbine__Scripts
shared-automation,@platphorm/automation,imagemin,automation,automation-config,1,1,medium,automation-config classified as automation with reuse potential across 1 repositories and 1 files.,mbarbine__Scripts
shared-automation,@platphorm/automation,styledocco,automation,automation-config,1,1,medium,automation-config classified as automation with reuse potential across 1 repositories and 1 files.,mbarbine__Scripts
shared-automation,@platphorm/automation,requirejs-util,automation,automation-config,1,1,medium,automation-config classified as automation with reuse potential across 1 repositories and 1 files.,mbarbine__Scripts
shared-automation,@platphorm/automation,mage-test,automation,automation-config,1,1,medium,automation-config classified as automation with reuse potential across 1 repositories and 1 files.,mbarbine__Scripts
shared-automation,@platphorm/automation,decorate-test,automation,automation-config,1,1,medium,automation-config classified as automation with reuse potential across 1 repositories and 1 files.,mbarbine__Scripts
shared-automation,@platphorm/automation,tree-suggest-test,automation,automation-config,1,1,medium,automation-config classified as automation with reuse potential across 1 repositories and 1 files.,mbarbine__Scripts
shared-automation,@platphorm/automation,tabs-test,automation,automation-config,1,1,medium,automation-config classified as automation with reuse potential across 1 repositories and 1 files.,mbarbine__Scripts
shared-automation,@platphorm/automation,test,automation,automation-config,1,1,medium,automation-config classified as automation with reuse potential across 1 repositories and 1 files.,mbarbine__Scripts
shared-automation,@platphorm/automation,button-test,automation,automation-config,1,1,medium,automation-config classified as automation with reuse potential across 1 repositories and 1 files.,mbarbine__Scripts
shared-automation,@platphorm/automation,jquery-loader-test,automation,automation-config,1,1,medium,automation-config classified as automation with reuse potential across 1 repositories and 1 files.,mbarbine__Scripts
shared-automation,@platphorm/automation,loader-test,automation,automation-config,1,1,medium,automation-config classified as automation with reuse potential across 1 repositories and 1 files.,mbarbine__Scripts
shared-automation,@platphorm/automation,zoom-test,automation,automation-config,1,1,medium,automation-config classified as automation with reuse potential across 1 repositories and 1 files.,mbarbine__Scripts
shared-automation,@platphorm/automation,translate-inline-vde-test,automation,automation-config,1,1,medium,automation-config classified as automation with reuse potential across 1 repositories and 1 files.,mbarbine__Scripts
shared-automation,@platphorm/automation,edit-trigger-test,automation,automation-config,1,1,medium,automation-config classified as automation with reuse potential across 1 repositories and 1 files.,mbarbine__Scripts
shared-logic,@platphorm/logic,test-validation,logic,schema-validation,1,1,medium,schema-validation classified as logic with reuse potential across 1 repositories and 1 files.,mbarbine__Scripts
shared-logic,@platphorm/logic,events,logic,ui-primitive,1,1,medium,ui-primitive classified as logic with reuse potential across 1 repositories and 1 files.,mbarbine__Scripts
shared-ai,@platphorm/ai,prompt,ai,ui-primitive,1,1,medium,ui-primitive classified as ai with reuse potential across 1 repositories and 1 files.,mbarbine__Scripts
shared-automation,@platphorm/automation,msrp,automation,automation-config,1,1,medium,automation-config classified as automation with reuse potential across 1 repositories and 1 files.,mbarbine__Scripts
shared-automation,@platphorm/automation,template,automation,automation-config,1,1,medium,automation-config classified as automation with reuse potential across 1 repositories and 1 files.,mbarbine__Scripts
shared-logic,@platphorm/logic,apply,logic,business-logic,1,1,medium,business-logic classified as logic with reuse potential across 1 repositories and 1 files.,mbarbine__Scripts
shared-automation,@platphorm/automation,static-jsbuild,automation,automation-config,1,1,medium,automation-config classified as automation with reuse potential across 1 repositories and 1 files.,mbarbine__Scripts
shared-logic,@platphorm/logic,statistician,logic,business-logic,1,1,medium,business-logic classified as logic with reuse potential across 1 repositories and 1 files.,mbarbine__Scripts
shared-automation,@platphorm/automation,static-text,automation,automation-config,1,1,medium,automation-config classified as automation with reuse potential across 1 repositories and 1 files.,mbarbine__Scripts
shared-process,@platphorm/process,index,process,specification,1,1,medium,specification classified as process with reuse potential across 1 repositories and 1 files.,mbarbine__Scripts
shared-process,@platphorm/process,connect,process,specification,1,1,medium,specification classified as process with reuse potential across 1 repositories and 1 files.,mbarbine__Scripts
shared-automation,@platphorm/automation,jasmine,automation,automation-config,1,1,medium,automation-config classified as automation with reuse potential across 1 repositories and 1 files.,mbarbine__Scripts
shared-automation,@platphorm/automation,tools,automation,automation-config,1,1,medium,automation-config classified as automation with reuse potential across 1 repositories and 1 files.,mbarbine__Scripts
shared-automation,@platphorm/automation,fn,automation,automation-config,1,1,medium,automation-config classified as automation with reuse potential across 1 repositories and 1 files.,mbarbine__Scripts
shared-automation,@platphorm/automation,local,automation,automation-config,1,1,medium,automation-config classified as automation with reuse potential across 1 repositories and 1 files.,mbarbine__Scripts
shared-automation,@platphorm/automation,external,automation,automation-config,1,1,medium,automation-config classified as automation with reuse potential across 1 repositories and 1 files.,mbarbine__Scripts
shared-ai,@platphorm/ai,some-file,ai,agent,1,1,medium,agent classified as ai with reuse potential across 1 repositories and 1 files.,mbarbine__Scripts
shared-process,@platphorm/process,paths-one,process,process-document,1,1,medium,process-document classified as process with reuse potential across 1 repositories and 1 files.,mbarbine__Scripts
shared-process,@platphorm/process,paths-two,process,process-document,1,1,medium,process-document classified as process with reuse potential across 1 repositories and 1 files.,mbarbine__Scripts
shared-process,@platphorm/process,file-three,process,process-document,1,1,medium,process-document classified as process with reuse potential across 1 repositories and 1 files.,mbarbine__Scripts
shared-process,@platphorm/process,file-two,process,process-document,1,1,medium,process-document classified as process with reuse potential across 1 repositories and 1 files.,mbarbine__Scripts
shared-process,@platphorm/process,file-one,process,process-document,1,1,medium,process-document classified as process with reuse potential across 1 repositories and 1 files.,mbarbine__Scripts
shared-ai,@platphorm/ai,robots,ai,agent,1,1,medium,agent classified as ai with reuse potential across 1 repositories and 1 files.,mbarbine__Scripts
shared-automation,@platphorm/automation,composer4,automation,automation-config,1,1,medium,automation-config classified as automation with reuse potential across 1 repositories and 1 files.,mbarbine__Scripts
shared-automation,@platphorm/automation,composer5,automation,automation-config,1,1,medium,automation-config classified as automation with reuse potential across 1 repositories and 1 files.,mbarbine__Scripts
shared-automation,@platphorm/automation,composer2,automation,automation-config,1,1,medium,automation-config classified as automation with reuse potential across 1 repositories and 1 files.,mbarbine__Scripts
shared-automation,@platphorm/automation,composer3,automation,automation-config,1,1,medium,automation-config classified as automation with reuse potential across 1 repositories and 1 files.,mbarbine__Scripts
shared-automation,@platphorm/automation,composer1,automation,automation-config,1,1,medium,automation-config classified as automation with reuse potential across 1 repositories and 1 files.,mbarbine__Scripts
shared-process,@platphorm/process,methods-code-php,process,process-document,1,1,medium,process-document classified as process with reuse potential across 1 repositories and 1 files.,mbarbine__Scripts
shared-automation,@platphorm/automation,js-phrases-for-test,automation,automation-config,1,1,medium,automation-config classified as automation with reuse potential across 1 repositories and 1 files.,mbarbine__Scripts
shared-ai,@platphorm/ai,composer,ai,agent,1,1,medium,agent classified as ai with reuse potential across 1 repositories and 1 files.,mbarbine__Scripts
shared-ai,@platphorm/ai,b,ai,agent,1,1,medium,agent classified as ai with reuse potential across 1 repositories and 1 files.,mbarbine__Scripts
shared-ai,@platphorm/ai,a,ai,agent,1,1,medium,agent classified as ai with reuse potential across 1 repositories and 1 files.,mbarbine__Scripts
shared-process,@platphorm/process,test,process,process-document,1,1,medium,process-document classified as process with reuse potential across 1 repositories and 1 files.,mbarbine__Scripts
shared-process,@platphorm/process,sample,process,process-document,1,1,medium,process-document classified as process with reuse potential across 1 repositories and 1 files.,mbarbine__Scripts
shared-ai,@platphorm/ai,tabs,ai,ui-primitive,1,1,medium,ui-primitive classified as ai with reuse potential across 1 repositories and 1 files.,mbarbine__Scripts
shared-ai,@platphorm/ai,theme-file-with-2-dots,ai,agent,1,1,medium,agent classified as ai with reuse potential across 1 repositories and 1 files.,mbarbine__Scripts
shared-ai,@platphorm/ai,theme-file,ai,agent,1,1,medium,agent classified as ai with reuse potential across 1 repositories and 1 files.,mbarbine__Scripts
shared-ai,@platphorm/ai,scripts,ai,agent,1,1,medium,agent classified as ai with reuse potential across 1 repositories and 1 files.,mbarbine__Scripts
shared-ai,@platphorm/ai,fixture-script,ai,agent,1,1,medium,agent classified as ai with reuse potential across 1 repositories and 1 files.,mbarbine__Scripts
shared-process,@platphorm/process,old,process,process-document,1,1,medium,process-document classified as process with reuse potential across 1 repositories and 1 files.,mbarbine__Scripts
shared-process,@platphorm/process,magento,process,process-document,1,1,medium,process-document classified as process with reuse potential across 1 repositories and 1 files.,mbarbine__Scripts
shared-process,@platphorm/process,blacklist-ce,process,process-document,1,1,medium,process-document classified as process with reuse potential across 1 repositories and 1 files.,mbarbine__Scripts
shared-process,@platphorm/process,blacklist,process,process-document,1,1,medium,process-document classified as process with reuse potential across 1 repositories and 1 files.,mbarbine__Scripts
shared-process,@platphorm/process,scan-list,process,process-document,1,1,medium,process-document classified as process with reuse potential across 1 repositories and 1 files.,mbarbine__Scripts
shared-process,@platphorm/process,ce,process,process-document,1,1,medium,process-document classified as process with reuse potential across 1 repositories and 1 files.,mbarbine__Scripts
shared-process,@platphorm/process,reference,process,process-document,1,1,medium,process-document classified as process with reuse potential across 1 repositories and 1 files.,mbarbine__Scripts
shared-process,@platphorm/process,exception-hierarchy,process,process-document,1,1,medium,process-document classified as process with reuse potential across 1 repositories and 1 files.,mbarbine__Scripts
shared-automation,@platphorm/automation,before-install,automation,script,1,1,medium,script classified as automation with reuse potential across 1 repositories and 1 files.,mbarbine__Scripts
shared-automation,@platphorm/automation,before-script,automation,script,1,1,medium,script classified as automation with reuse potential across 1 repositories and 1 files.,mbarbine__Scripts
shared-automation,@platphorm/automation,evil-ports1,automation,script,1,1,medium,script classified as automation with reuse potential across 1 repositories and 1 files.,mbarbine__Scripts
shared-automation,@platphorm/automation,get-ad-schema-ver,automation,script,1,1,medium,script classified as automation with reuse potential across 1 repositories and 1 files.,mbarbine__Scripts
shared-automation,@platphorm/automation,provision-log-buckets,automation,script,1,1,medium,script classified as automation with reuse potential across 1 repositories and 1 files.,mbarbine__Scripts
shared-automation,@platphorm/automation,reverse-ssh-tunnel,automation,script,1,1,medium,script classified as automation with reuse potential across 1 repositories and 1 files.,mbarbine__Scripts
shared-automation,@platphorm/automation,deploy-lambda-role,automation,script,1,1,medium,script classified as automation with reuse potential across 1 repositories and 1 files.,mbarbine__Scripts
shared-automation,@platphorm/automation,create-lambda-code-s3-bucket,automation,script,1,1,medium,script classified as automation with reuse potential across 1 repositories and 1 files.,mbarbine__Scripts
shared-automation,@platphorm/automation,multisheet-excel-to-multi-csv,automation,script,1,1,medium,script classified as automation with reuse potential across 1 repositories and 1 files.,mbarbine__Scripts
shared-automation,@platphorm/automation,create-event-source,automation,script,1,1,medium,script classified as automation with reuse potential across 1 repositories and 1 files.,mbarbine__Scripts
shared-automation,@platphorm/automation,monitor-adgroup-member-ship,automation,script,1,1,medium,script classified as automation with reuse potential across 1 repositories and 1 files.,mbarbine__Scripts
shared-automation,@platphorm/automation,ad-new-user,automation,script,1,1,medium,script classified as automation with reuse potential across 1 repositories and 1 files.,mbarbine__Scripts
shared-automation,@platphorm/automation,evil-port2,automation,script,1,1,medium,script classified as automation with reuse potential across 1 repositories and 1 files.,mbarbine__Scripts
shared-automation,@platphorm/automation,vm-resource-interrogator,automation,script,1,1,medium,script classified as automation with reuse potential across 1 repositories and 1 files.,mbarbine__Scripts
shared-automation,@platphorm/automation,export-ntune-data,automation,script,1,1,medium,script classified as automation with reuse potential across 1 repositories and 1 files.,mbarbine__Scripts
shared-automation,@platphorm/automation,deploy-lambda-function,automation,script,1,1,medium,script classified as automation with reuse potential across 1 repositories and 1 files.,mbarbine__Scripts
shared-automation,@platphorm/automation,ad-bulk-add-new,automation,script,1,1,medium,script classified as automation with reuse potential across 1 repositories and 1 files.,mbarbine__Scripts
shared-automation,@platphorm/automation,file-compare,automation,script,1,1,medium,script classified as automation with reuse potential across 1 repositories and 1 files.,mbarbine__Scripts
shared-automation,@platphorm/automation,new-compare,automation,script,1,1,medium,script classified as automation with reuse potential across 1 repositories and 1 files.,mbarbine__Scripts
shared-automation,@platphorm/automation,ad-module,automation,script,1,1,medium,script classified as automation with reuse potential across 1 repositories and 1 files.,mbarbine__Scripts
shared-automation,@platphorm/automation,test-ou-add,automation,script,1,1,medium,script classified as automation with reuse potential across 1 repositories and 1 files.,mbarbine__Scripts
shared-automation,@platphorm/automation,ad-add-delim,automation,script,1,1,medium,script classified as automation with reuse potential across 1 repositories and 1 files.,mbarbine__Scripts
shared-automation,@platphorm/automation,aws-post,automation,script,1,1,medium,script classified as automation with reuse potential across 1 repositories and 1 files.,mbarbine__Scripts
shared-automation,@platphorm/automation,test2,automation,script,1,1,medium,script classified as automation with reuse potential across 1 repositories and 1 files.,mbarbine__Scripts
shared-automation,@platphorm/automation,test3,automation,script,1,1,medium,script classified as automation with reuse potential across 1 repositories and 1 files.,mbarbine__Scripts
shared-automation,@platphorm/automation,testql,automation,script,1,1,medium,script classified as automation with reuse potential across 1 repositories and 1 files.,mbarbine__Scripts
shared-automation,@platphorm/automation,backup-db-all,automation,script,1,1,medium,script classified as automation with reuse potential across 1 repositories and 1 files.,mbarbine__Scripts
shared-automation,@platphorm/automation,test4,automation,script,1,1,medium,script classified as automation with reuse potential across 1 repositories and 1 files.,mbarbine__Scripts
shared-automation,@platphorm/automation,test5,automation,script,1,1,medium,script classified as automation with reuse potential across 1 repositories and 1 files.,mbarbine__Scripts
shared-automation,@platphorm/automation,test1,automation,script,1,1,medium,script classified as automation with reuse potential across 1 repositories and 1 files.,mbarbine__Scripts
shared-automation,@platphorm/automation,push2cd,automation,script,1,1,medium,script classified as automation with reuse potential across 1 repositories and 1 files.,mbarbine__Scripts
shared-automation,@platphorm/automation,validate-site,automation,script,1,1,medium,script classified as automation with reuse potential across 1 repositories and 1 files.,mbarbine__Scripts
shared-automation,@platphorm/automation,example-config,automation,script,1,1,medium,script classified as automation with reuse potential across 1 repositories and 1 files.,mbarbine__Scripts
shared-automation,@platphorm/automation,stop-site,automation,script,1,1,medium,script classified as automation with reuse potential across 1 repositories and 1 files.,mbarbine__Scripts
shared-automation,@platphorm/automation,start-site,automation,script,1,1,medium,script classified as automation with reuse potential across 1 repositories and 1 files.,mbarbine__Scripts
shared-automation,@platphorm/automation,update-elb-ssl-neg-policies,automation,script,1,1,medium,script classified as automation with reuse potential across 1 repositories and 1 files.,mbarbine__Scripts
shared-automation,@platphorm/automation,vagrant-setup,automation,script,1,1,medium,script classified as automation with reuse potential across 1 repositories and 1 files.,mbarbine__Scripts
shared-automation,@platphorm/automation,backup-ami,automation,automation-config,1,1,medium,automation-config classified as automation with reuse potential across 1 repositories and 1 files.,mbarbine__Scripts
shared-automation,@platphorm/automation,aws-security-group-details,automation,script,1,1,medium,script classified as automation with reuse potential across 1 repositories and 1 files.,mbarbine__Scripts
shared-automation,@platphorm/automation,start-httpd,automation,script,1,1,medium,script classified as automation with reuse potential across 1 repositories and 1 files.,mbarbine__Scripts
shared-automation,@platphorm/automation,appspec,automation,automation-config,1,1,medium,automation-config classified as automation with reuse potential across 1 repositories and 1 files.,mbarbine__Scripts
shared-automation,@platphorm/automation,common-functions,automation,script,1,1,medium,script classified as automation with reuse potential across 1 repositories and 1 files.,mbarbine__Scripts
shared-automation,@platphorm/automation,deregister-from-elb,automation,script,1,1,medium,script classified as automation with reuse potential across 1 repositories and 1 files.,mbarbine__Scripts
shared-automation,@platphorm/automation,stop-httpd,automation,script,1,1,medium,script classified as automation with reuse potential across 1 repositories and 1 files.,mbarbine__Scripts
shared-automation,@platphorm/automation,register-with-elb,automation,script,1,1,medium,script classified as automation with reuse potential across 1 repositories and 1 files.,mbarbine__Scripts
shared-automation,@platphorm/automation,jenkins-ec2-up,automation,script,1,1,medium,script classified as automation with reuse potential across 1 repositories and 1 files.,mbarbine__Scripts
shared-automation,@platphorm/automation,jenkins-provision,automation,script,1,1,medium,script classified as automation with reuse potential across 1 repositories and 1 files.,mbarbine__Scripts
shared-automation,@platphorm/automation,all,automation,automation-config,1,1,medium,automation-config classified as automation with reuse potential across 1 repositories and 1 files.,mbarbine__Scripts
shared-automation,@platphorm/automation,copy-configs,automation,script,1,1,medium,script classified as automation with reuse potential across 1 repositories and 1 files.,mbarbine__Scripts
shared-automation,@platphorm/automation,enable-advanced-firewall,automation,script,1,1,medium,script classified as automation with reuse potential across 1 repositories and 1 files.,mbarbine__Scripts
shared-automation,@platphorm/automation,centos-7,automation,script,1,1,medium,script classified as automation with reuse potential across 1 repositories and 1 files.,mbarbine__Scripts
shared-automation,@platphorm/automation,disable-advanced-firewall,automation,script,1,1,medium,script classified as automation with reuse potential across 1 repositories and 1 files.,mbarbine__Scripts
shared-automation,@platphorm/automation,configure-secure-auth-packet-firewall,automation,script,1,1,medium,script classified as automation with reuse potential across 1 repositories and 1 files.,mbarbine__Scripts
shared-automation,@platphorm/automation,disable-dhcp-traffic,automation,script,1,1,medium,script classified as automation with reuse potential across 1 repositories and 1 files.,mbarbine__Scripts
shared-automation,@platphorm/automation,enable-secure-auth-ftp,automation,script,1,1,medium,script classified as automation with reuse potential across 1 repositories and 1 files.,mbarbine__Scripts
shared-automation,@platphorm/automation,disable-secure-auth-ftp,automation,script,1,1,medium,script classified as automation with reuse potential across 1 repositories and 1 files.,mbarbine__Scripts
shared-automation,@platphorm/automation,buildmodsecnginx,automation,script,1,1,medium,script classified as automation with reuse potential across 1 repositories and 1 files.,mbarbine__Scripts
shared-automation,@platphorm/automation,secure-auth-packet-firewall,automation,script,1,1,medium,script classified as automation with reuse potential across 1 repositories and 1 files.,mbarbine__Scripts
shared-automation,@platphorm/automation,prepare-secure-auth-default-rules,automation,script,1,1,medium,script classified as automation with reuse potential across 1 repositories and 1 files.,mbarbine__Scripts
shared-automation,@platphorm/automation,enable-dhcp-traffic,automation,script,1,1,medium,script classified as automation with reuse potential across 1 repositories and 1 files.,mbarbine__Scripts
shared-automation,@platphorm/automation,msiexec,automation,script,1,1,medium,script classified as automation with reuse potential across 1 repositories and 1 files.,mbarbine__Scripts
shared-automation,@platphorm/automation,create-win-service,automation,script,1,1,medium,script classified as automation with reuse potential across 1 repositories and 1 files.,mbarbine__Scripts
shared-process,@platphorm/process,commands,process,process-document,1,1,medium,process-document classified as process with reuse potential across 1 repositories and 1 files.,mbarbine__Scripts
shared-automation,@platphorm/automation,ssh-auth,automation,script,1,1,medium,script classified as automation with reuse potential across 1 repositories and 1 files.,mbarbine__Scripts
shared-automation,@platphorm/automation,installopenssh,automation,script,1,1,medium,script classified as automation with reuse potential across 1 repositories and 1 files.,mbarbine__Scripts
shared-automation,@platphorm/automation,chrome,automation,script,1,1,medium,script classified as automation with reuse potential across 1 repositories and 1 files.,mbarbine__Scripts
shared-automation,@platphorm/automation,uninstall,automation,script,1,1,medium,script classified as automation with reuse potential across 1 repositories and 1 files.,mbarbine__Scripts
shared-automation,@platphorm/automation,firefox-v2,automation,script,1,1,medium,script classified as automation with reuse potential across 1 repositories and 1 files.,mbarbine__Scripts
shared-automation,@platphorm/automation,firefox,automation,script,1,1,medium,script classified as automation with reuse potential across 1 repositories and 1 files.,mbarbine__Scripts
shared-automation,@platphorm/automation,flash-player,automation,script,1,1,medium,script classified as automation with reuse potential across 1 repositories and 1 files.,mbarbine__Scripts
shared-automation,@platphorm/automation,adobe-v2,automation,script,1,1,medium,script classified as automation with reuse potential across 1 repositories and 1 files.,mbarbine__Scripts
shared-automation,@platphorm/automation,flash-player-v2,automation,script,1,1,medium,script classified as automation with reuse potential across 1 repositories and 1 files.,mbarbine__Scripts
shared-automation,@platphorm/automation,internet-explorer-version,automation,script,1,1,medium,script classified as automation with reuse potential across 1 repositories and 1 files.,mbarbine__Scripts
shared-automation,@platphorm/automation,script-vbs,automation,script,1,1,medium,script classified as automation with reuse potential across 1 repositories and 1 files.,mbarbine__Scripts
shared-automation,@platphorm/automation,checking-hf,automation,script,1,1,medium,script classified as automation with reuse potential across 1 repositories and 1 files.,mbarbine__Scripts
shared-automation,@platphorm/automation,computers-online,automation,script,1,1,medium,script classified as automation with reuse potential across 1 repositories and 1 files.,mbarbine__Scripts
shared-automation,@platphorm/automation,installing-wannacry-hotfix,automation,script,1,1,medium,script classified as automation with reuse potential across 1 repositories and 1 files.,mbarbine__Scripts
shared-automation,@platphorm/automation,java-v2,automation,script,1,1,medium,script classified as automation with reuse potential across 1 repositories and 1 files.,mbarbine__Scripts
shared-automation,@platphorm/automation,architecture-x64,automation,script,1,1,medium,script classified as automation with reuse potential across 1 repositories and 1 files.,mbarbine__Scripts
shared-automation,@platphorm/automation,adobe,automation,script,1,1,medium,script classified as automation with reuse potential across 1 repositories and 1 files.,mbarbine__Scripts
shared-automation,@platphorm/automation,java,automation,script,1,1,medium,script classified as automation with reuse potential across 1 repositories and 1 files.,mbarbine__Scripts
shared-automation,@platphorm/automation,chrome-v2,automation,script,1,1,medium,script classified as automation with reuse potential across 1 repositories and 1 files.,mbarbine__Scripts
shared-automation,@platphorm/automation,system-recovery-script-1,automation,script,1,1,medium,script classified as automation with reuse potential across 1 repositories and 1 files.,mbarbine__Scripts
shared-automation,@platphorm/automation,thread,automation,script,1,1,medium,script classified as automation with reuse potential across 1 repositories and 1 files.,mbarbine__Scripts
shared-automation,@platphorm/automation,download-1window,automation,script,1,1,medium,script classified as automation with reuse potential across 1 repositories and 1 files.,mbarbine__Scripts
shared-automation,@platphorm/automation,extract,automation,script,1,1,medium,script classified as automation with reuse potential across 1 repositories and 1 files.,mbarbine__Scripts
shared-automation,@platphorm/automation,download,automation,script,1,1,medium,script classified as automation with reuse potential across 1 repositories and 1 files.,mbarbine__Scripts
shared-automation,@platphorm/automation,helmenv,automation,script,1,1,medium,script classified as automation with reuse potential across 1 repositories and 1 files.,mbarbine__Scripts
shared-automation,@platphorm/automation,k8s-dashboard,automation,script,1,1,medium,script classified as automation with reuse potential across 1 repositories and 1 files.,mbarbine__Scripts
shared-automation,@platphorm/automation,set-secrets,automation,script,1,1,medium,script classified as automation with reuse potential across 1 repositories and 1 files.,mbarbine__Scripts
shared-process,@platphorm/process,blog-post,process,process-document,1,1,medium,process-document classified as process with reuse potential across 1 repositories and 1 files.,mbarbine__airrow-commuter-balloon
shared-process,@platphorm/process,api-documentation,process,process-document,1,1,medium,process-document classified as process with reuse potential across 1 repositories and 1 files.,mbarbine__autographed-bibles-webby
shared-automation,@platphorm/automation,seed-bibles,automation,automation-config,1,1,medium,automation-config classified as automation with reuse potential across 1 repositories and 1 files.,mbarbine__autographed-bibles-webby
shared-automation,@platphorm/automation,test-mcp,automation,automation-config,1,1,medium,automation-config classified as automation with reuse potential across 1 repositories and 1 files.,mbarbine__autographed-bibles-webby
shared-logic,@platphorm/logic,get-dictionary,logic,business-logic,1,1,medium,business-logic classified as logic with reuse potential across 1 repositories and 1 files.,mbarbine__autographed-bibles-webby
shared-automation,@platphorm/automation,traefik-compose,automation,automation-config,1,1,medium,automation-config classified as automation with reuse potential across 1 repositories and 1 files.,mbarbine__aws-lab
shared-automation,@platphorm/automation,run-all,automation,script,1,1,medium,script classified as automation with reuse potential across 1 repositories and 1 files.,mbarbine__aws-lab
shared-automation,@platphorm/automation,bootstrap,automation,script,1,1,medium,script classified as automation with reuse potential across 1 repositories and 1 files.,mbarbine__aws-lab
shared-automation,@platphorm/automation,k8s-provision,automation,script,1,1,medium,script classified as automation with reuse potential across 1 repositories and 1 files.,mbarbine__aws-lab
shared-automation,@platphorm/automation,k3s-provision,automation,script,1,1,medium,script classified as automation with reuse potential across 1 repositories and 1 files.,mbarbine__aws-lab
shared-automation,@platphorm/automation,package,automation,script,1,1,medium,script classified as automation with reuse potential across 1 repositories and 1 files.,mbarbine__aws-lab
shared-automation,@platphorm/automation,package-lock,automation,infrastructure-automation,1,1,medium,infrastructure-automation classified as automation with reuse potential across 1 repositories and 1 files.,mbarbine__aws-lab
shared-automation,@platphorm/automation,package,automation,infrastructure-automation,1,1,medium,infrastructure-automation classified as automation with reuse potential across 1 repositories and 1 files.,mbarbine__aws-lab
shared-automation,@platphorm/automation,build,automation,script,1,1,medium,script classified as automation with reuse potential across 1 repositories and 1 files.,mbarbine__aws-lab
shared-automation,@platphorm/automation,php,automation,container-automation,1,1,medium,container-automation classified as automation with reuse potential across 1 repositories and 1 files.,mbarbine__aws-lab
shared-automation,@platphorm/automation,run-once-post-deploy,automation,script,1,1,medium,script classified as automation with reuse potential across 1 repositories and 1 files.,mbarbine__aws-lab
shared-automation,@platphorm/automation,s3-backup,automation,script,1,1,medium,script classified as automation with reuse potential across 1 repositories and 1 files.,mbarbine__aws-lab
shared-automation,@platphorm/automation,populate-vars,automation,script,1,1,medium,script classified as automation with reuse potential across 1 repositories and 1 files.,mbarbine__aws-next-k8-cluster-deploy
shared-automation,@platphorm/automation,exec,automation,script,1,1,medium,script classified as automation with reuse potential across 1 repositories and 1 files.,mbarbine__aws-next-k8-cluster-deploy
shared-automation,@platphorm/automation,modules,automation,infrastructure-automation,1,1,medium,infrastructure-automation classified as automation with reuse potential across 1 repositories and 1 files.,mbarbine__aws-next-k8-cluster-deploy
shared-automation,@platphorm/automation,fluent-bit-configmap,automation,infrastructure-automation,1,1,medium,infrastructure-automation classified as automation with reuse potential across 1 repositories and 1 files.,mbarbine__aws-next-k8-cluster-deploy
shared-automation,@platphorm/automation,jenkins-casc,automation,infrastructure-automation,1,1,medium,infrastructure-automation classified as automation with reuse potential across 1 repositories and 1 files.,mbarbine__aws-next-k8-cluster-deploy
shared-automation,@platphorm/automation,nextjs-deployment,automation,infrastructure-automation,1,1,medium,infrastructure-automation classified as automation with reuse potential across 1 repositories and 1 files.,mbarbine__aws-next-k8-cluster-deploy
shared-automation,@platphorm/automation,cluster-autoscaler,automation,infrastructure-automation,1,1,medium,infrastructure-automation classified as automation with reuse potential across 1 repositories and 1 files.,mbarbine__aws-next-k8-cluster-deploy
shared-automation,@platphorm/automation,nextjs-values,automation,infrastructure-automation,1,1,medium,infrastructure-automation classified as automation with reuse potential across 1 repositories and 1 files.,mbarbine__aws-next-k8-cluster-deploy
shared-automation,@platphorm/automation,setup-dns,automation,script,1,1,medium,script classified as automation with reuse potential across 1 repositories and 1 files.,mbarbine__aws-next-k8-cluster-deploy
shared-automation,@platphorm/automation,deploy-alb-ingress-controller,automation,script,1,1,medium,script classified as automation with reuse potential across 1 repositories and 1 files.,mbarbine__aws-next-k8-cluster-deploy
shared-automation,@platphorm/automation,validate-eks-cluster,automation,script,1,1,medium,script classified as automation with reuse potential across 1 repositories and 1 files.,mbarbine__aws-next-k8-cluster-deploy
shared-automation,@platphorm/automation,deploy-nextjs,automation,script,1,1,medium,script classified as automation with reuse potential across 1 repositories and 1 files.,mbarbine__aws-next-k8-cluster-deploy
shared-automation,@platphorm/automation,configure-acm,automation,script,1,1,medium,script classified as automation with reuse potential across 1 repositories and 1 files.,mbarbine__aws-next-k8-cluster-deploy
shared-automation,@platphorm/automation,install-cli-brew,automation,script,1,1,medium,script classified as automation with reuse potential across 1 repositories and 1 files.,mbarbine__aws-next-k8-cluster-deploy
shared-automation,@platphorm/automation,aws-eks,automation,script,1,1,medium,script classified as automation with reuse potential across 1 repositories and 1 files.,mbarbine__aws-next-k8-cluster-deploy
shared-automation,@platphorm/automation,jenkins-restore,automation,script,1,1,medium,script classified as automation with reuse potential across 1 repositories and 1 files.,mbarbine__aws-next-k8-cluster-deploy
shared-automation,@platphorm/automation,configure-jenkins,automation,script,1,1,medium,script classified as automation with reuse potential across 1 repositories and 1 files.,mbarbine__aws-next-k8-cluster-deploy
shared-automation,@platphorm/automation,install-cloudwatch-agent,automation,script,1,1,medium,script classified as automation with reuse potential across 1 repositories and 1 files.,mbarbine__aws-next-k8-cluster-deploy
shared-process,@platphorm/process,readme-deploy,process,process-document,1,1,medium,process-document classified as process with reuse potential across 1 repositories and 1 files.,mbarbine__aws-next-k8-cluster-deploy
shared-automation,@platphorm/automation,backup-etcd,automation,script,1,1,medium,script classified as automation with reuse potential across 1 repositories and 1 files.,mbarbine__aws-next-k8-cluster-deploy
shared-automation,@platphorm/automation,create-eks,automation,script,1,1,medium,script classified as automation with reuse potential across 1 repositories and 1 files.,mbarbine__aws-next-k8-cluster-deploy
shared-automation,@platphorm/automation,populate-vars-dev,automation,script,1,1,medium,script classified as automation with reuse potential across 1 repositories and 1 files.,mbarbine__aws-next-k8-cluster-deploy
shared-automation,@platphorm/automation,rotate-keys,automation,script,1,1,medium,script classified as automation with reuse potential across 1 repositories and 1 files.,mbarbine__aws-next-k8-cluster-deploy
shared-automation,@platphorm/automation,jenkins-backup,automation,script,1,1,medium,script classified as automation with reuse potential across 1 repositories and 1 files.,mbarbine__aws-next-k8-cluster-deploy
shared-automation,@platphorm/automation,start-jenkins,automation,script,1,1,medium,script classified as automation with reuse potential across 1 repositories and 1 files.,mbarbine__aws-next-k8-cluster-deploy
shared-automation,@platphorm/automation,validate-vars,automation,script,1,1,medium,script classified as automation with reuse potential across 1 repositories and 1 files.,mbarbine__aws-next-k8-cluster-deploy
shared-automation,@platphorm/automation,deploy-eks-monitoring,automation,script,1,1,medium,script classified as automation with reuse potential across 1 repositories and 1 files.,mbarbine__aws-next-k8-cluster-deploy
shared-process,@platphorm/process,advisory-launch-checklist,process,process-document,1,1,medium,process-document classified as process with reuse potential across 1 repositories and 1 files.,mbarbine__barbineworldwide-2026-metahack
shared-automation,@platphorm/automation,use-advisory-analytics,automation,automation-config,1,1,medium,automation-config classified as automation with reuse potential across 1 repositories and 1 files.,mbarbine__barbineworldwide-2026-metahack
shared-logic,@platphorm/logic,sendgrid,logic,business-logic,1,1,medium,business-logic classified as logic with reuse potential across 1 repositories and 1 files.,mbarbine__barbineworldwide-2026-metahack
shared-process,@platphorm/process,process-manifest,process,process-document,1,1,medium,process-document classified as process with reuse potential across 1 repositories and 1 files.,mbarbine__beepboopprocess
shared-process,@platphorm/process,ae2c0b5c-707b-49dd-aefd-f3fd1a06dc6c,process,process-document,1,1,medium,process-document classified as process with reuse potential across 1 repositories and 1 files.,mbarbine__beepboopprocess
shared-process,@platphorm/process,1cc504bb-5d02-4915-947b-ea96b24a5090,process,process-document,1,1,medium,process-document classified as process with reuse potential across 1 repositories and 1 files.,mbarbine__beepboopprocess
shared-process,@platphorm/process,2271ef92-4e20-4a70-ae0a-ca4ffdef6671-cmgvi582y02hg7x17wrox6wbu,process,process-document,1,1,medium,process-document classified as process with reuse potential across 1 repositories and 1 files.,mbarbine__beepboopprocess
shared-process,@platphorm/process,technical-readme,process,process-document,1,1,medium,process-document classified as process with reuse potential across 1 repositories and 1 files.,mbarbine__beer-museum-manager-www
shared-logic,@platphorm/logic,auth-utils,logic,utility,1,1,medium,utility classified as logic with reuse potential across 1 repositories and 1 files.,mbarbine__beer-museum-manager-www
shared-logic,@platphorm/logic,performance-utils,logic,utility,1,1,medium,utility classified as logic with reuse potential across 1 repositories and 1 files.,mbarbine__beer-museum-manager-www
shared-logic,@platphorm/logic,permissions,logic,business-logic,1,1,medium,business-logic classified as logic with reuse potential across 1 repositories and 1 files.,mbarbine__beer-museum-manager-www
shared-logic,@platphorm/logic,security-middleware,logic,business-logic,1,1,medium,business-logic classified as logic with reuse potential across 1 repositories and 1 files.,mbarbine__beer-museum-manager-www
shared-logic,@platphorm/logic,auth-utils-server,logic,utility,1,1,medium,utility classified as logic with reuse potential across 1 repositories and 1 files.,mbarbine__beer-museum-manager-www
shared-logic,@platphorm/logic,data-service,logic,business-logic,1,1,medium,business-logic classified as logic with reuse potential across 1 repositories and 1 files.,mbarbine__beer-museum-manager-www
shared-logic,@platphorm/logic,toast-notifications,logic,business-logic,1,1,medium,business-logic classified as logic with reuse potential across 1 repositories and 1 files.,mbarbine__beer-museum-manager-www
shared-automation,@platphorm/automation,n8n,automation,automation-config,1,1,medium,automation-config classified as automation with reuse potential across 1 repositories and 1 files.,mbarbine__beer-museum-manager-www
shared-logic,@platphorm/logic,toast-pos,logic,business-logic,1,1,medium,business-logic classified as logic with reuse potential across 1 repositories and 1 files.,mbarbine__beer-museum-manager-www
shared-logic,@platphorm/logic,google-services,logic,business-logic,1,1,medium,business-logic classified as logic with reuse potential across 1 repositories and 1 files.,mbarbine__beer-museum-manager-www
shared-process,@platphorm/process,launch-summary,process,process-document,1,1,medium,process-document classified as process with reuse potential across 1 repositories and 1 files.,mbarbine__burrito-dealer-www
shared-process,@platphorm/process,final-testing-report,process,process-document,1,1,medium,process-document classified as process with reuse potential across 1 repositories and 1 files.,mbarbine__burrito-dealer-www
shared-process,@platphorm/process,testing-report,process,process-document,1,1,medium,process-document classified as process with reuse potential across 1 repositories and 1 files.,mbarbine__burrito-dealer-www
shared-automation,@platphorm/automation,setup-database,automation,script,1,1,medium,script classified as automation with reuse potential across 1 repositories and 1 files.,mbarbine__burrito-dealer-www
shared-process,@platphorm/process,dealer-fix-report,process,process-document,1,1,medium,process-document classified as process with reuse potential across 1 repositories and 1 files.,mbarbine__burrito-dealer-www
shared-process,@platphorm/process,enhancement-summary,process,process-document,1,1,medium,process-document classified as process with reuse potential across 1 repositories and 1 files.,mbarbine__burrito-dealer-www
shared-logic,@platphorm/logic,full-schema-explore,logic,schema-validation,1,1,medium,schema-validation classified as logic with reuse potential across 1 repositories and 1 files.,mbarbine__burrito-dealer-www
shared-automation,@platphorm/automation,seed-basic-data,automation,automation-config,1,1,medium,automation-config classified as automation with reuse potential across 1 repositories and 1 files.,mbarbine__burrito-dealer-www
shared-logic,@platphorm/logic,explore-orders-schema,logic,schema-validation,1,1,medium,schema-validation classified as logic with reuse potential across 1 repositories and 1 files.,mbarbine__burrito-dealer-www
shared-logic,@platphorm/logic,explore-schema,logic,schema-validation,1,1,medium,schema-validation classified as logic with reuse potential across 1 repositories and 1 files.,mbarbine__burrito-dealer-www
shared-automation,@platphorm/automation,setup-dealers,automation,automation-config,1,1,medium,automation-config classified as automation with reuse potential across 1 repositories and 1 files.,mbarbine__burrito-dealer-www
shared-logic,@platphorm/logic,check-schema,logic,schema-validation,1,1,medium,schema-validation classified as logic with reuse potential across 1 repositories and 1 files.,mbarbine__burrito-dealer-www
shared-automation,@platphorm/automation,create-test-users,automation,automation-config,1,1,medium,automation-config classified as automation with reuse potential across 1 repositories and 1 files.,mbarbine__burrito-dealer-www
shared-automation,@platphorm/automation,check-and-seed,automation,automation-config,1,1,medium,automation-config classified as automation with reuse potential across 1 repositories and 1 files.,mbarbine__burrito-dealer-www
shared-process,@platphorm/process,api-spec,process,specification,1,1,medium,specification classified as process with reuse potential across 1 repositories and 1 files.,mbarbine__calendar-app-webby
shared-process,@platphorm/process,platphorm-news,process,process-document,1,1,medium,process-document classified as process with reuse potential across 1 repositories and 1 files.,mbarbine__calendar-app-webby
shared-logic,@platphorm/logic,seo-share,logic,business-logic,1,1,medium,business-logic classified as logic with reuse potential across 1 repositories and 1 files.,mbarbine__calendar-app-webby
shared-logic,@platphorm/logic,kanban-logging,logic,business-logic,1,1,medium,business-logic classified as logic with reuse potential across 1 repositories and 1 files.,mbarbine__calendar-app-webby
shared-logic,@platphorm/logic,jobs-logging,logic,business-logic,1,1,medium,business-logic classified as logic with reuse potential across 1 repositories and 1 files.,mbarbine__calendar-app-webby
shared-logic,@platphorm/logic,json-store,logic,state-store,1,1,medium,state-store classified as logic with reuse potential across 1 repositories and 1 files.,mbarbine__calendar-app-webby
shared-logic,@platphorm/logic,ics-sync,logic,business-logic,1,1,medium,business-logic classified as logic with reuse potential across 1 repositories and 1 files.,mbarbine__calendar-app-webby
shared-ai,@platphorm/ai,ai-chat,ai,feature-ui,1,1,medium,feature-ui classified as ai with reuse potential across 1 repositories and 1 files.,mbarbine__civic-engagement-platform-webby
shared-process,@platphorm/process,delivery,process,process-document,1,1,medium,process-document classified as process with reuse potential across 1 repositories and 1 files.,mbarbine__desert-bus
shared-ai,@platphorm/ai,rotate-prompt,ai,feature-ui,1,1,medium,feature-ui classified as ai with reuse potential across 1 repositories and 1 files.,mbarbine__desert-bus
shared-logic,@platphorm/logic,route-handlers,logic,business-logic,1,1,medium,business-logic classified as logic with reuse potential across 1 repositories and 1 files.,mbarbine__desert-bus
shared-logic,@platphorm/logic,achievements-enhanced,logic,business-logic,1,1,medium,business-logic classified as logic with reuse potential across 1 repositories and 1 files.,mbarbine__desert-bus
shared-logic,@platphorm/logic,schema-enhanced,logic,schema-validation,1,1,medium,schema-validation classified as logic with reuse potential across 1 repositories and 1 files.,mbarbine__desert-bus
shared-ai,@platphorm/ai,use-orientation,ai,ai-integration,1,1,medium,ai-integration classified as ai with reuse potential across 1 repositories and 1 files.,mbarbine__desert-bus
shared-logic,@platphorm/logic,leaderboard-store,logic,state-store,1,1,medium,state-store classified as logic with reuse potential across 1 repositories and 1 files.,mbarbine__desert-bus
shared-logic,@platphorm/logic,page-content,logic,business-logic,1,1,medium,business-logic classified as logic with reuse potential across 1 repositories and 1 files.,mbarbine__desert-bus
shared-logic,@platphorm/logic,desertbus-data,logic,business-logic,1,1,medium,business-logic classified as logic with reuse potential across 1 repositories and 1 files.,mbarbine__desert-bus
shared-logic,@platphorm/logic,charity-validation,logic,schema-validation,1,1,medium,schema-validation classified as logic with reuse potential across 1 repositories and 1 files.,mbarbine__desert-bus
shared-logic,@platphorm/logic,haptics,logic,business-logic,1,1,medium,business-logic classified as logic with reuse potential across 1 repositories and 1 files.,mbarbine__desert-bus
shared-logic,@platphorm/logic,leaderboard,logic,business-logic,1,1,medium,business-logic classified as logic with reuse potential across 1 repositories and 1 files.,mbarbine__desert-bus
shared-automation,@platphorm/automation,install-ansible-ubuntu,automation,script,1,1,medium,script classified as automation with reuse potential across 1 repositories and 1 files.,mbarbine__docker-terraform-aws-demo
shared-automation,@platphorm/automation,lamp-setup,automation,automation-config,1,1,medium,automation-config classified as automation with reuse potential across 1 repositories and 1 files.,mbarbine__docker-terraform-aws-demo
shared-process,@platphorm/process,blog-post-ph3-ar,process,process-document,1,1,medium,process-document classified as process with reuse potential across 1 repositories and 1 files.,mbarbine__fashion-sadiepass-WWW
shared-logic,@platphorm/logic,index-schema,logic,schema-validation,1,1,medium,schema-validation classified as logic with reuse potential across 1 repositories and 1 files.,mbarbine__fashion-sadiepass-WWW
shared-ai,@platphorm/ai,real-time-chat-support,ai,feature-ui,1,1,medium,feature-ui classified as ai with reuse potential across 1 repositories and 1 files.,mbarbine__fashion-sadiepass-WWW
shared-ai,@platphorm/ai,llm-index,ai,ai-integration,1,1,medium,ai-integration classified as ai with reuse potential across 1 repositories and 1 files.,mbarbine__fashion-sadiepass-WWW
shared-logic,@platphorm/logic,life-goals,logic,business-logic,1,1,medium,business-logic classified as logic with reuse potential across 1 repositories and 1 files.,mbarbine__fortune-cookie-webby
shared-automation,@platphorm/automation,fortune-uuid,automation,automation-config,1,1,medium,automation-config classified as automation with reuse potential across 1 repositories and 1 files.,mbarbine__fortune-cookie-webby-yj
shared-ai,@platphorm/ai,pwa-install,ai,ai-integration,1,1,medium,ai-integration classified as ai with reuse potential across 1 repositories and 1 files.,mbarbine__fortune-cookie-webby-yj
shared-ai,@platphorm/ai,fortune-generator-phase1,ai,ai-integration,1,1,medium,ai-integration classified as ai with reuse potential across 1 repositories and 1 files.,mbarbine__fortune-cookie-webby-yj
shared-automation,@platphorm/automation,environment,automation,automation-config,1,1,medium,automation-config classified as automation with reuse potential across 1 repositories and 1 files.,mbarbine__fortune-cookie-webby-yj
shared-ai,@platphorm/ai,use-pwa-install,ai,ai-integration,1,1,medium,ai-integration classified as ai with reuse potential across 1 repositories and 1 files.,mbarbine__fortune-cookie-webby-yj
shared-automation,@platphorm/automation,add-carlin-quote,automation,automation-config,1,1,medium,automation-config classified as automation with reuse potential across 1 repositories and 1 files.,mbarbine__fortune-cookie-webby-yj
shared-logic,@platphorm/logic,fortune-uuid,logic,business-logic,1,1,medium,business-logic classified as logic with reuse potential across 1 repositories and 1 files.,mbarbine__fortune-cookie-webby-yj
shared-logic,@platphorm/logic,share,logic,business-logic,1,1,medium,business-logic classified as logic with reuse potential across 1 repositories and 1 files.,mbarbine__fortune-cookie-webby-yj
shared-process,@platphorm/process,ja4-x-old,process,process-document,1,1,medium,process-document classified as process with reuse potential across 1 repositories and 1 files.,mbarbine__foxio-labs
shared-process,@platphorm/process,ja3-ja4-old,process,process-document,1,1,medium,process-document classified as process with reuse potential across 1 repositories and 1 files.,mbarbine__foxio-labs
shared-process,@platphorm/process,about-old,process,process-document,1,1,medium,process-document classified as process with reuse potential across 1 repositories and 1 files.,mbarbine__foxio-labs
shared-process,@platphorm/process,labs-old,process,process-document,1,1,medium,process-document classified as process with reuse potential across 1 repositories and 1 files.,mbarbine__foxio-labs
shared-process,@platphorm/process,integrations-old,process,process-document,1,1,medium,process-document classified as process with reuse potential across 1 repositories and 1 files.,mbarbine__foxio-labs
shared-process,@platphorm/process,ja4-s-old,process,process-document,1,1,medium,process-document classified as process with reuse potential across 1 repositories and 1 files.,mbarbine__foxio-labs
shared-process,@platphorm/process,ja4-ssh-old,process,process-document,1,1,medium,process-document classified as process with reuse potential across 1 repositories and 1 files.,mbarbine__foxio-labs
shared-process,@platphorm/process,ja4-t-old,process,process-document,1,1,medium,process-document classified as process with reuse potential across 1 repositories and 1 files.,mbarbine__foxio-labs
shared-process,@platphorm/process,ja4-h-old,process,process-document,1,1,medium,process-document classified as process with reuse potential across 1 repositories and 1 files.,mbarbine__foxio-labs
shared-process,@platphorm/process,ja4-old,process,process-document,1,1,medium,process-document classified as process with reuse potential across 1 repositories and 1 files.,mbarbine__foxio-labs
shared-process,@platphorm/process,ja4-tscan-old,process,process-document,1,1,medium,process-document classified as process with reuse potential across 1 repositories and 1 files.,mbarbine__foxio-labs
shared-process,@platphorm/process,ja4-ts-old,process,process-document,1,1,medium,process-document classified as process with reuse potential across 1 repositories and 1 files.,mbarbine__foxio-labs
shared-process,@platphorm/process,blog,process,process-document,1,1,medium,process-document classified as process with reuse potential across 1 repositories and 1 files.,mbarbine__foxio-labs
shared-automation,@platphorm/automation,test-frontend,automation,automation-config,1,1,medium,automation-config classified as automation with reuse potential across 1 repositories and 1 files.,mbarbine__front-runners-webby
shared-logic,@platphorm/logic,community,logic,business-logic,1,1,medium,business-logic classified as logic with reuse potential across 1 repositories and 1 files.,mbarbine__front-runners-webby
shared-logic,@platphorm/logic,weather,logic,business-logic,1,1,medium,business-logic classified as logic with reuse potential across 1 repositories and 1 files.,mbarbine__front-runners-webby
shared-logic,@platphorm/logic,steam-api,logic,business-logic,1,1,medium,business-logic classified as logic with reuse potential across 1 repositories and 1 files.,mbarbine__gamer
shared-process,@platphorm/process,readme-old,process,process-document,1,1,medium,process-document classified as process with reuse potential across 1 repositories and 1 files.,mbarbine__gta-6-countdown-webby
shared-process,@platphorm/process,platphorm-net-opt,process,process-document,1,1,medium,process-document classified as process with reuse potential across 1 repositories and 1 files.,mbarbine__gta-6-countdown-webby
shared-process,@platphorm/process,production-ready,process,process-document,1,1,medium,process-document classified as process with reuse potential across 1 repositories and 1 files.,mbarbine__gta-6-countdown-webby
shared-logic,@platphorm/logic,i18n-tooltips,logic,business-logic,1,1,medium,business-logic classified as logic with reuse potential across 1 repositories and 1 files.,mbarbine__gta-6-countdown-webby
shared-logic,@platphorm/logic,performance-config,logic,business-logic,1,1,medium,business-logic classified as logic with reuse potential across 1 repositories and 1 files.,mbarbine__gta-6-countdown-webby
shared-logic,@platphorm/logic,greens,logic,business-logic,1,1,medium,business-logic classified as logic with reuse potential across 1 repositories and 1 files.,mbarbine__hot-chocolate-for-profit-webby
shared-logic,@platphorm/logic,local-db,logic,business-logic,1,1,medium,business-logic classified as logic with reuse potential across 1 repositories and 1 files.,mbarbine__hot-chocolate-for-profit-webby
shared-automation,@platphorm/automation,docker-compose-production,automation,container-automation,1,1,medium,container-automation classified as automation with reuse potential across 1 repositories and 1 files.,mbarbine__ja4-sidecar
shared-automation,@platphorm/automation,manage-new,automation,script,1,1,medium,script classified as automation with reuse potential across 1 repositories and 1 files.,mbarbine__ja4-sidecar
shared-automation,@platphorm/automation,dev-manage,automation,script,1,1,medium,script classified as automation with reuse potential across 1 repositories and 1 files.,mbarbine__ja4-sidecar
shared-automation,@platphorm/automation,manage-production,automation,script,1,1,medium,script classified as automation with reuse potential across 1 repositories and 1 files.,mbarbine__ja4-sidecar
shared-automation,@platphorm/automation,manage-legacy,automation,script,1,1,medium,script classified as automation with reuse potential across 1 repositories and 1 files.,mbarbine__ja4-sidecar
shared-process,@platphorm/process,mongodb-root-password,process,process-document,1,1,medium,process-document classified as process with reuse potential across 1 repositories and 1 files.,mbarbine__ja4-sidecar
shared-process,@platphorm/process,sniffer,process,process-document,1,1,medium,process-document classified as process with reuse potential across 1 repositories and 1 files.,mbarbine__ja4-sidecar
shared-process,@platphorm/process,tests,process,process-document,1,1,medium,process-document classified as process with reuse potential across 1 repositories and 1 files.,mbarbine__ja4-sidecar
shared-process,@platphorm/process,alerts,process,process-document,1,1,medium,process-document classified as process with reuse potential across 1 repositories and 1 files.,mbarbine__ja4-sidecar
shared-logic,@platphorm/logic,rules,logic,business-logic,1,1,medium,business-logic classified as logic with reuse potential across 1 repositories and 1 files.,mbarbine__ja4-sidecar
shared-automation,@platphorm/automation,install-wildduck,automation,script,1,1,medium,script classified as automation with reuse potential across 1 repositories and 1 files.,mbarbine__ja4-sidecar
shared-automation,@platphorm/automation,common,automation,script,1,1,medium,script classified as automation with reuse potential across 1 repositories and 1 files.,mbarbine__ja4-sidecar
shared-automation,@platphorm/automation,help,automation,script,1,1,medium,script classified as automation with reuse potential across 1 repositories and 1 files.,mbarbine__ja4-sidecar
shared-automation,@platphorm/automation,services,automation,script,1,1,medium,script classified as automation with reuse potential across 1 repositories and 1 files.,mbarbine__ja4-sidecar
shared-automation,@platphorm/automation,testing,automation,script,1,1,medium,script classified as automation with reuse potential across 1 repositories and 1 files.,mbarbine__ja4-sidecar
shared-logic,@platphorm/logic,container-monitor,logic,business-logic,1,1,medium,business-logic classified as logic with reuse potential across 1 repositories and 1 files.,mbarbine__ja4-sidecar
shared-logic,@platphorm/logic,tcp-parser,logic,parser,1,1,medium,parser classified as logic with reuse potential across 1 repositories and 1 files.,mbarbine__ja4-sidecar
shared-logic,@platphorm/logic,tls-parser,logic,parser,1,1,medium,parser classified as logic with reuse potential across 1 repositories and 1 files.,mbarbine__ja4-sidecar
shared-logic,@platphorm/logic,geo-enrich,logic,business-logic,1,1,medium,business-logic classified as logic with reuse potential across 1 repositories and 1 files.,mbarbine__ja4-sidecar
shared-logic,@platphorm/logic,dns-utils,logic,utility,1,1,medium,utility classified as logic with reuse potential across 1 repositories and 1 files.,mbarbine__ja4-sidecar
shared-logic,@platphorm/logic,cert-utils,logic,utility,1,1,medium,utility classified as logic with reuse potential across 1 repositories and 1 files.,mbarbine__ja4-sidecar
shared-automation,@platphorm/automation,tsconfig,automation,automation-config,1,1,medium,automation-config classified as automation with reuse potential across 1 repositories and 1 files.,mbarbine__ja4-vercel-lab-2
shared-automation,@platphorm/automation,setup-supabase,automation,script,1,1,medium,script classified as automation with reuse potential across 1 repositories and 1 files.,mbarbine__ja4-vercel-lab-2
shared-automation,@platphorm/automation,verify-vercel,automation,deployment-automation,1,1,medium,deployment-automation classified as automation with reuse potential across 1 repositories and 1 files.,mbarbine__ja4-vercel-lab-2
shared-process,@platphorm/process,runbook,process,runbook,1,1,medium,runbook classified as process with reuse potential across 1 repositories and 1 files.,mbarbine__ja4mlab
shared-process,@platphorm/process,acceptance-criteria,process,process-document,1,1,medium,process-document classified as process with reuse potential across 1 repositories and 1 files.,mbarbine__ja4mlab
shared-process,@platphorm/process,milestone-checklist,process,process-document,1,1,medium,process-document classified as process with reuse potential across 1 repositories and 1 files.,mbarbine__ja4mlab
shared-automation,@platphorm/automation,build-summary,automation,script,1,1,medium,script classified as automation with reuse potential across 1 repositories and 1 files.,mbarbine__ja4mlab
shared-automation,@platphorm/automation,stop-capture,automation,script,1,1,medium,script classified as automation with reuse potential across 1 repositories and 1 files.,mbarbine__ja4mlab
shared-automation,@platphorm/automation,slice-pcap,automation,script,1,1,medium,script classified as automation with reuse potential across 1 repositories and 1 files.,mbarbine__ja4mlab
shared-automation,@platphorm/automation,process-zeek,automation,script,1,1,medium,script classified as automation with reuse potential across 1 repositories and 1 files.,mbarbine__ja4mlab
shared-automation,@platphorm/automation,start-capture,automation,script,1,1,medium,script classified as automation with reuse potential across 1 repositories and 1 files.,mbarbine__ja4mlab
shared-process,@platphorm/process,truth-and-limitations,process,process-document,1,1,medium,process-document classified as process with reuse potential across 1 repositories and 1 files.,mbarbine__ja4mlab
shared-process,@platphorm/process,ja4-m-pcap-testing-guidance,process,specification,1,1,medium,specification classified as process with reuse potential across 1 repositories and 1 files.,mbarbine__ja4mlab
shared-process,@platphorm/process,ja4-m-draft-spec,process,specification,1,1,medium,specification classified as process with reuse potential across 1 repositories and 1 files.,mbarbine__ja4mlab
shared-process,@platphorm/process,scenario-matrix,process,specification,1,1,medium,specification classified as process with reuse potential across 1 repositories and 1 files.,mbarbine__ja4mlab
shared-ai,@platphorm/ai,scenario,ai,agent,1,1,medium,agent classified as ai with reuse potential across 1 repositories and 1 files.,mbarbine__ja4mlab
shared-ai,@platphorm/ai,groupings,ai,agent,1,1,medium,agent classified as ai with reuse potential across 1 repositories and 1 files.,mbarbine__ja4mlab
shared-ai,@platphorm/ai,false-positive-checks,ai,agent,1,1,medium,agent classified as ai with reuse potential across 1 repositories and 1 files.,mbarbine__ja4mlab
shared-ai,@platphorm/ai,grouping-checks,ai,agent,1,1,medium,agent classified as ai with reuse potential across 1 repositories and 1 files.,mbarbine__ja4mlab
shared-ai,@platphorm/ai,assertions,ai,agent,1,1,medium,agent classified as ai with reuse potential across 1 repositories and 1 files.,mbarbine__ja4mlab
shared-process,@platphorm/process,glossary,process,process-document,1,1,medium,process-document classified as process with reuse potential across 1 repositories and 1 files.,mbarbine__ja4mlab
shared-process,@platphorm/process,draft-blog,process,process-document,1,1,medium,process-document classified as process with reuse potential across 1 repositories and 1 files.,mbarbine__ja4mlab
shared-process,@platphorm/process,executive-summary,process,process-document,1,1,medium,process-document classified as process with reuse potential across 1 repositories and 1 files.,mbarbine__ja4mlab
shared-process,@platphorm/process,assessment,process,process-document,1,1,medium,process-document classified as process with reuse potential across 1 repositories and 1 files.,mbarbine__ja4mlab
shared-process,@platphorm/process,why-ja4-m,process,process-document,1,1,medium,process-document classified as process with reuse potential across 1 repositories and 1 files.,mbarbine__ja4mlab
shared-automation,@platphorm/automation,test-compose,automation,automation-config,1,1,medium,automation-config classified as automation with reuse potential across 1 repositories and 1 files.,mbarbine__ja4mlab
shared-ai,@platphorm/ai,test-v7-agent-ready-plan,ai,agent,1,1,medium,agent classified as ai with reuse potential across 1 repositories and 1 files.,mbarbine__ja4mlab
shared-process,@platphorm/process,discoverability-contract,process,process-document,1,1,medium,process-document classified as process with reuse potential across 1 repositories and 1 files.,mbarbine__ja4mlab
shared-process,@platphorm/process,ja4-m-pcap-testing-guidance,process,process-document,1,1,medium,process-document classified as process with reuse potential across 1 repositories and 1 files.,mbarbine__ja4mlab
shared-process,@platphorm/process,capture,process,process-document,1,1,medium,process-document classified as process with reuse potential across 1 repositories and 1 files.,mbarbine__ja4mlab
shared-process,@platphorm/process,reporting,process,process-document,1,1,medium,process-document classified as process with reuse potential across 1 repositories and 1 files.,mbarbine__ja4mlab
shared-process,@platphorm/process,v7-missing-from-this-repo,process,process-document,1,1,medium,process-document classified as process with reuse potential across 1 repositories and 1 files.,mbarbine__ja4mlab
shared-process,@platphorm/process,install,process,process-document,1,1,medium,process-document classified as process with reuse potential across 1 repositories and 1 files.,mbarbine__ja4mlab
shared-process,@platphorm/process,capture-bundle-contract,process,process-document,1,1,medium,process-document classified as process with reuse potential across 1 repositories and 1 files.,mbarbine__ja4mlab
shared-process,@platphorm/process,network-discovery,process,process-document,1,1,medium,process-document classified as process with reuse potential across 1 repositories and 1 files.,mbarbine__ja4mlab
shared-process,@platphorm/process,ja4-m-lab-v7-agent-ready-plan,process,process-document,1,1,medium,process-document classified as process with reuse potential across 1 repositories and 1 files.,mbarbine__ja4mlab
shared-ai,@platphorm/ai,opendocs-model,ai,ai-integration,1,1,medium,ai-integration classified as ai with reuse potential across 1 repositories and 1 files.,mbarbine__ja4mlab
shared-process,@platphorm/process,scenarios,process,process-document,1,1,medium,process-document classified as process with reuse potential across 1 repositories and 1 files.,mbarbine__ja4mlab
shared-process,@platphorm/process,scenario-matrix,process,process-document,1,1,medium,process-document classified as process with reuse potential across 1 repositories and 1 files.,mbarbine__ja4mlab
shared-process,@platphorm/process,ja4m-mcp-example-v2-readme,process,process-document,1,1,medium,process-document classified as process with reuse potential across 1 repositories and 1 files.,mbarbine__ja4mlab
shared-process,@platphorm/process,openclaw-model,process,process-document,1,1,medium,process-document classified as process with reuse potential across 1 repositories and 1 files.,mbarbine__ja4mlab
shared-process,@platphorm/process,service-contracts,process,process-document,1,1,medium,process-document classified as process with reuse potential across 1 repositories and 1 files.,mbarbine__ja4mlab
shared-process,@platphorm/process,v7-prompt-pack,process,process-document,1,1,medium,process-document classified as process with reuse potential across 1 repositories and 1 files.,mbarbine__ja4mlab
shared-process,@platphorm/process,file-inventory,process,process-document,1,1,medium,process-document classified as process with reuse potential across 1 repositories and 1 files.,mbarbine__ja4mlab
shared-process,@platphorm/process,whitepaper,process,process-document,1,1,medium,process-document classified as process with reuse potential across 1 repositories and 1 files.,mbarbine__ja4mlab
shared-ai,@platphorm/ai,mcp-lab,ai,agent,1,1,medium,agent classified as ai with reuse potential across 1 repositories and 1 files.,mbarbine__ja4mlab
shared-automation,@platphorm/automation,run-all-core-scenarios,automation,script,1,1,medium,script classified as automation with reuse potential across 1 repositories and 1 files.,mbarbine__ja4mlab
shared-automation,@platphorm/automation,derive-fingerprints,automation,automation-config,1,1,medium,automation-config classified as automation with reuse potential across 1 repositories and 1 files.,mbarbine__ja4mlab
shared-automation,@platphorm/automation,wait-for-services,automation,script,1,1,medium,script classified as automation with reuse potential across 1 repositories and 1 files.,mbarbine__ja4mlab
shared-automation,@platphorm/automation,run-tls-scenario,automation,script,1,1,medium,script classified as automation with reuse potential across 1 repositories and 1 files.,mbarbine__ja4mlab
shared-automation,@platphorm/automation,run-large-delivery-capture,automation,script,1,1,medium,script classified as automation with reuse potential across 1 repositories and 1 files.,mbarbine__ja4mlab
shared-automation,@platphorm/automation,run-openclaw-xai-smoke,automation,script,1,1,medium,script classified as automation with reuse potential across 1 repositories and 1 files.,mbarbine__ja4mlab
shared-automation,@platphorm/automation,reset,automation,script,1,1,medium,script classified as automation with reuse potential across 1 repositories and 1 files.,mbarbine__ja4mlab
shared-automation,@platphorm/automation,down,automation,script,1,1,medium,script classified as automation with reuse potential across 1 repositories and 1 files.,mbarbine__ja4mlab
shared-automation,@platphorm/automation,run-scenario,automation,script,1,1,medium,script classified as automation with reuse potential across 1 repositories and 1 files.,mbarbine__ja4mlab
shared-automation,@platphorm/automation,up,automation,script,1,1,medium,script classified as automation with reuse potential across 1 repositories and 1 files.,mbarbine__ja4mlab
shared-process,@platphorm/process,action-plan,process,process-document,1,1,medium,process-document classified as process with reuse potential across 1 repositories and 1 files.,mbarbine__ja4mlab
shared-ai,@platphorm/ai,081-long-running-multi-agent-ja4m,ai,agent,1,1,medium,agent classified as ai with reuse potential across 1 repositories and 1 files.,mbarbine__ja4mlab
shared-ai,@platphorm/ai,070-ide-agent-profiles,ai,agent,1,1,medium,agent classified as ai with reuse potential across 1 repositories and 1 files.,mbarbine__ja4mlab
shared-ai,@platphorm/ai,084-human-originated-agent-chain-ja4m,ai,agent,1,1,medium,agent classified as ai with reuse potential across 1 repositories and 1 files.,mbarbine__ja4mlab
shared-automation,@platphorm/automation,entrypoint,automation,script,1,1,medium,script classified as automation with reuse potential across 1 repositories and 1 files.,mbarbine__ja4mlab
shared-process,@platphorm/process,platphormnews-skill,process,process-document,1,1,medium,process-document classified as process with reuse potential across 1 repositories and 1 files.,mbarbine__ja4mlab
shared-automation,@platphorm/automation,deploy-template,automation,automation-config,1,1,medium,automation-config classified as automation with reuse potential across 1 repositories and 1 files.,mbarbine__job-manager
shared-automation,@platphorm/automation,devcontainer,automation,automation-config,1,1,medium,automation-config classified as automation with reuse potential across 1 repositories and 1 files.,mbarbine__job-manager
shared-logic,@platphorm/logic,vitals,logic,utility,1,1,medium,utility classified as logic with reuse potential across 1 repositories and 1 files.,mbarbine__legacy-platphorm-news
shared-automation,@platphorm/automation,jobs,automation,feature-ui,1,1,medium,feature-ui classified as automation with reuse potential across 1 repositories and 1 files.,mbarbine__legacy-platphorm-news
shared-automation,@platphorm/automation,do,automation,script,1,1,medium,script classified as automation with reuse potential across 1 repositories and 1 files.,mbarbine__lettuce
shared-process,@platphorm/process,project-board,process,process-document,1,1,medium,process-document classified as process with reuse potential across 1 repositories and 1 files.,mbarbine__lettuce
shared-logic,@platphorm/logic,lib,logic,business-logic,1,1,medium,business-logic classified as logic with reuse potential across 1 repositories and 1 files.,mbarbine__lettuce
shared-logic,@platphorm/logic,transforms,logic,transformer,1,1,medium,transformer classified as logic with reuse potential across 1 repositories and 1 files.,mbarbine__lettuce
shared-process,@platphorm/process,status,process,process-document,1,1,medium,process-document classified as process with reuse potential across 1 repositories and 1 files.,mbarbine__lettuce
shared-automation,@platphorm/automation,edgedb-commands,automation,script,1,1,medium,script classified as automation with reuse potential across 1 repositories and 1 files.,mbarbine__mailthing-api
shared-logic,@platphorm/logic,postman-schema,logic,schema-validation,1,1,medium,schema-validation classified as logic with reuse potential across 1 repositories and 1 files.,mbarbine__mailthing-main
shared-logic,@platphorm/logic,credits,logic,utility,1,1,medium,utility classified as logic with reuse potential across 1 repositories and 1 files.,mbarbine__mailthing-main
shared-logic,@platphorm/logic,calc,logic,utility,1,1,medium,utility classified as logic with reuse potential across 1 repositories and 1 files.,mbarbine__mailthing-main
shared-logic,@platphorm/logic,toast,logic,ui-primitive,1,1,medium,ui-primitive classified as logic with reuse potential across 1 repositories and 1 files.,mbarbine__mailthing-main
shared-logic,@platphorm/logic,api,logic,utility,1,1,medium,utility classified as logic with reuse potential across 1 repositories and 1 files.,mbarbine__mailthing-main
shared-logic,@platphorm/logic,webhook,logic,utility,1,1,medium,utility classified as logic with reuse potential across 1 repositories and 1 files.,mbarbine__mailthing-main
shared-logic,@platphorm/logic,msi-session-unix,logic,business-logic,1,1,medium,business-logic classified as logic with reuse potential across 1 repositories and 1 files.,mbarbine__msicrafter
shared-logic,@platphorm/logic,msi-types,logic,business-logic,1,1,medium,business-logic classified as logic with reuse potential across 1 repositories and 1 files.,mbarbine__msicrafter
shared-logic,@platphorm/logic,msi-session,logic,business-logic,1,1,medium,business-logic classified as logic with reuse potential across 1 repositories and 1 files.,mbarbine__msicrafter
shared-logic,@platphorm/logic,msi-windows-api,logic,business-logic,1,1,medium,business-logic classified as logic with reuse potential across 1 repositories and 1 files.,mbarbine__msicrafter
shared-logic,@platphorm/logic,msi-stub,logic,business-logic,1,1,medium,business-logic classified as logic with reuse potential across 1 repositories and 1 files.,mbarbine__msicrafter
shared-logic,@platphorm/logic,msi-validations,logic,schema-validation,1,1,medium,schema-validation classified as logic with reuse potential across 1 repositories and 1 files.,mbarbine__msicrafter
shared-logic,@platphorm/logic,msi-tables,logic,business-logic,1,1,medium,business-logic classified as logic with reuse potential across 1 repositories and 1 files.,mbarbine__msicrafter
shared-ai,@platphorm/ai,commands,ai,ai-integration,1,1,medium,ai-integration classified as ai with reuse potential across 1 repositories and 1 files.,mbarbine__msicrafter
shared-process,@platphorm/process,splash,process,process-document,1,1,medium,process-document classified as process with reuse potential across 1 repositories and 1 files.,mbarbine__msicrafter
shared-logic,@platphorm/logic,demo-data,logic,business-logic,1,1,medium,business-logic classified as logic with reuse potential across 1 repositories and 1 files.,mbarbine__multiplayer-puzzle-game
shared-process,@platphorm/process,quality-check-summary,process,process-document,1,1,medium,process-document classified as process with reuse potential across 1 repositories and 1 files.,mbarbine__n8n
shared-process,@platphorm/process,readme-documentation,process,process-document,1,1,medium,process-document classified as process with reuse potential across 1 repositories and 1 files.,mbarbine__n8n
shared-automation,@platphorm/automation,stop,automation,script,1,1,medium,script classified as automation with reuse potential across 1 repositories and 1 files.,mbarbine__n8n
shared-ai,@platphorm/ai,property-comp-analyzer-ai,ai,ai-integration,1,1,medium,ai-integration classified as ai with reuse potential across 1 repositories and 1 files.,mbarbine__n8n
shared-ai,@platphorm/ai,ai-property-comp-analyzer,ai,ai-integration,1,1,medium,ai-integration classified as ai with reuse potential across 1 repositories and 1 files.,mbarbine__n8n
shared-automation,@platphorm/automation,nad-property-context-enrich-score,automation,automation-config,1,1,medium,automation-config classified as automation with reuse potential across 1 repositories and 1 files.,mbarbine__n8n
shared-automation,@platphorm/automation,nad-zip-high-potential-summary,automation,automation-config,1,1,medium,automation-config classified as automation with reuse potential across 1 repositories and 1 files.,mbarbine__n8n
shared-ai,@platphorm/ai,ai-property-comp-analyzer-v2-clean,ai,ai-integration,1,1,medium,ai-integration classified as ai with reuse potential across 1 repositories and 1 files.,mbarbine__n8n
shared-automation,@platphorm/automation,zillow-data-downloader,automation,automation-config,1,1,medium,automation-config classified as automation with reuse potential across 1 repositories and 1 files.,mbarbine__n8n
shared-ai,@platphorm/ai,120-ai-property-comp-analyzer,ai,ai-integration,1,1,medium,ai-integration classified as ai with reuse potential across 1 repositories and 1 files.,mbarbine__n8n
shared-automation,@platphorm/automation,nad-offer-strategy-lowball,automation,automation-config,1,1,medium,automation-config classified as automation with reuse potential across 1 repositories and 1 files.,mbarbine__n8n
shared-automation,@platphorm/automation,zillow-single-table-loader,automation,automation-config,1,1,medium,automation-config classified as automation with reuse potential across 1 repositories and 1 files.,mbarbine__n8n
shared-process,@platphorm/process,deployment-guide,process,process-document,1,1,medium,process-document classified as process with reuse potential across 1 repositories and 1 files.,mbarbine__n8n
shared-process,@platphorm/process,workflow-quality-report,process,process-document,1,1,medium,process-document classified as process with reuse potential across 1 repositories and 1 files.,mbarbine__n8n
shared-automation,@platphorm/automation,letsencrypt-auto,automation,script,1,1,medium,script classified as automation with reuse potential across 1 repositories and 1 files.,mbarbine__n8n
shared-automation,@platphorm/automation,cloudflared-start,automation,script,1,1,medium,script classified as automation with reuse potential across 1 repositories and 1 files.,mbarbine__n8n
shared-process,@platphorm/process,backup-summary-20250713-134815,process,process-document,1,1,medium,process-document classified as process with reuse potential across 1 repositories and 1 files.,mbarbine__n8n
shared-process,@platphorm/process,backup-summary-20250918-220504,process,process-document,1,1,medium,process-document classified as process with reuse potential across 1 repositories and 1 files.,mbarbine__n8n
shared-process,@platphorm/process,backup-summary-20250713-141327,process,process-document,1,1,medium,process-document classified as process with reuse potential across 1 repositories and 1 files.,mbarbine__n8n
shared-process,@platphorm/process,backup-summary-20250916-152219,process,process-document,1,1,medium,process-document classified as process with reuse potential across 1 repositories and 1 files.,mbarbine__n8n
shared-process,@platphorm/process,backup-summary-20250916-152027,process,process-document,1,1,medium,process-document classified as process with reuse potential across 1 repositories and 1 files.,mbarbine__n8n
shared-process,@platphorm/process,backup-summary-20250916-151926,process,process-document,1,1,medium,process-document classified as process with reuse potential across 1 repositories and 1 files.,mbarbine__n8n
shared-process,@platphorm/process,backup-summary-20260216-151918,process,process-document,1,1,medium,process-document classified as process with reuse potential across 1 repositories and 1 files.,mbarbine__n8n
shared-process,@platphorm/process,backup-summary-20250916-151649,process,process-document,1,1,medium,process-document classified as process with reuse potential across 1 repositories and 1 files.,mbarbine__n8n
shared-process,@platphorm/process,backup-summary-20260215-164615,process,process-document,1,1,medium,process-document classified as process with reuse potential across 1 repositories and 1 files.,mbarbine__n8n
shared-process,@platphorm/process,backup-summary-20250916-151850,process,process-document,1,1,medium,process-document classified as process with reuse potential across 1 repositories and 1 files.,mbarbine__n8n
shared-process,@platphorm/process,backup-summary-20260215-164549,process,process-document,1,1,medium,process-document classified as process with reuse potential across 1 repositories and 1 files.,mbarbine__n8n
shared-process,@platphorm/process,backup-summary-20260216-131947,process,process-document,1,1,medium,process-document classified as process with reuse potential across 1 repositories and 1 files.,mbarbine__n8n
shared-process,@platphorm/process,backup-summary-20250916-151732,process,process-document,1,1,medium,process-document classified as process with reuse potential across 1 repositories and 1 files.,mbarbine__n8n
shared-process,@platphorm/process,backup-summary-20250713-143000,process,process-document,1,1,medium,process-document classified as process with reuse potential across 1 repositories and 1 files.,mbarbine__n8n
shared-process,@platphorm/process,backup-summary-20250918-221505,process,process-document,1,1,medium,process-document classified as process with reuse potential across 1 repositories and 1 files.,mbarbine__n8n
shared-process,@platphorm/process,backup-summary-20260215-171658,process,process-document,1,1,medium,process-document classified as process with reuse potential across 1 repositories and 1 files.,mbarbine__n8n
shared-process,@platphorm/process,backup-summary-20250713-135917,process,process-document,1,1,medium,process-document classified as process with reuse potential across 1 repositories and 1 files.,mbarbine__n8n
shared-process,@platphorm/process,backup-summary-20260216-140103,process,process-document,1,1,medium,process-document classified as process with reuse potential across 1 repositories and 1 files.,mbarbine__n8n
shared-process,@platphorm/process,backup-summary-20260216-135833,process,process-document,1,1,medium,process-document classified as process with reuse potential across 1 repositories and 1 files.,mbarbine__n8n
shared-process,@platphorm/process,backup-summary-20250713-142540,process,process-document,1,1,medium,process-document classified as process with reuse potential across 1 repositories and 1 files.,mbarbine__n8n
shared-process,@platphorm/process,backup-summary-20250713-141129,process,process-document,1,1,medium,process-document classified as process with reuse potential across 1 repositories and 1 files.,mbarbine__n8n
shared-logic,@platphorm/logic,counter,logic,feature-ui,1,1,medium,feature-ui classified as logic with reuse potential across 1 repositories and 1 files.,mbarbine__news-api
shared-logic,@platphorm/logic,header,logic,feature-ui,1,1,medium,feature-ui classified as logic with reuse potential across 1 repositories and 1 files.,mbarbine__news-api
shared-ai,@platphorm/ai,02-update-models,ai,ai-integration,1,1,medium,ai-integration classified as ai with reuse potential across 1 repositories and 1 files.,mbarbine__nextjs-ai-4
shared-process,@platphorm/process,01-quick-start,process,process-document,1,1,medium,process-document classified as process with reuse potential across 1 repositories and 1 files.,mbarbine__nextjs-ai-4
shared-process,@platphorm/process,03-blocks,process,process-document,1,1,medium,process-document classified as process with reuse potential across 1 repositories and 1 files.,mbarbine__nextjs-ai-4
shared-ai,@platphorm/ai,custom-middleware,ai,ai-integration,1,1,medium,ai-integration classified as ai with reuse potential across 1 repositories and 1 files.,mbarbine__nextjs-ai-chatbot
shared-ai,@platphorm/ai,index,ai,ai-integration,1,1,medium,ai-integration classified as ai with reuse potential across 1 repositories and 1 files.,mbarbine__nextjs-ai-chatbot
shared-ai,@platphorm/ai,update-document,ai,ai-integration,1,1,medium,ai-integration classified as ai with reuse potential across 1 repositories and 1 files.,mbarbine__nextjs-ai-chatbot
shared-ai,@platphorm/ai,create-document,ai,ai-integration,1,1,medium,ai-integration classified as ai with reuse potential across 1 repositories and 1 files.,mbarbine__nextjs-ai-chatbot
shared-process,@platphorm/process,ja4-atlas,process,process-document,1,1,medium,process-document classified as process with reuse potential across 1 repositories and 1 files.,mbarbine__nuclear-power-plant-webby-NPaaS
shared-logic,@platphorm/logic,ja4-atlas,logic,business-logic,1,1,medium,business-logic classified as logic with reuse potential across 1 repositories and 1 files.,mbarbine__nuclear-power-plant-webby-NPaaS
shared-logic,@platphorm/logic,correlator,logic,business-logic,1,1,medium,business-logic classified as logic with reuse potential across 1 repositories and 1 files.,mbarbine__nuclear-power-plant-webby-NPaaS
shared-logic,@platphorm/logic,client-collector,logic,business-logic,1,1,medium,business-logic classified as logic with reuse potential across 1 repositories and 1 files.,mbarbine__nuclear-power-plant-webby-NPaaS
shared-process,@platphorm/process,kanban-created-tasks,process,process-document,1,1,medium,process-document classified as process with reuse potential across 1 repositories and 1 files.,mbarbine__onboard-platphorm-boilerplate-repo
shared-logic,@platphorm/logic,security-salt,logic,business-logic,1,1,medium,business-logic classified as logic with reuse potential across 1 repositories and 1 files.,mbarbine__onboard-platphorm-boilerplate-repo
shared-process,@platphorm/process,benchmark-workflow-ingest,process,process-document,1,1,medium,process-document classified as process with reuse potential across 1 repositories and 1 files.,mbarbine__onboard-platphorm-boilerplate-repo
shared-automation,@platphorm/automation,provision-ops,automation,automation-config,1,1,medium,automation-config classified as automation with reuse potential across 1 repositories and 1 files.,mbarbine__onboard-platphorm-boilerplate-repo
shared-process,@platphorm/process,upgrade-plan,process,process-document,1,1,medium,process-document classified as process with reuse potential across 1 repositories and 1 files.,mbarbine__ph3ar-blog
shared-process,@platphorm/process,post-template,process,process-document,1,1,medium,process-document classified as process with reuse potential across 1 repositories and 1 files.,mbarbine__ph3ar-blog
shared-automation,@platphorm/automation,move-post,automation,script,1,1,medium,script classified as automation with reuse potential across 1 repositories and 1 files.,mbarbine__ph3ar-blog
shared-process,@platphorm/process,styling,process,process-document,1,1,medium,process-document classified as process with reuse potential across 1 repositories and 1 files.,mbarbine__ph3ar-blog
shared-ai,@platphorm/ai,ai-is-quieter-than-you-think,ai,ai-integration,1,1,medium,ai-integration classified as ai with reuse potential across 1 repositories and 1 files.,mbarbine__ph3ar-blog
shared-process,@platphorm/process,welp,process,process-document,1,1,medium,process-document classified as process with reuse potential across 1 repositories and 1 files.,mbarbine__ph3ar-blog
shared-process,@platphorm/process,ai-took-my-job-and-thats-okay,process,process-document,1,1,medium,process-document classified as process with reuse potential across 1 repositories and 1 files.,mbarbine__ph3ar-blog
shared-ai,@platphorm/ai,image-resizer,ai,ai-integration,1,1,medium,ai-integration classified as ai with reuse potential across 1 repositories and 1 files.,mbarbine__ph3ar-blog
shared-automation,@platphorm/automation,create,automation,script,1,1,medium,script classified as automation with reuse potential across 1 repositories and 1 files.,mbarbine__ph3ar-blog
shared-ai,@platphorm/ai,auth-helper,ai,ai-integration,1,1,medium,ai-integration classified as ai with reuse potential across 1 repositories and 1 files.,mbarbine__ph3ar-chatbot
shared-ai,@platphorm/ai,auth,ai,ai-integration,1,1,medium,ai-integration classified as ai with reuse potential across 1 repositories and 1 files.,mbarbine__ph3ar-chatbot
shared-ai,@platphorm/ai,artifacts,ai,ai-integration,1,1,medium,ai-integration classified as ai with reuse potential across 1 repositories and 1 files.,mbarbine__ph3ar-chatbot
shared-ai,@platphorm/ai,auth-setup,ai,ai-integration,1,1,medium,ai-integration classified as ai with reuse potential across 1 repositories and 1 files.,mbarbine__ph3ar-chatbot
shared-ai,@platphorm/ai,reasoning,ai,ai-integration,1,1,medium,ai-integration classified as ai with reuse potential across 1 repositories and 1 files.,mbarbine__ph3ar-chatbot
shared-ai,@platphorm/ai,reasoning-setup,ai,ai-integration,1,1,medium,ai-integration classified as ai with reuse potential across 1 repositories and 1 files.,mbarbine__ph3ar-chatbot
shared-ai,@platphorm/ai,utils,ai,prompt-template,1,1,medium,prompt-template classified as ai with reuse potential across 1 repositories and 1 files.,mbarbine__ph3ar-chatbot
shared-ai,@platphorm/ai,basic,ai,prompt-template,1,1,medium,prompt-template classified as ai with reuse potential across 1 repositories and 1 files.,mbarbine__ph3ar-chatbot
shared-ai,@platphorm/ai,artifact,ai,ai-integration,1,1,medium,ai-integration classified as ai with reuse potential across 1 repositories and 1 files.,mbarbine__ph3ar-chatbot
shared-ai,@platphorm/ai,artifact-messages,ai,feature-ui,1,1,medium,feature-ui classified as ai with reuse potential across 1 repositories and 1 files.,mbarbine__ph3ar-chatbot
shared-ai,@platphorm/ai,providers,ai,ai-integration,1,1,medium,ai-integration classified as ai with reuse potential across 1 repositories and 1 files.,mbarbine__ph3ar-chatbot
shared-logic,@platphorm/logic,0005-snapshot,logic,business-logic,1,1,medium,business-logic classified as logic with reuse potential across 1 repositories and 1 files.,mbarbine__ph3ar-chatbot
shared-ai,@platphorm/ai,01-core-to-parts,ai,ai-integration,1,1,medium,ai-integration classified as ai with reuse potential across 1 repositories and 1 files.,mbarbine__ph3ar-chatbot
shared-automation,@platphorm/automation,gitlab-ci,automation,automation-config,1,1,medium,automation-config classified as automation with reuse potential across 1 repositories and 1 files.,mbarbine__ph3ar-web
shared-process,@platphorm/process,community-guidance,process,process-document,1,1,medium,process-document classified as process with reuse potential across 1 repositories and 1 files.,mbarbine__ph3ar-web
shared-process,@platphorm/process,style-guide,process,process-document,1,1,medium,process-document classified as process with reuse potential across 1 repositories and 1 files.,mbarbine__ph3ar-web
shared-process,@platphorm/process,recovery,process,specification,1,1,medium,specification classified as process with reuse potential across 1 repositories and 1 files.,mbarbine__platphorm-404
shared-process,@platphorm/process,phase1,process,process-document,1,1,medium,process-document classified as process with reuse potential across 1 repositories and 1 files.,mbarbine__platphorm-404
shared-logic,@platphorm/logic,local-report-store,logic,state-store,1,1,medium,state-store classified as logic with reuse potential across 1 repositories and 1 files.,mbarbine__platphorm-404
shared-logic,@platphorm/logic,inventory,logic,business-logic,1,1,medium,business-logic classified as logic with reuse potential across 1 repositories and 1 files.,mbarbine__platphorm-404
shared-logic,@platphorm/logic,link-check,logic,business-logic,1,1,medium,business-logic classified as logic with reuse potential across 1 repositories and 1 files.,mbarbine__platphorm-404
shared-logic,@platphorm/logic,reports,logic,business-logic,1,1,medium,business-logic classified as logic with reuse potential across 1 repositories and 1 files.,mbarbine__platphorm-404
shared-logic,@platphorm/logic,recovery,logic,business-logic,1,1,medium,business-logic classified as logic with reuse potential across 1 repositories and 1 files.,mbarbine__platphorm-404
shared-process,@platphorm/process,enterprise-ui-guide,process,process-document,1,1,medium,process-document classified as process with reuse potential across 1 repositories and 1 files.,mbarbine__platphorm-agentui
shared-process,@platphorm/process,production-checklist,process,process-document,1,1,medium,process-document classified as process with reuse potential across 1 repositories and 1 files.,mbarbine__platphorm-agentui
shared-process,@platphorm/process,network-alignment,process,process-document,1,1,medium,process-document classified as process with reuse potential across 1 repositories and 1 files.,mbarbine__platphorm-agentui
shared-process,@platphorm/process,tool-flow-diagram,process,process-document,1,1,medium,process-document classified as process with reuse potential across 1 repositories and 1 files.,mbarbine__platphorm-agentui
shared-logic,@platphorm/logic,sanitization,logic,business-logic,1,1,medium,business-logic classified as logic with reuse potential across 1 repositories and 1 files.,mbarbine__platphorm-agentui
shared-logic,@platphorm/logic,platform-key,logic,business-logic,1,1,medium,business-logic classified as logic with reuse potential across 1 repositories and 1 files.,mbarbine__platphorm-agentui
shared-automation,@platphorm/automation,phase1,automation,automation-config,1,1,medium,automation-config classified as automation with reuse potential across 1 repositories and 1 files.,mbarbine__platphorm-agentui
shared-logic,@platphorm/logic,workflow-drafts,logic,business-logic,1,1,medium,business-logic classified as logic with reuse potential across 1 repositories and 1 files.,mbarbine__platphorm-agentui
shared-logic,@platphorm/logic,workflow-registry,logic,business-logic,1,1,medium,business-logic classified as logic with reuse potential across 1 repositories and 1 files.,mbarbine__platphorm-agentui
shared-logic,@platphorm/logic,repositories,logic,business-logic,1,1,medium,business-logic classified as logic with reuse potential across 1 repositories and 1 files.,mbarbine__platphorm-agentui
shared-logic,@platphorm/logic,metrics,logic,business-logic,1,1,medium,business-logic classified as logic with reuse potential across 1 repositories and 1 files.,mbarbine__platphorm-agentui
shared-logic,@platphorm/logic,schemas,logic,schema-validation,1,1,medium,schema-validation classified as logic with reuse potential across 1 repositories and 1 files.,mbarbine__platphorm-agentui
shared-process,@platphorm/process,setup,process,process-document,1,1,medium,process-document classified as process with reuse potential across 1 repositories and 1 files.,mbarbine__platphorm-ai-photo-enrichment
shared-ai,@platphorm/ai,enhancement,ai,ai-integration,1,1,medium,ai-integration classified as ai with reuse potential across 1 repositories and 1 files.,mbarbine__platphorm-ai-photo-enrichment
shared-logic,@platphorm/logic,auto-sync,logic,business-logic,1,1,medium,business-logic classified as logic with reuse potential across 1 repositories and 1 files.,mbarbine__platphorm-ai-photo-enrichment
shared-process,@platphorm/process,converter,process,specification,1,1,medium,specification classified as process with reuse potential across 1 repositories and 1 files.,mbarbine__platphorm-ascii
shared-process,@platphorm/process,default-ascii-art,process,process-document,1,1,medium,process-document classified as process with reuse potential across 1 repositories and 1 files.,mbarbine__platphorm-ascii
shared-logic,@platphorm/logic,schema-api,logic,schema-validation,1,1,medium,schema-validation classified as logic with reuse potential across 1 repositories and 1 files.,mbarbine__platphorm-ascii
shared-automation,@platphorm/automation,generate-assets,automation,automation-config,1,1,medium,automation-config classified as automation with reuse potential across 1 repositories and 1 files.,mbarbine__platphorm-ascii
shared-logic,@platphorm/logic,conversion,logic,business-logic,1,1,medium,business-logic classified as logic with reuse potential across 1 repositories and 1 files.,mbarbine__platphorm-ascii
shared-process,@platphorm/process,roadmap-seo,process,roadmap,1,1,medium,roadmap classified as process with reuse potential across 1 repositories and 1 files.,mbarbine__platphorm-auction-vice
shared-process,@platphorm/process,seo-accessibility-roadmap,process,roadmap,1,1,medium,roadmap classified as process with reuse potential across 1 repositories and 1 files.,mbarbine__platphorm-auction-vice
shared-logic,@platphorm/logic,mock-auth,logic,business-logic,1,1,medium,business-logic classified as logic with reuse potential across 1 repositories and 1 files.,mbarbine__platphorm-auction-vice
shared-logic,@platphorm/logic,mock-markets,logic,business-logic,1,1,medium,business-logic classified as logic with reuse potential across 1 repositories and 1 files.,mbarbine__platphorm-auction-vice
shared-logic,@platphorm/logic,polymarkets,logic,business-logic,1,1,medium,business-logic classified as logic with reuse potential across 1 repositories and 1 files.,mbarbine__platphorm-auction-vice
shared-logic,@platphorm/logic,auto-auctions,logic,business-logic,1,1,medium,business-logic classified as logic with reuse potential across 1 repositories and 1 files.,mbarbine__platphorm-auction-vice
shared-logic,@platphorm/logic,shipments,logic,business-logic,1,1,medium,business-logic classified as logic with reuse potential across 1 repositories and 1 files.,mbarbine__platphorm-auction-vice
shared-logic,@platphorm/logic,platphorm-mcp,logic,business-logic,1,1,medium,business-logic classified as logic with reuse potential across 1 repositories and 1 files.,mbarbine__platphorm-auction-vice
shared-logic,@platphorm/logic,ebay-enrichment,logic,business-logic,1,1,medium,business-logic classified as logic with reuse potential across 1 repositories and 1 files.,mbarbine__platphorm-auction-vice
shared-automation,@platphorm/automation,data,automation,automation-config,1,1,medium,automation-config classified as automation with reuse potential across 1 repositories and 1 files.,mbarbine__platphorm-base
shared-logic,@platphorm/logic,network-filters,logic,business-logic,1,1,medium,business-logic classified as logic with reuse potential across 1 repositories and 1 files.,mbarbine__platphorm-base
shared-process,@platphorm/process,codehealth,process,process-document,1,1,medium,process-document classified as process with reuse potential across 1 repositories and 1 files.,mbarbine__platphorm-base
shared-logic,@platphorm/logic,filters,logic,business-logic,1,1,medium,business-logic classified as logic with reuse potential across 1 repositories and 1 files.,mbarbine__platphorm-base
shared-process,@platphorm/process,implementation-report,process,process-document,1,1,medium,process-document classified as process with reuse potential across 1 repositories and 1 files.,mbarbine__platphorm-bbs
shared-process,@platphorm/process,testing-guide,process,process-document,1,1,medium,process-document classified as process with reuse potential across 1 repositories and 1 files.,mbarbine__platphorm-bbs
shared-process,@platphorm/process,quickstart,process,process-document,1,1,medium,process-document classified as process with reuse potential across 1 repositories and 1 files.,mbarbine__platphorm-bbs
shared-ai,@platphorm/ai,chat-user-list,ai,feature-ui,1,1,medium,feature-ui classified as ai with reuse potential across 1 repositories and 1 files.,mbarbine__platphorm-bbs
shared-ai,@platphorm/ai,chat-room,ai,feature-ui,1,1,medium,feature-ui classified as ai with reuse potential across 1 repositories and 1 files.,mbarbine__platphorm-bbs
shared-logic,@platphorm/logic,database,logic,business-logic,1,1,medium,business-logic classified as logic with reuse potential across 1 repositories and 1 files.,mbarbine__platphorm-bbs
shared-logic,@platphorm/logic,use-data,logic,business-logic,1,1,medium,business-logic classified as logic with reuse potential across 1 repositories and 1 files.,mbarbine__platphorm-bbs
shared-logic,@platphorm/logic,db-init,logic,business-logic,1,1,medium,business-logic classified as logic with reuse potential across 1 repositories and 1 files.,mbarbine__platphorm-bbs
shared-logic,@platphorm/logic,atlas,logic,business-logic,1,1,medium,business-logic classified as logic with reuse potential across 1 repositories and 1 files.,mbarbine__platphorm-bbs
shared-logic,@platphorm/logic,reader,logic,business-logic,1,1,medium,business-logic classified as logic with reuse potential across 1 repositories and 1 files.,mbarbine__platphorm-bbs
shared-logic,@platphorm/logic,navigation,logic,business-logic,1,1,medium,business-logic classified as logic with reuse potential across 1 repositories and 1 files.,mbarbine__platphorm-bbs
shared-process,@platphorm/process,bbs,process,specification,1,1,medium,specification classified as process with reuse potential across 1 repositories and 1 files.,mbarbine__platphorm-bbs
shared-automation,@platphorm/automation,patch-docs-again,automation,automation-config,1,1,medium,automation-config classified as automation with reuse potential across 1 repositories and 1 files.,mbarbine__platphorm-browserops
shared-process,@platphorm/process,patch-docs-again-v3,process,process-document,1,1,medium,process-document classified as process with reuse potential across 1 repositories and 1 files.,mbarbine__platphorm-browserops
shared-process,@platphorm/process,build-status,process,process-document,1,1,medium,process-document classified as process with reuse potential across 1 repositories and 1 files.,mbarbine__platphorm-browserops
shared-process,@platphorm/process,journeys,process,specification,1,1,medium,specification classified as process with reuse potential across 1 repositories and 1 files.,mbarbine__platphorm-browserops
shared-process,@platphorm/process,schema,process,process-document,1,1,medium,process-document classified as process with reuse potential across 1 repositories and 1 files.,mbarbine__platphorm-browserops
shared-logic,@platphorm/logic,policy,logic,business-logic,1,1,medium,business-logic classified as logic with reuse potential across 1 repositories and 1 files.,mbarbine__platphorm-browserops
shared-logic,@platphorm/logic,trusted-domains,logic,business-logic,1,1,medium,business-logic classified as logic with reuse potential across 1 repositories and 1 files.,mbarbine__platphorm-browserops
shared-logic,@platphorm/logic,redaction,logic,business-logic,1,1,medium,business-logic classified as logic with reuse potential across 1 repositories and 1 files.,mbarbine__platphorm-browserops
shared-logic,@platphorm/logic,browser-trace-linker,logic,business-logic,1,1,medium,business-logic classified as logic with reuse potential across 1 repositories and 1 files.,mbarbine__platphorm-browserops
shared-logic,@platphorm/logic,contract,logic,business-logic,1,1,medium,business-logic classified as logic with reuse potential across 1 repositories and 1 files.,mbarbine__platphorm-browserops
shared-logic,@platphorm/logic,agentui,logic,business-logic,1,1,medium,business-logic classified as logic with reuse potential across 1 repositories and 1 files.,mbarbine__platphorm-browserops
shared-logic,@platphorm/logic,webhooklab,logic,business-logic,1,1,medium,business-logic classified as logic with reuse potential across 1 repositories and 1 files.,mbarbine__platphorm-browserops
shared-logic,@platphorm/logic,sandbox,logic,business-logic,1,1,medium,business-logic classified as logic with reuse potential across 1 repositories and 1 files.,mbarbine__platphorm-browserops
shared-logic,@platphorm/logic,evals,logic,business-logic,1,1,medium,business-logic classified as logic with reuse potential across 1 repositories and 1 files.,mbarbine__platphorm-browserops
shared-logic,@platphorm/logic,accessibility,logic,business-logic,1,1,medium,business-logic classified as logic with reuse potential across 1 repositories and 1 files.,mbarbine__platphorm-browserops
shared-logic,@platphorm/logic,playwright-runner,logic,business-logic,1,1,medium,business-logic classified as logic with reuse potential across 1 repositories and 1 files.,mbarbine__platphorm-browserops
shared-logic,@platphorm/logic,stagehand-runner,logic,business-logic,1,1,medium,business-logic classified as logic with reuse potential across 1 repositories and 1 files.,mbarbine__platphorm-browserops
shared-logic,@platphorm/logic,trace-export,logic,business-logic,1,1,medium,business-logic classified as logic with reuse potential across 1 repositories and 1 files.,mbarbine__platphorm-browserops
shared-ai,@platphorm/ai,evals-export,ai,ai-eval,1,1,medium,ai-eval classified as ai with reuse potential across 1 repositories and 1 files.,mbarbine__platphorm-browserops
shared-logic,@platphorm/logic,network-sync,logic,business-logic,1,1,medium,business-logic classified as logic with reuse potential across 1 repositories and 1 files.,mbarbine__platphorm-browserops
shared-logic,@platphorm/logic,contracts,logic,business-logic,1,1,medium,business-logic classified as logic with reuse potential across 1 repositories and 1 files.,mbarbine__platphorm-browserops
shared-ai,@platphorm/ai,claude,ai,ai-integration,1,1,medium,ai-integration classified as ai with reuse potential across 1 repositories and 1 files.,mbarbine__platphorm-business-EmployerServicesIncorporated
shared-automation,@platphorm/automation,pull-data,automation,script,1,1,medium,script classified as automation with reuse potential across 1 repositories and 1 files.,mbarbine__platphorm-business-EmployerServicesIncorporated
shared-process,@platphorm/process,sources,process,process-document,1,1,medium,process-document classified as process with reuse potential across 1 repositories and 1 files.,mbarbine__platphorm-business-EmployerServicesIncorporated
shared-logic,@platphorm/logic,handlers,logic,business-logic,1,1,medium,business-logic classified as logic with reuse potential across 1 repositories and 1 files.,mbarbine__platphorm-cobol
shared-process,@platphorm/process,faq-roadmap,process,roadmap,1,1,medium,roadmap classified as process with reuse potential across 1 repositories and 1 files.,mbarbine__platphorm-cobol
shared-logic,@platphorm/logic,cobol-operations,logic,business-logic,1,1,medium,business-logic classified as logic with reuse potential across 1 repositories and 1 files.,mbarbine__platphorm-cobol
shared-logic,@platphorm/logic,api-routes,logic,business-logic,1,1,medium,business-logic classified as logic with reuse potential across 1 repositories and 1 files.,mbarbine__platphorm-cobol
shared-logic,@platphorm/logic,cobol-samples,logic,business-logic,1,1,medium,business-logic classified as logic with reuse potential across 1 repositories and 1 files.,mbarbine__platphorm-cobol
shared-process,@platphorm/process,slides-platform-architecture,process,process-document,1,1,medium,process-document classified as process with reuse potential across 1 repositories and 1 files.,mbarbine__platphorm-codex
shared-process,@platphorm/process,slides-roadmap,process,roadmap,1,1,medium,roadmap classified as process with reuse potential across 1 repositories and 1 files.,mbarbine__platphorm-codex
shared-process,@platphorm/process,slides-platform-spec,process,specification,1,1,medium,specification classified as process with reuse potential across 1 repositories and 1 files.,mbarbine__platphorm-codex
shared-logic,@platphorm/logic,static-data,logic,business-logic,1,1,medium,business-logic classified as logic with reuse potential across 1 repositories and 1 files.,mbarbine__platphorm-codex
shared-logic,@platphorm/logic,utils-server,logic,utility,1,1,medium,utility classified as logic with reuse potential across 1 repositories and 1 files.,mbarbine__platphorm-codex
shared-logic,@platphorm/logic,cloudflare,logic,business-logic,1,1,medium,business-logic classified as logic with reuse potential across 1 repositories and 1 files.,mbarbine__platphorm-codex
shared-process,@platphorm/process,launch-checklist,process,process-document,1,1,medium,process-document classified as process with reuse potential across 1 repositories and 1 files.,mbarbine__platphorm-content-showback-dashboard
shared-ai,@platphorm/ai,ai-confidence-indicator,ai,feature-ui,1,1,medium,feature-ui classified as ai with reuse potential across 1 repositories and 1 files.,mbarbine__platphorm-content-showback-dashboard
shared-logic,@platphorm/logic,get-user,logic,business-logic,1,1,medium,business-logic classified as logic with reuse potential across 1 repositories and 1 files.,mbarbine__platphorm-content-showback-dashboard
shared-logic,@platphorm/logic,demo-data-service,logic,business-logic,1,1,medium,business-logic classified as logic with reuse potential across 1 repositories and 1 files.,mbarbine__platphorm-content-showback-dashboard
shared-logic,@platphorm/logic,nested-play-data,logic,business-logic,1,1,medium,business-logic classified as logic with reuse potential across 1 repositories and 1 files.,mbarbine__platphorm-content-showback-dashboard
shared-logic,@platphorm/logic,session-manager,logic,business-logic,1,1,medium,business-logic classified as logic with reuse potential across 1 repositories and 1 files.,mbarbine__platphorm-content-showback-dashboard
shared-logic,@platphorm/logic,analytics-tracker,logic,business-logic,1,1,medium,business-logic classified as logic with reuse potential across 1 repositories and 1 files.,mbarbine__platphorm-content-showback-dashboard
shared-logic,@platphorm/logic,error-tracker,logic,business-logic,1,1,medium,business-logic classified as logic with reuse potential across 1 repositories and 1 files.,mbarbine__platphorm-content-showback-dashboard
shared-logic,@platphorm/logic,performance-monitor,logic,business-logic,1,1,medium,business-logic classified as logic with reuse potential across 1 repositories and 1 files.,mbarbine__platphorm-content-showback-dashboard
shared-logic,@platphorm/logic,notification-service,logic,business-logic,1,1,medium,business-logic classified as logic with reuse potential across 1 repositories and 1 files.,mbarbine__platphorm-content-showback-dashboard
shared-logic,@platphorm/logic,tooltip-content,logic,business-logic,1,1,medium,business-logic classified as logic with reuse potential across 1 repositories and 1 files.,mbarbine__platphorm-content-showback-dashboard
shared-logic,@platphorm/logic,enhanced-mock-data,logic,business-logic,1,1,medium,business-logic classified as logic with reuse potential across 1 repositories and 1 files.,mbarbine__platphorm-content-showback-dashboard
shared-process,@platphorm/process,guidance,process,process-document,1,1,medium,process-document classified as process with reuse potential across 1 repositories and 1 files.,mbarbine__platphorm-desa
shared-process,@platphorm/process,product-roadmap,process,roadmap,1,1,medium,roadmap classified as process with reuse potential across 1 repositories and 1 files.,mbarbine__platphorm-desa
shared-process,@platphorm/process,privacy,process,process-document,1,1,medium,process-document classified as process with reuse potential across 1 repositories and 1 files.,mbarbine__platphorm-desa
shared-process,@platphorm/process,data,process,process-document,1,1,medium,process-document classified as process with reuse potential across 1 repositories and 1 files.,mbarbine__platphorm-desa
shared-process,@platphorm/process,api-specification,process,specification,1,1,medium,specification classified as process with reuse potential across 1 repositories and 1 files.,mbarbine__platphorm-desa
shared-process,@platphorm/process,maintenance,process,process-document,1,1,medium,process-document classified as process with reuse potential across 1 repositories and 1 files.,mbarbine__platphorm-desa
shared-process,@platphorm/process,platphormnews,process,process-document,1,1,medium,process-document classified as process with reuse potential across 1 repositories and 1 files.,mbarbine__platphorm-desa
shared-process,@platphorm/process,integration-roadmap,process,roadmap,1,1,medium,roadmap classified as process with reuse potential across 1 repositories and 1 files.,mbarbine__platphorm-desa
shared-process,@platphorm/process,ux-ui-roadmap,process,roadmap,1,1,medium,roadmap classified as process with reuse potential across 1 repositories and 1 files.,mbarbine__platphorm-desa
shared-process,@platphorm/process,system-architecture,process,process-document,1,1,medium,process-document classified as process with reuse potential across 1 repositories and 1 files.,mbarbine__platphorm-desa
shared-logic,@platphorm/logic,integration,logic,business-logic,1,1,medium,business-logic classified as logic with reuse potential across 1 repositories and 1 files.,mbarbine__platphorm-desa
shared-logic,@platphorm/logic,ioc-extractor-categorization,logic,business-logic,1,1,medium,business-logic classified as logic with reuse potential across 1 repositories and 1 files.,mbarbine__platphorm-desa
shared-logic,@platphorm/logic,ioc-extractor,logic,business-logic,1,1,medium,business-logic classified as logic with reuse potential across 1 repositories and 1 files.,mbarbine__platphorm-desa
shared-logic,@platphorm/logic,patterns,logic,business-logic,1,1,medium,business-logic classified as logic with reuse potential across 1 repositories and 1 files.,mbarbine__platphorm-desa
shared-logic,@platphorm/logic,decoders,logic,business-logic,1,1,medium,business-logic classified as logic with reuse potential across 1 repositories and 1 files.,mbarbine__platphorm-desa
shared-logic,@platphorm/logic,mcp-route,logic,business-logic,1,1,medium,business-logic classified as logic with reuse potential across 1 repositories and 1 files.,mbarbine__platphorm-desa
shared-ai,@platphorm/ai,adapter,ai,ai-integration,1,1,medium,ai-integration classified as ai with reuse potential across 1 repositories and 1 files.,mbarbine__platphorm-desa
shared-process,@platphorm/process,implementation-complete,process,process-document,1,1,medium,process-document classified as process with reuse potential across 1 repositories and 1 files.,mbarbine__platphorm-design
shared-process,@platphorm/process,ax-ux,process,process-document,1,1,medium,process-document classified as process with reuse potential across 1 repositories and 1 files.,mbarbine__platphorm-design
shared-process,@platphorm/process,i18n,process,process-document,1,1,medium,process-document classified as process with reuse potential across 1 repositories and 1 files.,mbarbine__platphorm-design
shared-process,@platphorm/process,seo-aeo,process,process-document,1,1,medium,process-document classified as process with reuse potential across 1 repositories and 1 files.,mbarbine__platphorm-design
shared-process,@platphorm/process,features-implemented,process,process-document,1,1,medium,process-document classified as process with reuse potential across 1 repositories and 1 files.,mbarbine__platphorm-design
shared-ai,@platphorm/ai,ai-assistant,ai,feature-ui,1,1,medium,feature-ui classified as ai with reuse potential across 1 repositories and 1 files.,mbarbine__platphorm-design
shared-logic,@platphorm/logic,canvas-utils,logic,utility,1,1,medium,utility classified as logic with reuse potential across 1 repositories and 1 files.,mbarbine__platphorm-design
shared-logic,@platphorm/logic,export-utils,logic,utility,1,1,medium,utility classified as logic with reuse potential across 1 repositories and 1 files.,mbarbine__platphorm-design
shared-logic,@platphorm/logic,server-store,logic,state-store,1,1,medium,state-store classified as logic with reuse potential across 1 repositories and 1 files.,mbarbine__platphorm-design
shared-logic,@platphorm/logic,design,logic,business-logic,1,1,medium,business-logic classified as logic with reuse potential across 1 repositories and 1 files.,mbarbine__platphorm-design
shared-process,@platphorm/process,navigation,process,specification,1,1,medium,specification classified as process with reuse potential across 1 repositories and 1 files.,mbarbine__platphorm-design
shared-process,@platphorm/process,layers,process,specification,1,1,medium,specification classified as process with reuse potential across 1 repositories and 1 files.,mbarbine__platphorm-design
shared-process,@platphorm/process,submit,process,specification,1,1,medium,specification classified as process with reuse potential across 1 repositories and 1 files.,mbarbine__platphorm-design
shared-process,@platphorm/process,theme,process,specification,1,1,medium,specification classified as process with reuse potential across 1 repositories and 1 files.,mbarbine__platphorm-design
shared-logic,@platphorm/logic,trace-realm-schema,logic,schema-validation,1,1,medium,schema-validation classified as logic with reuse potential across 1 repositories and 1 files.,mbarbine__platphorm-dictionary
shared-automation,@platphorm/automation,run-tests,automation,automation-config,1,1,medium,automation-config classified as automation with reuse potential across 1 repositories and 1 files.,mbarbine__platphorm-dictionary
shared-logic,@platphorm/logic,export-generators,logic,business-logic,1,1,medium,business-logic classified as logic with reuse potential across 1 repositories and 1 files.,mbarbine__platphorm-dictionary
shared-logic,@platphorm/logic,seed-data,logic,business-logic,1,1,medium,business-logic classified as logic with reuse potential across 1 repositories and 1 files.,mbarbine__platphorm-dictionary
shared-process,@platphorm/process,mcp-integration,process,process-document,1,1,medium,process-document classified as process with reuse potential across 1 repositories and 1 files.,mbarbine__platphorm-emoji
shared-logic,@platphorm/logic,use-unicode-emoji-store,logic,state-store,1,1,medium,state-store classified as logic with reuse potential across 1 repositories and 1 files.,mbarbine__platphorm-emoji
shared-automation,@platphorm/automation,build-emoji-db,automation,automation-config,1,1,medium,automation-config classified as automation with reuse potential across 1 repositories and 1 files.,mbarbine__platphorm-emoji
shared-automation,@platphorm/automation,parse-emoji-list,automation,automation-config,1,1,medium,automation-config classified as automation with reuse potential across 1 repositories and 1 files.,mbarbine__platphorm-emoji
shared-process,@platphorm/process,vercel-output,process,process-document,1,1,medium,process-document classified as process with reuse potential across 1 repositories and 1 files.,mbarbine__platphorm-evals
shared-process,@platphorm/process,production-build-summary,process,process-document,1,1,medium,process-document classified as process with reuse potential across 1 repositories and 1 files.,mbarbine__platphorm-evals
shared-process,@platphorm/process,build-fix-summary,process,process-document,1,1,medium,process-document classified as process with reuse potential across 1 repositories and 1 files.,mbarbine__platphorm-evals
shared-process,@platphorm/process,build-index,process,process-document,1,1,medium,process-document classified as process with reuse potential across 1 repositories and 1 files.,mbarbine__platphorm-evals
shared-logic,@platphorm/logic,test-db-schema,logic,schema-validation,1,1,medium,schema-validation classified as logic with reuse potential across 1 repositories and 1 files.,mbarbine__platphorm-evals
shared-ai,@platphorm/ai,evals,ai,ai-eval,1,1,medium,ai-eval classified as ai with reuse potential across 1 repositories and 1 files.,mbarbine__platphorm-evals
shared-ai,@platphorm/ai,graders,ai,ai-integration,1,1,medium,ai-integration classified as ai with reuse potential across 1 repositories and 1 files.,mbarbine__platphorm-evals
shared-process,@platphorm/process,implementation-checklist,process,process-document,1,1,medium,process-document classified as process with reuse potential across 1 repositories and 1 files.,mbarbine__platphorm-evals
shared-process,@platphorm/process,data-model,process,process-document,1,1,medium,process-document classified as process with reuse potential across 1 repositories and 1 files.,mbarbine__platphorm-evals
shared-process,@platphorm/process,troubleshooting,process,process-document,1,1,medium,process-document classified as process with reuse potential across 1 repositories and 1 files.,mbarbine__platphorm-evals
shared-process,@platphorm/process,api-surface,process,process-document,1,1,medium,process-document classified as process with reuse potential across 1 repositories and 1 files.,mbarbine__platphorm-evals
shared-process,@platphorm/process,build-guide,process,process-document,1,1,medium,process-document classified as process with reuse potential across 1 repositories and 1 files.,mbarbine__platphorm-evals
shared-process,@platphorm/process,build-checklist,process,process-document,1,1,medium,process-document classified as process with reuse potential across 1 repositories and 1 files.,mbarbine__platphorm-evals
shared-automation,@platphorm/automation,summary,automation,script,1,1,medium,script classified as automation with reuse potential across 1 repositories and 1 files.,mbarbine__platphorm-evals
shared-automation,@platphorm/automation,fix-package,automation,automation-config,1,1,medium,automation-config classified as automation with reuse potential across 1 repositories and 1 files.,mbarbine__platphorm-evals
shared-automation,@platphorm/automation,diagnose,automation,script,1,1,medium,script classified as automation with reuse potential across 1 repositories and 1 files.,mbarbine__platphorm-evals
shared-automation,@platphorm/automation,test-build,automation,script,1,1,medium,script classified as automation with reuse potential across 1 repositories and 1 files.,mbarbine__platphorm-evals
shared-logic,@platphorm/logic,release-gate-service,logic,business-logic,1,1,medium,business-logic classified as logic with reuse potential across 1 repositories and 1 files.,mbarbine__platphorm-evals
shared-logic,@platphorm/logic,suite-service,logic,business-logic,1,1,medium,business-logic classified as logic with reuse potential across 1 repositories and 1 files.,mbarbine__platphorm-evals
shared-logic,@platphorm/logic,run-orchestrator,logic,business-logic,1,1,medium,business-logic classified as logic with reuse potential across 1 repositories and 1 files.,mbarbine__platphorm-evals
shared-logic,@platphorm/logic,dataset-service,logic,business-logic,1,1,medium,business-logic classified as logic with reuse potential across 1 repositories and 1 files.,mbarbine__platphorm-evals
shared-logic,@platphorm/logic,sync,logic,business-logic,1,1,medium,business-logic classified as logic with reuse potential across 1 repositories and 1 files.,mbarbine__platphorm-evals
shared-logic,@platphorm/logic,browserops-client,logic,business-logic,1,1,medium,business-logic classified as logic with reuse potential across 1 repositories and 1 files.,mbarbine__platphorm-evals
shared-logic,@platphorm/logic,agentui-client,logic,business-logic,1,1,medium,business-logic classified as logic with reuse potential across 1 repositories and 1 files.,mbarbine__platphorm-evals
shared-logic,@platphorm/logic,webhooklab-client,logic,business-logic,1,1,medium,business-logic classified as logic with reuse potential across 1 repositories and 1 files.,mbarbine__platphorm-evals
shared-logic,@platphorm/logic,docs-client,logic,business-logic,1,1,medium,business-logic classified as logic with reuse potential across 1 repositories and 1 files.,mbarbine__platphorm-evals
shared-logic,@platphorm/logic,network-graph-client,logic,business-logic,1,1,medium,business-logic classified as logic with reuse potential across 1 repositories and 1 files.,mbarbine__platphorm-evals
shared-logic,@platphorm/logic,mcp-hub-client,logic,business-logic,1,1,medium,business-logic classified as logic with reuse potential across 1 repositories and 1 files.,mbarbine__platphorm-evals
shared-logic,@platphorm/logic,spec-client,logic,business-logic,1,1,medium,business-logic classified as logic with reuse potential across 1 repositories and 1 files.,mbarbine__platphorm-evals
shared-logic,@platphorm/logic,sandbox-client,logic,business-logic,1,1,medium,business-logic classified as logic with reuse potential across 1 repositories and 1 files.,mbarbine__platphorm-evals
shared-logic,@platphorm/logic,claws-sync,logic,business-logic,1,1,medium,business-logic classified as logic with reuse potential across 1 repositories and 1 files.,mbarbine__platphorm-evals
shared-logic,@platphorm/logic,local-upsert,logic,business-logic,1,1,medium,business-logic classified as logic with reuse potential across 1 repositories and 1 files.,mbarbine__platphorm-evals
shared-logic,@platphorm/logic,mcp-sync,logic,business-logic,1,1,medium,business-logic classified as logic with reuse potential across 1 repositories and 1 files.,mbarbine__platphorm-evals
shared-logic,@platphorm/logic,service-probing,logic,business-logic,1,1,medium,business-logic classified as logic with reuse potential across 1 repositories and 1 files.,mbarbine__platphorm-evals
shared-logic,@platphorm/logic,grader-service,logic,business-logic,1,1,medium,business-logic classified as logic with reuse potential across 1 repositories and 1 files.,mbarbine__platphorm-evals
shared-logic,@platphorm/logic,regression-service,logic,algorithm,1,1,medium,algorithm classified as logic with reuse potential across 1 repositories and 1 files.,mbarbine__platphorm-evals
shared-logic,@platphorm/logic,scorecard-service,logic,algorithm,1,1,medium,algorithm classified as logic with reuse potential across 1 repositories and 1 files.,mbarbine__platphorm-evals
shared-logic,@platphorm/logic,local-store,logic,state-store,1,1,medium,state-store classified as logic with reuse potential across 1 repositories and 1 files.,mbarbine__platphorm-fingerprint-service
shared-logic,@platphorm/logic,compare,logic,business-logic,1,1,medium,business-logic classified as logic with reuse potential across 1 repositories and 1 files.,mbarbine__platphorm-fingerprint-service
shared-logic,@platphorm/logic,hash,logic,business-logic,1,1,medium,business-logic classified as logic with reuse potential across 1 repositories and 1 files.,mbarbine__platphorm-fingerprint-service
shared-logic,@platphorm/logic,collector,logic,business-logic,1,1,medium,business-logic classified as logic with reuse potential across 1 repositories and 1 files.,mbarbine__platphorm-fingerprint-service
shared-logic,@platphorm/logic,canvas,logic,business-logic,1,1,medium,business-logic classified as logic with reuse potential across 1 repositories and 1 files.,mbarbine__platphorm-fingerprint-service
shared-logic,@platphorm/logic,timezone,logic,business-logic,1,1,medium,business-logic classified as logic with reuse potential across 1 repositories and 1 files.,mbarbine__platphorm-fingerprint-service
shared-logic,@platphorm/logic,fonts,logic,business-logic,1,1,medium,business-logic classified as logic with reuse potential across 1 repositories and 1 files.,mbarbine__platphorm-fingerprint-service
shared-logic,@platphorm/logic,lies,logic,business-logic,1,1,medium,business-logic classified as logic with reuse potential across 1 repositories and 1 files.,mbarbine__platphorm-fingerprint-service
shared-logic,@platphorm/logic,audio,logic,business-logic,1,1,medium,business-logic classified as logic with reuse potential across 1 repositories and 1 files.,mbarbine__platphorm-fingerprint-service
shared-logic,@platphorm/logic,navigator,logic,business-logic,1,1,medium,business-logic classified as logic with reuse potential across 1 repositories and 1 files.,mbarbine__platphorm-fingerprint-service
shared-logic,@platphorm/logic,domrect,logic,business-logic,1,1,medium,business-logic classified as logic with reuse potential across 1 repositories and 1 files.,mbarbine__platphorm-fingerprint-service
shared-logic,@platphorm/logic,resistance,logic,business-logic,1,1,medium,business-logic classified as logic with reuse potential across 1 repositories and 1 files.,mbarbine__platphorm-fingerprint-service
shared-logic,@platphorm/logic,webgl,logic,business-logic,1,1,medium,business-logic classified as logic with reuse potential across 1 repositories and 1 files.,mbarbine__platphorm-fingerprint-service
shared-logic,@platphorm/logic,headless,logic,business-logic,1,1,medium,business-logic classified as logic with reuse potential across 1 repositories and 1 files.,mbarbine__platphorm-fingerprint-service
shared-logic,@platphorm/logic,screen,logic,business-logic,1,1,medium,business-logic classified as logic with reuse potential across 1 repositories and 1 files.,mbarbine__platphorm-fingerprint-service
shared-logic,@platphorm/logic,generators,logic,business-logic,1,1,medium,business-logic classified as logic with reuse potential across 1 repositories and 1 files.,mbarbine__platphorm-fingerprint-service
shared-ai,@platphorm/ai,provider,ai,ai-integration,1,1,medium,ai-integration classified as ai with reuse potential across 1 repositories and 1 files.,mbarbine__platphorm-fingerprint-service
shared-process,@platphorm/process,verification-checklist,process,process-document,1,1,medium,process-document classified as process with reuse potential across 1 repositories and 1 files.,mbarbine__platphorm-insights
shared-ai,@platphorm/ai,i18n,ai,ai-integration,1,1,medium,ai-integration classified as ai with reuse potential across 1 repositories and 1 files.,mbarbine__platphorm-insights
shared-ai,@platphorm/ai,project-completion-summary,ai,ai-integration,1,1,medium,ai-integration classified as ai with reuse potential across 1 repositories and 1 files.,mbarbine__platphorm-insights
shared-process,@platphorm/process,pageinsights-implementation,process,process-document,1,1,medium,process-document classified as process with reuse potential across 1 repositories and 1 files.,mbarbine__platphorm-insights
shared-process,@platphorm/process,references,process,process-document,1,1,medium,process-document classified as process with reuse potential across 1 repositories and 1 files.,mbarbine__platphorm-insights
shared-process,@platphorm/process,implementation-verification-checklist,process,process-document,1,1,medium,process-document classified as process with reuse potential across 1 repositories and 1 files.,mbarbine__platphorm-insights
shared-logic,@platphorm/logic,core-web-vitals,logic,business-logic,1,1,medium,business-logic classified as logic with reuse potential across 1 repositories and 1 files.,mbarbine__platphorm-insights
shared-logic,@platphorm/logic,discovery-engine,logic,business-logic,1,1,medium,business-logic classified as logic with reuse potential across 1 repositories and 1 files.,mbarbine__platphorm-insights
shared-logic,@platphorm/logic,registry-ranking-validation,logic,schema-validation,1,1,medium,schema-validation classified as logic with reuse potential across 1 repositories and 1 files.,mbarbine__platphorm-insights
shared-logic,@platphorm/logic,page-insights-sdk,logic,business-logic,1,1,medium,business-logic classified as logic with reuse potential across 1 repositories and 1 files.,mbarbine__platphorm-insights
shared-logic,@platphorm/logic,enhanced-schema,logic,schema-validation,1,1,medium,schema-validation classified as logic with reuse potential across 1 repositories and 1 files.,mbarbine__platphorm-insights
shared-automation,@platphorm/automation,sitemap-update,automation,scheduled-job,1,1,medium,scheduled-job classified as automation with reuse potential across 1 repositories and 1 files.,mbarbine__platphorm-insights
shared-process,@platphorm/process,ph3-ar-architecture,process,process-document,1,1,medium,process-document classified as process with reuse potential across 1 repositories and 1 files.,mbarbine__platphorm-insights
shared-logic,@platphorm/logic,framework-helpers,logic,utility,1,1,medium,utility classified as logic with reuse potential across 1 repositories and 1 files.,mbarbine__platphorm-insights
shared-automation,@platphorm/automation,check-build,automation,script,1,1,medium,script classified as automation with reuse potential across 1 repositories and 1 files.,mbarbine__platphorm-insights
shared-automation,@platphorm/automation,verify-build,automation,script,1,1,medium,script classified as automation with reuse potential across 1 repositories and 1 files.,mbarbine__platphorm-insights
shared-ai,@platphorm/ai,run-eval-audience,ai,ai-eval,1,1,medium,ai-eval classified as ai with reuse potential across 1 repositories and 1 files.,mbarbine__platphorm-insights
shared-ai,@platphorm/ai,run-eval,ai,ai-eval,1,1,medium,ai-eval classified as ai with reuse potential across 1 repositories and 1 files.,mbarbine__platphorm-insights
shared-logic,@platphorm/logic,screenshots,logic,business-logic,1,1,medium,business-logic classified as logic with reuse potential across 1 repositories and 1 files.,mbarbine__platphorm-insights
shared-logic,@platphorm/logic,bridge,logic,business-logic,1,1,medium,business-logic classified as logic with reuse potential across 1 repositories and 1 files.,mbarbine__platphorm-insights
shared-logic,@platphorm/logic,test-registry,logic,business-logic,1,1,medium,business-logic classified as logic with reuse potential across 1 repositories and 1 files.,mbarbine__platphorm-insights
shared-logic,@platphorm/logic,ranking,logic,algorithm,1,1,medium,algorithm classified as logic with reuse potential across 1 repositories and 1 files.,mbarbine__platphorm-insights
shared-logic,@platphorm/logic,safe-html-parser,logic,parser,1,1,medium,parser classified as logic with reuse potential across 1 repositories and 1 files.,mbarbine__platphorm-insights
shared-logic,@platphorm/logic,server-insights,logic,business-logic,1,1,medium,business-logic classified as logic with reuse potential across 1 repositories and 1 files.,mbarbine__platphorm-insights
shared-logic,@platphorm/logic,export,logic,business-logic,1,1,medium,business-logic classified as logic with reuse potential across 1 repositories and 1 files.,mbarbine__platphorm-insights
shared-logic,@platphorm/logic,compliance,logic,business-logic,1,1,medium,business-logic classified as logic with reuse potential across 1 repositories and 1 files.,mbarbine__platphorm-insights
shared-ai,@platphorm/ai,ai-analysis,ai,ai-integration,1,1,medium,ai-integration classified as ai with reuse potential across 1 repositories and 1 files.,mbarbine__platphorm-insights
shared-logic,@platphorm/logic,carbon,logic,business-logic,1,1,medium,business-logic classified as logic with reuse potential across 1 repositories and 1 files.,mbarbine__platphorm-insights
shared-logic,@platphorm/logic,routing,logic,business-logic,1,1,medium,business-logic classified as logic with reuse potential across 1 repositories and 1 files.,mbarbine__platphorm-insights
shared-process,@platphorm/process,testing-instructions,process,process-document,1,1,medium,process-document classified as process with reuse potential across 1 repositories and 1 files.,mbarbine__platphorm-jobs
shared-process,@platphorm/process,calendar,process,ui-primitive,1,1,medium,ui-primitive classified as process with reuse potential across 1 repositories and 1 files.,mbarbine__platphorm-jobs
shared-process,@platphorm/process,jitsi,process,process-document,1,1,medium,process-document classified as process with reuse potential across 1 repositories and 1 files.,mbarbine__platphorm-jobs
shared-process,@platphorm/process,kanban,process,process-document,1,1,medium,process-document classified as process with reuse potential across 1 repositories and 1 files.,mbarbine__platphorm-jobs
shared-process,@platphorm/process,sitemap,process,process-document,1,1,medium,process-document classified as process with reuse potential across 1 repositories and 1 files.,mbarbine__platphorm-jobs
shared-process,@platphorm/process,grok,process,process-document,1,1,medium,process-document classified as process with reuse potential across 1 repositories and 1 files.,mbarbine__platphorm-jobs
shared-automation,@platphorm/automation,jobs-server-store,automation,automation-config,1,1,medium,automation-config classified as automation with reuse potential across 1 repositories and 1 files.,mbarbine__platphorm-jobs
shared-logic,@platphorm/logic,namespace-schema,logic,schema-validation,1,1,medium,schema-validation classified as logic with reuse potential across 1 repositories and 1 files.,mbarbine__platphorm-json
shared-logic,@platphorm/logic,document-schema,logic,schema-validation,1,1,medium,schema-validation classified as logic with reuse potential across 1 repositories and 1 files.,mbarbine__platphorm-json
shared-logic,@platphorm/logic,universe-schema,logic,schema-validation,1,1,medium,schema-validation classified as logic with reuse potential across 1 repositories and 1 files.,mbarbine__platphorm-json
shared-logic,@platphorm/logic,episode-schema,logic,schema-validation,1,1,medium,schema-validation classified as logic with reuse potential across 1 repositories and 1 files.,mbarbine__platphorm-json
shared-logic,@platphorm/logic,schema-registry,logic,schema-validation,1,1,medium,schema-validation classified as logic with reuse potential across 1 repositories and 1 files.,mbarbine__platphorm-json
shared-logic,@platphorm/logic,yaml,logic,business-logic,1,1,medium,business-logic classified as logic with reuse potential across 1 repositories and 1 files.,mbarbine__platphorm-json
shared-logic,@platphorm/logic,sharing,logic,business-logic,1,1,medium,business-logic classified as logic with reuse potential across 1 repositories and 1 files.,mbarbine__platphorm-json
shared-process,@platphorm/process,route,process,onboarding,1,1,medium,onboarding classified as process with reuse potential across 1 repositories and 1 files.,mbarbine__platphorm-jules
shared-logic,@platphorm/logic,jules-mcp-server,logic,business-logic,1,1,medium,business-logic classified as logic with reuse potential across 1 repositories and 1 files.,mbarbine__platphorm-jules
shared-logic,@platphorm/logic,jules-upstream,logic,business-logic,1,1,medium,business-logic classified as logic with reuse potential across 1 repositories and 1 files.,mbarbine__platphorm-jules
shared-ai,@platphorm/ai,jules-model,ai,ai-integration,1,1,medium,ai-integration classified as ai with reuse potential across 1 repositories and 1 files.,mbarbine__platphorm-jules
shared-logic,@platphorm/logic,platform-security,logic,business-logic,1,1,medium,business-logic classified as logic with reuse potential across 1 repositories and 1 files.,mbarbine__platphorm-jules
shared-logic,@platphorm/logic,platform-integrations,logic,business-logic,1,1,medium,business-logic classified as logic with reuse potential across 1 repositories and 1 files.,mbarbine__platphorm-jules
shared-logic,@platphorm/logic,jules-local-store,logic,state-store,1,1,medium,state-store classified as logic with reuse potential across 1 repositories and 1 files.,mbarbine__platphorm-jules
shared-logic,@platphorm/logic,jules-v0,logic,business-logic,1,1,medium,business-logic classified as logic with reuse potential across 1 repositories and 1 files.,mbarbine__platphorm-jules
shared-process,@platphorm/process,jules-live,process,specification,1,1,medium,specification classified as process with reuse potential across 1 repositories and 1 files.,mbarbine__platphorm-jules
shared-process,@platphorm/process,pr-message,process,process-document,1,1,medium,process-document classified as process with reuse potential across 1 repositories and 1 files.,mbarbine__platphorm-kanban
shared-ai,@platphorm/ai,route,ai,ai-eval,1,1,medium,ai-eval classified as ai with reuse potential across 1 repositories and 1 files.,mbarbine__platphorm-kanban
shared-process,@platphorm/process,board-workflow,process,process-document,1,1,medium,process-document classified as process with reuse potential across 1 repositories and 1 files.,mbarbine__platphorm-kanban
shared-process,@platphorm/process,mcp-workflow,process,process-document,1,1,medium,process-document classified as process with reuse potential across 1 repositories and 1 files.,mbarbine__platphorm-kanban
shared-logic,@platphorm/logic,mcp-client-extended,logic,business-logic,1,1,medium,business-logic classified as logic with reuse potential across 1 repositories and 1 files.,mbarbine__platphorm-kanban
shared-logic,@platphorm/logic,platform-api,logic,business-logic,1,1,medium,business-logic classified as logic with reuse potential across 1 repositories and 1 files.,mbarbine__platphorm-kanban
shared-logic,@platphorm/logic,public-calendar-store,logic,state-store,1,1,medium,state-store classified as logic with reuse potential across 1 repositories and 1 files.,mbarbine__platphorm-kanban
shared-logic,@platphorm/logic,kanban-api-handlers,logic,business-logic,1,1,medium,business-logic classified as logic with reuse potential across 1 repositories and 1 files.,mbarbine__platphorm-kanban
shared-process,@platphorm/process,file-manifest,process,process-document,1,1,medium,process-document classified as process with reuse potential across 1 repositories and 1 files.,mbarbine__platphorm-keys
shared-ai,@platphorm/ai,completion-report,ai,ai-integration,1,1,medium,ai-integration classified as ai with reuse potential across 1 repositories and 1 files.,mbarbine__platphorm-keys
shared-process,@platphorm/process,keys-management-readme,process,process-document,1,1,medium,process-document classified as process with reuse potential across 1 repositories and 1 files.,mbarbine__platphorm-keys
shared-process,@platphorm/process,technical-documentation,process,process-document,1,1,medium,process-document classified as process with reuse potential across 1 repositories and 1 files.,mbarbine__platphorm-keys
shared-process,@platphorm/process,security-audit,process,process-document,1,1,medium,process-document classified as process with reuse potential across 1 repositories and 1 files.,mbarbine__platphorm-keys
shared-logic,@platphorm/logic,actions,logic,business-logic,1,1,medium,business-logic classified as logic with reuse potential across 1 repositories and 1 files.,mbarbine__platphorm-keys
shared-automation,@platphorm/automation,use-reduced-motion,automation,automation-config,1,1,medium,automation-config classified as automation with reuse potential across 1 repositories and 1 files.,mbarbine__platphorm-layout
shared-logic,@platphorm/logic,breadcrumbs,logic,business-logic,1,1,medium,business-logic classified as logic with reuse potential across 1 repositories and 1 files.,mbarbine__platphorm-layout
shared-logic,@platphorm/logic,meta,logic,business-logic,1,1,medium,business-logic classified as logic with reuse potential across 1 repositories and 1 files.,mbarbine__platphorm-layout
shared-logic,@platphorm/logic,exporters,logic,business-logic,1,1,medium,business-logic classified as logic with reuse potential across 1 repositories and 1 files.,mbarbine__platphorm-layout
shared-logic,@platphorm/logic,templates,logic,business-logic,1,1,medium,business-logic classified as logic with reuse potential across 1 repositories and 1 files.,mbarbine__platphorm-layout
shared-logic,@platphorm/logic,analyzer,logic,business-logic,1,1,medium,business-logic classified as logic with reuse potential across 1 repositories and 1 files.,mbarbine__platphorm-layout
shared-logic,@platphorm/logic,xml,logic,feature-ui,1,1,medium,feature-ui classified as logic with reuse potential across 1 repositories and 1 files.,mbarbine__platphorm-layout
shared-logic,@platphorm/logic,index,logic,utility,1,1,medium,utility classified as logic with reuse potential across 1 repositories and 1 files.,mbarbine__platphorm-layout
shared-logic,@platphorm/logic,index,logic,feature-ui,1,1,medium,feature-ui classified as logic with reuse potential across 1 repositories and 1 files.,mbarbine__platphorm-layout
shared-logic,@platphorm/logic,svg,logic,business-logic,1,1,medium,business-logic classified as logic with reuse potential across 1 repositories and 1 files.,mbarbine__platphorm-layout
shared-automation,@platphorm/automation,fix-tests,automation,script,1,1,medium,script classified as automation with reuse potential across 1 repositories and 1 files.,mbarbine__platphorm-mcp
shared-automation,@platphorm/automation,inline-cron,automation,scheduled-job,1,1,medium,scheduled-job classified as automation with reuse potential across 1 repositories and 1 files.,mbarbine__platphorm-mcp
shared-process,@platphorm/process,testing-roadmap,process,roadmap,1,1,medium,roadmap classified as process with reuse potential across 1 repositories and 1 files.,mbarbine__platphorm-mcp
shared-logic,@platphorm/logic,test-domain,logic,business-logic,1,1,medium,business-logic classified as logic with reuse potential across 1 repositories and 1 files.,mbarbine__platphorm-mcp
shared-automation,@platphorm/automation,revert-tests,automation,script,1,1,medium,script classified as automation with reuse potential across 1 repositories and 1 files.,mbarbine__platphorm-mcp
shared-ai,@platphorm/ai,protocol,ai,ai-integration,1,1,medium,ai-integration classified as ai with reuse potential across 1 repositories and 1 files.,mbarbine__platphorm-mcp
shared-ai,@platphorm/ai,hooks-ordering,ai,ai-integration,1,1,medium,ai-integration classified as ai with reuse potential across 1 repositories and 1 files.,mbarbine__platphorm-mcp
shared-automation,@platphorm/automation,webhooks-deploy-route,automation,automation-config,1,1,medium,automation-config classified as automation with reuse potential across 1 repositories and 1 files.,mbarbine__platphorm-mcp
shared-automation,@platphorm/automation,webhooks-vercel-route,automation,deployment-automation,1,1,medium,deployment-automation classified as automation with reuse potential across 1 repositories and 1 files.,mbarbine__platphorm-mcp
shared-ai,@platphorm/ai,registry,ai,ai-integration,1,1,medium,ai-integration classified as ai with reuse potential across 1 repositories and 1 files.,mbarbine__platphorm-mcp
shared-ai,@platphorm/ai,canonical-registry,ai,ai-integration,1,1,medium,ai-integration classified as ai with reuse potential across 1 repositories and 1 files.,mbarbine__platphorm-mcp
shared-ai,@platphorm/ai,prompts-production,ai,prompt-template,1,1,medium,prompt-template classified as ai with reuse potential across 1 repositories and 1 files.,mbarbine__platphorm-mcp
shared-process,@platphorm/process,mcp-config,process,process-document,1,1,medium,process-document classified as process with reuse potential across 1 repositories and 1 files.,mbarbine__platphorm-mcp
shared-process,@platphorm/process,accessibility,process,process-document,1,1,medium,process-document classified as process with reuse potential across 1 repositories and 1 files.,mbarbine__platphorm-mcp
shared-process,@platphorm/process,discovery,process,process-document,1,1,medium,process-document classified as process with reuse potential across 1 repositories and 1 files.,mbarbine__platphorm-mcp
shared-process,@platphorm/process,secret-modal,process,process-document,1,1,medium,process-document classified as process with reuse potential across 1 repositories and 1 files.,mbarbine__platphorm-mcp
shared-process,@platphorm/process,phase-2-plan,process,process-document,1,1,medium,process-document classified as process with reuse potential across 1 repositories and 1 files.,mbarbine__platphorm-mcp
shared-process,@platphorm/process,onboarding-observability,process,onboarding,1,1,medium,onboarding classified as process with reuse potential across 1 repositories and 1 files.,mbarbine__platphorm-mcp
shared-process,@platphorm/process,internationalization,process,process-document,1,1,medium,process-document classified as process with reuse potential across 1 repositories and 1 files.,mbarbine__platphorm-mcp
shared-ai,@platphorm/ai,prompts-section,ai,feature-ui,1,1,medium,feature-ui classified as ai with reuse potential across 1 repositories and 1 files.,mbarbine__platphorm-mcp
shared-ai,@platphorm/ai,server-prompts,ai,feature-ui,1,1,medium,feature-ui classified as ai with reuse potential across 1 repositories and 1 files.,mbarbine__platphorm-mcp
shared-automation,@platphorm/automation,fix-tools-section,automation,script,1,1,medium,script classified as automation with reuse potential across 1 repositories and 1 files.,mbarbine__platphorm-mcp
shared-automation,@platphorm/automation,seed-mcp-data,automation,automation-config,1,1,medium,automation-config classified as automation with reuse potential across 1 repositories and 1 files.,mbarbine__platphorm-mcp
shared-automation,@platphorm/automation,update-tools-section,automation,script,1,1,medium,script classified as automation with reuse potential across 1 repositories and 1 files.,mbarbine__platphorm-mcp
shared-logic,@platphorm/logic,trust-policy,logic,business-logic,1,1,medium,business-logic classified as logic with reuse potential across 1 repositories and 1 files.,mbarbine__platphorm-mcp
shared-logic,@platphorm/logic,public-routes,logic,business-logic,1,1,medium,business-logic classified as logic with reuse potential across 1 repositories and 1 files.,mbarbine__platphorm-mcp
shared-logic,@platphorm/logic,sitemap-index,logic,business-logic,1,1,medium,business-logic classified as logic with reuse potential across 1 repositories and 1 files.,mbarbine__platphorm-mcp
shared-logic,@platphorm/logic,canonical-registry,logic,business-logic,1,1,medium,business-logic classified as logic with reuse potential across 1 repositories and 1 files.,mbarbine__platphorm-mcp
shared-logic,@platphorm/logic,github-sitemap,logic,business-logic,1,1,medium,business-logic classified as logic with reuse potential across 1 repositories and 1 files.,mbarbine__platphorm-mcp
shared-logic,@platphorm/logic,protocol,logic,business-logic,1,1,medium,business-logic classified as logic with reuse potential across 1 repositories and 1 files.,mbarbine__platphorm-mcp
shared-logic,@platphorm/logic,icons,logic,business-logic,1,1,medium,business-logic classified as logic with reuse potential across 1 repositories and 1 files.,mbarbine__platphorm-mcp
shared-logic,@platphorm/logic,reconciliation,logic,business-logic,1,1,medium,business-logic classified as logic with reuse potential across 1 repositories and 1 files.,mbarbine__platphorm-mcp
shared-logic,@platphorm/logic,federation,logic,business-logic,1,1,medium,business-logic classified as logic with reuse potential across 1 repositories and 1 files.,mbarbine__platphorm-mcp
shared-logic,@platphorm/logic,deployments,logic,business-logic,1,1,medium,business-logic classified as logic with reuse potential across 1 repositories and 1 files.,mbarbine__platphorm-mcp
shared-logic,@platphorm/logic,sites,logic,business-logic,1,1,medium,business-logic classified as logic with reuse potential across 1 repositories and 1 files.,mbarbine__platphorm-mcp
shared-logic,@platphorm/logic,phase1-contract,logic,business-logic,1,1,medium,business-logic classified as logic with reuse potential across 1 repositories and 1 files.,mbarbine__platphorm-mcp
shared-logic,@platphorm/logic,verticals,logic,business-logic,1,1,medium,business-logic classified as logic with reuse potential across 1 repositories and 1 files.,mbarbine__platphorm-mcp
shared-ai,@platphorm/ai,index,ai,prompt-template,1,1,medium,prompt-template classified as ai with reuse potential across 1 repositories and 1 files.,mbarbine__platphorm-mcp
shared-process,@platphorm/process,phase-1-platform-contract,process,process-document,1,1,medium,process-document classified as process with reuse potential across 1 repositories and 1 files.,mbarbine__platphorm-mini-games-webby
shared-automation,@platphorm/automation,platform-lint,automation,automation-config,1,1,medium,automation-config classified as automation with reuse potential across 1 repositories and 1 files.,mbarbine__platphorm-mini-games-webby
shared-logic,@platphorm/logic,routes,logic,business-logic,1,1,medium,business-logic classified as logic with reuse potential across 1 repositories and 1 files.,mbarbine__platphorm-mini-games-webby
shared-logic,@platphorm/logic,faq-data,logic,business-logic,1,1,medium,business-logic classified as logic with reuse potential across 1 repositories and 1 files.,mbarbine__platphorm-mini-games-webby
shared-process,@platphorm/process,api,process,specification,1,1,medium,specification classified as process with reuse potential across 1 repositories and 1 files.,mbarbine__platphorm-mini-games-webby
shared-automation,@platphorm/automation,pre-commit-instructions,automation,script,1,1,medium,script classified as automation with reuse potential across 1 repositories and 1 files.,mbarbine__platphorm-monitor
shared-automation,@platphorm/automation,utils,automation,infrastructure-automation,1,1,medium,infrastructure-automation classified as automation with reuse potential across 1 repositories and 1 files.,mbarbine__platphorm-monitor
shared-automation,@platphorm/automation,deployment-status-badge,automation,feature-ui,1,1,medium,feature-ui classified as automation with reuse potential across 1 repositories and 1 files.,mbarbine__platphorm-monitor
shared-ai,@platphorm/ai,seo-llm,ai,ai-integration,1,1,medium,ai-integration classified as ai with reuse potential across 1 repositories and 1 files.,mbarbine__platphorm-monitor
shared-automation,@platphorm/automation,route-benchmark,automation,scheduled-job,1,1,medium,scheduled-job classified as automation with reuse potential across 1 repositories and 1 files.,mbarbine__platphorm-monitor
shared-automation,@platphorm/automation,setup-dynamodb,automation,automation-config,1,1,medium,automation-config classified as automation with reuse potential across 1 repositories and 1 files.,mbarbine__platphorm-monitor
shared-logic,@platphorm/logic,baselines-bench,logic,business-logic,1,1,medium,business-logic classified as logic with reuse potential across 1 repositories and 1 files.,mbarbine__platphorm-monitor
shared-logic,@platphorm/logic,detector,logic,business-logic,1,1,medium,business-logic classified as logic with reuse potential across 1 repositories and 1 files.,mbarbine__platphorm-monitor
shared-logic,@platphorm/logic,incidents,logic,business-logic,1,1,medium,business-logic classified as logic with reuse potential across 1 repositories and 1 files.,mbarbine__platphorm-monitor
shared-logic,@platphorm/logic,timeout,logic,business-logic,1,1,medium,business-logic classified as logic with reuse potential across 1 repositories and 1 files.,mbarbine__platphorm-monitor
shared-logic,@platphorm/logic,checks,logic,business-logic,1,1,medium,business-logic classified as logic with reuse potential across 1 repositories and 1 files.,mbarbine__platphorm-monitor
shared-logic,@platphorm/logic,grouping,logic,business-logic,1,1,medium,business-logic classified as logic with reuse potential across 1 repositories and 1 files.,mbarbine__platphorm-monitor
shared-automation,@platphorm/automation,projects,automation,deployment-automation,1,1,medium,deployment-automation classified as automation with reuse potential across 1 repositories and 1 files.,mbarbine__platphorm-monitor
shared-logic,@platphorm/logic,dedup,logic,business-logic,1,1,medium,business-logic classified as logic with reuse potential across 1 repositories and 1 files.,mbarbine__platphorm-monitor
shared-logic,@platphorm/logic,cache-keys-bench,logic,business-logic,1,1,medium,business-logic classified as logic with reuse potential across 1 repositories and 1 files.,mbarbine__platphorm-monitor
shared-automation,@platphorm/automation,types,automation,deployment-automation,1,1,medium,deployment-automation classified as automation with reuse potential across 1 repositories and 1 files.,mbarbine__platphorm-monitor
shared-automation,@platphorm/automation,domains,automation,deployment-automation,1,1,medium,deployment-automation classified as automation with reuse potential across 1 repositories and 1 files.,mbarbine__platphorm-monitor
shared-automation,@platphorm/automation,dedup,automation,deployment-automation,1,1,medium,deployment-automation classified as automation with reuse potential across 1 repositories and 1 files.,mbarbine__platphorm-monitor
shared-automation,@platphorm/automation,vitest-setup,automation,automation-config,1,1,medium,automation-config classified as automation with reuse potential across 1 repositories and 1 files.,mbarbine__platphorm-msi-editor
shared-logic,@platphorm/logic,operations,logic,business-logic,1,1,medium,business-logic classified as logic with reuse potential across 1 repositories and 1 files.,mbarbine__platphorm-msi-editor
shared-logic,@platphorm/logic,msi-parser-extended,logic,parser,1,1,medium,parser classified as logic with reuse potential across 1 repositories and 1 files.,mbarbine__platphorm-msi-editor
shared-process,@platphorm/process,shopify-setup-verification,process,process-document,1,1,medium,process-document classified as process with reuse potential across 1 repositories and 1 files.,mbarbine__platphorm-newdittyswag-www
shared-process,@platphorm/process,shopify-access-token-guide,process,process-document,1,1,medium,process-document classified as process with reuse potential across 1 repositories and 1 files.,mbarbine__platphorm-newdittyswag-www
shared-process,@platphorm/process,deployment-instructions,process,process-document,1,1,medium,process-document classified as process with reuse potential across 1 repositories and 1 files.,mbarbine__platphorm-newdittyswag-www
shared-logic,@platphorm/logic,parse-shopify-domain,logic,parser,1,1,medium,parser classified as logic with reuse potential across 1 repositories and 1 files.,mbarbine__platphorm-newdittyswag-www
shared-logic,@platphorm/logic,hacker-news,logic,business-logic,1,1,medium,business-logic classified as logic with reuse potential across 1 repositories and 1 files.,mbarbine__platphorm-news-alt-theme
shared-logic,@platphorm/logic,db-sync,logic,business-logic,1,1,medium,business-logic classified as logic with reuse potential across 1 repositories and 1 files.,mbarbine__platphorm-news-alt-theme
shared-logic,@platphorm/logic,time,logic,utility,1,1,medium,utility classified as logic with reuse potential across 1 repositories and 1 files.,mbarbine__platphorm-news-alt-theme
shared-automation,@platphorm/automation,vercel-og-d,automation,deployment-automation,1,1,medium,deployment-automation classified as automation with reuse potential across 1 repositories and 1 files.,mbarbine__platphorm-onboard
shared-process,@platphorm/process,phase-2-automation,process,process-document,1,1,medium,process-document classified as process with reuse potential across 1 repositories and 1 files.,mbarbine__platphorm-onboard
shared-process,@platphorm/process,packages,process,process-document,1,1,medium,process-document classified as process with reuse potential across 1 repositories and 1 files.,mbarbine__platphorm-onboard
shared-process,@platphorm/process,onboard-platform-helpers,process,onboarding,1,1,medium,onboarding classified as process with reuse potential across 1 repositories and 1 files.,mbarbine__platphorm-onboard
shared-logic,@platphorm/logic,auth-policy,logic,business-logic,1,1,medium,business-logic classified as logic with reuse potential across 1 repositories and 1 files.,mbarbine__platphorm-onboard
shared-logic,@platphorm/logic,subdomains,logic,business-logic,1,1,medium,business-logic classified as logic with reuse potential across 1 repositories and 1 files.,mbarbine__platphorm-onboard
shared-logic,@platphorm/logic,applications,logic,business-logic,1,1,medium,business-logic classified as logic with reuse potential across 1 repositories and 1 files.,mbarbine__platphorm-onboard
shared-logic,@platphorm/logic,sessions,logic,business-logic,1,1,medium,business-logic classified as logic with reuse potential across 1 repositories and 1 files.,mbarbine__platphorm-onboard
shared-process,@platphorm/process,onboarding-wizard,process,onboarding,1,1,medium,onboarding classified as process with reuse potential across 1 repositories and 1 files.,mbarbine__platphorm-onboard
shared-process,@platphorm/process,sandbox,process,process-document,1,1,medium,process-document classified as process with reuse potential across 1 repositories and 1 files.,mbarbine__platphorm-openclaw
shared-process,@platphorm/process,code-health-pr,process,process-document,1,1,medium,process-document classified as process with reuse potential across 1 repositories and 1 files.,mbarbine__platphorm-openclaw
shared-process,@platphorm/process,submit-message,process,process-document,1,1,medium,process-document classified as process with reuse potential across 1 repositories and 1 files.,mbarbine__platphorm-openclaw
shared-process,@platphorm/process,platphormnews-architecture,process,process-document,1,1,medium,process-document classified as process with reuse potential across 1 repositories and 1 files.,mbarbine__platphorm-openclaw
shared-logic,@platphorm/logic,schemas-validation,logic,schema-validation,1,1,medium,schema-validation classified as logic with reuse potential across 1 repositories and 1 files.,mbarbine__platphorm-openclaw
shared-logic,@platphorm/logic,validator-errors,logic,schema-validation,1,1,medium,schema-validation classified as logic with reuse potential across 1 repositories and 1 files.,mbarbine__platphorm-openclaw
shared-logic,@platphorm/logic,openclaw-mcp,logic,business-logic,1,1,medium,business-logic classified as logic with reuse potential across 1 repositories and 1 files.,mbarbine__platphorm-openclaw
shared-logic,@platphorm/logic,mcp-tools,logic,business-logic,1,1,medium,business-logic classified as logic with reuse potential across 1 repositories and 1 files.,mbarbine__platphorm-openclaw
shared-ai,@platphorm/ai,agent,ai,agent,1,1,medium,agent classified as ai with reuse potential across 1 repositories and 1 files.,mbarbine__platphorm-openclaw
shared-automation,@platphorm/automation,webhooks,automation,scheduled-job,1,1,medium,scheduled-job classified as automation with reuse potential across 1 repositories and 1 files.,mbarbine__platphorm-openclaw
shared-automation,@platphorm/automation,queue,automation,scheduled-job,1,1,medium,scheduled-job classified as automation with reuse potential across 1 repositories and 1 files.,mbarbine__platphorm-openclaw
shared-process,@platphorm/process,identity,process,process-document,1,1,medium,process-document classified as process with reuse potential across 1 repositories and 1 files.,mbarbine__platphorm-openclaw
shared-process,@platphorm/process,heartbeat,process,process-document,1,1,medium,process-document classified as process with reuse potential across 1 repositories and 1 files.,mbarbine__platphorm-openclaw
shared-process,@platphorm/process,memory,process,process-document,1,1,medium,process-document classified as process with reuse potential across 1 repositories and 1 files.,mbarbine__platphorm-openclaw
shared-process,@platphorm/process,bootstrap,process,process-document,1,1,medium,process-document classified as process with reuse potential across 1 repositories and 1 files.,mbarbine__platphorm-openclaw
shared-process,@platphorm/process,user,process,process-document,1,1,medium,process-document classified as process with reuse potential across 1 repositories and 1 files.,mbarbine__platphorm-openclaw
shared-process,@platphorm/process,soul,process,process-document,1,1,medium,process-document classified as process with reuse potential across 1 repositories and 1 files.,mbarbine__platphorm-openclaw
shared-process,@platphorm/process,boot,process,process-document,1,1,medium,process-document classified as process with reuse potential across 1 repositories and 1 files.,mbarbine__platphorm-openclaw
shared-process,@platphorm/process,tools,process,process-document,1,1,medium,process-document classified as process with reuse potential across 1 repositories and 1 files.,mbarbine__platphorm-openclaw
shared-process,@platphorm/process,2026-03-18,process,process-document,1,1,medium,process-document classified as process with reuse potential across 1 repositories and 1 files.,mbarbine__platphorm-openclaw
shared-process,@platphorm/process,skill,process,process-document,1,1,medium,process-document classified as process with reuse potential across 1 repositories and 1 files.,mbarbine__platphorm-openclaw
shared-automation,@platphorm/automation,benchmark-webhooks,automation,automation-config,1,1,medium,automation-config classified as automation with reuse potential across 1 repositories and 1 files.,mbarbine__platphorm-openclaw
shared-logic,@platphorm/logic,generate-schemas,logic,business-logic,1,1,medium,business-logic classified as logic with reuse potential across 1 repositories and 1 files.,mbarbine__platphorm-openclaw
shared-logic,@platphorm/logic,opendocs,logic,business-logic,1,1,medium,business-logic classified as logic with reuse potential across 1 repositories and 1 files.,mbarbine__platphorm-openclaw
shared-logic,@platphorm/logic,memory,logic,business-logic,1,1,medium,business-logic classified as logic with reuse potential across 1 repositories and 1 files.,mbarbine__platphorm-openclaw
shared-logic,@platphorm/logic,platphormnews,logic,business-logic,1,1,medium,business-logic classified as logic with reuse potential across 1 repositories and 1 files.,mbarbine__platphorm-openclaw
shared-automation,@platphorm/automation,templates,automation,automation-config,1,1,medium,automation-config classified as automation with reuse potential across 1 repositories and 1 files.,mbarbine__platphorm-openclaw
shared-ai,@platphorm/ai,platphorm-agent,ai,agent,1,1,medium,agent classified as ai with reuse potential across 1 repositories and 1 files.,mbarbine__platphorm-openclaw
shared-logic,@platphorm/logic,extractors,logic,business-logic,1,1,medium,business-logic classified as logic with reuse potential across 1 repositories and 1 files.,mbarbine__platphorm-opencontent
shared-logic,@platphorm/logic,content-metadata,logic,business-logic,1,1,medium,business-logic classified as logic with reuse potential across 1 repositories and 1 files.,mbarbine__platphorm-opencontent
shared-process,@platphorm/process,docs-openapi,process,process-document,1,1,medium,process-document classified as process with reuse potential across 1 repositories and 1 files.,mbarbine__platphorm-opencontent
shared-automation,@platphorm/automation,cron-content-health,automation,scheduled-job,1,1,medium,scheduled-job classified as automation with reuse potential across 1 repositories and 1 files.,mbarbine__platphorm-opencontent
shared-automation,@platphorm/automation,cron-categories,automation,scheduled-job,1,1,medium,scheduled-job classified as automation with reuse potential across 1 repositories and 1 files.,mbarbine__platphorm-opencontent
shared-process,@platphorm/process,api-full-coverage,process,specification,1,1,medium,specification classified as process with reuse potential across 1 repositories and 1 files.,mbarbine__platphorm-opencontent
shared-logic,@platphorm/logic,content-types,logic,business-logic,1,1,medium,business-logic classified as logic with reuse potential across 1 repositories and 1 files.,mbarbine__platphorm-opencontent
shared-logic,@platphorm/logic,node-network,logic,business-logic,1,1,medium,business-logic classified as logic with reuse potential across 1 repositories and 1 files.,mbarbine__platphorm-opencontent
shared-logic,@platphorm/logic,bluesky,logic,business-logic,1,1,medium,business-logic classified as logic with reuse potential across 1 repositories and 1 files.,mbarbine__platphorm-opencontent
shared-logic,@platphorm/logic,tiktok,logic,business-logic,1,1,medium,business-logic classified as logic with reuse potential across 1 repositories and 1 files.,mbarbine__platphorm-opencontent
shared-logic,@platphorm/logic,instagram,logic,business-logic,1,1,medium,business-logic classified as logic with reuse potential across 1 repositories and 1 files.,mbarbine__platphorm-opencontent
shared-logic,@platphorm/logic,license,logic,business-logic,1,1,medium,business-logic classified as logic with reuse potential across 1 repositories and 1 files.,mbarbine__platphorm-opencontent
shared-logic,@platphorm/logic,soundcloud,logic,business-logic,1,1,medium,business-logic classified as logic with reuse potential across 1 repositories and 1 files.,mbarbine__platphorm-opencontent
shared-logic,@platphorm/logic,facebook,logic,business-logic,1,1,medium,business-logic classified as logic with reuse potential across 1 repositories and 1 files.,mbarbine__platphorm-opencontent
shared-logic,@platphorm/logic,x,logic,business-logic,1,1,medium,business-logic classified as logic with reuse potential across 1 repositories and 1 files.,mbarbine__platphorm-opencontent
shared-logic,@platphorm/logic,apple-podcasts,logic,business-logic,1,1,medium,business-logic classified as logic with reuse potential across 1 repositories and 1 files.,mbarbine__platphorm-opencontent
shared-logic,@platphorm/logic,vimeo,logic,business-logic,1,1,medium,business-logic classified as logic with reuse potential across 1 repositories and 1 files.,mbarbine__platphorm-opencontent
shared-logic,@platphorm/logic,podcast,logic,business-logic,1,1,medium,business-logic classified as logic with reuse potential across 1 repositories and 1 files.,mbarbine__platphorm-opencontent
shared-logic,@platphorm/logic,youtube,logic,business-logic,1,1,medium,business-logic classified as logic with reuse potential across 1 repositories and 1 files.,mbarbine__platphorm-opencontent
shared-logic,@platphorm/logic,boxcast,logic,business-logic,1,1,medium,business-logic classified as logic with reuse potential across 1 repositories and 1 files.,mbarbine__platphorm-opencontent
shared-logic,@platphorm/logic,clipping,logic,business-logic,1,1,medium,business-logic classified as logic with reuse potential across 1 repositories and 1 files.,mbarbine__platphorm-opendocs
shared-automation,@platphorm/automation,vercel-pro,automation,deployment-automation,1,1,medium,deployment-automation classified as automation with reuse potential across 1 repositories and 1 files.,mbarbine__platphorm-podcasts
shared-process,@platphorm/process,plan,process,process-document,1,1,medium,process-document classified as process with reuse potential across 1 repositories and 1 files.,mbarbine__platphorm-podcasts
shared-ai,@platphorm/ai,page,ai,ai-chat,1,1,medium,ai-chat classified as ai with reuse potential across 1 repositories and 1 files.,mbarbine__platphorm-podcasts
shared-ai,@platphorm/ai,page-client-reference-manifest,ai,ai-chat,1,1,medium,ai-chat classified as ai with reuse potential across 1 repositories and 1 files.,mbarbine__platphorm-podcasts
shared-ai,@platphorm/ai,page-js-nft,ai,ai-chat,1,1,medium,ai-chat classified as ai with reuse potential across 1 repositories and 1 files.,mbarbine__platphorm-podcasts
shared-ai,@platphorm/ai,react-loadable-manifest,ai,ai-chat,1,1,medium,ai-chat classified as ai with reuse potential across 1 repositories and 1 files.,mbarbine__platphorm-podcasts
shared-ai,@platphorm/ai,next-font-manifest,ai,ai-chat,1,1,medium,ai-chat classified as ai with reuse potential across 1 repositories and 1 files.,mbarbine__platphorm-podcasts
shared-ai,@platphorm/ai,route-client-reference-manifest,ai,ai-chat,1,1,medium,ai-chat classified as ai with reuse potential across 1 repositories and 1 files.,mbarbine__platphorm-podcasts
shared-ai,@platphorm/ai,route-js-nft,ai,ai-chat,1,1,medium,ai-chat classified as ai with reuse potential across 1 repositories and 1 files.,mbarbine__platphorm-podcasts
shared-automation,@platphorm/automation,0idx-next-dist-compiled-vercel-og-0neebny,automation,deployment-automation,1,1,medium,deployment-automation classified as automation with reuse potential across 1 repositories and 1 files.,mbarbine__platphorm-podcasts
shared-automation,@platphorm/automation,next-internal-server-app-api-cron-sync-catalog-route-actions-0dpotyj,automation,scheduled-job,1,1,medium,scheduled-job classified as automation with reuse potential across 1 repositories and 1 files.,mbarbine__platphorm-podcasts
shared-logic,@platphorm/logic,lib-rss-ts-09m6lac,logic,business-logic,1,1,medium,business-logic classified as logic with reuse potential across 1 repositories and 1 files.,mbarbine__platphorm-podcasts
shared-automation,@platphorm/automation,next-internal-server-app-api-cron-validate-feeds-route-actions-0wyp9-t,automation,scheduled-job,1,1,medium,scheduled-job classified as automation with reuse potential across 1 repositories and 1 files.,mbarbine__platphorm-podcasts
shared-ai,@platphorm/ai,next-internal-server-app-api-ai-chat-route-actions-0bp-rsc,ai,ai-chat,1,1,medium,ai-chat classified as ai with reuse potential across 1 repositories and 1 files.,mbarbine__platphorm-podcasts
shared-logic,@platphorm/logic,lib-rss-ts-0lisoka,logic,business-logic,1,1,medium,business-logic classified as logic with reuse potential across 1 repositories and 1 files.,mbarbine__platphorm-podcasts
shared-ai,@platphorm/ai,next-internal-server-app-api-ai-recommend-route-actions-0q1epz,ai,ai-integration,1,1,medium,ai-integration classified as ai with reuse potential across 1 repositories and 1 files.,mbarbine__platphorm-podcasts
shared-ai,@platphorm/ai,next-internal-server-app-well-known-ai-plugin-json-route-actions-0zbcj-f,ai,ai-integration,1,1,medium,ai-integration classified as ai with reuse potential across 1 repositories and 1 files.,mbarbine__platphorm-podcasts
shared-automation,@platphorm/automation,0ozc-vercel-oidc-dist-token-0m1934l,automation,deployment-automation,1,1,medium,deployment-automation classified as automation with reuse potential across 1 repositories and 1 files.,mbarbine__platphorm-podcasts
shared-ai,@platphorm/ai,next-internal-server-app-api-ai-analyze-route-actions-0p-7b9a,ai,ai-integration,1,1,medium,ai-integration classified as ai with reuse potential across 1 repositories and 1 files.,mbarbine__platphorm-podcasts
shared-ai,@platphorm/ai,next-internal-server-app-chat-page-actions-0ymiytn,ai,ai-chat,1,1,medium,ai-chat classified as ai with reuse potential across 1 repositories and 1 files.,mbarbine__platphorm-podcasts
shared-automation,@platphorm/automation,0ozc-vercel-oidc-dist-token-0qkzh69,automation,deployment-automation,1,1,medium,deployment-automation classified as automation with reuse potential across 1 repositories and 1 files.,mbarbine__platphorm-podcasts
shared-process,@platphorm/process,app-api-docs-page-tsx-134x5g4,process,process-document,1,1,medium,process-document classified as process with reuse potential across 1 repositories and 1 files.,mbarbine__platphorm-podcasts
shared-process,@platphorm/process,podcasts-phase1,process,specification,1,1,medium,specification classified as process with reuse potential across 1 repositories and 1 files.,mbarbine__platphorm-podcasts
shared-process,@platphorm/process,feeds-index,process,process-document,1,1,medium,process-document classified as process with reuse potential across 1 repositories and 1 files.,mbarbine__platphorm-podcasts
shared-automation,@platphorm/automation,register-cron,automation,scheduled-job,1,1,medium,scheduled-job classified as automation with reuse potential across 1 repositories and 1 files.,mbarbine__platphorm-podcasts
shared-automation,@platphorm/automation,test-integrations,automation,automation-config,1,1,medium,automation-config classified as automation with reuse potential across 1 repositories and 1 files.,mbarbine__platphorm-podcasts
shared-logic,@platphorm/logic,podcast-ingest,logic,business-logic,1,1,medium,business-logic classified as logic with reuse potential across 1 repositories and 1 files.,mbarbine__platphorm-podcasts
shared-logic,@platphorm/logic,feed-validator,logic,schema-validation,1,1,medium,schema-validation classified as logic with reuse potential across 1 repositories and 1 files.,mbarbine__platphorm-podcasts
shared-logic,@platphorm/logic,crypto-utils,logic,utility,1,1,medium,utility classified as logic with reuse potential across 1 repositories and 1 files.,mbarbine__platphorm-podcasts
shared-logic,@platphorm/logic,podcasts,logic,business-logic,1,1,medium,business-logic classified as logic with reuse potential across 1 repositories and 1 files.,mbarbine__platphorm-podcasts
shared-logic,@platphorm/logic,fetcher,logic,business-logic,1,1,medium,business-logic classified as logic with reuse potential across 1 repositories and 1 files.,mbarbine__platphorm-podcasts
shared-logic,@platphorm/logic,detect,logic,business-logic,1,1,medium,business-logic classified as logic with reuse potential across 1 repositories and 1 files.,mbarbine__platphorm-podcasts
shared-logic,@platphorm/logic,paths,logic,business-logic,1,1,medium,business-logic classified as logic with reuse potential across 1 repositories and 1 files.,mbarbine__platphorm-podcasts
shared-logic,@platphorm/logic,admin,logic,business-logic,1,1,medium,business-logic classified as logic with reuse potential across 1 repositories and 1 files.,mbarbine__platphorm-podcasts
shared-logic,@platphorm/logic,parse-rss,logic,parser,1,1,medium,parser classified as logic with reuse potential across 1 repositories and 1 files.,mbarbine__platphorm-podcasts
shared-logic,@platphorm/logic,url-policy,logic,business-logic,1,1,medium,business-logic classified as logic with reuse potential across 1 repositories and 1 files.,mbarbine__platphorm-podcasts
shared-logic,@platphorm/logic,fetch-feed,logic,business-logic,1,1,medium,business-logic classified as logic with reuse potential across 1 repositories and 1 files.,mbarbine__platphorm-podcasts
shared-logic,@platphorm/logic,platform-resolver,logic,business-logic,1,1,medium,business-logic classified as logic with reuse potential across 1 repositories and 1 files.,mbarbine__platphorm-podcasts
shared-logic,@platphorm/logic,detect-format,logic,business-logic,1,1,medium,business-logic classified as logic with reuse potential across 1 repositories and 1 files.,mbarbine__platphorm-podcasts
shared-logic,@platphorm/logic,dedupe,logic,business-logic,1,1,medium,business-logic classified as logic with reuse potential across 1 repositories and 1 files.,mbarbine__platphorm-podcasts
shared-logic,@platphorm/logic,feed-url,logic,business-logic,1,1,medium,business-logic classified as logic with reuse potential across 1 repositories and 1 files.,mbarbine__platphorm-podcasts
shared-logic,@platphorm/logic,parse-feed-document,logic,parser,1,1,medium,parser classified as logic with reuse potential across 1 repositories and 1 files.,mbarbine__platphorm-podcasts
shared-process,@platphorm/process,setup-instructions,process,process-document,1,1,medium,process-document classified as process with reuse potential across 1 repositories and 1 files.,mbarbine__platphorm-politics
shared-logic,@platphorm/logic,pdf-generator,logic,business-logic,1,1,medium,business-logic classified as logic with reuse potential across 1 repositories and 1 files.,mbarbine__platphorm-politics
shared-automation,@platphorm/automation,run-tests,automation,script,1,1,medium,script classified as automation with reuse potential across 1 repositories and 1 files.,mbarbine__platphorm-polymarket-rss-feed
shared-logic,@platphorm/logic,universal-schema,logic,schema-validation,1,1,medium,schema-validation classified as logic with reuse potential across 1 repositories and 1 files.,mbarbine__platphorm-polymarket-rss-feed
shared-automation,@platphorm/automation,update-impl,automation,automation-config,1,1,medium,automation-config classified as automation with reuse potential across 1 repositories and 1 files.,mbarbine__platphorm-polymarket-rss-feed
shared-automation,@platphorm/automation,test-mcp-env,automation,automation-config,1,1,medium,automation-config classified as automation with reuse potential across 1 repositories and 1 files.,mbarbine__platphorm-polymarket-rss-feed
shared-automation,@platphorm/automation,update-arch,automation,automation-config,1,1,medium,automation-config classified as automation with reuse potential across 1 repositories and 1 files.,mbarbine__platphorm-polymarket-rss-feed
shared-logic,@platphorm/logic,rss-generator,logic,feature-ui,1,1,medium,feature-ui classified as logic with reuse potential across 1 repositories and 1 files.,mbarbine__platphorm-polymarket-rss-feed
shared-logic,@platphorm/logic,discovery-docs,logic,business-logic,1,1,medium,business-logic classified as logic with reuse potential across 1 repositories and 1 files.,mbarbine__platphorm-polymarket-rss-feed
shared-logic,@platphorm/logic,mcp-logger,logic,business-logic,1,1,medium,business-logic classified as logic with reuse potential across 1 repositories and 1 files.,mbarbine__platphorm-polymarket-rss-feed
shared-logic,@platphorm/logic,market-signals,logic,business-logic,1,1,medium,business-logic classified as logic with reuse potential across 1 repositories and 1 files.,mbarbine__platphorm-polymarket-rss-feed
shared-logic,@platphorm/logic,clob-api,logic,business-logic,1,1,medium,business-logic classified as logic with reuse potential across 1 repositories and 1 files.,mbarbine__platphorm-polymarket-rss-feed
shared-logic,@platphorm/logic,atom-generator,logic,business-logic,1,1,medium,business-logic classified as logic with reuse potential across 1 repositories and 1 files.,mbarbine__platphorm-polymarket-rss-feed
shared-process,@platphorm/process,goals,process,process-document,1,1,medium,process-document classified as process with reuse potential across 1 repositories and 1 files.,mbarbine__platphorm-polymaths
shared-ai,@platphorm/ai,polymath-mentor,ai,feature-ui,1,1,medium,feature-ui classified as ai with reuse potential across 1 repositories and 1 files.,mbarbine__platphorm-polymaths
shared-logic,@platphorm/logic,mcp-manifest-validation,logic,schema-validation,1,1,medium,schema-validation classified as logic with reuse potential across 1 repositories and 1 files.,mbarbine__platphorm-polymaths
shared-logic,@platphorm/logic,polymaths-data,logic,business-logic,1,1,medium,business-logic classified as logic with reuse potential across 1 repositories and 1 files.,mbarbine__platphorm-polymaths
shared-process,@platphorm/process,home,process,specification,1,1,medium,specification classified as process with reuse potential across 1 repositories and 1 files.,mbarbine__platphorm-polymaths
shared-logic,@platphorm/logic,projects-data,logic,business-logic,1,1,medium,business-logic classified as logic with reuse potential across 1 repositories and 1 files.,mbarbine__platphorm-portfolio-webby
shared-logic,@platphorm/logic,react-dom-test-utils,logic,utility,1,1,medium,utility classified as logic with reuse potential across 1 repositories and 1 files.,mbarbine__platphorm-quake
shared-process,@platphorm/process,multiplayer,process,specification,1,1,medium,specification classified as process with reuse potential across 1 repositories and 1 files.,mbarbine__platphorm-quake
shared-logic,@platphorm/logic,bot-slice,logic,state-store,1,1,medium,state-store classified as logic with reuse potential across 1 repositories and 1 files.,mbarbine__platphorm-quake
shared-logic,@platphorm/logic,types,logic,state-store,1,1,medium,state-store classified as logic with reuse potential across 1 repositories and 1 files.,mbarbine__platphorm-quake
shared-logic,@platphorm/logic,player-slice,logic,state-store,1,1,medium,state-store classified as logic with reuse potential across 1 repositories and 1 files.,mbarbine__platphorm-quake
shared-logic,@platphorm/logic,ui-slice,logic,state-store,1,1,medium,state-store classified as logic with reuse potential across 1 repositories and 1 files.,mbarbine__platphorm-quake
shared-logic,@platphorm/logic,game-flow-slice,logic,state-store,1,1,medium,state-store classified as logic with reuse potential across 1 repositories and 1 files.,mbarbine__platphorm-quake
shared-logic,@platphorm/logic,kill-feed-slice,logic,state-store,1,1,medium,state-store classified as logic with reuse potential across 1 repositories and 1 files.,mbarbine__platphorm-quake
shared-logic,@platphorm/logic,settings,logic,business-logic,1,1,medium,business-logic classified as logic with reuse potential across 1 repositories and 1 files.,mbarbine__platphorm-quake
shared-logic,@platphorm/logic,mobile-input,logic,business-logic,1,1,medium,business-logic classified as logic with reuse potential across 1 repositories and 1 files.,mbarbine__platphorm-quake
shared-ai,@platphorm/ai,quake-model,ai,ai-integration,1,1,medium,ai-integration classified as ai with reuse potential across 1 repositories and 1 files.,mbarbine__platphorm-quake
shared-process,@platphorm/process,deep-research-report,process,process-document,1,1,medium,process-document classified as process with reuse potential across 1 repositories and 1 files.,mbarbine__platphorm-reader
shared-ai,@platphorm/ai,use-analytics,ai,ai-integration,1,1,medium,ai-integration classified as ai with reuse potential across 1 repositories and 1 files.,mbarbine__platphorm-reader
shared-logic,@platphorm/logic,analytics-service,logic,business-logic,1,1,medium,business-logic classified as logic with reuse potential across 1 repositories and 1 files.,mbarbine__platphorm-reader
shared-logic,@platphorm/logic,lru-cache,logic,business-logic,1,1,medium,business-logic classified as logic with reuse potential across 1 repositories and 1 files.,mbarbine__platphorm-reader
shared-automation,@platphorm/automation,test-health,automation,automation-config,1,1,medium,automation-config classified as automation with reuse potential across 1 repositories and 1 files.,mbarbine__platphorm-real-estate-NAD
shared-automation,@platphorm/automation,reset-and-seed,automation,automation-config,1,1,medium,automation-config classified as automation with reuse potential across 1 repositories and 1 files.,mbarbine__platphorm-real-estate-NAD
shared-automation,@platphorm/automation,seed-production-data,automation,automation-config,1,1,medium,automation-config classified as automation with reuse potential across 1 repositories and 1 files.,mbarbine__platphorm-real-estate-NAD
shared-automation,@platphorm/automation,seed-database,automation,automation-config,1,1,medium,automation-config classified as automation with reuse potential across 1 repositories and 1 files.,mbarbine__platphorm-real-estate-NAD
shared-logic,@platphorm/logic,api-auth,logic,business-logic,1,1,medium,business-logic classified as logic with reuse potential across 1 repositories and 1 files.,mbarbine__platphorm-real-estate-NAD
shared-logic,@platphorm/logic,data-sync,logic,business-logic,1,1,medium,business-logic classified as logic with reuse potential across 1 repositories and 1 files.,mbarbine__platphorm-real-estate-NAD
shared-logic,@platphorm/logic,error-logger,logic,business-logic,1,1,medium,business-logic classified as logic with reuse potential across 1 repositories and 1 files.,mbarbine__platphorm-real-estate-NAD
shared-logic,@platphorm/logic,monitoring,logic,business-logic,1,1,medium,business-logic classified as logic with reuse potential across 1 repositories and 1 files.,mbarbine__platphorm-real-estate-NAD
shared-logic,@platphorm/logic,session-tracker,logic,business-logic,1,1,medium,business-logic classified as logic with reuse potential across 1 repositories and 1 files.,mbarbine__platphorm-real-estate-NAD
shared-automation,@platphorm/automation,create-foundation,automation,script,1,1,medium,script classified as automation with reuse potential across 1 repositories and 1 files.,mbarbine__platphorm-real-estate-property-evaluation
shared-logic,@platphorm/logic,password-utils,logic,utility,1,1,medium,utility classified as logic with reuse potential across 1 repositories and 1 files.,mbarbine__platphorm-real-estate-property-evaluation
shared-logic,@platphorm/logic,csv-parser,logic,parser,1,1,medium,parser classified as logic with reuse potential across 1 repositories and 1 files.,mbarbine__platphorm-real-estate-property-evaluation
shared-logic,@platphorm/logic,data-loader,logic,business-logic,1,1,medium,business-logic classified as logic with reuse potential across 1 repositories and 1 files.,mbarbine__platphorm-real-estate-property-evaluation
shared-logic,@platphorm/logic,trust-engine,logic,business-logic,1,1,medium,business-logic classified as logic with reuse potential across 1 repositories and 1 files.,mbarbine__platphorm-register
shared-process,@platphorm/process,final-status,process,process-document,1,1,medium,process-document classified as process with reuse potential across 1 repositories and 1 files.,mbarbine__platphorm-sandbox
shared-process,@platphorm/process,final-launch-checklist,process,process-document,1,1,medium,process-document classified as process with reuse potential across 1 repositories and 1 files.,mbarbine__platphorm-sandbox
shared-process,@platphorm/process,complete-summary,process,process-document,1,1,medium,process-document classified as process with reuse potential across 1 repositories and 1 files.,mbarbine__platphorm-sandbox
shared-logic,@platphorm/logic,guest-session,logic,business-logic,1,1,medium,business-logic classified as logic with reuse potential across 1 repositories and 1 files.,mbarbine__platphorm-sandbox
shared-logic,@platphorm/logic,agent-session,logic,business-logic,1,1,medium,business-logic classified as logic with reuse potential across 1 repositories and 1 files.,mbarbine__platphorm-sandbox
shared-logic,@platphorm/logic,clients,logic,business-logic,1,1,medium,business-logic classified as logic with reuse potential across 1 repositories and 1 files.,mbarbine__platphorm-sandbox
shared-logic,@platphorm/logic,jsonrpc,logic,business-logic,1,1,medium,business-logic classified as logic with reuse potential across 1 repositories and 1 files.,mbarbine__platphorm-sandbox
shared-logic,@platphorm/logic,feeds,logic,business-logic,1,1,medium,business-logic classified as logic with reuse potential across 1 repositories and 1 files.,mbarbine__platphorm-sandbox
shared-logic,@platphorm/logic,runtime,logic,business-logic,1,1,medium,business-logic classified as logic with reuse potential across 1 repositories and 1 files.,mbarbine__platphorm-sandbox
shared-logic,@platphorm/logic,sheet-storage,logic,business-logic,1,1,medium,business-logic classified as logic with reuse potential across 1 repositories and 1 files.,mbarbine__platphorm-sheets
shared-logic,@platphorm/logic,file-parser,logic,parser,1,1,medium,parser classified as logic with reuse potential across 1 repositories and 1 files.,mbarbine__platphorm-sheets
shared-logic,@platphorm/logic,server-state,logic,business-logic,1,1,medium,business-logic classified as logic with reuse potential across 1 repositories and 1 files.,mbarbine__platphorm-sheets
shared-logic,@platphorm/logic,api-handlers,logic,business-logic,1,1,medium,business-logic classified as logic with reuse potential across 1 repositories and 1 files.,mbarbine__platphorm-sheets
shared-process,@platphorm/process,edge-runtime-compatibility,process,process-document,1,1,medium,process-document classified as process with reuse potential across 1 repositories and 1 files.,mbarbine__platphorm-shipments
shared-process,@platphorm/process,vanagain-shipping-solution-plan,process,process-document,1,1,medium,process-document classified as process with reuse potential across 1 repositories and 1 files.,mbarbine__platphorm-shipments
shared-logic,@platphorm/logic,rate-calculator-form-e2e,logic,feature-ui,1,1,medium,feature-ui classified as logic with reuse potential across 1 repositories and 1 files.,mbarbine__platphorm-shipments
shared-logic,@platphorm/logic,usps-service-retry,logic,business-logic,1,1,medium,business-logic classified as logic with reuse potential across 1 repositories and 1 files.,mbarbine__platphorm-shipments
shared-process,@platphorm/process,code-health,process,process-document,1,1,medium,process-document classified as process with reuse potential across 1 repositories and 1 files.,mbarbine__platphorm-shipments
shared-process,@platphorm/process,code-health-review,process,process-document,1,1,medium,process-document classified as process with reuse potential across 1 repositories and 1 files.,mbarbine__platphorm-shipments
shared-logic,@platphorm/logic,shiprush-service,logic,business-logic,1,1,medium,business-logic classified as logic with reuse potential across 1 repositories and 1 files.,mbarbine__platphorm-shipments
shared-logic,@platphorm/logic,test-descriptions,logic,business-logic,1,1,medium,business-logic classified as logic with reuse potential across 1 repositories and 1 files.,mbarbine__platphorm-shipments
shared-logic,@platphorm/logic,use-locale,logic,business-logic,1,1,medium,business-logic classified as logic with reuse potential across 1 repositories and 1 files.,mbarbine__platphorm-signs
shared-ai,@platphorm/ai,model-service,ai,ai-integration,1,1,medium,ai-integration classified as ai with reuse potential across 1 repositories and 1 files.,mbarbine__platphorm-space-news
shared-logic,@platphorm/logic,feed-sources,logic,business-logic,1,1,medium,business-logic classified as logic with reuse potential across 1 repositories and 1 files.,mbarbine__platphorm-space-news
shared-logic,@platphorm/logic,network-spec-sources,logic,business-logic,1,1,medium,business-logic classified as logic with reuse potential across 1 repositories and 1 files.,mbarbine__platphorm-spec-workbench
shared-logic,@platphorm/logic,spec-runs,logic,business-logic,1,1,medium,business-logic classified as logic with reuse potential across 1 repositories and 1 files.,mbarbine__platphorm-spec-workbench
shared-logic,@platphorm/logic,cuids,logic,utility,1,1,medium,utility classified as logic with reuse potential across 1 repositories and 1 files.,mbarbine__platphorm-spec-workbench
shared-process,@platphorm/process,types,process,specification,1,1,medium,specification classified as process with reuse potential across 1 repositories and 1 files.,mbarbine__platphorm-spec-workbench
shared-logic,@platphorm/logic,repair,logic,business-logic,1,1,medium,business-logic classified as logic with reuse potential across 1 repositories and 1 files.,mbarbine__platphorm-spec-workbench
shared-logic,@platphorm/logic,action-manifest,logic,business-logic,1,1,medium,business-logic classified as logic with reuse potential across 1 repositories and 1 files.,mbarbine__platphorm-spec-workbench
shared-logic,@platphorm/logic,typescript,logic,business-logic,1,1,medium,business-logic classified as logic with reuse potential across 1 repositories and 1 files.,mbarbine__platphorm-spec-workbench
shared-logic,@platphorm/logic,curl,logic,business-logic,1,1,medium,business-logic classified as logic with reuse potential across 1 repositories and 1 files.,mbarbine__platphorm-spec-workbench
shared-logic,@platphorm/logic,policies,logic,business-logic,1,1,medium,business-logic classified as logic with reuse potential across 1 repositories and 1 files.,mbarbine__platphorm-spec-workbench
shared-logic,@platphorm/logic,tags-generator,logic,business-logic,1,1,medium,business-logic classified as logic with reuse potential across 1 repositories and 1 files.,mbarbine__platphorm-spec-workbench
shared-logic,@platphorm/logic,tracing,logic,business-logic,1,1,medium,business-logic classified as logic with reuse potential across 1 repositories and 1 files.,mbarbine__platphorm-spec-workbench
shared-logic,@platphorm/logic,tags,logic,business-logic,1,1,medium,business-logic classified as logic with reuse potential across 1 repositories and 1 files.,mbarbine__platphorm-spec-workbench
shared-logic,@platphorm/logic,image-processing,logic,business-logic,1,1,medium,business-logic classified as logic with reuse potential across 1 repositories and 1 files.,mbarbine__platphorm-stannp-api-wrapper
shared-logic,@platphorm/logic,stannp-client,logic,business-logic,1,1,medium,business-logic classified as logic with reuse potential across 1 repositories and 1 files.,mbarbine__platphorm-stannp-api-wrapper
shared-logic,@platphorm/logic,svg-micro-factory-schema,logic,schema-validation,1,1,medium,schema-validation classified as logic with reuse potential across 1 repositories and 1 files.,mbarbine__platphorm-svg-factory
shared-logic,@platphorm/logic,svg-catalog,logic,business-logic,1,1,medium,business-logic classified as logic with reuse potential across 1 repositories and 1 files.,mbarbine__platphorm-svg-factory
shared-logic,@platphorm/logic,svg-operations,logic,business-logic,1,1,medium,business-logic classified as logic with reuse potential across 1 repositories and 1 files.,mbarbine__platphorm-svg-factory
shared-process,@platphorm/process,test-plan,process,process-document,1,1,medium,process-document classified as process with reuse potential across 1 repositories and 1 files.,mbarbine__platphorm-trace
shared-automation,@platphorm/automation,extract-components,automation,script,1,1,medium,script classified as automation with reuse potential across 1 repositories and 1 files.,mbarbine__platphorm-trace
shared-process,@platphorm/process,split-4,process,process-document,1,1,medium,process-document classified as process with reuse potential across 1 repositories and 1 files.,mbarbine__platphorm-trace
shared-process,@platphorm/process,split-2,process,process-document,1,1,medium,process-document classified as process with reuse potential across 1 repositories and 1 files.,mbarbine__platphorm-trace
shared-process,@platphorm/process,split-3,process,process-document,1,1,medium,process-document classified as process with reuse potential across 1 repositories and 1 files.,mbarbine__platphorm-trace
shared-process,@platphorm/process,split-1,process,process-document,1,1,medium,process-document classified as process with reuse potential across 1 repositories and 1 files.,mbarbine__platphorm-trace
shared-logic,@platphorm/logic,network-registry,logic,business-logic,1,1,medium,business-logic classified as logic with reuse potential across 1 repositories and 1 files.,mbarbine__platphorm-trace
shared-logic,@platphorm/logic,route-probe-storage,logic,business-logic,1,1,medium,business-logic classified as logic with reuse potential across 1 repositories and 1 files.,mbarbine__platphorm-trace
shared-process,@platphorm/process,ethics,process,process-document,1,1,medium,process-document classified as process with reuse potential across 1 repositories and 1 files.,mbarbine__platphorm-trace
shared-logic,@platphorm/logic,atlas-schema,logic,schema-validation,1,1,medium,schema-validation classified as logic with reuse potential across 1 repositories and 1 files.,mbarbine__platphorm-trace
shared-logic,@platphorm/logic,sandbox-schema,logic,schema-validation,1,1,medium,schema-validation classified as logic with reuse potential across 1 repositories and 1 files.,mbarbine__platphorm-trace
shared-logic,@platphorm/logic,monitor-schema,logic,schema-validation,1,1,medium,schema-validation classified as logic with reuse potential across 1 repositories and 1 files.,mbarbine__platphorm-trace
shared-logic,@platphorm/logic,quake-schema,logic,schema-validation,1,1,medium,schema-validation classified as logic with reuse potential across 1 repositories and 1 files.,mbarbine__platphorm-trace
shared-logic,@platphorm/logic,insights-schema,logic,schema-validation,1,1,medium,schema-validation classified as logic with reuse potential across 1 repositories and 1 files.,mbarbine__platphorm-trace
shared-logic,@platphorm/logic,sheets-schema,logic,schema-validation,1,1,medium,schema-validation classified as logic with reuse potential across 1 repositories and 1 files.,mbarbine__platphorm-trace
shared-logic,@platphorm/logic,webhooks-schema,logic,schema-validation,1,1,medium,schema-validation classified as logic with reuse potential across 1 repositories and 1 files.,mbarbine__platphorm-trace
shared-automation,@platphorm/automation,publish-job,automation,automation-config,1,1,medium,automation-config classified as automation with reuse potential across 1 repositories and 1 files.,mbarbine__platphorm-trace
shared-logic,@platphorm/logic,lab-trace-store,logic,state-store,1,1,medium,state-store classified as logic with reuse potential across 1 repositories and 1 files.,mbarbine__platphorm-trace
shared-logic,@platphorm/logic,mcp-registry,logic,business-logic,1,1,medium,business-logic classified as logic with reuse potential across 1 repositories and 1 files.,mbarbine__platphorm-trace
shared-logic,@platphorm/logic,trace-views,logic,business-logic,1,1,medium,business-logic classified as logic with reuse potential across 1 repositories and 1 files.,mbarbine__platphorm-trace
shared-logic,@platphorm/logic,trace-registry,logic,business-logic,1,1,medium,business-logic classified as logic with reuse potential across 1 repositories and 1 files.,mbarbine__platphorm-trace
shared-logic,@platphorm/logic,route-probes,logic,business-logic,1,1,medium,business-logic classified as logic with reuse potential across 1 repositories and 1 files.,mbarbine__platphorm-trace
shared-logic,@platphorm/logic,real-data,logic,business-logic,1,1,medium,business-logic classified as logic with reuse potential across 1 repositories and 1 files.,mbarbine__platphorm-trace
shared-logic,@platphorm/logic,spins,logic,business-logic,1,1,medium,business-logic classified as logic with reuse potential across 1 repositories and 1 files.,mbarbine__platphorm-trace
shared-logic,@platphorm/logic,site-catalog,logic,business-logic,1,1,medium,business-logic classified as logic with reuse potential across 1 repositories and 1 files.,mbarbine__platphorm-trace
shared-logic,@platphorm/logic,de,logic,business-logic,1,1,medium,business-logic classified as logic with reuse potential across 1 repositories and 1 files.,mbarbine__platphorm-trace
shared-logic,@platphorm/logic,zh,logic,business-logic,1,1,medium,business-logic classified as logic with reuse potential across 1 repositories and 1 files.,mbarbine__platphorm-trace
shared-logic,@platphorm/logic,fr,logic,business-logic,1,1,medium,business-logic classified as logic with reuse potential across 1 repositories and 1 files.,mbarbine__platphorm-trace
shared-logic,@platphorm/logic,pt,logic,business-logic,1,1,medium,business-logic classified as logic with reuse potential across 1 repositories and 1 files.,mbarbine__platphorm-trace
shared-logic,@platphorm/logic,ko,logic,business-logic,1,1,medium,business-logic classified as logic with reuse potential across 1 repositories and 1 files.,mbarbine__platphorm-trace
shared-logic,@platphorm/logic,ja,logic,business-logic,1,1,medium,business-logic classified as logic with reuse potential across 1 repositories and 1 files.,mbarbine__platphorm-trace
shared-logic,@platphorm/logic,unified-sign-data,logic,business-logic,1,1,medium,business-logic classified as logic with reuse potential across 1 repositories and 1 files.,mbarbine__platphorm-usl
shared-process,@platphorm/process,integration-status,process,process-document,1,1,medium,process-document classified as process with reuse potential across 1 repositories and 1 files.,mbarbine__platphorm-vercel-atlas
shared-logic,@platphorm/logic,pcap-parser-d,logic,parser,1,1,medium,parser classified as logic with reuse potential across 1 repositories and 1 files.,mbarbine__platphorm-vercel-atlas
shared-process,@platphorm/process,v2-0-0-roadmap,process,roadmap,1,1,medium,roadmap classified as process with reuse potential across 1 repositories and 1 files.,mbarbine__platphorm-vercel-atlas
shared-process,@platphorm/process,vercel-firewall-integration,process,process-document,1,1,medium,process-document classified as process with reuse potential across 1 repositories and 1 files.,mbarbine__platphorm-vercel-atlas
shared-process,@platphorm/process,sensor-verification,process,process-document,1,1,medium,process-document classified as process with reuse potential across 1 repositories and 1 files.,mbarbine__platphorm-vercel-atlas
shared-process,@platphorm/process,v2-0-0-implementation-guide,process,process-document,1,1,medium,process-document classified as process with reuse potential across 1 repositories and 1 files.,mbarbine__platphorm-vercel-atlas
shared-process,@platphorm/process,database-management,process,process-document,1,1,medium,process-document classified as process with reuse potential across 1 repositories and 1 files.,mbarbine__platphorm-vercel-atlas
shared-process,@platphorm/process,n8-n-integration,process,process-document,1,1,medium,process-document classified as process with reuse potential across 1 repositories and 1 files.,mbarbine__platphorm-vercel-atlas
shared-process,@platphorm/process,enrichment-dropdown-guide,process,process-document,1,1,medium,process-document classified as process with reuse potential across 1 repositories and 1 files.,mbarbine__platphorm-vercel-atlas
shared-process,@platphorm/process,ja4-standards,process,process-document,1,1,medium,process-document classified as process with reuse potential across 1 repositories and 1 files.,mbarbine__platphorm-vercel-atlas
shared-process,@platphorm/process,ingest-sources,process,process-document,1,1,medium,process-document classified as process with reuse potential across 1 repositories and 1 files.,mbarbine__platphorm-vercel-atlas
shared-process,@platphorm/process,database-dynamic-fields,process,process-document,1,1,medium,process-document classified as process with reuse potential across 1 repositories and 1 files.,mbarbine__platphorm-vercel-atlas
shared-process,@platphorm/process,improvement-plan,process,process-document,1,1,medium,process-document classified as process with reuse potential across 1 repositories and 1 files.,mbarbine__platphorm-vercel-atlas
shared-process,@platphorm/process,nextjs-16-migration,process,migration-plan,1,1,medium,migration-plan classified as process with reuse potential across 1 repositories and 1 files.,mbarbine__platphorm-vercel-atlas
shared-process,@platphorm/process,system-status,process,process-document,1,1,medium,process-document classified as process with reuse potential across 1 repositories and 1 files.,mbarbine__platphorm-vercel-atlas
shared-process,@platphorm/process,deployment-checklist,process,process-document,1,1,medium,process-document classified as process with reuse potential across 1 repositories and 1 files.,mbarbine__platphorm-vercel-atlas
shared-process,@platphorm/process,database-migration-plan,process,migration-plan,1,1,medium,migration-plan classified as process with reuse potential across 1 repositories and 1 files.,mbarbine__platphorm-vercel-atlas
shared-automation,@platphorm/automation,vercel-integration,automation,deployment-automation,1,1,medium,deployment-automation classified as automation with reuse potential across 1 repositories and 1 files.,mbarbine__platphorm-vercel-atlas
shared-automation,@platphorm/automation,cron-bench,automation,scheduled-job,1,1,medium,scheduled-job classified as automation with reuse potential across 1 repositories and 1 files.,mbarbine__platphorm-vercel-atlas
shared-automation,@platphorm/automation,hooks,automation,automation-config,1,1,medium,automation-config classified as automation with reuse potential across 1 repositories and 1 files.,mbarbine__platphorm-vercel-atlas
shared-logic,@platphorm/logic,sensor-data-validation,logic,schema-validation,1,1,medium,schema-validation classified as logic with reuse potential across 1 repositories and 1 files.,mbarbine__platphorm-vercel-atlas
shared-logic,@platphorm/logic,server-check,logic,utility,1,1,medium,utility classified as logic with reuse potential across 1 repositories and 1 files.,mbarbine__platphorm-vercel-atlas
shared-automation,@platphorm/automation,benchmark-vercel-sync,automation,deployment-automation,1,1,medium,deployment-automation classified as automation with reuse potential across 1 repositories and 1 files.,mbarbine__platphorm-vercel-atlas
shared-logic,@platphorm/logic,severity-utils,logic,utility,1,1,medium,utility classified as logic with reuse potential across 1 repositories and 1 files.,mbarbine__platphorm-vercel-atlas
shared-logic,@platphorm/logic,ja4-validator,logic,schema-validation,1,1,medium,schema-validation classified as logic with reuse potential across 1 repositories and 1 files.,mbarbine__platphorm-vercel-atlas
shared-logic,@platphorm/logic,api-keys,logic,business-logic,1,1,medium,business-logic classified as logic with reuse potential across 1 repositories and 1 files.,mbarbine__platphorm-vercel-atlas
shared-logic,@platphorm/logic,sources-cache,logic,business-logic,1,1,medium,business-logic classified as logic with reuse potential across 1 repositories and 1 files.,mbarbine__platphorm-vercel-atlas
shared-logic,@platphorm/logic,pcap,logic,business-logic,1,1,medium,business-logic classified as logic with reuse potential across 1 repositories and 1 files.,mbarbine__platphorm-vercel-atlas
shared-logic,@platphorm/logic,driftnet-client,logic,business-logic,1,1,medium,business-logic classified as logic with reuse potential across 1 repositories and 1 files.,mbarbine__platphorm-vercel-atlas
shared-logic,@platphorm/logic,huntio-client,logic,business-logic,1,1,medium,business-logic classified as logic with reuse potential across 1 repositories and 1 files.,mbarbine__platphorm-vercel-atlas
shared-process,@platphorm/process,deployment-ready,process,process-document,1,1,medium,process-document classified as process with reuse potential across 1 repositories and 1 files.,mbarbine__platphorm-webhook-simulator
shared-process,@platphorm/process,submit-comment,process,process-document,1,1,medium,process-document classified as process with reuse potential across 1 repositories and 1 files.,mbarbine__platphorm-webhook-simulator
shared-automation,@platphorm/automation,launch-checklist,automation,script,1,1,medium,script classified as automation with reuse potential across 1 repositories and 1 files.,mbarbine__platphorm-webhook-simulator
shared-process,@platphorm/process,implementation-notes,process,process-document,1,1,medium,process-document classified as process with reuse potential across 1 repositories and 1 files.,mbarbine__platphorm-webhook-simulator
shared-logic,@platphorm/logic,webhook-schema,logic,schema-validation,1,1,medium,schema-validation classified as logic with reuse potential across 1 repositories and 1 files.,mbarbine__platphorm-webhook-simulator
shared-logic,@platphorm/logic,cuid,logic,business-logic,1,1,medium,business-logic classified as logic with reuse potential across 1 repositories and 1 files.,mbarbine__platphorm-webhook-simulator
shared-logic,@platphorm/logic,signatures,logic,business-logic,1,1,medium,business-logic classified as logic with reuse potential across 1 repositories and 1 files.,mbarbine__platphorm-webhook-simulator
shared-ai,@platphorm/ai,patch-llm-txt,ai,ai-integration,1,1,medium,ai-integration classified as ai with reuse potential across 1 repositories and 1 files.,mbarbine__platphorm-wrestling-webby
shared-process,@platphorm/process,seo-strategy,process,process-document,1,1,medium,process-document classified as process with reuse potential across 1 repositories and 1 files.,mbarbine__platphorm-wrestling-webby
shared-logic,@platphorm/logic,structured-data,logic,business-logic,1,1,medium,business-logic classified as logic with reuse potential across 1 repositories and 1 files.,mbarbine__platphorm-xml
shared-logic,@platphorm/logic,xml-types,logic,business-logic,1,1,medium,business-logic classified as logic with reuse potential across 1 repositories and 1 files.,mbarbine__platphorm-xml
shared-logic,@platphorm/logic,xml-store,logic,state-store,1,1,medium,state-store classified as logic with reuse potential across 1 repositories and 1 files.,mbarbine__platphorm-xml
shared-logic,@platphorm/logic,xml-tools,logic,business-logic,1,1,medium,business-logic classified as logic with reuse potential across 1 repositories and 1 files.,mbarbine__platphorm-xml
shared-logic,@platphorm/logic,platform-config,logic,business-logic,1,1,medium,business-logic classified as logic with reuse potential across 1 repositories and 1 files.,mbarbine__platphorm-xml
shared-logic,@platphorm/logic,xml-api-handlers,logic,business-logic,1,1,medium,business-logic classified as logic with reuse potential across 1 repositories and 1 files.,mbarbine__platphorm-xml
shared-automation,@platphorm/automation,vercel-integrations,automation,deployment-automation,1,1,medium,deployment-automation classified as automation with reuse potential across 1 repositories and 1 files.,mbarbine__platphorm-zine-reader
shared-logic,@platphorm/logic,use-translation,logic,business-logic,1,1,medium,business-logic classified as logic with reuse potential across 1 repositories and 1 files.,mbarbine__platphorm-zine-reader
shared-logic,@platphorm/logic,field-guide-content,logic,business-logic,1,1,medium,business-logic classified as logic with reuse potential across 1 repositories and 1 files.,mbarbine__platphorm-zine-reader
shared-process,@platphorm/process,hn-roadmap,process,roadmap,1,1,medium,roadmap classified as process with reuse potential across 1 repositories and 1 files.,mbarbine__platphormnews-www-prod
shared-process,@platphorm/process,blog-post-ph3ar-2026-02-19,process,process-document,1,1,medium,process-document classified as process with reuse potential across 1 repositories and 1 files.,mbarbine__platphormnews-www-prod
shared-logic,@platphorm/logic,lcars,logic,business-logic,1,1,medium,business-logic classified as logic with reuse potential across 1 repositories and 1 files.,mbarbine__platphormnews-www-prod
shared-automation,@platphorm/automation,vercel-domains,automation,deployment-automation,1,1,medium,deployment-automation classified as automation with reuse potential across 1 repositories and 1 files.,mbarbine__platphormnews-www-prod
shared-logic,@platphorm/logic,root-stories,logic,business-logic,1,1,medium,business-logic classified as logic with reuse potential across 1 repositories and 1 files.,mbarbine__platphormnews-www-prod
shared-logic,@platphorm/logic,outreach,logic,business-logic,1,1,medium,business-logic classified as logic with reuse potential across 1 repositories and 1 files.,mbarbine__platphormnews-www-prod
shared-logic,@platphorm/logic,root-discovery,logic,business-logic,1,1,medium,business-logic classified as logic with reuse potential across 1 repositories and 1 files.,mbarbine__platphormnews-www-prod
shared-logic,@platphorm/logic,dynamodb,logic,business-logic,1,1,medium,business-logic classified as logic with reuse potential across 1 repositories and 1 files.,mbarbine__platphormnews-www-prod
shared-process,@platphorm/process,learnings,process,process-document,1,1,medium,process-document classified as process with reuse potential across 1 repositories and 1 files.,mbarbine__platphormnews-www-prod
shared-logic,@platphorm/logic,review-request,logic,business-logic,1,1,medium,business-logic classified as logic with reuse potential across 1 repositories and 1 files.,mbarbine__platphormnews-www-prod
shared-logic,@platphorm/logic,hooks-server,logic,business-logic,1,1,medium,business-logic classified as logic with reuse potential across 1 repositories and 1 files.,mbarbine__platphormnews-www-prod
shared-logic,@platphorm/logic,games,logic,business-logic,1,1,medium,business-logic classified as logic with reuse potential across 1 repositories and 1 files.,mbarbine__platphormnews-www-prod
shared-logic,@platphorm/logic,news-api,logic,business-logic,1,1,medium,business-logic classified as logic with reuse potential across 1 repositories and 1 files.,mbarbine__platphormnews-www-prod
shared-logic,@platphorm/logic,docs-news,logic,business-logic,1,1,medium,business-logic classified as logic with reuse potential across 1 repositories and 1 files.,mbarbine__platphormnews-www-prod
shared-logic,@platphorm/logic,phase1-root,logic,business-logic,1,1,medium,business-logic classified as logic with reuse potential across 1 repositories and 1 files.,mbarbine__platphormnews-www-prod
shared-logic,@platphorm/logic,health,logic,business-logic,1,1,medium,business-logic classified as logic with reuse potential across 1 repositories and 1 files.,mbarbine__platphormnews-www-prod
shared-ai,@platphorm/ai,server,ai,ai-eval,1,1,medium,ai-eval classified as ai with reuse potential across 1 repositories and 1 files.,mbarbine__platphormnews-www-prod
shared-automation,@platphorm/automation,page,automation,automation-config,1,1,medium,automation-config classified as automation with reuse potential across 1 repositories and 1 files.,mbarbine__platphormnews-www-prod
shared-process,@platphorm/process,process-co-api,process,process-document,1,1,medium,process-document classified as process with reuse potential across 1 repositories and 1 files.,mbarbine__process-clone
shared-automation,@platphorm/automation,server-actions,automation,automation-config,1,1,medium,automation-config classified as automation with reuse potential across 1 repositories and 1 files.,mbarbine__process-clone
shared-automation,@platphorm/automation,deploy,automation,automation-config,1,1,medium,automation-config classified as automation with reuse potential across 1 repositories and 1 files.,mbarbine__process-clone
shared-process,@platphorm/process,workflow-actions,process,process-document,1,1,medium,process-document classified as process with reuse potential across 1 repositories and 1 files.,mbarbine__process-clone
shared-process,@platphorm/process,process-co-actions,process,process-document,1,1,medium,process-document classified as process with reuse potential across 1 repositories and 1 files.,mbarbine__process-clone
shared-logic,@platphorm/logic,websocket,logic,business-logic,1,1,medium,business-logic classified as logic with reuse potential across 1 repositories and 1 files.,mbarbine__process-clone
shared-logic,@platphorm/logic,prisma,logic,business-logic,1,1,medium,business-logic classified as logic with reuse potential across 1 repositories and 1 files.,mbarbine__process-clone
shared-ai,@platphorm/ai,email-intake,ai,ai-integration,1,1,medium,ai-integration classified as ai with reuse potential across 1 repositories and 1 files.,mbarbine__process-clone
shared-logic,@platphorm/logic,telemetry-client,logic,business-logic,1,1,medium,business-logic classified as logic with reuse potential across 1 repositories and 1 files.,mbarbine__process-clone
shared-logic,@platphorm/logic,server-tracking,logic,business-logic,1,1,medium,business-logic classified as logic with reuse potential across 1 repositories and 1 files.,mbarbine__process-clone
shared-logic,@platphorm/logic,wildduck-enhanced,logic,business-logic,1,1,medium,business-logic classified as logic with reuse potential across 1 repositories and 1 files.,mbarbine__process-clone
shared-logic,@platphorm/logic,github-integration,logic,business-logic,1,1,medium,business-logic classified as logic with reuse potential across 1 repositories and 1 files.,mbarbine__process-clone
shared-logic,@platphorm/logic,supabase-server,logic,business-logic,1,1,medium,business-logic classified as logic with reuse potential across 1 repositories and 1 files.,mbarbine__process-clone
shared-logic,@platphorm/logic,webhook-manager,logic,business-logic,1,1,medium,business-logic classified as logic with reuse potential across 1 repositories and 1 files.,mbarbine__process-clone
shared-logic,@platphorm/logic,with-safe,logic,business-logic,1,1,medium,business-logic classified as logic with reuse potential across 1 repositories and 1 files.,mbarbine__process-clone
shared-logic,@platphorm/logic,telemetry-server,logic,business-logic,1,1,medium,business-logic classified as logic with reuse potential across 1 repositories and 1 files.,mbarbine__process-clone
shared-logic,@platphorm/logic,client-analytics,logic,business-logic,1,1,medium,business-logic classified as logic with reuse potential across 1 repositories and 1 files.,mbarbine__process-clone
shared-logic,@platphorm/logic,supabase-client,logic,business-logic,1,1,medium,business-logic classified as logic with reuse potential across 1 repositories and 1 files.,mbarbine__process-clone
shared-logic,@platphorm/logic,workflow-dispatcher,logic,business-logic,1,1,medium,business-logic classified as logic with reuse potential across 1 repositories and 1 files.,mbarbine__process-clone
shared-logic,@platphorm/logic,neon,logic,business-logic,1,1,medium,business-logic classified as logic with reuse potential across 1 repositories and 1 files.,mbarbine__process-clone
shared-logic,@platphorm/logic,board,logic,business-logic,1,1,medium,business-logic classified as logic with reuse potential across 1 repositories and 1 files.,mbarbine__process-clone
shared-logic,@platphorm/logic,d3-visualizations,logic,business-logic,1,1,medium,business-logic classified as logic with reuse potential across 1 repositories and 1 files.,mbarbine__process-clone
shared-logic,@platphorm/logic,etsy,logic,business-logic,1,1,medium,business-logic classified as logic with reuse potential across 1 repositories and 1 files.,mbarbine__reflux-site-webby
shared-automation,@platphorm/automation,optimize-images,automation,script,1,1,medium,script classified as automation with reuse potential across 1 repositories and 1 files.,mbarbine__shopify-theme-vanagain
shared-process,@platphorm/process,auth0-callback-hanging-fix,process,process-document,1,1,medium,process-document classified as process with reuse potential across 1 repositories and 1 files.,mbarbine__stannp-gpt-5-test
shared-process,@platphorm/process,stannp-api-setup,process,process-document,1,1,medium,process-document classified as process with reuse potential across 1 repositories and 1 files.,mbarbine__stannp-gpt-5-test
shared-process,@platphorm/process,integration-complete,process,process-document,1,1,medium,process-document classified as process with reuse potential across 1 repositories and 1 files.,mbarbine__stannp-gpt-5-test
shared-process,@platphorm/process,auth0-stripe-integration-complete,process,process-document,1,1,medium,process-document classified as process with reuse potential across 1 repositories and 1 files.,mbarbine__stannp-gpt-5-test
shared-process,@platphorm/process,foreign-key-fix-implemented,process,process-document,1,1,medium,process-document classified as process with reuse potential across 1 repositories and 1 files.,mbarbine__stannp-gpt-5-test
shared-process,@platphorm/process,credit-refund-system,process,process-document,1,1,medium,process-document classified as process with reuse potential across 1 repositories and 1 files.,mbarbine__stannp-gpt-5-test
shared-process,@platphorm/process,auth0-login-fix,process,process-document,1,1,medium,process-document classified as process with reuse potential across 1 repositories and 1 files.,mbarbine__stannp-gpt-5-test
shared-process,@platphorm/process,auth0-database-fixes,process,process-document,1,1,medium,process-document classified as process with reuse potential across 1 repositories and 1 files.,mbarbine__stannp-gpt-5-test
shared-process,@platphorm/process,auth0-setup,process,process-document,1,1,medium,process-document classified as process with reuse potential across 1 repositories and 1 files.,mbarbine__stannp-gpt-5-test
shared-process,@platphorm/process,auth0-user-management-complete,process,process-document,1,1,medium,process-document classified as process with reuse potential across 1 repositories and 1 files.,mbarbine__stannp-gpt-5-test
shared-process,@platphorm/process,stripe-setup,process,process-document,1,1,medium,process-document classified as process with reuse potential across 1 repositories and 1 files.,mbarbine__stannp-gpt-5-test
shared-process,@platphorm/process,auth0-auto-save-implementation,process,process-document,1,1,medium,process-document classified as process with reuse potential across 1 repositories and 1 files.,mbarbine__stannp-gpt-5-test
shared-process,@platphorm/process,stripe-auth-implementation,process,process-document,1,1,medium,process-document classified as process with reuse potential across 1 repositories and 1 files.,mbarbine__stannp-gpt-5-test
shared-process,@platphorm/process,final-qa-checklist,process,process-document,1,1,medium,process-document classified as process with reuse potential across 1 repositories and 1 files.,mbarbine__stannp-gpt-5-test
shared-process,@platphorm/process,postcard-enhancements,process,process-document,1,1,medium,process-document classified as process with reuse potential across 1 repositories and 1 files.,mbarbine__stannp-gpt-5-test
shared-process,@platphorm/process,uuid-conversion-fix,process,process-document,1,1,medium,process-document classified as process with reuse potential across 1 repositories and 1 files.,mbarbine__stannp-gpt-5-test
shared-automation,@platphorm/automation,test-auth0-autosave,automation,automation-config,1,1,medium,automation-config classified as automation with reuse potential across 1 repositories and 1 files.,mbarbine__stannp-gpt-5-test
shared-automation,@platphorm/automation,verify-presets,automation,automation-config,1,1,medium,automation-config classified as automation with reuse potential across 1 repositories and 1 files.,mbarbine__stannp-gpt-5-test
shared-automation,@platphorm/automation,test-postcard-implementation,automation,automation-config,1,1,medium,automation-config classified as automation with reuse potential across 1 repositories and 1 files.,mbarbine__stannp-gpt-5-test
shared-automation,@platphorm/automation,audit-all-presets,automation,automation-config,1,1,medium,automation-config classified as automation with reuse potential across 1 repositories and 1 files.,mbarbine__stannp-gpt-5-test
shared-automation,@platphorm/automation,test-auth0-stripe-integration,automation,automation-config,1,1,medium,automation-config classified as automation with reuse potential across 1 repositories and 1 files.,mbarbine__stannp-gpt-5-test
shared-logic,@platphorm/logic,pdf-converter,logic,business-logic,1,1,medium,business-logic classified as logic with reuse potential across 1 repositories and 1 files.,mbarbine__stannp-gpt-5-test
shared-logic,@platphorm/logic,stannp-api,logic,business-logic,1,1,medium,business-logic classified as logic with reuse potential across 1 repositories and 1 files.,mbarbine__stannp-gpt-5-test
shared-process,@platphorm/process,image-optimization,process,process-document,1,1,medium,process-document classified as process with reuse potential across 1 repositories and 1 files.,mbarbine__starphone-web-svelte
shared-logic,@platphorm/logic,s3-upload,logic,business-logic,1,1,medium,business-logic classified as logic with reuse potential across 1 repositories and 1 files.,mbarbine__tiktok-clone
shared-automation,@platphorm/automation,wayback-save-now,automation,script,1,1,medium,script classified as automation with reuse potential across 1 repositories and 1 files.,mbarbine__tools
shared-automation,@platphorm/automation,meta,automation,automation-config,1,1,medium,automation-config classified as automation with reuse potential across 1 repositories and 1 files.,mbarbine__turborepo-react-native
shared-process,@platphorm/process,blog-post-ph3ar,process,process-document,1,1,medium,process-document classified as process with reuse potential across 1 repositories and 1 files.,mbarbine__two-doller-web
shared-logic,@platphorm/logic,shopify,logic,business-logic,1,1,medium,business-logic classified as logic with reuse potential across 1 repositories and 1 files.,mbarbine__vanagain-2025
shared-process,@platphorm/process,playwright-post-deploy-config,process,process-document,1,1,medium,process-document classified as process with reuse potential across 1 repositories and 1 files.,mbarbine__vanagain-dot-com-prod
shared-logic,@platphorm/logic,orders-core,logic,business-logic,1,1,medium,business-logic classified as logic with reuse potential across 1 repositories and 1 files.,mbarbine__vanagain-dot-com-prod
shared-automation,@platphorm/automation,category-page,automation,automation-config,1,1,medium,automation-config classified as automation with reuse potential across 1 repositories and 1 files.,mbarbine__vanagain-dot-com-prod
shared-process,@platphorm/process,vehicle-part-types-migration,process,migration-plan,1,1,medium,migration-plan classified as process with reuse potential across 1 repositories and 1 files.,mbarbine__vanagain-dot-com-prod
shared-automation,@platphorm/automation,upload-product-assets-script,automation,automation-config,1,1,medium,automation-config classified as automation with reuse potential across 1 repositories and 1 files.,mbarbine__vanagain-dot-com-prod
shared-automation,@platphorm/automation,cart-client,automation,automation-config,1,1,medium,automation-config classified as automation with reuse potential across 1 repositories and 1 files.,mbarbine__vanagain-dot-com-prod
shared-automation,@platphorm/automation,wishlists,automation,automation-config,1,1,medium,automation-config classified as automation with reuse potential across 1 repositories and 1 files.,mbarbine__vanagain-dot-com-prod
shared-process,@platphorm/process,roadmap-singletons,process,roadmap,1,1,medium,roadmap classified as process with reuse potential across 1 repositories and 1 files.,mbarbine__vanagain-dot-com-prod
shared-logic,@platphorm/logic,store-layout,logic,state-store,1,1,medium,state-store classified as logic with reuse potential across 1 repositories and 1 files.,mbarbine__vanagain-dot-com-prod
shared-process,@platphorm/process,account-authenticated,process,specification,1,1,medium,specification classified as process with reuse potential across 1 repositories and 1 files.,mbarbine__vanagain-dot-com-prod
shared-logic,@platphorm/logic,fixtures,logic,utility,1,1,medium,utility classified as logic with reuse potential across 1 repositories and 1 files.,mbarbine__vanagain-dot-com-prod
shared-logic,@platphorm/logic,mock-request,logic,utility,1,1,medium,utility classified as logic with reuse potential across 1 repositories and 1 files.,mbarbine__vanagain-dot-com-prod
shared-logic,@platphorm/logic,mock-redis,logic,utility,1,1,medium,utility classified as logic with reuse potential across 1 repositories and 1 files.,mbarbine__vanagain-dot-com-prod
shared-logic,@platphorm/logic,mock-logger,logic,utility,1,1,medium,utility classified as logic with reuse potential across 1 repositories and 1 files.,mbarbine__vanagain-dot-com-prod
shared-process,@platphorm/process,migration-guide,process,migration-plan,1,1,medium,migration-plan classified as process with reuse potential across 1 repositories and 1 files.,mbarbine__vanagain-dot-com-prod
shared-process,@platphorm/process,api-guide,process,process-document,1,1,medium,process-document classified as process with reuse potential across 1 repositories and 1 files.,mbarbine__vanagain-dot-com-prod
shared-process,@platphorm/process,modernization-plan,process,process-document,1,1,medium,process-document classified as process with reuse potential across 1 repositories and 1 files.,mbarbine__vanagain-dot-com-prod
shared-automation,@platphorm/automation,007-import-legacy-users,automation,automation-config,1,1,medium,automation-config classified as automation with reuse potential across 1 repositories and 1 files.,mbarbine__vanagain-dot-com-prod
shared-automation,@platphorm/automation,shopify-add-product-tags,automation,automation-config,1,1,medium,automation-config classified as automation with reuse potential across 1 repositories and 1 files.,mbarbine__vanagain-dot-com-prod
shared-automation,@platphorm/automation,shopify-upsert-pages,automation,automation-config,1,1,medium,automation-config classified as automation with reuse potential across 1 repositories and 1 files.,mbarbine__vanagain-dot-com-prod
shared-automation,@platphorm/automation,build-shopify-product-template,automation,automation-config,1,1,medium,automation-config classified as automation with reuse potential across 1 repositories and 1 files.,mbarbine__vanagain-dot-com-prod
shared-automation,@platphorm/automation,import-legacy-dump,automation,script,1,1,medium,script classified as automation with reuse potential across 1 repositories and 1 files.,mbarbine__vanagain-dot-com-prod
shared-automation,@platphorm/automation,optimize-s3-products,automation,automation-config,1,1,medium,automation-config classified as automation with reuse potential across 1 repositories and 1 files.,mbarbine__vanagain-dot-com-prod
shared-automation,@platphorm/automation,upload-product-assets-to-s3,automation,script,1,1,medium,script classified as automation with reuse potential across 1 repositories and 1 files.,mbarbine__vanagain-dot-com-prod
shared-automation,@platphorm/automation,migrate-mysql-to-neon,automation,automation-config,1,1,medium,automation-config classified as automation with reuse potential across 1 repositories and 1 files.,mbarbine__vanagain-dot-com-prod
shared-process,@platphorm/process,check-migration-state,process,migration-plan,1,1,medium,migration-plan classified as process with reuse potential across 1 repositories and 1 files.,mbarbine__vanagain-dot-com-prod
shared-logic,@platphorm/logic,coupons,logic,business-logic,1,1,medium,business-logic classified as logic with reuse potential across 1 repositories and 1 files.,mbarbine__vanagain-dot-com-prod
shared-logic,@platphorm/logic,checkout,logic,business-logic,1,1,medium,business-logic classified as logic with reuse potential across 1 repositories and 1 files.,mbarbine__vanagain-dot-com-prod
shared-logic,@platphorm/logic,session-cookie,logic,business-logic,1,1,medium,business-logic classified as logic with reuse potential across 1 repositories and 1 files.,mbarbine__vanagain-dot-com-prod
shared-logic,@platphorm/logic,legacy-mail,logic,business-logic,1,1,medium,business-logic classified as logic with reuse potential across 1 repositories and 1 files.,mbarbine__vanagain-dot-com-prod
shared-logic,@platphorm/logic,wishlists,logic,business-logic,1,1,medium,business-logic classified as logic with reuse potential across 1 repositories and 1 files.,mbarbine__vanagain-dot-com-prod
shared-logic,@platphorm/logic,security-headers,logic,business-logic,1,1,medium,business-logic classified as logic with reuse potential across 1 repositories and 1 files.,mbarbine__vanagain-dot-com-prod
shared-logic,@platphorm/logic,branding,logic,business-logic,1,1,medium,business-logic classified as logic with reuse potential across 1 repositories and 1 files.,mbarbine__vanagain-dot-com-prod
shared-logic,@platphorm/logic,phpass,logic,business-logic,1,1,medium,business-logic classified as logic with reuse potential across 1 repositories and 1 files.,mbarbine__vanagain-dot-com-prod
shared-logic,@platphorm/logic,mailchimp,logic,business-logic,1,1,medium,business-logic classified as logic with reuse potential across 1 repositories and 1 files.,mbarbine__vanagain-dot-com-prod
shared-logic,@platphorm/logic,pl-schema,logic,schema-validation,1,1,medium,schema-validation classified as logic with reuse potential across 1 repositories and 1 files.,mbarbine__vanagain-dot-com-prod
shared-logic,@platphorm/logic,fr-schema,logic,schema-validation,1,1,medium,schema-validation classified as logic with reuse potential across 1 repositories and 1 files.,mbarbine__vanagain-dot-com-prod
shared-logic,@platphorm/logic,zh-cn-schema,logic,schema-validation,1,1,medium,schema-validation classified as logic with reuse potential across 1 repositories and 1 files.,mbarbine__vanagain-dot-com-prod
shared-logic,@platphorm/logic,nl-schema,logic,schema-validation,1,1,medium,schema-validation classified as logic with reuse potential across 1 repositories and 1 files.,mbarbine__vanagain-dot-com-prod
shared-logic,@platphorm/logic,th-schema,logic,schema-validation,1,1,medium,schema-validation classified as logic with reuse potential across 1 repositories and 1 files.,mbarbine__vanagain-dot-com-prod
shared-logic,@platphorm/logic,pt-pt-schema,logic,schema-validation,1,1,medium,schema-validation classified as logic with reuse potential across 1 repositories and 1 files.,mbarbine__vanagain-dot-com-prod
shared-logic,@platphorm/logic,cs-schema,logic,schema-validation,1,1,medium,schema-validation classified as logic with reuse potential across 1 repositories and 1 files.,mbarbine__vanagain-dot-com-prod
shared-logic,@platphorm/logic,de-schema,logic,schema-validation,1,1,medium,schema-validation classified as logic with reuse potential across 1 repositories and 1 files.,mbarbine__vanagain-dot-com-prod
shared-logic,@platphorm/logic,pt-br-schema,logic,schema-validation,1,1,medium,schema-validation classified as logic with reuse potential across 1 repositories and 1 files.,mbarbine__vanagain-dot-com-prod
shared-logic,@platphorm/logic,es-schema,logic,schema-validation,1,1,medium,schema-validation classified as logic with reuse potential across 1 repositories and 1 files.,mbarbine__vanagain-dot-com-prod
shared-logic,@platphorm/logic,ja-schema,logic,schema-validation,1,1,medium,schema-validation classified as logic with reuse potential across 1 repositories and 1 files.,mbarbine__vanagain-dot-com-prod
shared-logic,@platphorm/logic,tr-schema,logic,schema-validation,1,1,medium,schema-validation classified as logic with reuse potential across 1 repositories and 1 files.,mbarbine__vanagain-dot-com-prod
shared-logic,@platphorm/logic,fi-schema,logic,schema-validation,1,1,medium,schema-validation classified as logic with reuse potential across 1 repositories and 1 files.,mbarbine__vanagain-dot-com-prod
shared-logic,@platphorm/logic,ko-schema,logic,schema-validation,1,1,medium,schema-validation classified as logic with reuse potential across 1 repositories and 1 files.,mbarbine__vanagain-dot-com-prod
shared-logic,@platphorm/logic,it-schema,logic,schema-validation,1,1,medium,schema-validation classified as logic with reuse potential across 1 repositories and 1 files.,mbarbine__vanagain-dot-com-prod
shared-logic,@platphorm/logic,en-default-schema,logic,schema-validation,1,1,medium,schema-validation classified as logic with reuse potential across 1 repositories and 1 files.,mbarbine__vanagain-dot-com-prod
shared-logic,@platphorm/logic,da-schema,logic,schema-validation,1,1,medium,schema-validation classified as logic with reuse potential across 1 repositories and 1 files.,mbarbine__vanagain-dot-com-prod
shared-logic,@platphorm/logic,nb-schema,logic,schema-validation,1,1,medium,schema-validation classified as logic with reuse potential across 1 repositories and 1 files.,mbarbine__vanagain-dot-com-prod
shared-logic,@platphorm/logic,zh-tw-schema,logic,schema-validation,1,1,medium,schema-validation classified as logic with reuse potential across 1 repositories and 1 files.,mbarbine__vanagain-dot-com-prod
shared-logic,@platphorm/logic,sv-schema,logic,schema-validation,1,1,medium,schema-validation classified as logic with reuse potential across 1 repositories and 1 files.,mbarbine__vanagain-dot-com-prod
shared-process,@platphorm/process,def,process,process-document,1,1,medium,process-document classified as process with reuse potential across 1 repositories and 1 files.,mbarbine__vanagain-site
shared-logic,@platphorm/logic,jquery-fancybox-thumbs,logic,utility,1,1,medium,utility classified as logic with reuse potential across 1 repositories and 1 files.,mbarbine__vanagain-site
shared-logic,@platphorm/logic,jquery-fancybox-media,logic,utility,1,1,medium,utility classified as logic with reuse potential across 1 repositories and 1 files.,mbarbine__vanagain-site
shared-logic,@platphorm/logic,jquery-fancybox-buttons,logic,utility,1,1,medium,utility classified as logic with reuse potential across 1 repositories and 1 files.,mbarbine__vanagain-site
shared-automation,@platphorm/automation,masonry-portfolio,automation,automation-config,1,1,medium,automation-config classified as automation with reuse potential across 1 repositories and 1 files.,mbarbine__vanagain-site
shared-automation,@platphorm/automation,extended-portfolio,automation,automation-config,1,1,medium,automation-config classified as automation with reuse potential across 1 repositories and 1 files.,mbarbine__vanagain-site
shared-automation,@platphorm/automation,lightbox-gallery,automation,automation-config,1,1,medium,automation-config classified as automation with reuse potential across 1 repositories and 1 files.,mbarbine__vanagain-site
shared-automation,@platphorm/automation,fullwidth-gallery,automation,automation-config,1,1,medium,automation-config classified as automation with reuse potential across 1 repositories and 1 files.,mbarbine__vanagain-site
shared-automation,@platphorm/automation,contact-2,automation,automation-config,1,1,medium,automation-config classified as automation with reuse potential across 1 repositories and 1 files.,mbarbine__vanagain-site
shared-automation,@platphorm/automation,faq,automation,automation-config,1,1,medium,automation-config classified as automation with reuse potential across 1 repositories and 1 files.,mbarbine__vanagain-site
shared-automation,@platphorm/automation,4col-portfolio,automation,automation-config,1,1,medium,automation-config classified as automation with reuse potential across 1 repositories and 1 files.,mbarbine__vanagain-site
shared-automation,@platphorm/automation,contact,automation,automation-config,1,1,medium,automation-config classified as automation with reuse potential across 1 repositories and 1 files.,mbarbine__vanagain-site
shared-automation,@platphorm/automation,index-gallery,automation,automation-config,1,1,medium,automation-config classified as automation with reuse potential across 1 repositories and 1 files.,mbarbine__vanagain-site
shared-automation,@platphorm/automation,2col-portfolio,automation,automation-config,1,1,medium,automation-config classified as automation with reuse potential across 1 repositories and 1 files.,mbarbine__vanagain-site
shared-automation,@platphorm/automation,masonry-gallery,automation,automation-config,1,1,medium,automation-config classified as automation with reuse potential across 1 repositories and 1 files.,mbarbine__vanagain-site
shared-automation,@platphorm/automation,isotope-gallery,automation,automation-config,1,1,medium,automation-config classified as automation with reuse potential across 1 repositories and 1 files.,mbarbine__vanagain-site
shared-automation,@platphorm/automation,isotope-grid,automation,automation-config,1,1,medium,automation-config classified as automation with reuse potential across 1 repositories and 1 files.,mbarbine__vanagain-site
shared-automation,@platphorm/automation,modals,automation,automation-config,1,1,medium,automation-config classified as automation with reuse potential across 1 repositories and 1 files.,mbarbine__vanagain-site
shared-automation,@platphorm/automation,reveal-animate,automation,automation-config,1,1,medium,automation-config classified as automation with reuse potential across 1 repositories and 1 files.,mbarbine__vanagain-site
shared-process,@platphorm/process,translations,process,process-document,1,1,medium,process-document classified as process with reuse potential across 1 repositories and 1 files.,mbarbine__vanagain-site
shared-automation,@platphorm/automation,pt,automation,automation-config,1,1,medium,automation-config classified as automation with reuse potential across 1 repositories and 1 files.,mbarbine__vanagain-site
shared-automation,@platphorm/automation,et,automation,automation-config,1,1,medium,automation-config classified as automation with reuse potential across 1 repositories and 1 files.,mbarbine__vanagain-site
shared-automation,@platphorm/automation,sl,automation,automation-config,1,1,medium,automation-config classified as automation with reuse potential across 1 repositories and 1 files.,mbarbine__vanagain-site
shared-automation,@platphorm/automation,hr,automation,automation-config,1,1,medium,automation-config classified as automation with reuse potential across 1 repositories and 1 files.,mbarbine__vanagain-site
shared-automation,@platphorm/automation,fi,automation,automation-config,1,1,medium,automation-config classified as automation with reuse potential across 1 repositories and 1 files.,mbarbine__vanagain-site
shared-automation,@platphorm/automation,th,automation,automation-config,1,1,medium,automation-config classified as automation with reuse potential across 1 repositories and 1 files.,mbarbine__vanagain-site
shared-automation,@platphorm/automation,eu,automation,automation-config,1,1,medium,automation-config classified as automation with reuse potential across 1 repositories and 1 files.,mbarbine__vanagain-site
shared-automation,@platphorm/automation,sq,automation,automation-config,1,1,medium,automation-config classified as automation with reuse potential across 1 repositories and 1 files.,mbarbine__vanagain-site
shared-automation,@platphorm/automation,bg,automation,automation-config,1,1,medium,automation-config classified as automation with reuse potential across 1 repositories and 1 files.,mbarbine__vanagain-site
shared-automation,@platphorm/automation,id,automation,automation-config,1,1,medium,automation-config classified as automation with reuse potential across 1 repositories and 1 files.,mbarbine__vanagain-site
shared-automation,@platphorm/automation,ca,automation,automation-config,1,1,medium,automation-config classified as automation with reuse potential across 1 repositories and 1 files.,mbarbine__vanagain-site
shared-automation,@platphorm/automation,cy,automation,automation-config,1,1,medium,automation-config classified as automation with reuse potential across 1 repositories and 1 files.,mbarbine__vanagain-site
shared-process,@platphorm/process,translationstatus,process,specification,1,1,medium,specification classified as process with reuse potential across 1 repositories and 1 files.,mbarbine__vanagain-site
shared-automation,@platphorm/automation,pt-br,automation,automation-config,1,1,medium,automation-config classified as automation with reuse potential across 1 repositories and 1 files.,mbarbine__vanagain-site
shared-automation,@platphorm/automation,da,automation,automation-config,1,1,medium,automation-config classified as automation with reuse potential across 1 repositories and 1 files.,mbarbine__vanagain-site
shared-automation,@platphorm/automation,sv,automation,automation-config,1,1,medium,automation-config classified as automation with reuse potential across 1 repositories and 1 files.,mbarbine__vanagain-site
shared-automation,@platphorm/automation,km,automation,automation-config,1,1,medium,automation-config classified as automation with reuse potential across 1 repositories and 1 files.,mbarbine__vanagain-site
shared-automation,@platphorm/automation,fr,automation,automation-config,1,1,medium,automation-config classified as automation with reuse potential across 1 repositories and 1 files.,mbarbine__vanagain-site
shared-automation,@platphorm/automation,nl,automation,automation-config,1,1,medium,automation-config classified as automation with reuse potential across 1 repositories and 1 files.,mbarbine__vanagain-site
shared-automation,@platphorm/automation,fr-ca,automation,automation-config,1,1,medium,automation-config classified as automation with reuse potential across 1 repositories and 1 files.,mbarbine__vanagain-site
shared-automation,@platphorm/automation,en-gb,automation,automation-config,1,1,medium,automation-config classified as automation with reuse potential across 1 repositories and 1 files.,mbarbine__vanagain-site
shared-automation,@platphorm/automation,ar,automation,automation-config,1,1,medium,automation-config classified as automation with reuse potential across 1 repositories and 1 files.,mbarbine__vanagain-site
shared-automation,@platphorm/automation,it,automation,automation-config,1,1,medium,automation-config classified as automation with reuse potential across 1 repositories and 1 files.,mbarbine__vanagain-site
shared-ai,@platphorm/ai,plugin,ai,ai-integration,1,1,medium,ai-integration classified as ai with reuse potential across 1 repositories and 1 files.,mbarbine__vanagain-site
shared-logic,@platphorm/logic,show-hint,logic,business-logic,1,1,medium,business-logic classified as logic with reuse potential across 1 repositories and 1 files.,mbarbine__vanagain-site
shared-logic,@platphorm/logic,javascript,logic,business-logic,1,1,medium,business-logic classified as logic with reuse potential across 1 repositories and 1 files.,mbarbine__vanagain-site
shared-ai,@platphorm/ai,ai-chat-section,ai,feature-ui,1,1,medium,feature-ui classified as ai with reuse potential across 1 repositories and 1 files.,mbarbine__vanlife-website
shared-automation,@platphorm/automation,troubleshoot,automation,script,1,1,medium,script classified as automation with reuse potential across 1 repositories and 1 files.,mbarbine__wildduck
shared-automation,@platphorm/automation,docker-compose-no-ssl,automation,container-automation,1,1,medium,container-automation classified as automation with reuse potential across 1 repositories and 1 files.,mbarbine__wildduck
shared-automation,@platphorm/automation,run-mount-analysis,automation,script,1,1,medium,script classified as automation with reuse potential across 1 repositories and 1 files.,mbarbine__wildduck
shared-automation,@platphorm/automation,test-services-quick,automation,script,1,1,medium,script classified as automation with reuse potential across 1 repositories and 1 files.,mbarbine__wildduck
shared-automation,@platphorm/automation,manage-users,automation,script,1,1,medium,script classified as automation with reuse potential across 1 repositories and 1 files.,mbarbine__wildduck
shared-automation,@platphorm/automation,docker-compose-clean,automation,container-automation,1,1,medium,container-automation classified as automation with reuse potential across 1 repositories and 1 files.,mbarbine__wildduck
shared-automation,@platphorm/automation,start-wildduck,automation,script,1,1,medium,script classified as automation with reuse potential across 1 repositories and 1 files.,mbarbine__wildduck
shared-automation,@platphorm/automation,docker-compose-simple,automation,container-automation,1,1,medium,container-automation classified as automation with reuse potential across 1 repositories and 1 files.,mbarbine__wildduck
shared-automation,@platphorm/automation,config-summary,automation,script,1,1,medium,script classified as automation with reuse potential across 1 repositories and 1 files.,mbarbine__wildduck
shared-ai,@platphorm/ai,basic-roles,ai,ai-integration,1,1,medium,ai-integration classified as ai with reuse potential across 1 repositories and 1 files.,mbarbine__wildduck
shared-process,@platphorm/process,cleanup-analysis,process,process-document,1,1,medium,process-document classified as process with reuse potential across 1 repositories and 1 files.,mbarbine__wildduck
shared-process,@platphorm/process,management,process,process-document,1,1,medium,process-document classified as process with reuse potential across 1 repositories and 1 files.,mbarbine__wildduck
shared-process,@platphorm/process,networking,process,process-document,1,1,medium,process-document classified as process with reuse potential across 1 repositories and 1 files.,mbarbine__wildduck
shared-process,@platphorm/process,ja4-plus,process,process-document,1,1,medium,process-document classified as process with reuse potential across 1 repositories and 1 files.,mbarbine__wildduck
shared-process,@platphorm/process,zone-mta-setup,process,process-document,1,1,medium,process-document classified as process with reuse potential across 1 repositories and 1 files.,mbarbine__wildduck
shared-process,@platphorm/process,retro-modern-install,process,process-document,1,1,medium,process-document classified as process with reuse potential across 1 repositories and 1 files.,mbarbine__wildduck
shared-process,@platphorm/process,retro-modern-theme,process,process-document,1,1,medium,process-document classified as process with reuse potential across 1 repositories and 1 files.,mbarbine__wildduck
shared-process,@platphorm/process,configuration,process,process-document,1,1,medium,process-document classified as process with reuse potential across 1 repositories and 1 files.,mbarbine__wildduck
shared-process,@platphorm/process,setup-status,process,process-document,1,1,medium,process-document classified as process with reuse potential across 1 repositories and 1 files.,mbarbine__wildduck
shared-process,@platphorm/process,haraka,process,process-document,1,1,medium,process-document classified as process with reuse potential across 1 repositories and 1 files.,mbarbine__wildduck
shared-process,@platphorm/process,redis,process,process-document,1,1,medium,process-document classified as process with reuse potential across 1 repositories and 1 files.,mbarbine__wildduck
shared-process,@platphorm/process,zone-mta,process,process-document,1,1,medium,process-document classified as process with reuse potential across 1 repositories and 1 files.,mbarbine__wildduck
shared-process,@platphorm/process,traefik,process,process-document,1,1,medium,process-document classified as process with reuse potential across 1 repositories and 1 files.,mbarbine__wildduck
shared-process,@platphorm/process,wildduck-server,process,process-document,1,1,medium,process-document classified as process with reuse potential across 1 repositories and 1 files.,mbarbine__wildduck
shared-process,@platphorm/process,webmail,process,process-document,1,1,medium,process-document classified as process with reuse potential across 1 repositories and 1 files.,mbarbine__wildduck
shared-process,@platphorm/process,mongodb,process,process-document,1,1,medium,process-document classified as process with reuse potential across 1 repositories and 1 files.,mbarbine__wildduck
shared-automation,@platphorm/automation,pre-start-validation,automation,script,1,1,medium,script classified as automation with reuse potential across 1 repositories and 1 files.,mbarbine__wildduck
shared-automation,@platphorm/automation,generate-certs,automation,script,1,1,medium,script classified as automation with reuse potential across 1 repositories and 1 files.,mbarbine__wildduck
shared-automation,@platphorm/automation,ja4-plus-manager,automation,script,1,1,medium,script classified as automation with reuse potential across 1 repositories and 1 files.,mbarbine__wildduck
shared-automation,@platphorm/automation,setup-wildduck-complete,automation,script,1,1,medium,script classified as automation with reuse potential across 1 repositories and 1 files.,mbarbine__wildduck
shared-automation,@platphorm/automation,validate-no-ssl,automation,script,1,1,medium,script classified as automation with reuse potential across 1 repositories and 1 files.,mbarbine__wildduck
shared-automation,@platphorm/automation,test-manage-script,automation,script,1,1,medium,script classified as automation with reuse potential across 1 repositories and 1 files.,mbarbine__wildduck
shared-automation,@platphorm/automation,test-redis-network,automation,script,1,1,medium,script classified as automation with reuse potential across 1 repositories and 1 files.,mbarbine__wildduck
shared-automation,@platphorm/automation,install-ja4-plus,automation,script,1,1,medium,script classified as automation with reuse potential across 1 repositories and 1 files.,mbarbine__wildduck
shared-automation,@platphorm/automation,validate-setup,automation,script,1,1,medium,script classified as automation with reuse potential across 1 repositories and 1 files.,mbarbine__wildduck
shared-automation,@platphorm/automation,generate-secrets,automation,script,1,1,medium,script classified as automation with reuse potential across 1 repositories and 1 files.,mbarbine__wildduck
shared-automation,@platphorm/automation,setup-admin-user,automation,script,1,1,medium,script classified as automation with reuse potential across 1 repositories and 1 files.,mbarbine__wildduck
shared-automation,@platphorm/automation,integrate-wildduck,automation,automation-config,1,1,medium,automation-config classified as automation with reuse potential across 1 repositories and 1 files.,mbarbine__wildduck
shared-automation,@platphorm/automation,monitor-ja4,automation,script,1,1,medium,script classified as automation with reuse potential across 1 repositories and 1 files.,mbarbine__wildduck
shared-automation,@platphorm/automation,jest-config,automation,automation-config,1,1,medium,automation-config classified as automation with reuse potential across 1 repositories and 1 files.,mbarbine__www-demo-biofeedback-app-development
shared-automation,@platphorm/automation,jest-setup,automation,automation-config,1,1,medium,automation-config classified as automation with reuse potential across 1 repositories and 1 files.,mbarbine__www-demo-biofeedback-app-development
shared-logic,@platphorm/logic,biofeedback-engine,logic,business-logic,1,1,medium,business-logic classified as logic with reuse potential across 1 repositories and 1 files.,mbarbine__www-demo-biofeedback-app-development
shared-logic,@platphorm/logic,computer-vision,logic,business-logic,1,1,medium,business-logic classified as logic with reuse potential across 1 repositories and 1 files.,mbarbine__www-demo-biofeedback-app-development
shared-automation,@platphorm/automation,xsociety-installer,automation,script,1,1,medium,script classified as automation with reuse potential across 1 repositories and 1 files.,mbarbine__xsociety
shared-automation,@platphorm/automation,xsociety-gui-installer,automation,script,1,1,medium,script classified as automation with reuse potential across 1 repositories and 1 files.,mbarbine__xsociety
shared-process,@platphorm/process,apktools-license,process,process-document,1,1,medium,process-document classified as process with reuse potential across 1 repositories and 1 files.,mbarbine__xsociety
shared-process,@platphorm/process,xsociety2examplecommands,process,process-document,1,1,medium,process-document classified as process with reuse potential across 1 repositories and 1 files.,mbarbine__xsociety
shared-process,@platphorm/process,todo,process,process-document,1,1,medium,process-document classified as process with reuse potential across 1 repositories and 1 files.,mbarbine__xsociety
shared-logic,@platphorm/logic,xsociety-utils,logic,utility,1,1,medium,utility classified as logic with reuse potential across 1 repositories and 1 files.,mbarbine__xsociety
shared-ai,@platphorm/ai,xsociety-agent,ai,agent,1,1,medium,agent classified as ai with reuse potential across 1 repositories and 1 files.,mbarbine__xsociety
shared-ai,@platphorm/ai,css,ai,ai-integration,1,1,medium,ai-integration classified as ai with reuse potential across 1 repositories and 1 files.,mbarbine__xsociety
shared-automation,@platphorm/automation,get-styles,automation,automation-config,1,1,medium,automation-config classified as automation with reuse potential across 1 repositories and 1 files.,mbarbine__xsociety
shared-automation,@platphorm/automation,val,automation,automation-config,1,1,medium,automation-config classified as automation with reuse potential across 1 repositories and 1 files.,mbarbine__xsociety
shared-automation,@platphorm/automation,tween,automation,automation-config,1,1,medium,automation-config classified as automation with reuse potential across 1 repositories and 1 files.,mbarbine__xsociety
shared-process,@platphorm/process,normalization-corrections,process,process-document,1,1,medium,process-document classified as process with reuse potential across 1 repositories and 1 files.,mbarbine__zornixOS
shared-process,@platphorm/process,name-aliases,process,process-document,1,1,medium,process-document classified as process with reuse potential across 1 repositories and 1 files.,mbarbine__zornixOS
shared-process,@platphorm/process,djoin-type,process,process-document,1,1,medium,process-document classified as process with reuse potential across 1 repositories and 1 files.,mbarbine__zornixOS
shared-automation,@platphorm/automation,gawk,automation,script,1,1,medium,script classified as automation with reuse potential across 1 repositories and 1 files.,mbarbine__zornixOS
shared-logic,@platphorm/logic,libstdc-so-6-0-25-gdb,logic,business-logic,1,1,medium,business-logic classified as logic with reuse potential across 1 repositories and 1 files.,mbarbine__zornixOS
shared-logic,@platphorm/logic,distroprefs,logic,business-logic,1,1,medium,business-logic classified as logic with reuse potential across 1 repositories and 1 files.,mbarbine__zornixOS
shared-logic,@platphorm/logic,normalization-corrections,logic,business-logic,1,1,medium,business-logic classified as logic with reuse potential across 1 repositories and 1 files.,mbarbine__zornixOS
shared-logic,@platphorm/logic,name-aliases,logic,business-logic,1,1,medium,business-logic classified as logic with reuse potential across 1 repositories and 1 files.,mbarbine__zornixOS
shared-logic,@platphorm/logic,djoin-type,logic,business-logic,1,1,medium,business-logic classified as logic with reuse potential across 1 repositories and 1 files.,mbarbine__zornixOS
shared-automation,@platphorm/automation,2-create-ramdisk,automation,script,1,1,medium,script classified as automation with reuse potential across 1 repositories and 1 files.,mbarbine__zornixOS
shared-automation,@platphorm/automation,image,automation,script,1,1,medium,script classified as automation with reuse potential across 1 repositories and 1 files.,mbarbine__zornixOS
shared-automation,@platphorm/automation,3-build-iso,automation,script,1,1,medium,script classified as automation with reuse potential across 1 repositories and 1 files.,mbarbine__zornixOS
shared-automation,@platphorm/automation,1-configure-syslinux,automation,script,1,1,medium,script classified as automation with reuse potential across 1 repositories and 1 files.,mbarbine__zornixOS
shared-automation,@platphorm/automation,chapter-6,automation,script,1,1,medium,script classified as automation with reuse potential across 1 repositories and 1 files.,mbarbine__zornixOS
shared-automation,@platphorm/automation,chapter-7,automation,script,1,1,medium,script classified as automation with reuse potential across 1 repositories and 1 files.,mbarbine__zornixOS
shared-automation,@platphorm/automation,book,automation,script,1,1,medium,script classified as automation with reuse potential across 1 repositories and 1 files.,mbarbine__zornixOS
shared-automation,@platphorm/automation,chapter-7-chroot,automation,script,1,1,medium,script classified as automation with reuse potential across 1 repositories and 1 files.,mbarbine__zornixOS
shared-automation,@platphorm/automation,chapter-3,automation,script,1,1,medium,script classified as automation with reuse potential across 1 repositories and 1 files.,mbarbine__zornixOS
shared-automation,@platphorm/automation,chapter-8,automation,script,1,1,medium,script classified as automation with reuse potential across 1 repositories and 1 files.,mbarbine__zornixOS
shared-automation,@platphorm/automation,chapter-9,automation,script,1,1,medium,script classified as automation with reuse potential across 1 repositories and 1 files.,mbarbine__zornixOS
shared-automation,@platphorm/automation,chapter-6-chroot,automation,script,1,1,medium,script classified as automation with reuse potential across 1 repositories and 1 files.,mbarbine__zornixOS
shared-automation,@platphorm/automation,chapter-8-chroot,automation,script,1,1,medium,script classified as automation with reuse potential across 1 repositories and 1 files.,mbarbine__zornixOS
shared-automation,@platphorm/automation,library-check,automation,script,1,1,medium,script classified as automation with reuse potential across 1 repositories and 1 files.,mbarbine__zornixOS
shared-automation,@platphorm/automation,version-check,automation,script,1,1,medium,script classified as automation with reuse potential across 1 repositories and 1 files.,mbarbine__zornixOS
shared-automation,@platphorm/automation,chapter-9-chroot,automation,script,1,1,medium,script classified as automation with reuse potential across 1 repositories and 1 files.,mbarbine__zornixOS
shared-automation,@platphorm/automation,chapter-5,automation,script,1,1,medium,script classified as automation with reuse potential across 1 repositories and 1 files.,mbarbine__zornixOS
shared-automation,@platphorm/automation,7-x-configure-bash,automation,script,1,1,medium,script classified as automation with reuse potential across 1 repositories and 1 files.,mbarbine__zornixOS
shared-automation,@platphorm/automation,7-4-manage-devices,automation,script,1,1,medium,script classified as automation with reuse potential across 1 repositories and 1 files.,mbarbine__zornixOS
shared-automation,@platphorm/automation,7-5-configure-network,automation,script,1,1,medium,script classified as automation with reuse potential across 1 repositories and 1 files.,mbarbine__zornixOS
shared-automation,@platphorm/automation,7-2-make-lfs-bootscripts,automation,script,1,1,medium,script classified as automation with reuse potential across 1 repositories and 1 files.,mbarbine__zornixOS
shared-automation,@platphorm/automation,7-6-configure-systemv,automation,script,1,1,medium,script classified as automation with reuse potential across 1 repositories and 1 files.,mbarbine__zornixOS
shared-automation,@platphorm/automation,9-1-the-end,automation,script,1,1,medium,script classified as automation with reuse potential across 1 repositories and 1 files.,mbarbine__zornixOS
shared-automation,@platphorm/automation,9-x-cleanup,automation,script,1,1,medium,script classified as automation with reuse potential across 1 repositories and 1 files.,mbarbine__zornixOS
shared-automation,@platphorm/automation,8-2-create-fstab,automation,script,1,1,medium,script classified as automation with reuse potential across 1 repositories and 1 files.,mbarbine__zornixOS
shared-automation,@platphorm/automation,8-3-make-linux-kernel,automation,script,1,1,medium,script classified as automation with reuse potential across 1 repositories and 1 files.,mbarbine__zornixOS
shared-automation,@platphorm/automation,8-4-setup-grub,automation,script,1,1,medium,script classified as automation with reuse potential across 1 repositories and 1 files.,mbarbine__zornixOS
shared-automation,@platphorm/automation,6-48-make-libelf,automation,script,1,1,medium,script classified as automation with reuse potential across 1 repositories and 1 files.,mbarbine__zornixOS
shared-automation,@platphorm/automation,6-29-make-psmisc,automation,script,1,1,medium,script classified as automation with reuse potential across 1 repositories and 1 files.,mbarbine__zornixOS
shared-automation,@platphorm/automation,6-64-make-gzip,automation,script,1,1,medium,script classified as automation with reuse potential across 1 repositories and 1 files.,mbarbine__zornixOS
shared-automation,@platphorm/automation,6-32-make-flex,automation,script,1,1,medium,script classified as automation with reuse potential across 1 repositories and 1 files.,mbarbine__zornixOS
shared-automation,@platphorm/automation,6-37-make-gperf,automation,script,1,1,medium,script classified as automation with reuse potential across 1 repositories and 1 files.,mbarbine__zornixOS
shared-automation,@platphorm/automation,6-6-create-essentials,automation,script,1,1,medium,script classified as automation with reuse potential across 1 repositories and 1 files.,mbarbine__zornixOS
shared-automation,@platphorm/automation,6-22-make-bzip2,automation,script,1,1,medium,script classified as automation with reuse potential across 1 repositories and 1 files.,mbarbine__zornixOS
shared-automation,@platphorm/automation,6-38-make-expat,automation,script,1,1,medium,script classified as automation with reuse potential across 1 repositories and 1 files.,mbarbine__zornixOS
shared-automation,@platphorm/automation,6-53-make-meson,automation,script,1,1,medium,script classified as automation with reuse potential across 1 repositories and 1 files.,mbarbine__zornixOS
shared-automation,@platphorm/automation,6-51-make-python,automation,script,1,1,medium,script classified as automation with reuse potential across 1 repositories and 1 files.,mbarbine__zornixOS
shared-automation,@platphorm/automation,6-80-clean,automation,script,1,1,medium,script classified as automation with reuse potential across 1 repositories and 1 files.,mbarbine__zornixOS
shared-automation,@platphorm/automation,6-15-make-bc,automation,script,1,1,medium,script classified as automation with reuse potential across 1 repositories and 1 files.,mbarbine__zornixOS
shared-automation,@platphorm/automation,6-10-adjust-toolchain,automation,script,1,1,medium,script classified as automation with reuse potential across 1 repositories and 1 files.,mbarbine__zornixOS
shared-automation,@platphorm/automation,6-62-make-grub,automation,script,1,1,medium,script classified as automation with reuse potential across 1 repositories and 1 files.,mbarbine__zornixOS
shared-automation,@platphorm/automation,6-70-make-sysklogd,automation,script,1,1,medium,script classified as automation with reuse potential across 1 repositories and 1 files.,mbarbine__zornixOS
shared-automation,@platphorm/automation,6-39-make-inetutils,automation,script,1,1,medium,script classified as automation with reuse potential across 1 repositories and 1 files.,mbarbine__zornixOS
shared-automation,@platphorm/automation,6-58-make-diffutils,automation,script,1,1,medium,script classified as automation with reuse potential across 1 repositories and 1 files.,mbarbine__zornixOS
shared-automation,@platphorm/automation,6-72-make-eudev,automation,script,1,1,medium,script classified as automation with reuse potential across 1 repositories and 1 files.,mbarbine__zornixOS
shared-automation,@platphorm/automation,6-2-prepare-vkfs,automation,script,1,1,medium,script classified as automation with reuse potential across 1 repositories and 1 files.,mbarbine__zornixOS
shared-automation,@platphorm/automation,6-20-make-shadow,automation,script,1,1,medium,script classified as automation with reuse potential across 1 repositories and 1 files.,mbarbine__zornixOS
shared-automation,@platphorm/automation,6-52-make-ninja,automation,script,1,1,medium,script classified as automation with reuse potential across 1 repositories and 1 files.,mbarbine__zornixOS
shared-automation,@platphorm/automation,6-11-make-zlib,automation,script,1,1,medium,script classified as automation with reuse potential across 1 repositories and 1 files.,mbarbine__zornixOS
shared-automation,@platphorm/automation,6-40-make-perl,automation,script,1,1,medium,script classified as automation with reuse potential across 1 repositories and 1 files.,mbarbine__zornixOS
shared-automation,@platphorm/automation,6-8-make-man-pages,automation,script,1,1,medium,script classified as automation with reuse potential across 1 repositories and 1 files.,mbarbine__zornixOS
shared-automation,@platphorm/automation,6-7-make-linux-api-headers,automation,script,1,1,medium,script classified as automation with reuse potential across 1 repositories and 1 files.,mbarbine__zornixOS
shared-automation,@platphorm/automation,6-30-make-iana-etc,automation,script,1,1,medium,script classified as automation with reuse potential across 1 repositories and 1 files.,mbarbine__zornixOS
shared-automation,@platphorm/automation,6-60-make-findutils,automation,script,1,1,medium,script classified as automation with reuse potential across 1 repositories and 1 files.,mbarbine__zornixOS
shared-automation,@platphorm/automation,6-35-make-libtool,automation,script,1,1,medium,script classified as automation with reuse potential across 1 repositories and 1 files.,mbarbine__zornixOS
shared-automation,@platphorm/automation,6-19-make-mpc,automation,script,1,1,medium,script classified as automation with reuse potential across 1 repositories and 1 files.,mbarbine__zornixOS
shared-automation,@platphorm/automation,6-14-make-m4,automation,script,1,1,medium,script classified as automation with reuse potential across 1 repositories and 1 files.,mbarbine__zornixOS
shared-automation,@platphorm/automation,6-55-make-e2fsprogs,automation,script,1,1,medium,script classified as automation with reuse potential across 1 repositories and 1 files.,mbarbine__zornixOS
shared-automation,@platphorm/automation,6-17-make-gmp,automation,script,1,1,medium,script classified as automation with reuse potential across 1 repositories and 1 files.,mbarbine__zornixOS
shared-automation,@platphorm/automation,6-54-make-procps-ng,automation,script,1,1,medium,script classified as automation with reuse potential across 1 repositories and 1 files.,mbarbine__zornixOS
shared-automation,@platphorm/automation,6-16-make-binutils,automation,script,1,1,medium,script classified as automation with reuse potential across 1 repositories and 1 files.,mbarbine__zornixOS
shared-automation,@platphorm/automation,6-21-make-gcc,automation,script,1,1,medium,script classified as automation with reuse potential across 1 repositories and 1 files.,mbarbine__zornixOS
shared-automation,@platphorm/automation,6-76-make-texinfo,automation,script,1,1,medium,script classified as automation with reuse potential across 1 repositories and 1 files.,mbarbine__zornixOS
shared-automation,@platphorm/automation,6-49-make-libffi,automation,script,1,1,medium,script classified as automation with reuse potential across 1 repositories and 1 files.,mbarbine__zornixOS
shared-automation,@platphorm/automation,6-31-make-bison,automation,script,1,1,medium,script classified as automation with reuse potential across 1 repositories and 1 files.,mbarbine__zornixOS
shared-automation,@platphorm/automation,6-23-make-pkg-config,automation,script,1,1,medium,script classified as automation with reuse potential across 1 repositories and 1 files.,mbarbine__zornixOS
shared-automation,@platphorm/automation,6-36-make-gdbm,automation,script,1,1,medium,script classified as automation with reuse potential across 1 repositories and 1 files.,mbarbine__zornixOS
shared-automation,@platphorm/automation,6-42-make-intltool,automation,script,1,1,medium,script classified as automation with reuse potential across 1 repositories and 1 files.,mbarbine__zornixOS
shared-automation,@platphorm/automation,6-69-make-patch,automation,script,1,1,medium,script classified as automation with reuse potential across 1 repositories and 1 files.,mbarbine__zornixOS
shared-automation,@platphorm/automation,6-28-make-sed,automation,script,1,1,medium,script classified as automation with reuse potential across 1 repositories and 1 files.,mbarbine__zornixOS
shared-automation,@platphorm/automation,6-41-make-xml-parser,automation,script,1,1,medium,script classified as automation with reuse potential across 1 repositories and 1 files.,mbarbine__zornixOS
shared-automation,@platphorm/automation,6-24-make-ncurses,automation,script,1,1,medium,script classified as automation with reuse potential across 1 repositories and 1 files.,mbarbine__zornixOS
shared-automation,@platphorm/automation,6-12-make-file,automation,script,1,1,medium,script classified as automation with reuse potential across 1 repositories and 1 files.,mbarbine__zornixOS
shared-automation,@platphorm/automation,6-33-make-grep,automation,script,1,1,medium,script classified as automation with reuse potential across 1 repositories and 1 files.,mbarbine__zornixOS
shared-automation,@platphorm/automation,6-57-make-check,automation,script,1,1,medium,script classified as automation with reuse potential across 1 repositories and 1 files.,mbarbine__zornixOS
shared-automation,@platphorm/automation,6-50-make-openssl,automation,script,1,1,medium,script classified as automation with reuse potential across 1 repositories and 1 files.,mbarbine__zornixOS
shared-automation,@platphorm/automation,6-71-make-sysvinit,automation,script,1,1,medium,script classified as automation with reuse potential across 1 repositories and 1 files.,mbarbine__zornixOS
shared-automation,@platphorm/automation,6-66-make-kbd,automation,script,1,1,medium,script classified as automation with reuse potential across 1 repositories and 1 files.,mbarbine__zornixOS
shared-automation,@platphorm/automation,6-46-make-kmod,automation,script,1,1,medium,script classified as automation with reuse potential across 1 repositories and 1 files.,mbarbine__zornixOS
shared-automation,@platphorm/automation,6-34-make-bash,automation,script,1,1,medium,script classified as automation with reuse potential across 1 repositories and 1 files.,mbarbine__zornixOS
shared-automation,@platphorm/automation,6-59-make-gawk,automation,script,1,1,medium,script classified as automation with reuse potential across 1 repositories and 1 files.,mbarbine__zornixOS
shared-automation,@platphorm/automation,6-27-make-libcap,automation,script,1,1,medium,script classified as automation with reuse potential across 1 repositories and 1 files.,mbarbine__zornixOS
shared-automation,@platphorm/automation,6-56-make-coreutils,automation,script,1,1,medium,script classified as automation with reuse potential across 1 repositories and 1 files.,mbarbine__zornixOS
shared-automation,@platphorm/automation,6-26-make-acl,automation,script,1,1,medium,script classified as automation with reuse potential across 1 repositories and 1 files.,mbarbine__zornixOS
shared-automation,@platphorm/automation,6-67-make-libpipeline,automation,script,1,1,medium,script classified as automation with reuse potential across 1 repositories and 1 files.,mbarbine__zornixOS
shared-automation,@platphorm/automation,6-77-make-vim,automation,script,1,1,medium,script classified as automation with reuse potential across 1 repositories and 1 files.,mbarbine__zornixOS
shared-automation,@platphorm/automation,6-43-make-autoconf,automation,script,1,1,medium,script classified as automation with reuse potential across 1 repositories and 1 files.,mbarbine__zornixOS
shared-automation,@platphorm/automation,6-18-make-mpfr,automation,script,1,1,medium,script classified as automation with reuse potential across 1 repositories and 1 files.,mbarbine__zornixOS
shared-automation,@platphorm/automation,6-44-make-automake,automation,script,1,1,medium,script classified as automation with reuse potential across 1 repositories and 1 files.,mbarbine__zornixOS
shared-automation,@platphorm/automation,6-73-make-util-linux,automation,script,1,1,medium,script classified as automation with reuse potential across 1 repositories and 1 files.,mbarbine__zornixOS
shared-automation,@platphorm/automation,6-13-make-readline,automation,script,1,1,medium,script classified as automation with reuse potential across 1 repositories and 1 files.,mbarbine__zornixOS
shared-automation,@platphorm/automation,6-5-create-directories,automation,script,1,1,medium,script classified as automation with reuse potential across 1 repositories and 1 files.,mbarbine__zornixOS
shared-automation,@platphorm/automation,6-74-make-man-db,automation,script,1,1,medium,script classified as automation with reuse potential across 1 repositories and 1 files.,mbarbine__zornixOS
shared-automation,@platphorm/automation,6-63-make-less,automation,script,1,1,medium,script classified as automation with reuse potential across 1 repositories and 1 files.,mbarbine__zornixOS
shared-automation,@platphorm/automation,6-45-make-xz,automation,script,1,1,medium,script classified as automation with reuse potential across 1 repositories and 1 files.,mbarbine__zornixOS
shared-automation,@platphorm/automation,6-25-make-attr,automation,script,1,1,medium,script classified as automation with reuse potential across 1 repositories and 1 files.,mbarbine__zornixOS
shared-automation,@platphorm/automation,6-65-make-iproute2,automation,script,1,1,medium,script classified as automation with reuse potential across 1 repositories and 1 files.,mbarbine__zornixOS
shared-automation,@platphorm/automation,6-9-make-glibc,automation,script,1,1,medium,script classified as automation with reuse potential across 1 repositories and 1 files.,mbarbine__zornixOS
shared-automation,@platphorm/automation,6-47-make-gettext,automation,script,1,1,medium,script classified as automation with reuse potential across 1 repositories and 1 files.,mbarbine__zornixOS
shared-automation,@platphorm/automation,6-75-make-tar,automation,script,1,1,medium,script classified as automation with reuse potential across 1 repositories and 1 files.,mbarbine__zornixOS
shared-automation,@platphorm/automation,6-61-make-groff,automation,script,1,1,medium,script classified as automation with reuse potential across 1 repositories and 1 files.,mbarbine__zornixOS
shared-automation,@platphorm/automation,6-68-make-make,automation,script,1,1,medium,script classified as automation with reuse potential across 1 repositories and 1 files.,mbarbine__zornixOS
shared-automation,@platphorm/automation,6-79-strip,automation,script,1,1,medium,script classified as automation with reuse potential across 1 repositories and 1 files.,mbarbine__zornixOS
shared-automation,@platphorm/automation,3-1-download-tools,automation,script,1,1,medium,script classified as automation with reuse potential across 1 repositories and 1 files.,mbarbine__zornixOS
shared-automation,@platphorm/automation,5-15-make-ncurses,automation,script,1,1,medium,script classified as automation with reuse potential across 1 repositories and 1 files.,mbarbine__zornixOS
shared-automation,@platphorm/automation,5-7-make-glibc,automation,script,1,1,medium,script classified as automation with reuse potential across 1 repositories and 1 files.,mbarbine__zornixOS
shared-automation,@platphorm/automation,5-4-make-binutils,automation,script,1,1,medium,script classified as automation with reuse potential across 1 repositories and 1 files.,mbarbine__zornixOS
shared-automation,@platphorm/automation,5-16-make-bash,automation,script,1,1,medium,script classified as automation with reuse potential across 1 repositories and 1 files.,mbarbine__zornixOS
shared-automation,@platphorm/automation,5-12-make-expect,automation,script,1,1,medium,script classified as automation with reuse potential across 1 repositories and 1 files.,mbarbine__zornixOS
shared-automation,@platphorm/automation,5-10-make-gcc,automation,script,1,1,medium,script classified as automation with reuse potential across 1 repositories and 1 files.,mbarbine__zornixOS
shared-automation,@platphorm/automation,5-6-make-linux-api-headers,automation,script,1,1,medium,script classified as automation with reuse potential across 1 repositories and 1 files.,mbarbine__zornixOS
shared-automation,@platphorm/automation,5-26-make-gzip,automation,script,1,1,medium,script classified as automation with reuse potential across 1 repositories and 1 files.,mbarbine__zornixOS
shared-automation,@platphorm/automation,5-30-make-sed,automation,script,1,1,medium,script classified as automation with reuse potential across 1 repositories and 1 files.,mbarbine__zornixOS
shared-automation,@platphorm/automation,5-22-make-findutils,automation,script,1,1,medium,script classified as automation with reuse potential across 1 repositories and 1 files.,mbarbine__zornixOS
shared-automation,@platphorm/automation,5-14-make-m4,automation,script,1,1,medium,script classified as automation with reuse potential across 1 repositories and 1 files.,mbarbine__zornixOS
shared-automation,@platphorm/automation,5-35-strip,automation,script,1,1,medium,script classified as automation with reuse potential across 1 repositories and 1 files.,mbarbine__zornixOS
shared-automation,@platphorm/automation,5-33-make-util-linux,automation,script,1,1,medium,script classified as automation with reuse potential across 1 repositories and 1 files.,mbarbine__zornixOS
shared-automation,@platphorm/automation,5-23-make-gawk,automation,script,1,1,medium,script classified as automation with reuse potential across 1 repositories and 1 files.,mbarbine__zornixOS
shared-automation,@platphorm/automation,5-8-make-libstdc,automation,script,1,1,medium,script classified as automation with reuse potential across 1 repositories and 1 files.,mbarbine__zornixOS
shared-automation,@platphorm/automation,5-19-make-coreutils,automation,script,1,1,medium,script classified as automation with reuse potential across 1 repositories and 1 files.,mbarbine__zornixOS
shared-automation,@platphorm/automation,5-29-make-perl,automation,script,1,1,medium,script classified as automation with reuse potential across 1 repositories and 1 files.,mbarbine__zornixOS
shared-automation,@platphorm/automation,5-9-make-binutils,automation,script,1,1,medium,script classified as automation with reuse potential across 1 repositories and 1 files.,mbarbine__zornixOS
shared-automation,@platphorm/automation,5-20-make-diffutils,automation,script,1,1,medium,script classified as automation with reuse potential across 1 repositories and 1 files.,mbarbine__zornixOS
shared-automation,@platphorm/automation,5-5-make-gcc,automation,script,1,1,medium,script classified as automation with reuse potential across 1 repositories and 1 files.,mbarbine__zornixOS
shared-automation,@platphorm/automation,5-34-make-xz,automation,script,1,1,medium,script classified as automation with reuse potential across 1 repositories and 1 files.,mbarbine__zornixOS
shared-automation,@platphorm/automation,5-24-make-gettext,automation,script,1,1,medium,script classified as automation with reuse potential across 1 repositories and 1 files.,mbarbine__zornixOS
shared-automation,@platphorm/automation,5-11-make-tcl,automation,script,1,1,medium,script classified as automation with reuse potential across 1 repositories and 1 files.,mbarbine__zornixOS
shared-automation,@platphorm/automation,5-27-make-make,automation,script,1,1,medium,script classified as automation with reuse potential across 1 repositories and 1 files.,mbarbine__zornixOS
shared-automation,@platphorm/automation,5-21-make-file,automation,script,1,1,medium,script classified as automation with reuse potential across 1 repositories and 1 files.,mbarbine__zornixOS
shared-automation,@platphorm/automation,5-13-make-dejagnu,automation,script,1,1,medium,script classified as automation with reuse potential across 1 repositories and 1 files.,mbarbine__zornixOS
shared-automation,@platphorm/automation,5-32-make-texinfo,automation,script,1,1,medium,script classified as automation with reuse potential across 1 repositories and 1 files.,mbarbine__zornixOS
shared-automation,@platphorm/automation,5-28-make-patch,automation,script,1,1,medium,script classified as automation with reuse potential across 1 repositories and 1 files.,mbarbine__zornixOS
shared-automation,@platphorm/automation,5-17-make-bison,automation,script,1,1,medium,script classified as automation with reuse potential across 1 repositories and 1 files.,mbarbine__zornixOS
shared-automation,@platphorm/automation,5-31-make-tar,automation,script,1,1,medium,script classified as automation with reuse potential across 1 repositories and 1 files.,mbarbine__zornixOS
shared-automation,@platphorm/automation,5-18-make-bzip2,automation,script,1,1,medium,script classified as automation with reuse potential across 1 repositories and 1 files.,mbarbine__zornixOS
shared-automation,@platphorm/automation,5-25-make-grep,automation,script,1,1,medium,script classified as automation with reuse potential across 1 repositories and 1 files.,mbarbine__zornixOS
shared-logic,@platphorm/logic,settings-store,logic,state-store,1,1,medium,state-store classified as logic with reuse potential across 1 repositories and 1 files.,ph3ar__DeskThing-FortuneCookie
shared-logic,@platphorm/logic,fortune-store,logic,state-store,1,1,medium,state-store classified as logic with reuse potential across 1 repositories and 1 files.,ph3ar__DeskThing-FortuneCookie
shared-process,@platphorm/process,prod-checklist,process,process-document,1,1,medium,process-document classified as process with reuse potential across 1 repositories and 1 files.,ph3ar__js_mongo_app_boilerplate
shared-process,@platphorm/process,roadmap-chat-sdk,process,roadmap,1,1,medium,roadmap classified as process with reuse potential across 1 repositories and 1 files.,ph3ar__js_mongo_app_boilerplate
shared-ai,@platphorm/ai,model-config,ai,ai-integration,1,1,medium,ai-integration classified as ai with reuse potential across 1 repositories and 1 files.,ph3ar__js_mongo_app_boilerplate
shared-logic,@platphorm/logic,stannp-client,logic,utility,1,1,medium,utility classified as logic with reuse potential across 1 repositories and 1 files.,ph3ar__mailthing-webby
shared-logic,@platphorm/logic,stannp-api,logic,utility,1,1,medium,utility classified as logic with reuse potential across 1 repositories and 1 files.,ph3ar__mailthing-webby
shared-logic,@platphorm/logic,auth,logic,utility,1,1,medium,utility classified as logic with reuse potential across 1 repositories and 1 files.,ph3ar__mailthing-webby
shared-logic,@platphorm/logic,validators,logic,schema-validation,1,1,medium,schema-validation classified as logic with reuse potential across 1 repositories and 1 files.,ph3ar__mailthing-webby
shared-logic,@platphorm/logic,shopify,logic,utility,1,1,medium,utility classified as logic with reuse potential across 1 repositories and 1 files.,ph3ar__newdittyswag-commerce
shared-automation,@platphorm/automation,run-helper,automation,script,1,1,medium,script classified as automation with reuse potential across 1 repositories and 1 files.,ph3ar__ph3ar_radio_backend
shared-automation,@platphorm/automation,installdependencies,automation,script,1,1,medium,script classified as automation with reuse potential across 1 repositories and 1 files.,ph3ar__ph3ar_radio_backend
shared-automation,@platphorm/automation,runsvc,automation,script,1,1,medium,script classified as automation with reuse potential across 1 repositories and 1 files.,ph3ar__ph3ar_radio_backend
shared-automation,@platphorm/automation,start-server,automation,script,1,1,medium,script classified as automation with reuse potential across 1 repositories and 1 files.,ph3ar__ph3ar_radio_backend
shared-automation,@platphorm/automation,index-fix,automation,script,1,1,medium,script classified as automation with reuse potential across 1 repositories and 1 files.,ph3ar__ph3ar_radio_backend
shared-automation,@platphorm/automation,dev-fix,automation,script,1,1,medium,script classified as automation with reuse potential across 1 repositories and 1 files.,ph3ar__ph3ar_radio_backend
shared-automation,@platphorm/automation,chord-sampler,automation,automation-config,1,1,medium,automation-config classified as automation with reuse potential across 1 repositories and 1 files.,ph3ar__ph3ar_radio_backend
shared-process,@platphorm/process,editing,process,process-document,1,1,medium,process-document classified as process with reuse potential across 1 repositories and 1 files.,ph3ar__radio-backend
shared-automation,@platphorm/automation,startup-info,automation,script,1,1,medium,script classified as automation with reuse potential across 1 repositories and 1 files.,ph3ar__renegade-bbs-docker
shared-automation,@platphorm/automation,start-cloudflared,automation,script,1,1,medium,script classified as automation with reuse potential across 1 repositories and 1 files.,ph3ar__renegade-bbs-docker
shared-process,@platphorm/process,welcome,process,process-document,1,1,medium,process-document classified as process with reuse potential across 1 repositories and 1 files.,ph3ar__renegade-bbs-docker
shared-automation,@platphorm/automation,start-bg,automation,script,1,1,medium,script classified as automation with reuse potential across 1 repositories and 1 files.,ph3ar__www_js_terminal
shared-ai,@platphorm/ai,get-layouted-elements,ai,ai-integration,1,1,medium,ai-integration classified as ai with reuse potential across 1 repositories and 1 files.,process-co__json-graph
shared-logic,@platphorm/logic,get-display-label,logic,utility,1,1,medium,utility classified as logic with reuse potential across 1 repositories and 1 files.,process-co__json-graph
shared-logic,@platphorm/logic,get-colors,logic,utility,1,1,medium,utility classified as logic with reuse potential across 1 repositories and 1 files.,process-co__json-graph
shared-logic,@platphorm/logic,calculate-node-size,logic,parser,1,1,medium,parser classified as logic with reuse potential across 1 repositories and 1 files.,process-co__json-graph
shared-logic,@platphorm/logic,add-node-to-graph,logic,parser,1,1,medium,parser classified as logic with reuse potential across 1 repositories and 1 files.,process-co__json-graph
shared-logic,@platphorm/logic,add-edge-to-graph,logic,parser,1,1,medium,parser classified as logic with reuse potential across 1 repositories and 1 files.,process-co__json-graph
shared-logic,@platphorm/logic,traverse,logic,parser,1,1,medium,parser classified as logic with reuse potential across 1 repositories and 1 files.,process-co__json-graph
shared-logic,@platphorm/logic,types,logic,parser,1,1,medium,parser classified as logic with reuse potential across 1 repositories and 1 files.,process-co__json-graph
shared-logic,@platphorm/logic,use-json-graph-store,logic,state-store,1,1,medium,state-store classified as logic with reuse potential across 1 repositories and 1 files.,process-co__json-graph
shared-process,@platphorm/process,dependency-resolution,process,process-document,1,1,medium,process-document classified as process with reuse potential across 1 repositories and 1 files.,process-co__npm-element-dev-server
shared-process,@platphorm/process,monorepo-dev-mode,process,process-document,1,1,medium,process-document classified as process with reuse potential across 1 repositories and 1 files.,process-co__npm-element-dev-server
shared-process,@platphorm/process,process-element-cli-output,process,process-document,1,1,medium,process-document classified as process with reuse potential across 1 repositories and 1 files.,process-co__npm-element-types
shared-security,@platphorm/security,main,security,security-module,2,9,low,security-module classified as security with reuse potential across 2 repositories and 9 files.,"mbarbine__Scripts, mbarbine__lettuce"
shared-backend,@platphorm/backend,page,backend,backend-module,2,8,low,backend-module classified as backend with reuse potential across 2 repositories and 8 files.,"mbarbine__platphorm-podcasts, mbarbine__platphormnews-www-prod"
shared-observability,@platphorm/observability,default,observability,observability-module,2,7,low,observability-module classified as observability with reuse potential across 2 repositories and 7 files.,"mbarbine__ja4-sidecar, mbarbine__wildduck"
shared-styles,@platphorm/styles,dialog,style,ui-primitive,2,6,low,ui-primitive classified as style with reuse potential across 2 repositories and 6 files.,"mbarbine__Scripts, mbarbine__vanagain-site"
shared-observability,@platphorm/observability,no-ssl,observability,observability-module,2,6,low,observability-module classified as observability with reuse potential across 2 repositories and 6 files.,"mbarbine__ja4-sidecar, mbarbine__wildduck"
shared-styles,@platphorm/styles,slider,style,ui-primitive,2,4,low,ui-primitive classified as style with reuse potential across 2 repositories and 4 files.,"mbarbine__Scripts, mbarbine__vanagain-site"
shared-styles,@platphorm/styles,pagination,style,ui-primitive,2,4,low,ui-primitive classified as style with reuse potential across 2 repositories and 4 files.,"mbarbine__Scripts, mbarbine__xsociety"
shared-styles,@platphorm/styles,spinning,style,stylesheet,2,4,low,stylesheet classified as style with reuse potential across 2 repositories and 4 files.,"mbarbine__Scripts, mbarbine__xsociety"
shared-observability,@platphorm/observability,wildduck,observability,observability-module,2,4,low,observability-module classified as observability with reuse potential across 2 repositories and 4 files.,"mbarbine__ja4-sidecar, mbarbine__wildduck"
shared-frontend,@platphorm/frontend,login,frontend,feature-ui,2,4,low,feature-ui classified as frontend with reuse potential across 2 repositories and 4 files.,"mbarbine__legacy-platphorm-news, mbarbine__news-api"
shared-backend,@platphorm/backend,constants,backend,api-route,2,4,low,api-route classified as backend with reuse potential across 2 repositories and 4 files.,"mbarbine__legacy-platphorm-news, mbarbine__news-api"
shared-backend,@platphorm/backend,get-ask-stories,backend,api-route,2,4,low,api-route classified as backend with reuse potential across 2 repositories and 4 files.,"mbarbine__legacy-platphorm-news, mbarbine__news-api"
shared-frontend,@platphorm/frontend,use-settings,frontend,ui-hook,2,4,low,ui-hook classified as frontend with reuse potential across 2 repositories and 4 files.,"mbarbine__platphorm-jules, mbarbine__platphorm-reader"
shared-observability,@platphorm/observability,main,observability,observability-module,2,3,low,observability-module classified as observability with reuse potential across 2 repositories and 3 files.,"mbarbine__Scripts, mbarbine__msicrafter"
shared-observability,@platphorm/observability,no-ssl-fixed,observability,observability-module,2,3,low,observability-module classified as observability with reuse potential across 2 repositories and 3 files.,"mbarbine__ja4-sidecar, mbarbine__wildduck"
shared-observability,@platphorm/observability,ja4-config,observability,observability-module,2,3,low,observability-module classified as observability with reuse potential across 2 repositories and 3 files.,"mbarbine__ja4-sidecar, mbarbine__wildduck"
shared-styles,@platphorm/styles,news,style,stylesheet,2,3,low,stylesheet classified as style with reuse potential across 2 repositories and 3 files.,"mbarbine__legacy-platphorm-news, mbarbine__news-api"
shared-frontend,@platphorm/frontend,news,frontend,feature-ui,2,3,low,feature-ui classified as frontend with reuse potential across 2 repositories and 3 files.,"mbarbine__legacy-platphorm-news, mbarbine__news-api"
shared-frontend,@platphorm/frontend,trace-provider,frontend,ui-provider,2,3,low,ui-provider classified as frontend with reuse potential across 2 repositories and 3 files.,"mbarbine__platphorm-base, mbarbine__platphorm-layout"
shared-ui,@platphorm/ui,smart-tooltip,ui,ui-primitive,2,3,low,ui-primitive classified as ui with reuse potential across 2 repositories and 3 files.,"mbarbine__platphorm-insights, mbarbine__platphorm-layout"
shared-security,@platphorm/security,ko,security,security-module,2,3,low,security-module classified as security with reuse potential across 2 repositories and 3 files.,"mbarbine__two-doller-web, mbarbine__vanagain-site"
shared-frontend,@platphorm/frontend,stat-counter,frontend,feature-ui,2,2,low,feature-ui classified as frontend with reuse potential across 2 repositories and 2 files.,"mbarbine__2025-year-in-review-webby, mbarbine__v0-2025-year-in-review"
shared-observability,@platphorm/observability,performance,observability,observability-module,2,2,low,observability-module classified as observability with reuse potential across 2 repositories and 2 files.,"mbarbine__PH3AR-WEBBY, mbarbine__platphorm-quake"
shared-backend,@platphorm/backend,shared-parameter-db,backend,backend-module,2,2,low,backend-module classified as backend with reuse potential across 2 repositories and 2 files.,"mbarbine__Scripts, mbarbine__xsociety"
shared-backend,@platphorm/backend,jenkins-parameter-db,backend,backend-module,2,2,low,backend-module classified as backend with reuse potential across 2 repositories and 2 files.,"mbarbine__Scripts, mbarbine__xsociety"
shared-backend,@platphorm/backend,properties,backend,backend-module,2,2,low,backend-module classified as backend with reuse potential across 2 repositories and 2 files.,"mbarbine__Scripts, mbarbine__platphorm-real-estate-NAD"
shared-backend,@platphorm/backend,main,backend,backend-module,2,2,low,backend-module classified as backend with reuse potential across 2 repositories and 2 files.,"mbarbine__Scripts, mbarbine__job-manager"
shared-styles,@platphorm/styles,responsive-utilities,style,stylesheet,2,2,low,stylesheet classified as style with reuse potential across 2 repositories and 2 files.,"mbarbine__Scripts, mbarbine__xsociety"
shared-styles,@platphorm/styles,carousel,style,ui-primitive,2,2,low,ui-primitive classified as style with reuse potential across 2 repositories and 2 files.,"mbarbine__Scripts, mbarbine__xsociety"
shared-styles,@platphorm/styles,pager,style,stylesheet,2,2,low,stylesheet classified as style with reuse potential across 2 repositories and 2 files.,"mbarbine__Scripts, mbarbine__xsociety"
shared-styles,@platphorm/styles,modals,style,stylesheet,2,2,low,stylesheet classified as style with reuse potential across 2 repositories and 2 files.,"mbarbine__Scripts, mbarbine__xsociety"
shared-styles,@platphorm/styles,tooltip,style,ui-primitive,2,2,low,ui-primitive classified as style with reuse potential across 2 repositories and 2 files.,"mbarbine__Scripts, mbarbine__xsociety"
shared-styles,@platphorm/styles,forms,style,stylesheet,2,2,low,stylesheet classified as style with reuse potential across 2 repositories and 2 files.,"mbarbine__Scripts, mbarbine__xsociety"
shared-styles,@platphorm/styles,progress-bar,style,stylesheet,2,2,low,stylesheet classified as style with reuse potential across 2 repositories and 2 files.,"mbarbine__Scripts, mbarbine__xsociety"
shared-styles,@platphorm/styles,data-tables-alphabet-search,style,stylesheet,2,2,low,stylesheet classified as style with reuse potential across 2 repositories and 2 files.,"mbarbine__Scripts, mbarbine__xsociety"
shared-backend,@platphorm/backend,fn-find-cell-row-indexes,backend,api-route,2,2,low,api-route classified as backend with reuse potential across 2 repositories and 2 files.,"mbarbine__Scripts, mbarbine__xsociety"
shared-backend,@platphorm/backend,fn-data-update,backend,api-route,2,2,low,api-route classified as backend with reuse potential across 2 repositories and 2 files.,"mbarbine__Scripts, mbarbine__xsociety"
shared-backend,@platphorm/backend,fn-add-tr,backend,api-route,2,2,low,api-route classified as backend with reuse potential across 2 repositories and 2 files.,"mbarbine__Scripts, mbarbine__xsociety"
shared-backend,@platphorm/backend,fn-add-data-and-display,backend,api-route,2,2,low,api-route classified as backend with reuse potential across 2 repositories and 2 files.,"mbarbine__Scripts, mbarbine__xsociety"
shared-backend,@platphorm/backend,fn-filter-all,backend,api-route,2,2,low,api-route classified as backend with reuse potential across 2 repositories and 2 files.,"mbarbine__Scripts, mbarbine__xsociety"
shared-backend,@platphorm/backend,fn-display-start,backend,api-route,2,2,low,api-route classified as backend with reuse potential across 2 repositories and 2 files.,"mbarbine__Scripts, mbarbine__xsociety"
shared-backend,@platphorm/backend,fn-find-cell-row-nodes,backend,api-route,2,2,low,api-route classified as backend with reuse potential across 2 repositories and 2 files.,"mbarbine__Scripts, mbarbine__xsociety"
shared-backend,@platphorm/backend,fn-standing-redraw,backend,api-route,2,2,low,api-route classified as backend with reuse potential across 2 repositories and 2 files.,"mbarbine__Scripts, mbarbine__xsociety"
shared-backend,@platphorm/backend,fn-get-hidden-nodes,backend,api-route,2,2,low,api-route classified as backend with reuse potential across 2 repositories and 2 files.,"mbarbine__Scripts, mbarbine__xsociety"
shared-backend,@platphorm/backend,fn-sort-neutral,backend,api-route,2,2,low,api-route classified as backend with reuse potential across 2 repositories and 2 files.,"mbarbine__Scripts, mbarbine__xsociety"
shared-backend,@platphorm/backend,fn-paging-info,backend,api-route,2,2,low,api-route classified as backend with reuse potential across 2 repositories and 2 files.,"mbarbine__Scripts, mbarbine__xsociety"
shared-backend,@platphorm/backend,fn-reload-ajax,backend,api-route,2,2,low,api-route classified as backend with reuse potential across 2 repositories and 2 files.,"mbarbine__Scripts, mbarbine__xsociety"
shared-backend,@platphorm/backend,column-title,backend,api-route,2,2,low,api-route classified as backend with reuse potential across 2 repositories and 2 files.,"mbarbine__Scripts, mbarbine__xsociety"
shared-backend,@platphorm/backend,columns-order,backend,api-route,2,2,low,api-route classified as backend with reuse potential across 2 repositories and 2 files.,"mbarbine__Scripts, mbarbine__xsociety"
shared-backend,@platphorm/backend,fn-column-index-to-visible,backend,api-route,2,2,low,api-route classified as backend with reuse potential across 2 repositories and 2 files.,"mbarbine__Scripts, mbarbine__xsociety"
shared-backend,@platphorm/backend,fn-display-row,backend,api-route,2,2,low,api-route classified as backend with reuse potential across 2 repositories and 2 files.,"mbarbine__Scripts, mbarbine__xsociety"
shared-backend,@platphorm/backend,page-jump-to-data,backend,api-route,2,2,low,api-route classified as backend with reuse potential across 2 repositories and 2 files.,"mbarbine__Scripts, mbarbine__xsociety"
shared-backend,@platphorm/backend,fn-filter-clear,backend,api-route,2,2,low,api-route classified as backend with reuse potential across 2 repositories and 2 files.,"mbarbine__Scripts, mbarbine__xsociety"
shared-backend,@platphorm/backend,fn-processing-indicator,backend,api-route,2,2,low,api-route classified as backend with reuse potential across 2 repositories and 2 files.,"mbarbine__Scripts, mbarbine__xsociety"
shared-backend,@platphorm/backend,fn-visible-to-column-index,backend,api-route,2,2,low,api-route classified as backend with reuse potential across 2 repositories and 2 files.,"mbarbine__Scripts, mbarbine__xsociety"
shared-backend,@platphorm/backend,fn-get-column-data,backend,api-route,2,2,low,api-route classified as backend with reuse potential across 2 repositories and 2 files.,"mbarbine__Scripts, mbarbine__xsociety"
shared-backend,@platphorm/backend,fn-get-tds,backend,api-route,2,2,low,api-route classified as backend with reuse potential across 2 repositories and 2 files.,"mbarbine__Scripts, mbarbine__xsociety"
shared-backend,@platphorm/backend,fn-fake-rowspan,backend,api-route,2,2,low,api-route classified as backend with reuse potential across 2 repositories and 2 files.,"mbarbine__Scripts, mbarbine__xsociety"
shared-backend,@platphorm/backend,fn-length-change,backend,api-route,2,2,low,api-route classified as backend with reuse potential across 2 repositories and 2 files.,"mbarbine__Scripts, mbarbine__xsociety"
shared-backend,@platphorm/backend,average,backend,api-route,2,2,low,api-route classified as backend with reuse potential across 2 repositories and 2 files.,"mbarbine__Scripts, mbarbine__xsociety"
shared-backend,@platphorm/backend,fn-get-column-index,backend,api-route,2,2,low,api-route classified as backend with reuse potential across 2 repositories and 2 files.,"mbarbine__Scripts, mbarbine__xsociety"
shared-backend,@platphorm/backend,fn-get-adjacent-tr,backend,api-route,2,2,low,api-route classified as backend with reuse potential across 2 repositories and 2 files.,"mbarbine__Scripts, mbarbine__xsociety"
shared-backend,@platphorm/backend,fn-set-filtering-delay,backend,api-route,2,2,low,api-route classified as backend with reuse potential across 2 repositories and 2 files.,"mbarbine__Scripts, mbarbine__xsociety"
shared-backend,@platphorm/backend,fn-filter-on-return,backend,api-route,2,2,low,api-route classified as backend with reuse potential across 2 repositories and 2 files.,"mbarbine__Scripts, mbarbine__xsociety"
shared-backend,@platphorm/backend,sum,backend,api-route,2,2,low,api-route classified as backend with reuse potential across 2 repositories and 2 files.,"mbarbine__Scripts, mbarbine__xsociety"
shared-backend,@platphorm/backend,fn-get-td,backend,api-route,2,2,low,api-route classified as backend with reuse potential across 2 repositories and 2 files.,"mbarbine__Scripts, mbarbine__xsociety"
shared-backend,@platphorm/backend,fn-multi-filter,backend,api-route,2,2,low,api-route classified as backend with reuse potential across 2 repositories and 2 files.,"mbarbine__Scripts, mbarbine__xsociety"
shared-styles,@platphorm/styles,metis-menu,style,stylesheet,2,2,low,stylesheet classified as style with reuse potential across 2 repositories and 2 files.,"mbarbine__Scripts, mbarbine__xsociety"
shared-styles,@platphorm/styles,extras,style,stylesheet,2,2,low,stylesheet classified as style with reuse potential across 2 repositories and 2 files.,"mbarbine__Scripts, mbarbine__xsociety"
shared-styles,@platphorm/styles,responsive-data-tables,style,stylesheet,2,2,low,stylesheet classified as style with reuse potential across 2 repositories and 2 files.,"mbarbine__Scripts, mbarbine__xsociety"
shared-backend,@platphorm/backend,config,backend,backend-module,2,2,low,backend-module classified as backend with reuse potential across 2 repositories and 2 files.,"mbarbine__Scripts, ph3ar__js_mongo_app_boilerplate"
shared-observability,@platphorm/observability,contact,observability,observability-module,2,2,low,observability-module classified as observability with reuse potential across 2 repositories and 2 files.,"mbarbine__Scripts, mbarbine__spectrum-canine-www"
shared-observability,@platphorm/observability,integration,observability,observability-module,2,2,low,observability-module classified as observability with reuse potential across 2 repositories and 2 files.,"mbarbine__Scripts, mbarbine__game-porting-service-webby"
shared-styles,@platphorm/styles,spinner,style,ui-primitive,2,2,low,ui-primitive classified as style with reuse potential across 2 repositories and 2 files.,"mbarbine__Scripts, mbarbine__vanagain-site"
shared-observability,@platphorm/observability,setup,observability,observability-module,2,2,low,observability-module classified as observability with reuse potential across 2 repositories and 2 files.,"mbarbine__Scripts, mbarbine__platphorm-business-EmployerServicesIncorporated"
shared-styles,@platphorm/styles,icons,style,stylesheet,2,2,low,stylesheet classified as style with reuse potential across 2 repositories and 2 files.,"mbarbine__Scripts, mbarbine__vanagain-site"
shared-observability,@platphorm/observability,link,observability,observability-module,2,2,low,observability-module classified as observability with reuse potential across 2 repositories and 2 files.,"mbarbine__Scripts, mbarbine__vanagain-site"
shared-observability,@platphorm/observability,hi,observability,observability-module,2,2,low,observability-module classified as observability with reuse potential across 2 repositories and 2 files.,"mbarbine__airrow-commuter-balloon, mbarbine__vanagain-site"
shared-observability,@platphorm/observability,ar,observability,observability-module,2,2,low,observability-module classified as observability with reuse potential across 2 repositories and 2 files.,"mbarbine__airrow-commuter-balloon, mbarbine__vanagain-site"
shared-frontend,@platphorm/frontend,hero-section,frontend,feature-ui,2,2,low,feature-ui classified as frontend with reuse potential across 2 repositories and 2 files.,"mbarbine__airrow-commuter-balloon, mbarbine__desert-bus"
shared-frontend,@platphorm/frontend,features-section,frontend,feature-ui,2,2,low,feature-ui classified as frontend with reuse potential across 2 repositories and 2 files.,"mbarbine__airrow-commuter-balloon, mbarbine__platphorm-jobs"
shared-discovery,@platphorm/discovery,llms-index,discovery,llms-discovery,2,2,low,llms-discovery classified as discovery with reuse potential across 2 repositories and 2 files.,"mbarbine__airrow-commuter-balloon, mbarbine__automotive-flamethrower-webby"
shared-frontend,@platphorm/frontend,top-bar,frontend,feature-ui,2,2,low,feature-ui classified as frontend with reuse potential across 2 repositories and 2 files.,"mbarbine__automotive-flamethrower-webby, mbarbine__platphorm-webhook-simulator"
shared-frontend,@platphorm/frontend,global-error,frontend,feature-ui,2,2,low,feature-ui classified as frontend with reuse potential across 2 repositories and 2 files.,"mbarbine__beer-museum-manager-www, mbarbine__platphorm-layout"
shared-backend,@platphorm/backend,api-keys,backend,api-route,2,2,low,api-route classified as backend with reuse potential across 2 repositories and 2 files.,"mbarbine__calendar-app-webby, mbarbine__platphorm-agentui"
shared-observability,@platphorm/observability,test-perf,observability,observability-module,2,2,low,observability-module classified as observability with reuse potential across 2 repositories and 2 files.,"mbarbine__desert-bus, mbarbine__platphorm-vercel-atlas"
shared-frontend,@platphorm/frontend,about-section,frontend,feature-ui,2,2,low,feature-ui classified as frontend with reuse potential across 2 repositories and 2 files.,"mbarbine__desert-bus, mbarbine__robbie-ds-greens-webby"
shared-observability,@platphorm/observability,board,observability,observability-module,2,2,low,observability-module classified as observability with reuse potential across 2 repositories and 2 files.,"mbarbine__doflo-clone, mbarbine__process-clone"
shared-frontend,@platphorm/frontend,integration-logos,frontend,feature-ui,2,2,low,feature-ui classified as frontend with reuse potential across 2 repositories and 2 files.,"mbarbine__doflo-clone, mbarbine__process-clone"
shared-frontend,@platphorm/frontend,testimonials,frontend,feature-ui,2,2,low,feature-ui classified as frontend with reuse potential across 2 repositories and 2 files.,"mbarbine__dogstar-cybernetics-webby, mbarbine__scratchcraft"
shared-frontend,@platphorm/frontend,about,frontend,feature-ui,2,2,low,feature-ui classified as frontend with reuse potential across 2 repositories and 2 files.,"mbarbine__dogstar-cybernetics-webby, mbarbine__mermaid-next-www"
shared-frontend,@platphorm/frontend,not-found,frontend,feature-ui,2,2,low,feature-ui classified as frontend with reuse potential across 2 repositories and 2 files.,"mbarbine__fortune-cookie-webby-yj, mbarbine__platphorm-layout"
shared-frontend,@platphorm/frontend,theme-config,frontend,feature-ui,2,2,low,feature-ui classified as frontend with reuse potential across 2 repositories and 2 files.,"mbarbine__foxio-labs, ph3ar__ph3ar-docs-enhanced-labs"
shared-security,@platphorm/security,global-d,security,security-module,2,2,low,security-module classified as security with reuse potential across 2 repositories and 2 files.,"mbarbine__foxio-labs, ph3ar__ph3ar-docs-enhanced-labs"
shared-observability,@platphorm/observability,sentry,observability,observability-module,2,2,low,observability-module classified as observability with reuse potential across 2 repositories and 2 files.,"mbarbine__foxio-labs, ph3ar__ph3ar-docs-enhanced-labs"
shared-styles,@platphorm/styles,counters-module,style,stylesheet,2,2,low,stylesheet classified as style with reuse potential across 2 repositories and 2 files.,"mbarbine__foxio-labs, ph3ar__ph3ar-docs-enhanced-labs"
shared-styles,@platphorm/styles,quiz-mode-modal-module,style,stylesheet,2,2,low,stylesheet classified as style with reuse potential across 2 repositories and 2 files.,"mbarbine__foxio-labs, ph3ar__ph3ar-docs-enhanced-labs"
shared-styles,@platphorm/styles,open-aiprompt-module,style,stylesheet,2,2,low,stylesheet classified as style with reuse potential across 2 repositories and 2 files.,"mbarbine__foxio-labs, ph3ar__ph3ar-docs-enhanced-labs"
shared-frontend,@platphorm/frontend,arkime-login,frontend,frontend-feature,2,2,low,frontend-feature classified as frontend with reuse potential across 2 repositories and 2 files.,"mbarbine__foxio-labs, ph3ar__ph3ar-docs-enhanced-labs"
shared-frontend,@platphorm/frontend,arkime-leg,frontend,frontend-feature,2,2,low,frontend-feature classified as frontend with reuse potential across 2 repositories and 2 files.,"mbarbine__foxio-labs, ph3ar__ph3ar-docs-enhanced-labs"
shared-frontend,@platphorm/frontend,arkime,frontend,frontend-feature,2,2,low,frontend-feature classified as frontend with reuse potential across 2 repositories and 2 files.,"mbarbine__foxio-labs, ph3ar__ph3ar-docs-enhanced-labs"
shared-frontend,@platphorm/frontend,quiz-mode-modal,frontend,frontend-feature,2,2,low,frontend-feature classified as frontend with reuse potential across 2 repositories and 2 files.,"mbarbine__foxio-labs, ph3ar__ph3ar-docs-enhanced-labs"
shared-frontend,@platphorm/frontend,error-boundary,frontend,frontend-feature,2,2,low,frontend-feature classified as frontend with reuse potential across 2 repositories and 2 files.,"mbarbine__foxio-labs, ph3ar__ph3ar-docs-enhanced-labs"
shared-frontend,@platphorm/frontend,integration-list,frontend,frontend-feature,2,2,low,frontend-feature classified as frontend with reuse potential across 2 repositories and 2 files.,"mbarbine__foxio-labs, ph3ar__ph3ar-docs-enhanced-labs"
shared-frontend,@platphorm/frontend,logo,frontend,frontend-feature,2,2,low,frontend-feature classified as frontend with reuse potential across 2 repositories and 2 files.,"mbarbine__foxio-labs, ph3ar__ph3ar-docs-enhanced-labs"
shared-frontend,@platphorm/frontend,open-aiprompt,frontend,frontend-feature,2,2,low,frontend-feature classified as frontend with reuse potential across 2 repositories and 2 files.,"mbarbine__foxio-labs, ph3ar__ph3ar-docs-enhanced-labs"
shared-backend,@platphorm/backend,authenticate,backend,auth-module,2,2,low,auth-module classified as backend with reuse potential across 2 repositories and 2 files.,"mbarbine__foxio-labs, ph3ar__ph3ar-docs-enhanced-labs"
shared-backend,@platphorm/backend,login,backend,auth-module,2,2,low,auth-module classified as backend with reuse potential across 2 repositories and 2 files.,"mbarbine__foxio-labs, ph3ar__ph3ar-docs-enhanced-labs"
shared-backend,@platphorm/backend,get-suspicious,backend,backend-module,2,2,low,backend-module classified as backend with reuse potential across 2 repositories and 2 files.,"mbarbine__foxio-labs, ph3ar__ph3ar-docs-enhanced-labs"
shared-backend,@platphorm/backend,parse-pcap-file,backend,backend-module,2,2,low,backend-module classified as backend with reuse potential across 2 repositories and 2 files.,"mbarbine__foxio-labs, ph3ar__ph3ar-docs-enhanced-labs"
shared-backend,@platphorm/backend,save-suspicious,backend,backend-module,2,2,low,backend-module classified as backend with reuse potential across 2 repositories and 2 files.,"mbarbine__foxio-labs, ph3ar__ph3ar-docs-enhanced-labs"
shared-frontend,@platphorm/frontend,ja4gpt-test,frontend,feature-ui,2,2,low,feature-ui classified as frontend with reuse potential across 2 repositories and 2 files.,"mbarbine__foxio-labs, ph3ar__ph3ar-docs-enhanced-labs"
shared-backend,@platphorm/backend,ask-ja4gpt,backend,backend-module,2,2,low,backend-module classified as backend with reuse potential across 2 repositories and 2 files.,"mbarbine__foxio-labs, ph3ar__ph3ar-docs-enhanced-labs"
shared-frontend,@platphorm/frontend,app,frontend,frontend-feature,2,2,low,frontend-feature classified as frontend with reuse potential across 2 repositories and 2 files.,"mbarbine__foxio-labs, ph3ar__ph3ar-docs-enhanced-labs"
shared-discovery,@platphorm/discovery,network-manifest,discovery,discovery-artifact,2,2,low,discovery-artifact classified as discovery with reuse potential across 2 repositories and 2 files.,"mbarbine__gta-6-countdown-webby, mbarbine__platphorm-real-estate-property-evaluation"
shared-frontend,@platphorm/frontend,cart-provider,frontend,ui-provider,2,2,low,ui-provider classified as frontend with reuse potential across 2 repositories and 2 files.,"mbarbine__hot-chocolate-for-profit-webby, mbarbine__scratchcraft"
shared-frontend,@platphorm/frontend,provider,frontend,ui-provider,2,2,low,ui-provider classified as frontend with reuse potential across 2 repositories and 2 files.,"mbarbine__hot-chocolate-for-profit-webby, mbarbine__platphorm-onboard"
shared-observability,@platphorm/observability,traefik-fixed,observability,observability-module,2,2,low,observability-module classified as observability with reuse potential across 2 repositories and 2 files.,"mbarbine__ja4-sidecar, mbarbine__wildduck"
shared-observability,@platphorm/observability,traefik-minimal,observability,observability-module,2,2,low,observability-module classified as observability with reuse potential across 2 repositories and 2 files.,"mbarbine__ja4-sidecar, mbarbine__wildduck"
shared-observability,@platphorm/observability,zonemta,observability,observability-module,2,2,low,observability-module classified as observability with reuse potential across 2 repositories and 2 files.,"mbarbine__ja4-sidecar, mbarbine__wildduck"
shared-backend,@platphorm/backend,ja4-service,backend,backend-module,2,2,low,backend-module classified as backend with reuse potential across 2 repositories and 2 files.,"mbarbine__ja4-sidecar, mbarbine__wildduck"
shared-observability,@platphorm/observability,email2letter-config,observability,observability-module,2,2,low,observability-module classified as observability with reuse potential across 2 repositories and 2 files.,"mbarbine__ja4-sidecar, mbarbine__wildduck"
shared-observability,@platphorm/observability,minimal,observability,observability-module,2,2,low,observability-module classified as observability with reuse potential across 2 repositories and 2 files.,"mbarbine__ja4-sidecar, mbarbine__wildduck"
shared-observability,@platphorm/observability,ja4-plugin,observability,observability-module,2,2,low,observability-module classified as observability with reuse potential across 2 repositories and 2 files.,"mbarbine__ja4-sidecar, mbarbine__wildduck"
shared-backend,@platphorm/backend,routes,backend,backend-module,2,2,low,backend-module classified as backend with reuse potential across 2 repositories and 2 files.,"mbarbine__ja4mlab, mbarbine__platphorm-auction-vice"
shared-frontend,@platphorm/frontend,top-stories,frontend,feature-ui,2,2,low,feature-ui classified as frontend with reuse potential across 2 repositories and 2 files.,"mbarbine__legacy-platphorm-news, mbarbine__news-api"
shared-observability,@platphorm/observability,use-media-query,observability,observability-module,2,2,low,observability-module classified as observability with reuse potential across 2 repositories and 2 files.,"mbarbine__legacy-platphorm-news, mbarbine__news-api"
shared-backend,@platphorm/backend,news-d,backend,backend-module,2,2,low,backend-module classified as backend with reuse potential across 2 repositories and 2 files.,"mbarbine__legacy-platphorm-news, mbarbine__news-api"
shared-backend,@platphorm/backend,get-show-stories,backend,api-route,2,2,low,api-route classified as backend with reuse potential across 2 repositories and 2 files.,"mbarbine__legacy-platphorm-news, mbarbine__news-api"
shared-backend,@platphorm/backend,get-top-stories,backend,api-route,2,2,low,api-route classified as backend with reuse potential across 2 repositories and 2 files.,"mbarbine__legacy-platphorm-news, mbarbine__news-api"
shared-backend,@platphorm/backend,get-job-stories,backend,api-route,2,2,low,api-route classified as backend with reuse potential across 2 repositories and 2 files.,"mbarbine__legacy-platphorm-news, mbarbine__news-api"
shared-backend,@platphorm/backend,get-best-stories,backend,api-route,2,2,low,api-route classified as backend with reuse potential across 2 repositories and 2 files.,"mbarbine__legacy-platphorm-news, mbarbine__news-api"
shared-backend,@platphorm/backend,payments-controller,backend,backend-module,2,2,low,backend-module classified as backend with reuse potential across 2 repositories and 2 files.,"mbarbine__mailthing, mbarbine__mailthing-api"
shared-backend,@platphorm/backend,credits-controller,backend,backend-module,2,2,low,backend-module classified as backend with reuse potential across 2 repositories and 2 files.,"mbarbine__mailthing, mbarbine__mailthing-api"
shared-frontend,@platphorm/frontend,returning-user-dashboard,frontend,feature-ui,2,2,low,feature-ui classified as frontend with reuse potential across 2 repositories and 2 files.,"mbarbine__mailthing-client, mbarbine__mailthing-main"
shared-frontend,@platphorm/frontend,home,frontend,feature-ui,2,2,low,feature-ui classified as frontend with reuse potential across 2 repositories and 2 files.,"mbarbine__mailthing-client, mbarbine__mailthing-main"
shared-frontend,@platphorm/frontend,tracking,frontend,feature-ui,2,2,low,feature-ui classified as frontend with reuse potential across 2 repositories and 2 files.,"mbarbine__mailthing-client, ph3ar__mailthing-webby"
shared-frontend,@platphorm/frontend,logout,frontend,feature-ui,2,2,low,feature-ui classified as frontend with reuse potential across 2 repositories and 2 files.,"mbarbine__mailthing-client, mbarbine__mailthing-main"
shared-frontend,@platphorm/frontend,credits-checkout,frontend,feature-ui,2,2,low,feature-ui classified as frontend with reuse potential across 2 repositories and 2 files.,"mbarbine__mailthing-client, mbarbine__mailthing-main"
shared-frontend,@platphorm/frontend,new-user-flow,frontend,feature-ui,2,2,low,feature-ui classified as frontend with reuse potential across 2 repositories and 2 files.,"mbarbine__mailthing-client, mbarbine__mailthing-main"
shared-frontend,@platphorm/frontend,payment-form,frontend,feature-ui,2,2,low,feature-ui classified as frontend with reuse potential across 2 repositories and 2 files.,"mbarbine__mailthing-client, mbarbine__mailthing-main"
shared-frontend,@platphorm/frontend,user-portal,frontend,feature-ui,2,2,low,feature-ui classified as frontend with reuse potential across 2 repositories and 2 files.,"mbarbine__mailthing-client, mbarbine__mailthing-main"
shared-security,@platphorm/security,tailwind-config,security,security-module,2,2,low,security-module classified as security with reuse potential across 2 repositories and 2 files.,"mbarbine__mailthing-main, ph3ar__stripe-subscription-starter"
shared-ui,@platphorm/ui,navlinks,ui,ui-primitive,2,2,low,ui-primitive classified as ui with reuse potential across 2 repositories and 2 files.,"mbarbine__mailthing-main, ph3ar__stripe-subscription-starter"
shared-styles,@platphorm/styles,navbar-module,style,ui-primitive,2,2,low,ui-primitive classified as style with reuse potential across 2 repositories and 2 files.,"mbarbine__mailthing-main, ph3ar__stripe-subscription-starter"
shared-ui,@platphorm/ui,footer,ui,ui-primitive,2,2,low,ui-primitive classified as ui with reuse potential across 2 repositories and 2 files.,"mbarbine__mailthing-main, ph3ar__stripe-subscription-starter"
shared-ui,@platphorm/ui,password-sign-in,ui,ui-primitive,2,2,low,ui-primitive classified as ui with reuse potential across 2 repositories and 2 files.,"mbarbine__mailthing-main, ph3ar__stripe-subscription-starter"
shared-ui,@platphorm/ui,oauth-sign-in,ui,ui-primitive,2,2,low,ui-primitive classified as ui with reuse potential across 2 repositories and 2 files.,"mbarbine__mailthing-main, ph3ar__stripe-subscription-starter"
shared-ui,@platphorm/ui,signup,ui,ui-primitive,2,2,low,ui-primitive classified as ui with reuse potential across 2 repositories and 2 files.,"mbarbine__mailthing-main, ph3ar__stripe-subscription-starter"
shared-ui,@platphorm/ui,update-password,ui,ui-primitive,2,2,low,ui-primitive classified as ui with reuse potential across 2 repositories and 2 files.,"mbarbine__mailthing-main, ph3ar__stripe-subscription-starter"
shared-ui,@platphorm/ui,email-sign-in,ui,ui-primitive,2,2,low,ui-primitive classified as ui with reuse potential across 2 repositories and 2 files.,"mbarbine__mailthing-main, ph3ar__stripe-subscription-starter"
shared-ui,@platphorm/ui,forgot-password,ui,ui-primitive,2,2,low,ui-primitive classified as ui with reuse potential across 2 repositories and 2 files.,"mbarbine__mailthing-main, ph3ar__stripe-subscription-starter"
shared-styles,@platphorm/styles,input-module,style,ui-primitive,2,2,low,ui-primitive classified as style with reuse potential across 2 repositories and 2 files.,"mbarbine__mailthing-main, ph3ar__stripe-subscription-starter"
shared-ui,@platphorm/ui,email-form,ui,ui-primitive,2,2,low,ui-primitive classified as ui with reuse potential across 2 repositories and 2 files.,"mbarbine__mailthing-main, ph3ar__stripe-subscription-starter"
shared-ui,@platphorm/ui,name-form,ui,ui-primitive,2,2,low,ui-primitive classified as ui with reuse potential across 2 repositories and 2 files.,"mbarbine__mailthing-main, ph3ar__stripe-subscription-starter"
shared-ui,@platphorm/ui,customer-portal-form,ui,ui-primitive,2,2,low,ui-primitive classified as ui with reuse potential across 2 repositories and 2 files.,"mbarbine__mailthing-main, ph3ar__stripe-subscription-starter"
shared-ui,@platphorm/ui,loading-dots,ui,ui-primitive,2,2,low,ui-primitive classified as ui with reuse potential across 2 repositories and 2 files.,"mbarbine__mailthing-main, ph3ar__stripe-subscription-starter"
shared-styles,@platphorm/styles,loading-dots-module,style,ui-primitive,2,2,low,ui-primitive classified as style with reuse potential across 2 repositories and 2 files.,"mbarbine__mailthing-main, ph3ar__stripe-subscription-starter"
shared-styles,@platphorm/styles,button-module,style,ui-primitive,2,2,low,ui-primitive classified as style with reuse potential across 2 repositories and 2 files.,"mbarbine__mailthing-main, ph3ar__stripe-subscription-starter"
shared-ui,@platphorm/ui,pricing,ui,ui-primitive,2,2,low,ui-primitive classified as ui with reuse potential across 2 repositories and 2 files.,"mbarbine__mailthing-main, ph3ar__stripe-subscription-starter"
shared-integrations,@platphorm/integrations,stripe-fixtures,integration,integration-module,2,2,low,integration-module classified as integration with reuse potential across 2 repositories and 2 files.,"mbarbine__mailthing-main, ph3ar__stripe-subscription-starter"
shared-observability,@platphorm/observability,report-bundle-size,observability,observability-module,2,2,low,observability-module classified as observability with reuse potential across 2 repositories and 2 files.,"mbarbine__mermaid-next-www, mbarbine__my-first-nova-hbackers-preseo"
shared-observability,@platphorm/observability,git-conventional-commits,observability,observability-module,2,2,low,observability-module classified as observability with reuse potential across 2 repositories and 2 files.,"mbarbine__mermaid-next-www, mbarbine__my-first-nova-hbackers-preseo"
shared-styles,@platphorm/styles,tailwind,style,tailwind-config,2,2,low,tailwind-config classified as style with reuse potential across 2 repositories and 2 files.,"mbarbine__mermaid-next-www, mbarbine__my-first-nova-hbackers-preseo"
shared-frontend,@platphorm/frontend,overview,frontend,feature-ui,2,2,low,feature-ui classified as frontend with reuse potential across 2 repositories and 2 files.,"mbarbine__nextjs-ai-4, mbarbine__nextjs-ai-chatbot"
shared-observability,@platphorm/observability,json-ld,observability,observability-module,2,2,low,observability-module classified as observability with reuse potential across 2 repositories and 2 files.,"mbarbine__ph3ar-blog, mbarbine__platphorm-kanban"
shared-backend,@platphorm/backend,route,backend,ui-primitive,2,2,low,ui-primitive classified as backend with reuse potential across 2 repositories and 2 files.,"mbarbine__platphorm-agentui, mbarbine__platphorm-ascii"
shared-backend,@platphorm/backend,validation,backend,api-route,2,2,low,api-route classified as backend with reuse potential across 2 repositories and 2 files.,"mbarbine__platphorm-agentui, mbarbine__platphorm-evals"
shared-frontend,@platphorm/frontend,progress-bar,frontend,feature-ui,2,2,low,feature-ui classified as frontend with reuse potential across 2 repositories and 2 files.,"mbarbine__platphorm-alleycats, mbarbine__platphorm-zine-reader"
shared-backend,@platphorm/backend,setup-db,backend,backend-module,2,2,low,backend-module classified as backend with reuse potential across 2 repositories and 2 files.,"mbarbine__platphorm-bbs, mbarbine__platphorm-sandbox"
shared-observability,@platphorm/observability,trace,observability,trace-module,2,2,low,trace-module classified as observability with reuse potential across 2 repositories and 2 files.,"mbarbine__platphorm-browserops, mbarbine__platphorm-evals"
shared-observability,@platphorm/observability,well-known,observability,observability-module,2,2,low,observability-module classified as observability with reuse potential across 2 repositories and 2 files.,"mbarbine__platphorm-browserops, mbarbine__platphorm-trace"
shared-observability,@platphorm/observability,home,observability,observability-module,2,2,low,observability-module classified as observability with reuse potential across 2 repositories and 2 files.,"mbarbine__platphorm-cobol, mbarbine__platphorm-space-news"
shared-observability,@platphorm/observability,e2e,observability,observability-module,2,2,low,observability-module classified as observability with reuse potential across 2 repositories and 2 files.,"mbarbine__platphorm-codex, mbarbine__platphorm-decks"
shared-observability,@platphorm/observability,theme-config,observability,observability-module,2,2,low,observability-module classified as observability with reuse potential across 2 repositories and 2 files.,"mbarbine__platphorm-codex, mbarbine__platphorm-decks"
shared-backend,@platphorm/backend,discovery,backend,api-route,2,2,low,api-route classified as backend with reuse potential across 2 repositories and 2 files.,"mbarbine__platphorm-design, mbarbine__platphorm-kanban"
shared-observability,@platphorm/observability,fingerprint,observability,observability-module,2,2,low,observability-module classified as observability with reuse potential across 2 repositories and 2 files.,"mbarbine__platphorm-fingerprint-service, mbarbine__platphorm-podcasts"
shared-observability,@platphorm/observability,discovery,observability,observability-module,2,2,low,observability-module classified as observability with reuse potential across 2 repositories and 2 files.,"mbarbine__platphorm-insights, mbarbine__platphorm-vercel-atlas"
shared-backend,@platphorm/backend,validate,backend,api-route,2,2,low,api-route classified as backend with reuse potential across 2 repositories and 2 files.,"mbarbine__platphorm-insights, mbarbine__vanagain-dot-com-prod"
shared-frontend,@platphorm/frontend,use-toast,frontend,ui-hook,2,2,low,ui-hook classified as frontend with reuse potential across 2 repositories and 2 files.,"mbarbine__platphorm-jules, mbarbine__platphorm-kanban"
shared-observability,@platphorm/observability,register,observability,observability-module,2,2,low,observability-module classified as observability with reuse potential across 2 repositories and 2 files.,"mbarbine__platphorm-jules, mbarbine__stripper-mug-webby"
shared-backend,@platphorm/backend,openapi,backend,api-route,2,2,low,api-route classified as backend with reuse potential across 2 repositories and 2 files.,"mbarbine__platphorm-kanban, mbarbine__platphorm-quake"
shared-observability,@platphorm/observability,navigation,observability,observability-module,2,2,low,observability-module classified as observability with reuse potential across 2 repositories and 2 files.,"mbarbine__platphorm-mini-games-webby, mbarbine__platphorm-opencontent"
shared-security,@platphorm/security,ar,security,security-module,2,2,low,security-module classified as security with reuse potential across 2 repositories and 2 files.,"mbarbine__platphorm-onboard, mbarbine__vanagain-site"
shared-backend,@platphorm/backend,url-preview,backend,api-route,2,2,low,api-route classified as backend with reuse potential across 2 repositories and 2 files.,"mbarbine__platphorm-onboard, mbarbine__platphorm-opencontent"
shared-frontend,@platphorm/frontend,use-theme-settings,frontend,frontend-hook,2,2,low,frontend-hook classified as frontend with reuse potential across 2 repositories and 2 files.,"mbarbine__platphorm-opencontent, mbarbine__platphorm-opendocs"
shared-frontend,@platphorm/frontend,constants,frontend,frontend-feature,2,2,low,frontend-feature classified as frontend with reuse potential across 2 repositories and 2 files.,"mbarbine__platphorm-opencontent, mbarbine__platphorm-opendocs"
shared-observability,@platphorm/observability,scores-chunking,observability,observability-module,2,2,low,observability-module classified as observability with reuse potential across 2 repositories and 2 files.,"mbarbine__platphorm-opencontent, mbarbine__platphorm-opendocs"
shared-backend,@platphorm/backend,api-health,backend,health-check,2,2,low,health-check classified as backend with reuse potential across 2 repositories and 2 files.,"mbarbine__platphorm-opencontent, mbarbine__platphorm-vercel-atlas"
shared-frontend,@platphorm/frontend,faq-section,frontend,feature-ui,2,2,low,feature-ui classified as frontend with reuse potential across 2 repositories and 2 files.,"mbarbine__platphorm-polymarket-rss-feed, mbarbine__platphorm-shipments"
shared-backend,@platphorm/backend,test-api,backend,backend-module,2,2,low,backend-module classified as backend with reuse potential across 2 repositories and 2 files.,"mbarbine__platphorm-real-estate-property-evaluation, mbarbine__vanlife-website"
shared-observability,@platphorm/observability,test-ux,observability,observability-module,2,2,low,observability-module classified as observability with reuse potential across 2 repositories and 2 files.,"mbarbine__platphorm-trace, ph3ar__www_js_terminal"
shared-integrations,@platphorm/integrations,vercel,integration,integration-module,2,2,low,integration-module classified as integration with reuse potential across 2 repositories and 2 files.,"mbarbine__process-clone, mbarbine__starphone-web-svelte"
shared-security,@platphorm/security,de,security,security-module,2,2,low,security-module classified as security with reuse potential across 2 repositories and 2 files.,"mbarbine__two-doller-web, mbarbine__vanagain-site"
shared-security,@platphorm/security,pt,security,security-module,2,2,low,security-module classified as security with reuse potential across 2 repositories and 2 files.,"mbarbine__two-doller-web, mbarbine__vanagain-site"
shared-security,@platphorm/security,en,security,security-module,2,2,low,security-module classified as security with reuse potential across 2 repositories and 2 files.,"mbarbine__two-doller-web, mbarbine__vanagain-site"
shared-security,@platphorm/security,fr,security,security-module,2,2,low,security-module classified as security with reuse potential across 2 repositories and 2 files.,"mbarbine__two-doller-web, mbarbine__vanagain-site"
shared-security,@platphorm/security,es,security,security-module,2,2,low,security-module classified as security with reuse potential across 2 repositories and 2 files.,"mbarbine__two-doller-web, mbarbine__vanagain-site"
shared-observability,@platphorm/observability,asset-manifest,observability,observability-module,2,2,low,observability-module classified as observability with reuse potential across 2 repositories and 2 files.,"mbarbine__vanagain-dot-com-prod, mbarbine__vanagain-site"
shared-styles,@platphorm/styles,base,style,design-token,2,2,low,design-token classified as style with reuse potential across 2 repositories and 2 files.,"mbarbine__vanagain-dot-com-prod, process-co__json-graph"
shared-observability,@platphorm/observability,jquery-data-tables-min,observability,observability-module,2,2,low,observability-module classified as observability with reuse potential across 2 repositories and 2 files.,"mbarbine__vanagain-site, mbarbine__xsociety"
shared-security,@platphorm/security,composer,security,security-module,2,2,low,security-module classified as security with reuse potential across 2 repositories and 2 files.,"mbarbine__vanagain-site, mbarbine__xsociety"
shared-observability,@platphorm/observability,jquery-colorhelpers,observability,observability-module,2,2,low,observability-module classified as observability with reuse potential across 2 repositories and 2 files.,"mbarbine__vanagain-site, mbarbine__xsociety"
shared-observability,@platphorm/observability,jquery-flot-crosshair,observability,observability-module,2,2,low,observability-module classified as observability with reuse potential across 2 repositories and 2 files.,"mbarbine__vanagain-site, mbarbine__xsociety"
shared-security,@platphorm/security,config,security,security-module,2,2,low,security-module classified as security with reuse potential across 2 repositories and 2 files.,"mbarbine__xsociety, ph3ar__mailthing-webby"
shared-frontend,@platphorm/frontend,nav-bar,frontend,feature-ui,2,2,low,feature-ui classified as frontend with reuse potential across 2 repositories and 2 files.,"ph3ar__barbine-worldwide-legacy, ph3ar__mailthing-webby"
